alert_id,opportunity_id,change_type,severity,actionable,supplier_profile,match_score,match_band,title,buyer,country_or_scope,source,previous_value,current_value,status,reason,notice_url,source_health,observed_at
alert_00fd91004a1a2055_engineering,canadabuys:ws4200235801-doc4200290562,CLASSIFICATION_CHANGED,MEDIUM,yes,engineering,75,GOOD,W7701-176500 Supply Arrangement C4ISR,Department of Public Works and Government Services (PSPC),Canada,canadabuys,,UNSPSC:81141902,OPEN,CHANGE_CLASSIFICATION_CHANGED; MATCH_CLASSIFICATION_PRIMARY,https://portal.us.bn.cloud.ariba.com/dashboard/public/appext/comsapsbncdiscoveryui#/RfxEvent/preview/18068380?anId=ANONYMOUS,HEALTHY,
alert_00fd91004a1a2055_infrastructure,canadabuys:ws4200235801-doc4200290562,CLASSIFICATION_CHANGED,MEDIUM,yes,infrastructure,75,GOOD,W7701-176500 Supply Arrangement C4ISR,Department of Public Works and Government Services (PSPC),Canada,canadabuys,,UNSPSC:81141902,OPEN,CHANGE_CLASSIFICATION_CHANGED; MATCH_CLASSIFICATION_PRIMARY,https://portal.us.bn.cloud.ariba.com/dashboard/public/appext/comsapsbncdiscoveryui#/RfxEvent/preview/18068380?anId=ANONYMOUS,HEALTHY,
alert_014b71db10436376_industrial-supplier,canadabuys:cb-156-17992488,CLASSIFICATION_CHANGED,MEDIUM,yes,industrial-supplier,75,GOOD,Articulating Boom,Correctional Service of Canada (CSC),Canada,canadabuys,,UNSPSC:22101803,OPEN,CHANGE_CLASSIFICATION_CHANGED; MATCH_CLASSIFICATION_PRIMARY,https://canadabuys.canada.ca/en/tender-opportunities,HEALTHY,
alert_01efb1fd9480e01d_manufacturer,canadabuys:cb-566-68388718,CLASSIFICATION_CHANGED,MEDIUM,yes,manufacturer,75,GOOD,POLYESTER FIBROUS CORD,Department of National Defence (DND),Canada,canadabuys,,UNSPSC:31152100,OPEN,CHANGE_CLASSIFICATION_CHANGED; MATCH_CLASSIFICATION_PRIMARY,https://canadabuys.canada.ca/en/tender-opportunities,HEALTHY,
alert_023229b88f4e80f6_professional-services,canadabuys:cb-496-69627597,CLASSIFICATION_CHANGED,MEDIUM,yes,professional-services,75,GOOD,NPP – S5921711 - THS SA – Two (2) Computer Application Support. Temporary Help Services against the Supply Arrangement for the National Capital Region (NCR).​,Department of National Defence (DND),Canada,canadabuys,,UNSPSC:80111600,OPEN,CHANGE_CLASSIFICATION_CHANGED; MATCH_CLASSIFICATION_PRIMARY,https://canadabuys.canada.ca/en/tender-opportunities,HEALTHY,
alert_03e9f063e0e48509_engineering,canadabuys:cb-480-32506555,CLASSIFICATION_CHANGED,MEDIUM,yes,engineering,75,GOOD,Multi-year Rental of an Autonomous Underwater Vehicle (AUV),Department of Natural Resources (NRCan),Canada,canadabuys,,"UNSPSC:25111900,UNSPSC:78111704,UNSPSC:81151806",OPEN,CHANGE_CLASSIFICATION_CHANGED; MATCH_CLASSIFICATION_PRIMARY,https://canadabuys.canada.ca/en/tender-opportunities,HEALTHY,
alert_03e9f063e0e48509_infrastructure,canadabuys:cb-480-32506555,CLASSIFICATION_CHANGED,MEDIUM,yes,infrastructure,75,GOOD,Multi-year Rental of an Autonomous Underwater Vehicle (AUV),Department of Natural Resources (NRCan),Canada,canadabuys,,"UNSPSC:25111900,UNSPSC:78111704,UNSPSC:81151806",OPEN,CHANGE_CLASSIFICATION_CHANGED; MATCH_CLASSIFICATION_PRIMARY,https://canadabuys.canada.ca/en/tender-opportunities,HEALTHY,
alert_03e9f063e0e48509_logistics,canadabuys:cb-480-32506555,CLASSIFICATION_CHANGED,MEDIUM,yes,logistics,75,GOOD,Multi-year Rental of an Autonomous Underwater Vehicle (AUV),Department of Natural Resources (NRCan),Canada,canadabuys,,"UNSPSC:25111900,UNSPSC:78111704,UNSPSC:81151806",OPEN,CHANGE_CLASSIFICATION_CHANGED; MATCH_CLASSIFICATION_PRIMARY,https://canadabuys.canada.ca/en/tender-opportunities,HEALTHY,
alert_03e9f063e0e48509_manufacturer,canadabuys:cb-480-32506555,CLASSIFICATION_CHANGED,MEDIUM,yes,manufacturer,75,GOOD,Multi-year Rental of an Autonomous Underwater Vehicle (AUV),Department of Natural Resources (NRCan),Canada,canadabuys,,"UNSPSC:25111900,UNSPSC:78111704,UNSPSC:81151806",OPEN,CHANGE_CLASSIFICATION_CHANGED; MATCH_CLASSIFICATION_PRIMARY,https://canadabuys.canada.ca/en/tender-opportunities,HEALTHY,
alert_0456dc1708346554_professional-services,canadabuys:cb-558-87159177,CLASSIFICATION_CHANGED,MEDIUM,yes,professional-services,75,GOOD,Electoral Material – Wooden Ruler,Office of the Chief Electoral Officer (Elections),Canada,canadabuys,,"UNSPSC:44120000,UNSPSC:44121600,UNSPSC:82121500",OPEN,CHANGE_CLASSIFICATION_CHANGED; MATCH_CLASSIFICATION_PRIMARY,https://canadabuys.canada.ca/en/tender-opportunities,HEALTHY,
alert_04a8a0585bd14804_professional-services,canadabuys:cb-879-79038207,CLASSIFICATION_CHANGED,MEDIUM,yes,professional-services,75,GOOD,Document review in support of the Evaluation of the Future Skills Program,Department of Employment and Social Development (ESDC),Canada,canadabuys,,UNSPSC:80100000,OPEN,CHANGE_CLASSIFICATION_CHANGED; MATCH_CLASSIFICATION_PRIMARY,https://canadabuys.canada.ca/en/tender-opportunities,HEALTHY,
alert_051c6703bf2a15c7_healthcare,canadabuys:cb-108-17958527,CLASSIFICATION_CHANGED,MEDIUM,yes,healthcare,75,GOOD,On Site Diagnostic Imaging – Ontario Region,Correctional Service of Canada (CSC),Canada,canadabuys,,"UNSPSC:85100000,UNSPSC:85101600,UNSPSC:85121700,UNSPSC:85450000",OPEN,CHANGE_CLASSIFICATION_CHANGED; MATCH_CLASSIFICATION_PRIMARY,https://canadabuys.canada.ca/en/tender-opportunities,HEALTHY,
alert_05b0070e106bb32e_construction,canadabuys:ws5765522526-doc5769481976,CLASSIFICATION_CHANGED,MEDIUM,yes,construction,75,GOOD,W0107-265584 Maintenance Shelter,Department of Public Works and Government Services (PSPC),Canada,canadabuys,,"UNSPSC:30241700,UNSPSC:95131700,UNSPSC:95140000",OPEN,CHANGE_CLASSIFICATION_CHANGED; MATCH_CLASSIFICATION_PRIMARY,https://portal.us.bn.cloud.ariba.com/dashboard/public/appext/comsapsbncdiscoveryui#/RfxEvent/preview/1110017228?anId=ANONYMOUS,HEALTHY,
alert_069c55da4c39fcbe_construction,canadabuys:cb-408-22835377,CLASSIFICATION_CHANGED,MEDIUM,yes,construction,75,GOOD,Boiler Replacement Project at the Harrow Research and Development Centre,Department of Agriculture and Agri-Food (AAFC),Canada,canadabuys,,"UNSPSC:72151001,UNSPSC:72151002",OPEN,CHANGE_CLASSIFICATION_CHANGED; MATCH_CLASSIFICATION_PRIMARY,https://canadabuys.canada.ca/en/tender-opportunities,HEALTHY,
alert_069c55da4c39fcbe_infrastructure,canadabuys:cb-408-22835377,CLASSIFICATION_CHANGED,MEDIUM,yes,infrastructure,75,GOOD,Boiler Replacement Project at the Harrow Research and Development Centre,Department of Agriculture and Agri-Food (AAFC),Canada,canadabuys,,"UNSPSC:72151001,UNSPSC:72151002",OPEN,CHANGE_CLASSIFICATION_CHANGED; MATCH_CLASSIFICATION_PRIMARY,https://canadabuys.canada.ca/en/tender-opportunities,HEALTHY,
alert_06a9bac03b48e8de_healthcare,canadabuys:cb-541-63733984,CLASSIFICATION_CHANGED,MEDIUM,yes,healthcare,75,GOOD,SAR Vacuum Spine Boards,Department of National Defence (DND),Canada,canadabuys,,UNSPSC:42171600,OPEN,CHANGE_CLASSIFICATION_CHANGED; MATCH_CLASSIFICATION_PRIMARY,https://canadabuys.canada.ca/en/tender-opportunities,HEALTHY,
alert_077eb9ea89498667_logistics,canadabuys:ws5806010240-doc5806173422,CLASSIFICATION_CHANGED,MEDIUM,yes,logistics,75,GOOD,F7049-260000 – RFP – CCGH Siyay VLE,Department of Public Works and Government Services (PSPC),Canada,canadabuys,,UNSPSC:78182000,OPEN,CHANGE_CLASSIFICATION_CHANGED; MATCH_CLASSIFICATION_PRIMARY,https://portal.us.bn.cloud.ariba.com/dashboard/public/appext/comsapsbncdiscoveryui#/RfxEvent/preview/1110020010?anId=ANONYMOUS,HEALTHY,
alert_090e53c82ab928d8_manufacturer,canadabuys:ws5725368861-doc5763770107,CLASSIFICATION_CHANGED,MEDIUM,yes,manufacturer,75,GOOD,PR35029_M2989-270416 Police Motorcycles,Department of Public Works and Government Services (PSPC),Canada,canadabuys,,UNSPSC:25101801,OPEN,CHANGE_CLASSIFICATION_CHANGED; MATCH_CLASSIFICATION_PRIMARY,https://portal.us.bn.cloud.ariba.com/dashboard/public/appext/comsapsbncdiscoveryui#/RfxEvent/preview/1110020385?anId=ANONYMOUS,HEALTHY,
alert_093e54e7eac8942e_professional-services,canadabuys:cb-600-32917191,CLASSIFICATION_CHANGED,MEDIUM,yes,professional-services,75,GOOD,Immigration and Refugee Board of Canada - Interpreter Program,Immigration Refugee Board,Canada,canadabuys,,UNSPSC:82112000,OPEN,CHANGE_CLASSIFICATION_CHANGED; MATCH_CLASSIFICATION_PRIMARY,https://canadabuys.canada.ca/en/tender-opportunities,HEALTHY,
alert_09bbcebb25938a25_manufacturer,canadabuys:ws5183087259-doc5217348046,CLASSIFICATION_CHANGED,MEDIUM,yes,manufacturer,75,GOOD,W2037-250164- Parachute Instructor -Suppy Arrangement,Department of Public Works and Government Services (PSPC),Canada,canadabuys,,UNSPSC:25201904,OPEN,CHANGE_CLASSIFICATION_CHANGED; MATCH_CLASSIFICATION_PRIMARY,https://discovery.ariba.com/rfx/23239461?extsite=MjMyMzk0NjFfQU4wMTQ4NDA1MDk5Mg==,HEALTHY,
alert_0ab1acd9a1ea5652_construction,canadabuys:cb-114-5241078,CLASSIFICATION_CHANGED,MEDIUM,yes,construction,75,GOOD,"Stage 2- Fort Simpson Staff Housing Energy Retrofit, Nahanni National Park Reserve",Parks Canada Agency (PC),Canada,canadabuys,,"UNSPSC:72100000,UNSPSC:72101500",OPEN,CHANGE_CLASSIFICATION_CHANGED; MATCH_CLASSIFICATION_PRIMARY,https://canadabuys.canada.ca/en/tender-opportunities,HEALTHY,
alert_0ab1acd9a1ea5652_infrastructure,canadabuys:cb-114-5241078,CLASSIFICATION_CHANGED,MEDIUM,yes,infrastructure,75,GOOD,"Stage 2- Fort Simpson Staff Housing Energy Retrofit, Nahanni National Park Reserve",Parks Canada Agency (PC),Canada,canadabuys,,"UNSPSC:72100000,UNSPSC:72101500",OPEN,CHANGE_CLASSIFICATION_CHANGED; MATCH_CLASSIFICATION_PRIMARY,https://canadabuys.canada.ca/en/tender-opportunities,HEALTHY,
alert_0b395dcdc7184216_b2b-saas,canadabuys:ws5286859961-doc5287556087,CLASSIFICATION_CHANGED,MEDIUM,yes,b2b-saas,75,GOOD,Communications Management and Monitoring Equipment RFSA,Department of Public Works and Government Services (PSPC),Canada,canadabuys,,UNSPSC:43190000,OPEN,CHANGE_CLASSIFICATION_CHANGED; MATCH_CLASSIFICATION_PRIMARY,https://discovery.ariba.com/rfx/23344551?extsite=MjMzNDQ1NTFfQU4wMTQ4NDA1MDk5Mg==,HEALTHY,
alert_0b395dcdc7184216_it-software,canadabuys:ws5286859961-doc5287556087,CLASSIFICATION_CHANGED,MEDIUM,yes,it-software,75,GOOD,Communications Management and Monitoring Equipment RFSA,Department of Public Works and Government Services (PSPC),Canada,canadabuys,,UNSPSC:43190000,OPEN,CHANGE_CLASSIFICATION_CHANGED; MATCH_CLASSIFICATION_PRIMARY,https://discovery.ariba.com/rfx/23344551?extsite=MjMzNDQ1NTFfQU4wMTQ4NDA1MDk5Mg==,HEALTHY,
alert_0b395dcdc7184216_telecom,canadabuys:ws5286859961-doc5287556087,CLASSIFICATION_CHANGED,MEDIUM,yes,telecom,75,GOOD,Communications Management and Monitoring Equipment RFSA,Department of Public Works and Government Services (PSPC),Canada,canadabuys,,UNSPSC:43190000,OPEN,CHANGE_CLASSIFICATION_CHANGED; MATCH_CLASSIFICATION_PRIMARY,https://discovery.ariba.com/rfx/23344551?extsite=MjMzNDQ1NTFfQU4wMTQ4NDA1MDk5Mg==,HEALTHY,
alert_0c0e0960fbd81702_engineering,canadabuys:cb-786-4578560,CLASSIFICATION_CHANGED,MEDIUM,yes,engineering,75,GOOD,TBIPS - I.11 Technology Architect – Level 3,Department of National Defence (DND),Canada,canadabuys,,UNSPSC:81160000,OPEN,CHANGE_CLASSIFICATION_CHANGED; MATCH_CLASSIFICATION_PRIMARY,https://canadabuys.canada.ca/en/tender-opportunities,HEALTHY,
alert_0c0e0960fbd81702_infrastructure,canadabuys:cb-786-4578560,CLASSIFICATION_CHANGED,MEDIUM,yes,infrastructure,75,GOOD,TBIPS - I.11 Technology Architect – Level 3,Department of National Defence (DND),Canada,canadabuys,,UNSPSC:81160000,OPEN,CHANGE_CLASSIFICATION_CHANGED; MATCH_CLASSIFICATION_PRIMARY,https://canadabuys.canada.ca/en/tender-opportunities,HEALTHY,
alert_0cf144f2da282294_construction,canadabuys:ws5749548652-doc5757154161,CLASSIFICATION_CHANGED,MEDIUM,yes,construction,75,GOOD,Replacement of Perimeter Intrusion Detection System (PIDS),Department of Public Works and Government Services (PSPC),Canada,canadabuys,,UNSPSC:72121400,OPEN,CHANGE_CLASSIFICATION_CHANGED; MATCH_CLASSIFICATION_PRIMARY,https://portal.us.bn.cloud.ariba.com/dashboard/public/appext/comsapsbncdiscoveryui#/RfxEvent/preview/1110016565?anId=ANONYMOUS,HEALTHY,
alert_0cf144f2da282294_infrastructure,canadabuys:ws5749548652-doc5757154161,CLASSIFICATION_CHANGED,MEDIUM,yes,infrastructure,75,GOOD,Replacement of Perimeter Intrusion Detection System (PIDS),Department of Public Works and Government Services (PSPC),Canada,canadabuys,,UNSPSC:72121400,OPEN,CHANGE_CLASSIFICATION_CHANGED; MATCH_CLASSIFICATION_PRIMARY,https://portal.us.bn.cloud.ariba.com/dashboard/public/appext/comsapsbncdiscoveryui#/RfxEvent/preview/1110016565?anId=ANONYMOUS,HEALTHY,
alert_0d2c51a04be3ae8c_logistics,canadabuys:cb-522-23469148,CLASSIFICATION_CHANGED,MEDIUM,yes,logistics,75,GOOD,Cumberland Sound Turbot Management Area Summer Science Survey – Vessel Charter,Department of Fisheries and Oceans (DFO),Canada,canadabuys,,UNSPSC:78101701,OPEN,CHANGE_CLASSIFICATION_CHANGED; MATCH_CLASSIFICATION_PRIMARY,https://canadabuys.canada.ca/en/tender-opportunities,HEALTHY,
alert_0d68a086a1e14c81_manufacturer,canadabuys:ws5769562595-doc5811743831,CLASSIFICATION_CHANGED,MEDIUM,yes,manufacturer,75,GOOD,K2B52-260794 - Enclosed Trailer - CWS Atlantic NS,Department of Public Works and Government Services (PSPC),Canada,canadabuys,,UNSPSC:25101907,OPEN,CHANGE_CLASSIFICATION_CHANGED; MATCH_CLASSIFICATION_PRIMARY,https://portal.us.bn.cloud.ariba.com/dashboard/public/appext/comsapsbncdiscoveryui#/RfxEvent/preview/1110020278?anId=ANONYMOUS,HEALTHY,
alert_0df93ebeaa206d82_industrial-supplier,canadabuys:ws4652867072-doc4652938644,CLASSIFICATION_CHANGED,MEDIUM,yes,industrial-supplier,75,GOOD,Renewal - Request for Supply Arrangements for Front-end Loaders (E60HS-24LOAD),Department of Public Works and Government Services (PSPC),Canada,canadabuys,,UNSPSC:24101600,OPEN,CHANGE_CLASSIFICATION_CHANGED; MATCH_CLASSIFICATION_PRIMARY,https://discovery.ariba.com/rfx/20252472?extsite=MjAyNTI0NzJfQU4wMTQ4NDA1MDk5Mg==,HEALTHY,
alert_0df93ebeaa206d82_manufacturer,canadabuys:ws4652867072-doc4652938644,CLASSIFICATION_CHANGED,MEDIUM,yes,manufacturer,75,GOOD,Renewal - Request for Supply Arrangements for Front-end Loaders (E60HS-24LOAD),Department of Public Works and Government Services (PSPC),Canada,canadabuys,,UNSPSC:24101600,OPEN,CHANGE_CLASSIFICATION_CHANGED; MATCH_CLASSIFICATION_PRIMARY,https://discovery.ariba.com/rfx/20252472?extsite=MjAyNTI0NzJfQU4wMTQ4NDA1MDk5Mg==,HEALTHY,
alert_0e5850fa434ad003_engineering,canadabuys:cb-20-75132174,CLASSIFICATION_CHANGED,MEDIUM,yes,engineering,75,GOOD,SBIPS RFSA (Solution-based Informatics),Department of Public Works and Government Services (PSPC),Canada,canadabuys,,"UNSPSC:81110000,UNSPSC:81111509,UNSPSC:81111510,UNSPSC:81111706,UNSPSC:81111707,UNSPSC:81111803,UNSPSC:81111804,UNSPSC:81111808,UNSPSC:81112300",OPEN,CHANGE_CLASSIFICATION_CHANGED; MATCH_CLASSIFICATION_PRIMARY,https://canadabuys.canada.ca/en/tender-opportunities,HEALTHY,
alert_0e5850fa434ad003_infrastructure,canadabuys:cb-20-75132174,CLASSIFICATION_CHANGED,MEDIUM,yes,infrastructure,75,GOOD,SBIPS RFSA (Solution-based Informatics),Department of Public Works and Government Services (PSPC),Canada,canadabuys,,"UNSPSC:81110000,UNSPSC:81111509,UNSPSC:81111510,UNSPSC:81111706,UNSPSC:81111707,UNSPSC:81111803,UNSPSC:81111804,UNSPSC:81111808,UNSPSC:81112300",OPEN,CHANGE_CLASSIFICATION_CHANGED; MATCH_CLASSIFICATION_PRIMARY,https://canadabuys.canada.ca/en/tender-opportunities,HEALTHY,
alert_0e9c0af62ff800f1_construction,canadabuys:ws5784194681-doc5814854560,CLASSIFICATION_CHANGED,MEDIUM,yes,construction,75,GOOD,"ITT - ED001-270254 – CFIA Chiller Replacement  - Charlottetown, PE",Department of Public Works and Government Services (PSPC),Canada,canadabuys,,UNSPSC:72151200,OPEN,CHANGE_CLASSIFICATION_CHANGED; MATCH_CLASSIFICATION_PRIMARY,https://canadabuys.canada.ca/en/tender-opportunities,HEALTHY,
alert_0e9c0af62ff800f1_infrastructure,canadabuys:ws5784194681-doc5814854560,CLASSIFICATION_CHANGED,MEDIUM,yes,infrastructure,75,GOOD,"ITT - ED001-270254 – CFIA Chiller Replacement  - Charlottetown, PE",Department of Public Works and Government Services (PSPC),Canada,canadabuys,,UNSPSC:72151200,OPEN,CHANGE_CLASSIFICATION_CHANGED; MATCH_CLASSIFICATION_PRIMARY,https://canadabuys.canada.ca/en/tender-opportunities,HEALTHY,
alert_0f07c67eb7280355_construction,canadabuys:cb-921-45014155,CLASSIFICATION_CHANGED,MEDIUM,yes,construction,75,GOOD,"Multiple Victoria-Class Spares: Wand, Nonmetallic Special Shaped Section, O-ring, Cover, Cylinder, Separator",Department of National Defence (DND),Canada,canadabuys,,"UNSPSC:25170000,UNSPSC:30180000,UNSPSC:31160000,UNSPSC:31180000,UNSPSC:60120000",OPEN,CHANGE_CLASSIFICATION_CHANGED; MATCH_CLASSIFICATION_PRIMARY,https://canadabuys.canada.ca/en/tender-opportunities,HEALTHY,
alert_0f07c67eb7280355_manufacturer,canadabuys:cb-921-45014155,CLASSIFICATION_CHANGED,MEDIUM,yes,manufacturer,75,GOOD,"Multiple Victoria-Class Spares: Wand, Nonmetallic Special Shaped Section, O-ring, Cover, Cylinder, Separator",Department of National Defence (DND),Canada,canadabuys,,"UNSPSC:25170000,UNSPSC:30180000,UNSPSC:31160000,UNSPSC:31180000,UNSPSC:60120000",OPEN,CHANGE_CLASSIFICATION_CHANGED; MATCH_CLASSIFICATION_PRIMARY,https://canadabuys.canada.ca/en/tender-opportunities,HEALTHY,
alert_10a2d4280db45688_industrial-supplier,canadabuys:cb-824-76984693,CLASSIFICATION_CHANGED,MEDIUM,yes,industrial-supplier,75,GOOD,Engraving System,Department of National Defence (DND),Canada,canadabuys,,UNSPSC:27112718,OPEN,CHANGE_CLASSIFICATION_CHANGED; MATCH_CLASSIFICATION_PRIMARY,https://canadabuys.canada.ca/en/tender-opportunities,HEALTHY,
alert_10d73516332f529b_manufacturer,canadabuys:cb-512-15999315,CLASSIFICATION_CHANGED,MEDIUM,yes,manufacturer,75,GOOD,Straight Truck with Curtain Side Body,Department of National Defence (DND),Canada,canadabuys,,UNSPSC:25101604,OPEN,CHANGE_CLASSIFICATION_CHANGED; MATCH_CLASSIFICATION_PRIMARY,https://canadabuys.canada.ca/en/tender-opportunities,HEALTHY,
alert_10d8530fb0f773b6_manufacturer,canadabuys:ws4395007927-doc5528572591,CLASSIFICATION_CHANGED,MEDIUM,yes,manufacturer,75,GOOD,Uncrewed Ground Vehicles-RFSA-B,Department of Public Works and Government Services (PSPC),Canada,canadabuys,,"UNSPSC:25101900,UNSPSC:25101905",OPEN,CHANGE_CLASSIFICATION_CHANGED; MATCH_CLASSIFICATION_PRIMARY,https://portal.us.bn.cloud.ariba.com/dashboard/public/appext/comsapsbncdiscoveryui#/RfxEvent/preview/1110002993?anId=ANONYMOUS,HEALTHY,
alert_11fafd24e0917211_manufacturer,canadabuys:cb-599-27108670,CLASSIFICATION_CHANGED,MEDIUM,yes,manufacturer,75,GOOD,"Multiple Victoria-Class Spares: Packing Material, Seal Kit, Liquid Sig, Gasket, Spring, Helical, Compression, Parts Kit, Valve, Fan, Centrifugal",Department of National Defence (DND),Canada,canadabuys,,"UNSPSC:31161900,UNSPSC:31400000,UNSPSC:40101600,UNSPSC:40141600,UNSPSC:41112800",OPEN,CHANGE_CLASSIFICATION_CHANGED; MATCH_CLASSIFICATION_PRIMARY,https://canadabuys.canada.ca/en/tender-opportunities,HEALTHY,
alert_13acb87f37ca0fcd_logistics,canadabuys:ws5792174050-doc5792191123,CLASSIFICATION_CHANGED,MEDIUM,yes,logistics,75,GOOD,ITT - PR24384 F7049-260036 CCGS Traverse Refit,Department of Public Works and Government Services (PSPC),Canada,canadabuys,,UNSPSC:78182000,OPEN,CHANGE_CLASSIFICATION_CHANGED; MATCH_CLASSIFICATION_PRIMARY,https://portal.us.bn.cloud.ariba.com/dashboard/public/appext/comsapsbncdiscoveryui#/RfxEvent/preview/1110020291?anId=ANONYMOUS,HEALTHY,
alert_13b6ec970f72ef51_healthcare,canadabuys:cb-617-69670018,CLASSIFICATION_CHANGED,MEDIUM,yes,healthcare,75,GOOD,"Cleaning Training Program, NB",Correctional Service of Canada (CSC),Canada,canadabuys,,UNSPSC:85122100,OPEN,CHANGE_CLASSIFICATION_CHANGED; MATCH_CLASSIFICATION_PRIMARY,https://canadabuys.canada.ca/en/tender-opportunities,HEALTHY,
alert_148a7e7ff8b5ae6f_construction,canadabuys:ws5275945159-doc5275992527,CLASSIFICATION_CHANGED,MEDIUM,yes,construction,75,GOOD,W684H-260282 Asphalt Paving and Repair - CFB Halifax,Department of Public Works and Government Services (PSPC),Canada,canadabuys,,"UNSPSC:22101600,UNSPSC:30121705,UNSPSC:72141103,UNSPSC:72141104,UNSPSC:72141105",OPEN,CHANGE_CLASSIFICATION_CHANGED; MATCH_CLASSIFICATION_PRIMARY,https://discovery.ariba.com/rfx/23383571?extsite=MjMzODM1NzFfQU4wMTQ4NDA1MDk5Mg==,HEALTHY,
alert_148a7e7ff8b5ae6f_industrial-supplier,canadabuys:ws5275945159-doc5275992527,CLASSIFICATION_CHANGED,MEDIUM,yes,industrial-supplier,75,GOOD,W684H-260282 Asphalt Paving and Repair - CFB Halifax,Department of Public Works and Government Services (PSPC),Canada,canadabuys,,"UNSPSC:22101600,UNSPSC:30121705,UNSPSC:72141103,UNSPSC:72141104,UNSPSC:72141105",OPEN,CHANGE_CLASSIFICATION_CHANGED; MATCH_CLASSIFICATION_PRIMARY,https://discovery.ariba.com/rfx/23383571?extsite=MjMzODM1NzFfQU4wMTQ4NDA1MDk5Mg==,HEALTHY,
alert_148a7e7ff8b5ae6f_infrastructure,canadabuys:ws5275945159-doc5275992527,CLASSIFICATION_CHANGED,MEDIUM,yes,infrastructure,75,GOOD,W684H-260282 Asphalt Paving and Repair - CFB Halifax,Department of Public Works and Government Services (PSPC),Canada,canadabuys,,"UNSPSC:22101600,UNSPSC:30121705,UNSPSC:72141103,UNSPSC:72141104,UNSPSC:72141105",OPEN,CHANGE_CLASSIFICATION_CHANGED; MATCH_CLASSIFICATION_PRIMARY,https://discovery.ariba.com/rfx/23383571?extsite=MjMzODM1NzFfQU4wMTQ4NDA1MDk5Mg==,HEALTHY,
alert_14daa50f1249bbbe_construction,canadabuys:ws5800904005-doc5800994859,CLASSIFICATION_CHANGED,MEDIUM,yes,construction,75,GOOD,"21207-269206-RFSO General Maintenance and Construction, Dorchester NB-",Department of Public Works and Government Services (PSPC),Canada,canadabuys,,UNSPSC:72000000,OPEN,CHANGE_CLASSIFICATION_CHANGED; MATCH_CLASSIFICATION_PRIMARY,https://portal.us.bn.cloud.ariba.com/dashboard/public/appext/comsapsbncdiscoveryui#/RfxEvent/preview/1110019528?anId=ANONYMOUS,HEALTHY,
alert_14daa50f1249bbbe_infrastructure,canadabuys:ws5800904005-doc5800994859,CLASSIFICATION_CHANGED,MEDIUM,yes,infrastructure,75,GOOD,"21207-269206-RFSO General Maintenance and Construction, Dorchester NB-",Department of Public Works and Government Services (PSPC),Canada,canadabuys,,UNSPSC:72000000,OPEN,CHANGE_CLASSIFICATION_CHANGED; MATCH_CLASSIFICATION_PRIMARY,https://portal.us.bn.cloud.ariba.com/dashboard/public/appext/comsapsbncdiscoveryui#/RfxEvent/preview/1110019528?anId=ANONYMOUS,HEALTHY,
alert_1527a145f3bc093d_construction,canadabuys:ws5769876419-doc5816461738,CLASSIFICATION_CHANGED,MEDIUM,yes,construction,75,GOOD,EZ899-270311 - Phase 2 - Small Culvert Capital Works (2026),Department of Public Works and Government Services (PSPC),Canada,canadabuys,,"UNSPSC:72141003,UNSPSC:72141124,UNSPSC:77000000",OPEN,CHANGE_CLASSIFICATION_CHANGED; MATCH_CLASSIFICATION_PRIMARY,https://canadabuys.canada.ca/en/tender-opportunities,HEALTHY,
alert_1527a145f3bc093d_infrastructure,canadabuys:ws5769876419-doc5816461738,CLASSIFICATION_CHANGED,MEDIUM,yes,infrastructure,75,GOOD,EZ899-270311 - Phase 2 - Small Culvert Capital Works (2026),Department of Public Works and Government Services (PSPC),Canada,canadabuys,,"UNSPSC:72141003,UNSPSC:72141124,UNSPSC:77000000",OPEN,CHANGE_CLASSIFICATION_CHANGED; MATCH_CLASSIFICATION_PRIMARY,https://canadabuys.canada.ca/en/tender-opportunities,HEALTHY,
alert_158a33340314b588_construction,canadabuys:ws5764106806-doc5814722455,CLASSIFICATION_CHANGED,MEDIUM,yes,construction,75,GOOD,W6897-260095B Painting Services Standing Offer,Department of Public Works and Government Services (PSPC),Canada,canadabuys,,UNSPSC:72150000,OPEN,CHANGE_CLASSIFICATION_CHANGED; MATCH_CLASSIFICATION_PRIMARY,https://portal.us.bn.cloud.ariba.com/dashboard/public/appext/comsapsbncdiscoveryui#/RfxEvent/preview/1110020388?anId=ANONYMOUS,HEALTHY,
alert_158a33340314b588_infrastructure,canadabuys:ws5764106806-doc5814722455,CLASSIFICATION_CHANGED,MEDIUM,yes,infrastructure,75,GOOD,W6897-260095B Painting Services Standing Offer,Department of Public Works and Government Services (PSPC),Canada,canadabuys,,UNSPSC:72150000,OPEN,CHANGE_CLASSIFICATION_CHANGED; MATCH_CLASSIFICATION_PRIMARY,https://portal.us.bn.cloud.ariba.com/dashboard/public/appext/comsapsbncdiscoveryui#/RfxEvent/preview/1110020388?anId=ANONYMOUS,HEALTHY,
alert_159dd8f04cc29e07_construction,canadabuys:ws5765633306-doc5765833610,CLASSIFICATION_CHANGED,MEDIUM,yes,construction,75,GOOD,EE517-261427 - RFP – Reconstruction of the fishermen’s wharf at Cap-aux-meules in the Magdalen Islands,Department of Public Works and Government Services (PSPC),Canada,canadabuys,,UNSPSC:72141200,OPEN,CHANGE_CLASSIFICATION_CHANGED; MATCH_CLASSIFICATION_PRIMARY,https://portal.us.bn.cloud.ariba.com/dashboard/public/appext/comsapsbncdiscoveryui#/RfxEvent/preview/1110018298?anId=ANONYMOUS,HEALTHY,
alert_159dd8f04cc29e07_infrastructure,canadabuys:ws5765633306-doc5765833610,CLASSIFICATION_CHANGED,MEDIUM,yes,infrastructure,75,GOOD,EE517-261427 - RFP – Reconstruction of the fishermen’s wharf at Cap-aux-meules in the Magdalen Islands,Department of Public Works and Government Services (PSPC),Canada,canadabuys,,UNSPSC:72141200,OPEN,CHANGE_CLASSIFICATION_CHANGED; MATCH_CLASSIFICATION_PRIMARY,https://portal.us.bn.cloud.ariba.com/dashboard/public/appext/comsapsbncdiscoveryui#/RfxEvent/preview/1110018298?anId=ANONYMOUS,HEALTHY,
alert_16e02eaa9a73b3f7_professional-services,canadabuys:ws5665734815-doc5665759267,CLASSIFICATION_CHANGED,MEDIUM,yes,professional-services,75,GOOD,RFSA - Translation Services,Department of Public Works and Government Services (PSPC),Canada,canadabuys,,UNSPSC:82110000,OPEN,CHANGE_CLASSIFICATION_CHANGED; MATCH_CLASSIFICATION_PRIMARY,https://portal.us.bn.cloud.ariba.com/dashboard/public/appext/comsapsbncdiscoveryui#/RfxEvent/preview/1110011844?anId=ANONYMOUS,HEALTHY,
alert_17475a614b13a8df_manufacturer,canadabuys:ws5770870507-doc5783834211,CLASSIFICATION_CHANGED,MEDIUM,yes,manufacturer,75,GOOD,Wheeled Office Trailers 8’x20’,Department of Public Works and Government Services (PSPC),Canada,canadabuys,,"UNSPSC:25101907,UNSPSC:25101939,UNSPSC:25181700",OPEN,CHANGE_CLASSIFICATION_CHANGED; MATCH_CLASSIFICATION_PRIMARY,https://portal.us.bn.cloud.ariba.com/dashboard/public/appext/comsapsbncdiscoveryui#/RfxEvent/preview/1110018438?anId=ANONYMOUS,HEALTHY,
alert_174caecbba9054b1_energy,canadabuys:cb-6546-76189681,CLASSIFICATION_CHANGED,MEDIUM,yes,energy,75,GOOD,UPS Batteries - Millhaven Institution,Contracting and Material Services - Ontario,Canada,canadabuys,,"UNSPSC:26111700,UNSPSC:39111700",OPEN,CHANGE_CLASSIFICATION_CHANGED; MATCH_CLASSIFICATION_PRIMARY,https://canadabuys.canada.ca/en/tender-opportunities,HEALTHY,
alert_174caecbba9054b1_industrial-supplier,canadabuys:cb-6546-76189681,CLASSIFICATION_CHANGED,MEDIUM,yes,industrial-supplier,75,GOOD,UPS Batteries - Millhaven Institution,Contracting and Material Services - Ontario,Canada,canadabuys,,"UNSPSC:26111700,UNSPSC:39111700",OPEN,CHANGE_CLASSIFICATION_CHANGED; MATCH_CLASSIFICATION_PRIMARY,https://canadabuys.canada.ca/en/tender-opportunities,HEALTHY,
alert_174caecbba9054b1_manufacturer,canadabuys:cb-6546-76189681,CLASSIFICATION_CHANGED,MEDIUM,yes,manufacturer,75,GOOD,UPS Batteries - Millhaven Institution,Contracting and Material Services - Ontario,Canada,canadabuys,,"UNSPSC:26111700,UNSPSC:39111700",OPEN,CHANGE_CLASSIFICATION_CHANGED; MATCH_CLASSIFICATION_PRIMARY,https://canadabuys.canada.ca/en/tender-opportunities,HEALTHY,
alert_177a1783ffb2e49b_manufacturer,canadabuys:ws5491670965-doc5790622543,CLASSIFICATION_CHANGED,MEDIUM,yes,manufacturer,75,GOOD,E60MC240001-B1 – RFSA Refresh for Small Vessels - Indigenous Suppliers,Department of Public Works and Government Services (PSPC),Canada,canadabuys,,"UNSPSC:25111500,UNSPSC:25111507,UNSPSC:25111511,UNSPSC:25111512,UNSPSC:25111530,UNSPSC:25111531,UNSPSC:25111534,UNSPSC:25111600,UNSPSC:25111601,UNSPSC:25111700,UNSPSC:25111714,UNSPSC:25111722,UNSPSC:25111723,UNSPSC:25111805",OPEN,CHANGE_CLASSIFICATION_CHANGED; MATCH_CLASSIFICATION_PRIMARY,https://portal.us.bn.cloud.ariba.com/dashboard/public/appext/comsapsbncdiscoveryui#/RfxEvent/preview/1110018590?anId=ANONYMOUS,HEALTHY,
alert_17b13f0373e65452_construction,canadabuys:ws5769605672-doc5774832735,CLASSIFICATION_CHANGED,MEDIUM,yes,construction,75,GOOD,Blackburn - Roof Resurfacing,Department of Public Works and Government Services (PSPC),Canada,canadabuys,,"UNSPSC:72000000,UNSPSC:72100000,UNSPSC:72152601",OPEN,CHANGE_CLASSIFICATION_CHANGED; MATCH_CLASSIFICATION_PRIMARY,https://canadabuys.canada.ca/en/tender-opportunities,HEALTHY,
alert_17b13f0373e65452_infrastructure,canadabuys:ws5769605672-doc5774832735,CLASSIFICATION_CHANGED,MEDIUM,yes,infrastructure,75,GOOD,Blackburn - Roof Resurfacing,Department of Public Works and Government Services (PSPC),Canada,canadabuys,,"UNSPSC:72000000,UNSPSC:72100000,UNSPSC:72152601",OPEN,CHANGE_CLASSIFICATION_CHANGED; MATCH_CLASSIFICATION_PRIMARY,https://canadabuys.canada.ca/en/tender-opportunities,HEALTHY,
alert_17b349426e7dc5ea_manufacturer,canadabuys:ws5802418485-doc5802823203,CLASSIFICATION_CHANGED,MEDIUM,yes,manufacturer,75,GOOD,23136-270037 - RPAS-LiDAR System,Department of Public Works and Government Services (PSPC),Canada,canadabuys,,UNSPSC:25132101,OPEN,CHANGE_CLASSIFICATION_CHANGED; MATCH_CLASSIFICATION_PRIMARY,https://portal.us.bn.cloud.ariba.com/dashboard/public/appext/comsapsbncdiscoveryui#/RfxEvent/preview/1110019543?anId=ANONYMOUS,HEALTHY,
alert_18019c234ed6f3bd_professional-services,canadabuys:ws5806121754-doc5806196778,CLASSIFICATION_CHANGED,MEDIUM,yes,professional-services,75,GOOD,Maple Leaf Lapel Pins,Department of Public Works and Government Services (PSPC),Canada,canadabuys,,UNSPSC:82121505,OPEN,CHANGE_CLASSIFICATION_CHANGED; MATCH_CLASSIFICATION_PRIMARY,https://canadabuys.canada.ca/en/tender-opportunities,HEALTHY,
alert_1803df262ba967b1_manufacturer,canadabuys:ws5792392722-doc5811101838,CLASSIFICATION_CHANGED,MEDIUM,yes,manufacturer,75,GOOD,5P457-250001-B - Aluminum 11-12m Boat with Enclosed Cabin and Trailer,Department of Public Works and Government Services (PSPC),Canada,canadabuys,,UNSPSC:25111500,OPEN,CHANGE_CLASSIFICATION_CHANGED; MATCH_CLASSIFICATION_PRIMARY,https://portal.us.bn.cloud.ariba.com/dashboard/public/appext/comsapsbncdiscoveryui#/RfxEvent/preview/1110020182?anId=ANONYMOUS,HEALTHY,
alert_18d0a717e952e087_engineering,canadabuys:cb-9-44665905,CLASSIFICATION_CHANGED,MEDIUM,yes,engineering,75,GOOD,Core Scanning,Government of the Northwest Territories (GNWT),Canada,canadabuys,,"UNSPSC:81151702,UNSPSC:81151703",OPEN,CHANGE_CLASSIFICATION_CHANGED; MATCH_CLASSIFICATION_PRIMARY,https://canadabuys.canada.ca/en/tender-opportunities,HEALTHY,
alert_18d0a717e952e087_infrastructure,canadabuys:cb-9-44665905,CLASSIFICATION_CHANGED,MEDIUM,yes,infrastructure,75,GOOD,Core Scanning,Government of the Northwest Territories (GNWT),Canada,canadabuys,,"UNSPSC:81151702,UNSPSC:81151703",OPEN,CHANGE_CLASSIFICATION_CHANGED; MATCH_CLASSIFICATION_PRIMARY,https://canadabuys.canada.ca/en/tender-opportunities,HEALTHY,
alert_192512c7c48e0fe0_construction,canadabuys:ws5183129518-doc5415898889,CLASSIFICATION_CHANGED,MEDIUM,yes,construction,75,GOOD,"EB218-260220 - SA for the Supply, Installation and Maintenance of Residential Water Treatment Systems Round Two",Department of Public Works and Government Services (PSPC),Canada,canadabuys,,"UNSPSC:22000000,UNSPSC:30000000,UNSPSC:47100000,UNSPSC:47101500,UNSPSC:47101600,UNSPSC:72101510,UNSPSC:72110000,UNSPSC:72151100,UNSPSC:83101506",OPEN,CHANGE_CLASSIFICATION_CHANGED; MATCH_CLASSIFICATION_PRIMARY,https://discovery.ariba.com/rfx/23533400?extsite=MjM1MzM0MDBfQU4wMTQ4NDA1MDk5Mg==,HEALTHY,
alert_192512c7c48e0fe0_industrial-supplier,canadabuys:ws5183129518-doc5415898889,CLASSIFICATION_CHANGED,MEDIUM,yes,industrial-supplier,75,GOOD,"EB218-260220 - SA for the Supply, Installation and Maintenance of Residential Water Treatment Systems Round Two",Department of Public Works and Government Services (PSPC),Canada,canadabuys,,"UNSPSC:22000000,UNSPSC:30000000,UNSPSC:47100000,UNSPSC:47101500,UNSPSC:47101600,UNSPSC:72101510,UNSPSC:72110000,UNSPSC:72151100,UNSPSC:83101506",OPEN,CHANGE_CLASSIFICATION_CHANGED; MATCH_CLASSIFICATION_PRIMARY,https://discovery.ariba.com/rfx/23533400?extsite=MjM1MzM0MDBfQU4wMTQ4NDA1MDk5Mg==,HEALTHY,
alert_192512c7c48e0fe0_infrastructure,canadabuys:ws5183129518-doc5415898889,CLASSIFICATION_CHANGED,MEDIUM,yes,infrastructure,75,GOOD,"EB218-260220 - SA for the Supply, Installation and Maintenance of Residential Water Treatment Systems Round Two",Department of Public Works and Government Services (PSPC),Canada,canadabuys,,"UNSPSC:22000000,UNSPSC:30000000,UNSPSC:47100000,UNSPSC:47101500,UNSPSC:47101600,UNSPSC:72101510,UNSPSC:72110000,UNSPSC:72151100,UNSPSC:83101506",OPEN,CHANGE_CLASSIFICATION_CHANGED; MATCH_CLASSIFICATION_PRIMARY,https://discovery.ariba.com/rfx/23533400?extsite=MjM1MzM0MDBfQU4wMTQ4NDA1MDk5Mg==,HEALTHY,
alert_1946b9302c425db6_engineering,canadabuys:ws5027338222-doc5027498089,CLASSIFICATION_CHANGED,MEDIUM,yes,engineering,75,GOOD,EVC01-202004C - RFSA Small Vessel Recycling,Department of Public Works and Government Services (PSPC),Canada,canadabuys,,"UNSPSC:78141701,UNSPSC:81101506",OPEN,CHANGE_CLASSIFICATION_CHANGED; MATCH_CLASSIFICATION_PRIMARY,https://portal.us.bn.cloud.ariba.com/dashboard/public/appext/comsapsbncdiscoveryui#/RfxEvent/preview/22455570?anId=ANONYMOUS,HEALTHY,
alert_1946b9302c425db6_infrastructure,canadabuys:ws5027338222-doc5027498089,CLASSIFICATION_CHANGED,MEDIUM,yes,infrastructure,75,GOOD,EVC01-202004C - RFSA Small Vessel Recycling,Department of Public Works and Government Services (PSPC),Canada,canadabuys,,"UNSPSC:78141701,UNSPSC:81101506",OPEN,CHANGE_CLASSIFICATION_CHANGED; MATCH_CLASSIFICATION_PRIMARY,https://portal.us.bn.cloud.ariba.com/dashboard/public/appext/comsapsbncdiscoveryui#/RfxEvent/preview/22455570?anId=ANONYMOUS,HEALTHY,
alert_1946b9302c425db6_logistics,canadabuys:ws5027338222-doc5027498089,CLASSIFICATION_CHANGED,MEDIUM,yes,logistics,75,GOOD,EVC01-202004C - RFSA Small Vessel Recycling,Department of Public Works and Government Services (PSPC),Canada,canadabuys,,"UNSPSC:78141701,UNSPSC:81101506",OPEN,CHANGE_CLASSIFICATION_CHANGED; MATCH_CLASSIFICATION_PRIMARY,https://portal.us.bn.cloud.ariba.com/dashboard/public/appext/comsapsbncdiscoveryui#/RfxEvent/preview/22455570?anId=ANONYMOUS,HEALTHY,
alert_19f9dd2b43169274_engineering,canadabuys:cb-505-59443952,CLASSIFICATION_CHANGED,MEDIUM,yes,engineering,75,GOOD,K'alemi Dene School Planning and Design,Government of the Northwest Territories (GNWT),Canada,canadabuys,,UNSPSC:81101508,OPEN,CHANGE_CLASSIFICATION_CHANGED; MATCH_CLASSIFICATION_PRIMARY,https://canadabuys.canada.ca/en/tender-opportunities,HEALTHY,
alert_19f9dd2b43169274_infrastructure,canadabuys:cb-505-59443952,CLASSIFICATION_CHANGED,MEDIUM,yes,infrastructure,75,GOOD,K'alemi Dene School Planning and Design,Government of the Northwest Territories (GNWT),Canada,canadabuys,,UNSPSC:81101508,OPEN,CHANGE_CLASSIFICATION_CHANGED; MATCH_CLASSIFICATION_PRIMARY,https://canadabuys.canada.ca/en/tender-opportunities,HEALTHY,
alert_1a5a25e8739768af_professional-services,canadabuys:cb-621-72087923,CLASSIFICATION_CHANGED,MEDIUM,yes,professional-services,75,GOOD,Leading in Complex Systems – In-Person Training,Atlantic Canada Opportunities Agency (ACOA),Canada,canadabuys,,UNSPSC:80111501,OPEN,CHANGE_CLASSIFICATION_CHANGED; MATCH_CLASSIFICATION_PRIMARY,https://canadabuys.canada.ca/en/tender-opportunities,HEALTHY,
alert_1a88271693e6a1cc_healthcare,canadabuys:cb-561-1713658,CLASSIFICATION_CHANGED,MEDIUM,yes,healthcare,75,GOOD,Digital Medical Imaging Systems,Government of the Northwest Territories (GNWT),Canada,canadabuys,,"UNSPSC:42200000,UNSPSC:42201500,UNSPSC:42201800",OPEN,CHANGE_CLASSIFICATION_CHANGED; MATCH_CLASSIFICATION_PRIMARY,https://canadabuys.canada.ca/en/tender-opportunities,HEALTHY,
alert_1b8da25a1035fc7f_engineering,canadabuys:ws5769481981-doc5790398457,CLASSIFICATION_CHANGED,MEDIUM,yes,engineering,75,GOOD,"W7701-268113 Design, Development and Characterization of Electro‑Optical Systems",Department of Public Works and Government Services (PSPC),Canada,canadabuys,,UNSPSC:81141902,OPEN,CHANGE_CLASSIFICATION_CHANGED; MATCH_CLASSIFICATION_PRIMARY,https://portal.us.bn.cloud.ariba.com/dashboard/public/appext/comsapsbncdiscoveryui#/RfxEvent/preview/1110020492?anId=ANONYMOUS,HEALTHY,
alert_1b8da25a1035fc7f_infrastructure,canadabuys:ws5769481981-doc5790398457,CLASSIFICATION_CHANGED,MEDIUM,yes,infrastructure,75,GOOD,"W7701-268113 Design, Development and Characterization of Electro‑Optical Systems",Department of Public Works and Government Services (PSPC),Canada,canadabuys,,UNSPSC:81141902,OPEN,CHANGE_CLASSIFICATION_CHANGED; MATCH_CLASSIFICATION_PRIMARY,https://portal.us.bn.cloud.ariba.com/dashboard/public/appext/comsapsbncdiscoveryui#/RfxEvent/preview/1110020492?anId=ANONYMOUS,HEALTHY,
alert_1c58ed0bc5f5b21b_engineering,canadabuys:cb-816-86373076,CLASSIFICATION_CHANGED,MEDIUM,yes,engineering,75,GOOD,Geospatial data processing work,Department of Natural Resources (NRCan),Canada,canadabuys,,UNSPSC:81151600,OPEN,CHANGE_CLASSIFICATION_CHANGED; MATCH_CLASSIFICATION_PRIMARY,https://canadabuys.canada.ca/en/tender-opportunities,HEALTHY,
alert_1c58ed0bc5f5b21b_infrastructure,canadabuys:cb-816-86373076,CLASSIFICATION_CHANGED,MEDIUM,yes,infrastructure,75,GOOD,Geospatial data processing work,Department of Natural Resources (NRCan),Canada,canadabuys,,UNSPSC:81151600,OPEN,CHANGE_CLASSIFICATION_CHANGED; MATCH_CLASSIFICATION_PRIMARY,https://canadabuys.canada.ca/en/tender-opportunities,HEALTHY,
alert_1c7ec22591f64566_healthcare,canadabuys:cb-77-44841168,CLASSIFICATION_CHANGED,MEDIUM,yes,healthcare,75,GOOD,Medical Training Aids Mannequins,Department of National Defence (DND),Canada,canadabuys,,"UNSPSC:42300000,UNSPSC:42301500,UNSPSC:46161700,UNSPSC:56131500,UNSPSC:56131504",OPEN,CHANGE_CLASSIFICATION_CHANGED; MATCH_CLASSIFICATION_PRIMARY,https://canadabuys.canada.ca/en/tender-opportunities,HEALTHY,
alert_1d0d32a45ee10bcc_manufacturer,canadabuys:cb-780-52236816,CLASSIFICATION_CHANGED,MEDIUM,yes,manufacturer,75,GOOD,"Agricultural Tractor, Quebec Field Unit",Parks Canada Agency (PC),Canada,canadabuys,,UNSPSC:25101901,OPEN,CHANGE_CLASSIFICATION_CHANGED; MATCH_CLASSIFICATION_PRIMARY,https://canadabuys.canada.ca/en/tender-opportunities,HEALTHY,
alert_1d25cb8b913ae632_manufacturer,canadabuys:ws5806314999-doc5811036409,CLASSIFICATION_CHANGED,MEDIUM,yes,manufacturer,75,GOOD,EZ801-270623 – 6.4–7.5 metre enclosed cabin Rigid hull inflatable boat,Department of Public Works and Government Services (PSPC),Canada,canadabuys,,UNSPSC:25111500,OPEN,CHANGE_CLASSIFICATION_CHANGED; MATCH_CLASSIFICATION_PRIMARY,https://canadabuys.canada.ca/en/tender-opportunities,HEALTHY,
alert_1d525d8b4dc40c5c_engineering,canadabuys:cb-940-9705984,CLASSIFICATION_CHANGED,MEDIUM,yes,engineering,75,GOOD,Request for Proposal (RFP) for a Comprehensive and  Scalable Applicant Tracking System (ATS) to Enhance  Recruitment Efficiency and Candidate Experience,Department of Employment and Social Development (ESDC),Canada,canadabuys,,UNSPSC:81112200,OPEN,CHANGE_CLASSIFICATION_CHANGED; MATCH_CLASSIFICATION_PRIMARY,https://canadabuys.canada.ca/en/tender-opportunities,HEALTHY,
alert_1d525d8b4dc40c5c_infrastructure,canadabuys:cb-940-9705984,CLASSIFICATION_CHANGED,MEDIUM,yes,infrastructure,75,GOOD,Request for Proposal (RFP) for a Comprehensive and  Scalable Applicant Tracking System (ATS) to Enhance  Recruitment Efficiency and Candidate Experience,Department of Employment and Social Development (ESDC),Canada,canadabuys,,UNSPSC:81112200,OPEN,CHANGE_CLASSIFICATION_CHANGED; MATCH_CLASSIFICATION_PRIMARY,https://canadabuys.canada.ca/en/tender-opportunities,HEALTHY,
alert_1d890863f6e8ee87_construction,canadabuys:ws5760612069-doc5811165147,CLASSIFICATION_CHANGED,MEDIUM,yes,construction,75,GOOD,EJ196-261611 - Maintenance Services for Perimeter Security - Parliament Hill,Department of Public Works and Government Services (PSPC),Canada,canadabuys,,"UNSPSC:30121717,UNSPSC:30172000,UNSPSC:46151505",OPEN,CHANGE_CLASSIFICATION_CHANGED; MATCH_CLASSIFICATION_PRIMARY,https://portal.us.bn.cloud.ariba.com/dashboard/public/appext/comsapsbncdiscoveryui#/RfxEvent/preview/1110021120?anId=ANONYMOUS,HEALTHY,
alert_1d97a90eb17e6ea5_engineering,canadabuys:ws5790643681-doc5798951578,CLASSIFICATION_CHANGED,MEDIUM,yes,engineering,75,GOOD,RFI for Buy Canadian Products Platform (BCPP) for PSPC,Department of Public Works and Government Services (PSPC),Canada,canadabuys,,UNSPSC:81162000,OPEN,CHANGE_CLASSIFICATION_CHANGED; MATCH_CLASSIFICATION_PRIMARY,https://portal.us.bn.cloud.ariba.com/dashboard/public/appext/comsapsbncdiscoveryui#/RfxEvent/preview/1110019228?anId=ANONYMOUS,HEALTHY,
alert_1d97a90eb17e6ea5_infrastructure,canadabuys:ws5790643681-doc5798951578,CLASSIFICATION_CHANGED,MEDIUM,yes,infrastructure,75,GOOD,RFI for Buy Canadian Products Platform (BCPP) for PSPC,Department of Public Works and Government Services (PSPC),Canada,canadabuys,,UNSPSC:81162000,OPEN,CHANGE_CLASSIFICATION_CHANGED; MATCH_CLASSIFICATION_PRIMARY,https://portal.us.bn.cloud.ariba.com/dashboard/public/appext/comsapsbncdiscoveryui#/RfxEvent/preview/1110019228?anId=ANONYMOUS,HEALTHY,
alert_1db5152dad8006fe_professional-services,canadabuys:cb-40-44500461,CLASSIFICATION_CHANGED,MEDIUM,yes,professional-services,75,GOOD,One (1) Project Leader/ Executive,Department of National Defence (DND),Canada,canadabuys,,UNSPSC:80101600,OPEN,CHANGE_CLASSIFICATION_CHANGED; MATCH_CLASSIFICATION_PRIMARY,https://canadabuys.canada.ca/en/tender-opportunities,HEALTHY,
alert_1e96c6bff2c649be_energy,canadabuys:ws5820528045-doc5825278031,CLASSIFICATION_CHANGED,MEDIUM,yes,energy,75,GOOD,T2012-260014 MV Fundy Rose Main Engines Water Jacket Electric Pre-Heaters,Department of Public Works and Government Services (PSPC),Canada,canadabuys,,UNSPSC:26101700,OPEN,CHANGE_CLASSIFICATION_CHANGED; MATCH_CLASSIFICATION_PRIMARY,https://portal.us.bn.cloud.ariba.com/dashboard/public/appext/comsapsbncdiscoveryui#/RfxEvent/preview/1110021094?anId=ANONYMOUS,HEALTHY,
alert_1e96c6bff2c649be_industrial-supplier,canadabuys:ws5820528045-doc5825278031,CLASSIFICATION_CHANGED,MEDIUM,yes,industrial-supplier,75,GOOD,T2012-260014 MV Fundy Rose Main Engines Water Jacket Electric Pre-Heaters,Department of Public Works and Government Services (PSPC),Canada,canadabuys,,UNSPSC:26101700,OPEN,CHANGE_CLASSIFICATION_CHANGED; MATCH_CLASSIFICATION_PRIMARY,https://portal.us.bn.cloud.ariba.com/dashboard/public/appext/comsapsbncdiscoveryui#/RfxEvent/preview/1110021094?anId=ANONYMOUS,HEALTHY,
alert_1e96c6bff2c649be_manufacturer,canadabuys:ws5820528045-doc5825278031,CLASSIFICATION_CHANGED,MEDIUM,yes,manufacturer,75,GOOD,T2012-260014 MV Fundy Rose Main Engines Water Jacket Electric Pre-Heaters,Department of Public Works and Government Services (PSPC),Canada,canadabuys,,UNSPSC:26101700,OPEN,CHANGE_CLASSIFICATION_CHANGED; MATCH_CLASSIFICATION_PRIMARY,https://portal.us.bn.cloud.ariba.com/dashboard/public/appext/comsapsbncdiscoveryui#/RfxEvent/preview/1110021094?anId=ANONYMOUS,HEALTHY,
alert_1ef472307db481ec_manufacturer,canadabuys:cb-162-84204794,CLASSIFICATION_CHANGED,MEDIUM,yes,manufacturer,75,GOOD,Siemens 25kA circuit breakers style plug-in units rated at 480/277V with connector and cord,Department of National Defence (DND),Canada,canadabuys,,UNSPSC:32130000,OPEN,CHANGE_CLASSIFICATION_CHANGED; MATCH_CLASSIFICATION_PRIMARY,https://canadabuys.canada.ca/en/tender-opportunities,HEALTHY,
alert_1f31acf004584481_professional-services,canadabuys:ws5534243802-doc5823087373,CLASSIFICATION_CHANGED,MEDIUM,yes,professional-services,75,GOOD,Solicitation of Offers U8210-256631 – CIPO ITM3,Department of Public Works and Government Services (PSPC),Canada,canadabuys,,UNSPSC:80101507,OPEN,CHANGE_CLASSIFICATION_CHANGED; MATCH_CLASSIFICATION_PRIMARY,https://portal.us.bn.cloud.ariba.com/dashboard/public/appext/comsapsbncdiscoveryui#/RfxEvent/preview/1110021099?anId=ANONYMOUS,HEALTHY,
alert_2026f55d2e1cab29_construction,canadabuys:cb-240-91751961,CLASSIFICATION_CHANGED,MEDIUM,yes,construction,75,GOOD,Perimeter Fence and Gates,Department of National Defence (DND),Canada,canadabuys,,UNSPSC:30121718,OPEN,CHANGE_CLASSIFICATION_CHANGED; MATCH_CLASSIFICATION_PRIMARY,https://canadabuys.canada.ca/en/tender-opportunities,HEALTHY,
alert_207e982d9dda6e63_logistics,canadabuys:ws5681224062-doc5689119090,CLASSIFICATION_CHANGED,MEDIUM,yes,logistics,75,GOOD,F1782-26C065 – CCGS Franklin – Drydocking and Refit,Department of Public Works and Government Services (PSPC),Canada,canadabuys,,UNSPSC:78182000,OPEN,CHANGE_CLASSIFICATION_CHANGED; MATCH_CLASSIFICATION_PRIMARY,https://portal.us.bn.cloud.ariba.com/dashboard/public/appext/comsapsbncdiscoveryui#/RfxEvent/preview/1110015444?anId=ANONYMOUS,HEALTHY,
alert_21a9160454989db1_manufacturer,canadabuys:ws5459117544-doc5790507991,CLASSIFICATION_CHANGED,MEDIUM,yes,manufacturer,75,GOOD,F1782-25C202 - CCGS Charles & Goddard Portholes - WS5459117544,Department of Public Works and Government Services (PSPC),Canada,canadabuys,,UNSPSC:25111900,OPEN,CHANGE_CLASSIFICATION_CHANGED; MATCH_CLASSIFICATION_PRIMARY,https://portal.us.bn.cloud.ariba.com/dashboard/public/appext/comsapsbncdiscoveryui#/RfxEvent/preview/1110018586?anId=ANONYMOUS,HEALTHY,
alert_21af3acf9aa2b821_professional-services,canadabuys:cb-6278-65400524,CLASSIFICATION_CHANGED,MEDIUM,yes,professional-services,75,GOOD,Supplier Pre-Qualification (RFSA) - Temporary Help Services for the National Capital Region (NCR),Department of Public Works and Government Services (PSPC),Canada,canadabuys,,UNSPSC:80111600,OPEN,CHANGE_CLASSIFICATION_CHANGED; MATCH_CLASSIFICATION_PRIMARY,https://canadabuys.canada.ca/en/tender-opportunities,HEALTHY,
alert_21bab7e0b630f814_engineering,canadabuys:ws5824003479-doc5825650440,CLASSIFICATION_CHANGED,MEDIUM,yes,engineering,75,GOOD,EC016-270543 - CBSA St. Leonard Port of Entry Redevelopment Design,Department of Public Works and Government Services (PSPC),Canada,canadabuys,,UNSPSC:81101508,OPEN,CHANGE_CLASSIFICATION_CHANGED; MATCH_CLASSIFICATION_PRIMARY,https://canadabuys.canada.ca/en/tender-opportunities,HEALTHY,
alert_21bab7e0b630f814_infrastructure,canadabuys:ws5824003479-doc5825650440,CLASSIFICATION_CHANGED,MEDIUM,yes,infrastructure,75,GOOD,EC016-270543 - CBSA St. Leonard Port of Entry Redevelopment Design,Department of Public Works and Government Services (PSPC),Canada,canadabuys,,UNSPSC:81101508,OPEN,CHANGE_CLASSIFICATION_CHANGED; MATCH_CLASSIFICATION_PRIMARY,https://canadabuys.canada.ca/en/tender-opportunities,HEALTHY,
alert_21c7505f913e99cd_energy,canadabuys:ws4298673451-doc4332306790,CLASSIFICATION_CHANGED,MEDIUM,yes,energy,75,GOOD,E60HN-16ELEC for electrical and electronic products RFSA,Department of Public Works and Government Services (PSPC),Canada,canadabuys,,"UNSPSC:26121600,UNSPSC:32131000,UNSPSC:39121100,UNSPSC:39121300,UNSPSC:39121400,UNSPSC:39121500,UNSPSC:39121600,UNSPSC:39121700,UNSPSC:39121900,UNSPSC:39122100,UNSPSC:39122200,UNSPSC:39122300",OPEN,CHANGE_CLASSIFICATION_CHANGED; MATCH_CLASSIFICATION_PRIMARY,https://portal.us.bn.cloud.ariba.com/dashboard/public/appext/comsapsbncdiscoveryui#/RfxEvent/preview/18166573?anId=ANONYMOUS,HEALTHY,
alert_21c7505f913e99cd_industrial-supplier,canadabuys:ws4298673451-doc4332306790,CLASSIFICATION_CHANGED,MEDIUM,yes,industrial-supplier,75,GOOD,E60HN-16ELEC for electrical and electronic products RFSA,Department of Public Works and Government Services (PSPC),Canada,canadabuys,,"UNSPSC:26121600,UNSPSC:32131000,UNSPSC:39121100,UNSPSC:39121300,UNSPSC:39121400,UNSPSC:39121500,UNSPSC:39121600,UNSPSC:39121700,UNSPSC:39121900,UNSPSC:39122100,UNSPSC:39122200,UNSPSC:39122300",OPEN,CHANGE_CLASSIFICATION_CHANGED; MATCH_CLASSIFICATION_PRIMARY,https://portal.us.bn.cloud.ariba.com/dashboard/public/appext/comsapsbncdiscoveryui#/RfxEvent/preview/18166573?anId=ANONYMOUS,HEALTHY,
alert_21c7505f913e99cd_manufacturer,canadabuys:ws4298673451-doc4332306790,CLASSIFICATION_CHANGED,MEDIUM,yes,manufacturer,75,GOOD,E60HN-16ELEC for electrical and electronic products RFSA,Department of Public Works and Government Services (PSPC),Canada,canadabuys,,"UNSPSC:26121600,UNSPSC:32131000,UNSPSC:39121100,UNSPSC:39121300,UNSPSC:39121400,UNSPSC:39121500,UNSPSC:39121600,UNSPSC:39121700,UNSPSC:39121900,UNSPSC:39122100,UNSPSC:39122200,UNSPSC:39122300",OPEN,CHANGE_CLASSIFICATION_CHANGED; MATCH_CLASSIFICATION_PRIMARY,https://portal.us.bn.cloud.ariba.com/dashboard/public/appext/comsapsbncdiscoveryui#/RfxEvent/preview/18166573?anId=ANONYMOUS,HEALTHY,
alert_225b82ecf2ded4d1_engineering,canadabuys:ws4231712953-doc5565707971,CLASSIFICATION_CHANGED,MEDIUM,yes,engineering,75,GOOD,W6820-21ZZ02 Defence Intelligence Enterprise Support Services (RFSA),Department of Public Works and Government Services (PSPC),Canada,canadabuys,,"UNSPSC:80101507,UNSPSC:80161604,UNSPSC:81160000",OPEN,CHANGE_CLASSIFICATION_CHANGED; MATCH_CLASSIFICATION_PRIMARY,https://portal.us.bn.cloud.ariba.com/dashboard/public/appext/comsapsbncdiscoveryui#/RfxEvent/preview/1110009168?anId=ANONYMOUS,HEALTHY,
alert_225b82ecf2ded4d1_infrastructure,canadabuys:ws4231712953-doc5565707971,CLASSIFICATION_CHANGED,MEDIUM,yes,infrastructure,75,GOOD,W6820-21ZZ02 Defence Intelligence Enterprise Support Services (RFSA),Department of Public Works and Government Services (PSPC),Canada,canadabuys,,"UNSPSC:80101507,UNSPSC:80161604,UNSPSC:81160000",OPEN,CHANGE_CLASSIFICATION_CHANGED; MATCH_CLASSIFICATION_PRIMARY,https://portal.us.bn.cloud.ariba.com/dashboard/public/appext/comsapsbncdiscoveryui#/RfxEvent/preview/1110009168?anId=ANONYMOUS,HEALTHY,
alert_225b82ecf2ded4d1_professional-services,canadabuys:ws4231712953-doc5565707971,CLASSIFICATION_CHANGED,MEDIUM,yes,professional-services,75,GOOD,W6820-21ZZ02 Defence Intelligence Enterprise Support Services (RFSA),Department of Public Works and Government Services (PSPC),Canada,canadabuys,,"UNSPSC:80101507,UNSPSC:80161604,UNSPSC:81160000",OPEN,CHANGE_CLASSIFICATION_CHANGED; MATCH_CLASSIFICATION_PRIMARY,https://portal.us.bn.cloud.ariba.com/dashboard/public/appext/comsapsbncdiscoveryui#/RfxEvent/preview/1110009168?anId=ANONYMOUS,HEALTHY,
alert_23464a1397394dde_professional-services,canadabuys:cb-259-21727977,CLASSIFICATION_CHANGED,MEDIUM,yes,professional-services,75,GOOD,"TSPS – One (1) Procurement Specialist, Intermediate (Enfield Region - Nova Scotia).",Department of National Defence (DND),Canada,canadabuys,,"UNSPSC:80160000,UNSPSC:80161500,UNSPSC:80161504",OPEN,CHANGE_CLASSIFICATION_CHANGED; MATCH_CLASSIFICATION_PRIMARY,https://canadabuys.canada.ca/en/tender-opportunities,HEALTHY,
alert_23e0748d48d210c0_manufacturer,canadabuys:ws5790801662-doc5811707920,CLASSIFICATION_CHANGED,MEDIUM,yes,manufacturer,75,GOOD,5P421-262021 - Bucket Truck,Department of Public Works and Government Services (PSPC),Canada,canadabuys,,UNSPSC:25101611,OPEN,CHANGE_CLASSIFICATION_CHANGED; MATCH_CLASSIFICATION_PRIMARY,https://portal.us.bn.cloud.ariba.com/dashboard/public/appext/comsapsbncdiscoveryui#/RfxEvent/preview/1110020186?anId=ANONYMOUS,HEALTHY,
alert_23e45b0d77bc9d4d_construction,canadabuys:ws5760592917-doc5811217213,CLASSIFICATION_CHANGED,MEDIUM,yes,construction,75,GOOD,EJ196-261312 - Maintenance Services Fire Protection and Life Safety Systems - Block 3,Department of Public Works and Government Services (PSPC),Canada,canadabuys,,UNSPSC:72101509,OPEN,CHANGE_CLASSIFICATION_CHANGED; MATCH_CLASSIFICATION_PRIMARY,https://portal.us.bn.cloud.ariba.com/dashboard/public/appext/comsapsbncdiscoveryui#/RfxEvent/preview/1110020962?anId=ANONYMOUS,HEALTHY,
alert_23e45b0d77bc9d4d_infrastructure,canadabuys:ws5760592917-doc5811217213,CLASSIFICATION_CHANGED,MEDIUM,yes,infrastructure,75,GOOD,EJ196-261312 - Maintenance Services Fire Protection and Life Safety Systems - Block 3,Department of Public Works and Government Services (PSPC),Canada,canadabuys,,UNSPSC:72101509,OPEN,CHANGE_CLASSIFICATION_CHANGED; MATCH_CLASSIFICATION_PRIMARY,https://portal.us.bn.cloud.ariba.com/dashboard/public/appext/comsapsbncdiscoveryui#/RfxEvent/preview/1110020962?anId=ANONYMOUS,HEALTHY,
alert_245de9c808ec6d9c_construction,canadabuys:cb-458-9317158,CLASSIFICATION_CHANGED,MEDIUM,yes,construction,75,GOOD,Reconnection of Watermain Beaver Creek Institution,Correctional Service of Canada (CSC),Canada,canadabuys,,UNSPSC:72141121,OPEN,CHANGE_CLASSIFICATION_CHANGED; MATCH_CLASSIFICATION_PRIMARY,https://canadabuys.canada.ca/en/tender-opportunities,HEALTHY,
alert_245de9c808ec6d9c_infrastructure,canadabuys:cb-458-9317158,CLASSIFICATION_CHANGED,MEDIUM,yes,infrastructure,75,GOOD,Reconnection of Watermain Beaver Creek Institution,Correctional Service of Canada (CSC),Canada,canadabuys,,UNSPSC:72141121,OPEN,CHANGE_CLASSIFICATION_CHANGED; MATCH_CLASSIFICATION_PRIMARY,https://canadabuys.canada.ca/en/tender-opportunities,HEALTHY,
alert_24a8f67c1fa2393a_professional-services,canadabuys:cb-788-29679495,CLASSIFICATION_CHANGED,MEDIUM,yes,professional-services,75,GOOD,IT Professional Services,Department of National Defence (DND),Canada,canadabuys,,UNSPSC:80101508,OPEN,CHANGE_CLASSIFICATION_CHANGED; MATCH_CLASSIFICATION_PRIMARY,https://canadabuys.canada.ca/en/tender-opportunities,HEALTHY,
alert_252cd43ec2e82cf5_engineering,canadabuys:ws4056891315-doc4350987522,CLASSIFICATION_CHANGED,MEDIUM,yes,engineering,75,GOOD,Summary of RFI Electronic Traveller Health Informationtion (eTHI),Department of Public Works and Government Services (PSPC),Canada,canadabuys,,UNSPSC:81111700,OPEN,CHANGE_CLASSIFICATION_CHANGED; MATCH_CLASSIFICATION_PRIMARY,https://portal.us.bn.cloud.ariba.com/dashboard/public/appext/comsapsbncdiscoveryui#/RfxEvent/preview/18282646?anId=ANONYMOUS,HEALTHY,
alert_252cd43ec2e82cf5_infrastructure,canadabuys:ws4056891315-doc4350987522,CLASSIFICATION_CHANGED,MEDIUM,yes,infrastructure,75,GOOD,Summary of RFI Electronic Traveller Health Informationtion (eTHI),Department of Public Works and Government Services (PSPC),Canada,canadabuys,,UNSPSC:81111700,OPEN,CHANGE_CLASSIFICATION_CHANGED; MATCH_CLASSIFICATION_PRIMARY,https://portal.us.bn.cloud.ariba.com/dashboard/public/appext/comsapsbncdiscoveryui#/RfxEvent/preview/18282646?anId=ANONYMOUS,HEALTHY,
alert_2563ea7656757e49_industrial-supplier,canadabuys:ws5801048823-doc5822430726,CLASSIFICATION_CHANGED,MEDIUM,yes,industrial-supplier,75,GOOD,W0113-27CS22 - CNC Capable Vertical Milling Machine,Department of Public Works and Government Services (PSPC),Canada,canadabuys,,"UNSPSC:22000000,UNSPSC:22101700,UNSPSC:23242500,UNSPSC:23291600,UNSPSC:73160000",OPEN,CHANGE_CLASSIFICATION_CHANGED; MATCH_CLASSIFICATION_PRIMARY,https://portal.us.bn.cloud.ariba.com/dashboard/public/appext/comsapsbncdiscoveryui#/RfxEvent/preview/1110020847?anId=ANONYMOUS,HEALTHY,
alert_2563ea7656757e49_manufacturer,canadabuys:ws5801048823-doc5822430726,CLASSIFICATION_CHANGED,MEDIUM,yes,manufacturer,75,GOOD,W0113-27CS22 - CNC Capable Vertical Milling Machine,Department of Public Works and Government Services (PSPC),Canada,canadabuys,,"UNSPSC:22000000,UNSPSC:22101700,UNSPSC:23242500,UNSPSC:23291600,UNSPSC:73160000",OPEN,CHANGE_CLASSIFICATION_CHANGED; MATCH_CLASSIFICATION_PRIMARY,https://portal.us.bn.cloud.ariba.com/dashboard/public/appext/comsapsbncdiscoveryui#/RfxEvent/preview/1110020847?anId=ANONYMOUS,HEALTHY,
alert_2721544c8c196756_engineering,canadabuys:ws5708909900-doc5708939208,CLASSIFICATION_CHANGED,MEDIUM,yes,engineering,75,GOOD,RFI - WildFireSat Global,Department of Public Works and Government Services (PSPC),Canada,canadabuys,,"UNSPSC:25151700,UNSPSC:81151605,UNSPSC:83111600",OPEN,CHANGE_CLASSIFICATION_CHANGED; MATCH_CLASSIFICATION_PRIMARY,https://portal.us.bn.cloud.ariba.com/dashboard/public/appext/comsapsbncdiscoveryui#/RfxEvent/preview/1110014133?anId=ANONYMOUS,HEALTHY,
alert_2721544c8c196756_infrastructure,canadabuys:ws5708909900-doc5708939208,CLASSIFICATION_CHANGED,MEDIUM,yes,infrastructure,75,GOOD,RFI - WildFireSat Global,Department of Public Works and Government Services (PSPC),Canada,canadabuys,,"UNSPSC:25151700,UNSPSC:81151605,UNSPSC:83111600",OPEN,CHANGE_CLASSIFICATION_CHANGED; MATCH_CLASSIFICATION_PRIMARY,https://portal.us.bn.cloud.ariba.com/dashboard/public/appext/comsapsbncdiscoveryui#/RfxEvent/preview/1110014133?anId=ANONYMOUS,HEALTHY,
alert_2721544c8c196756_manufacturer,canadabuys:ws5708909900-doc5708939208,CLASSIFICATION_CHANGED,MEDIUM,yes,manufacturer,75,GOOD,RFI - WildFireSat Global,Department of Public Works and Government Services (PSPC),Canada,canadabuys,,"UNSPSC:25151700,UNSPSC:81151605,UNSPSC:83111600",OPEN,CHANGE_CLASSIFICATION_CHANGED; MATCH_CLASSIFICATION_PRIMARY,https://portal.us.bn.cloud.ariba.com/dashboard/public/appext/comsapsbncdiscoveryui#/RfxEvent/preview/1110014133?anId=ANONYMOUS,HEALTHY,
alert_275e2dd107ea8173_industrial-supplier,canadabuys:cb-425-46544395,CLASSIFICATION_CHANGED,MEDIUM,yes,industrial-supplier,75,GOOD,Spare parts for construction engineering equipment,Department of National Defence (DND),Canada,canadabuys,,"UNSPSC:22100000,UNSPSC:24100000",OPEN,CHANGE_CLASSIFICATION_CHANGED; MATCH_CLASSIFICATION_PRIMARY,https://canadabuys.canada.ca/en/tender-opportunities,HEALTHY,
alert_275e2dd107ea8173_manufacturer,canadabuys:cb-425-46544395,CLASSIFICATION_CHANGED,MEDIUM,yes,manufacturer,75,GOOD,Spare parts for construction engineering equipment,Department of National Defence (DND),Canada,canadabuys,,"UNSPSC:22100000,UNSPSC:24100000",OPEN,CHANGE_CLASSIFICATION_CHANGED; MATCH_CLASSIFICATION_PRIMARY,https://canadabuys.canada.ca/en/tender-opportunities,HEALTHY,
alert_276cb9962a419980_professional-services,canadabuys:cb-689-16643830,CLASSIFICATION_CHANGED,MEDIUM,yes,professional-services,75,GOOD,Envelope – Statement of Vote,Office of the Chief Electoral Officer (Elections),Canada,canadabuys,,"UNSPSC:14111500,UNSPSC:44121505,UNSPSC:44121506,UNSPSC:82121500",OPEN,CHANGE_CLASSIFICATION_CHANGED; MATCH_CLASSIFICATION_PRIMARY,https://canadabuys.canada.ca/en/tender-opportunities,HEALTHY,
alert_27f32eae7f474f03_manufacturer,canadabuys:cb-367-78670846,CLASSIFICATION_CHANGED,MEDIUM,yes,manufacturer,75,GOOD,E60HN-16ELEC – Stream 2 - Oscilloscope and multimeters (Atlantic),Department of National Defence (DND),Canada,canadabuys,,UNSPSC:32130000,OPEN,CHANGE_CLASSIFICATION_CHANGED; MATCH_CLASSIFICATION_PRIMARY,https://canadabuys.canada.ca/en/tender-opportunities,HEALTHY,
alert_28c85342f7bd6a26_professional-services,canadabuys:cb-864-25768876,CLASSIFICATION_CHANGED,MEDIUM,yes,professional-services,75,GOOD,"B2B Program for the Team Canada Trade Mission to India, October 12-17, 2026","Department of Foreign Affairs, Trade and Development (GAC)",Canada,canadabuys,,"UNSPSC:80141607,UNSPSC:80161502",OPEN,CHANGE_CLASSIFICATION_CHANGED; MATCH_CLASSIFICATION_PRIMARY,https://canadabuys.canada.ca/en/tender-opportunities,HEALTHY,
alert_2918829400355de5_professional-services,canadabuys:cb-25-35040042,CLASSIFICATION_CHANGED,MEDIUM,yes,professional-services,75,GOOD,Field Support Services (FSS) in Ghana,"Department of Foreign Affairs, Trade and Development (GAC)",Canada,canadabuys,,UNSPSC:80101600,OPEN,CHANGE_CLASSIFICATION_CHANGED; MATCH_CLASSIFICATION_PRIMARY,https://canadabuys.canada.ca/en/tender-opportunities,HEALTHY,
alert_2a11c70f920d56bd_construction,canadabuys:ws5295962539-doc5323988885,CLASSIFICATION_CHANGED,MEDIUM,yes,construction,75,GOOD,BFP Installation and Booster Pump Replacement for Building 75 at Sherbrooke research and development center,Department of Public Works and Government Services (PSPC),Canada,canadabuys,,UNSPSC:72151100,OPEN,CHANGE_CLASSIFICATION_CHANGED; MATCH_CLASSIFICATION_PRIMARY,https://discovery.ariba.com/rfx/23396481?extsite=MjMzOTY0ODFfQU4wMTQ4NDA1MDk5Mg==,HEALTHY,
alert_2a11c70f920d56bd_infrastructure,canadabuys:ws5295962539-doc5323988885,CLASSIFICATION_CHANGED,MEDIUM,yes,infrastructure,75,GOOD,BFP Installation and Booster Pump Replacement for Building 75 at Sherbrooke research and development center,Department of Public Works and Government Services (PSPC),Canada,canadabuys,,UNSPSC:72151100,OPEN,CHANGE_CLASSIFICATION_CHANGED; MATCH_CLASSIFICATION_PRIMARY,https://discovery.ariba.com/rfx/23396481?extsite=MjMzOTY0ODFfQU4wMTQ4NDA1MDk5Mg==,HEALTHY,
alert_2a4622c183ae1d03_engineering,canadabuys:ws5612173135-doc5785912400,CLASSIFICATION_CHANGED,MEDIUM,yes,engineering,75,GOOD,Request for Proposal - Government of Canada Social Media Management Service (SMMS) -,Department of Public Works and Government Services (PSPC),Canada,canadabuys,,UNSPSC:81162000,OPEN,CHANGE_CLASSIFICATION_CHANGED; MATCH_CLASSIFICATION_PRIMARY,https://portal.us.bn.cloud.ariba.com/dashboard/public/appext/comsapsbncdiscoveryui#/RfxEvent/preview/1110018294?anId=ANONYMOUS,HEALTHY,
alert_2a4622c183ae1d03_infrastructure,canadabuys:ws5612173135-doc5785912400,CLASSIFICATION_CHANGED,MEDIUM,yes,infrastructure,75,GOOD,Request for Proposal - Government of Canada Social Media Management Service (SMMS) -,Department of Public Works and Government Services (PSPC),Canada,canadabuys,,UNSPSC:81162000,OPEN,CHANGE_CLASSIFICATION_CHANGED; MATCH_CLASSIFICATION_PRIMARY,https://portal.us.bn.cloud.ariba.com/dashboard/public/appext/comsapsbncdiscoveryui#/RfxEvent/preview/1110018294?anId=ANONYMOUS,HEALTHY,
alert_2a7679cb4bb9efbf_engineering,canadabuys:ws5806059845-doc5809209295,CLASSIFICATION_CHANGED,MEDIUM,yes,engineering,75,GOOD,EB218-270465 - RFP Osborne Head Coastal Stabilization Option Analysis and Conceptual Design,Department of Public Works and Government Services (PSPC),Canada,canadabuys,,"UNSPSC:81101508,UNSPSC:81102101",OPEN,CHANGE_CLASSIFICATION_CHANGED; MATCH_CLASSIFICATION_PRIMARY,https://canadabuys.canada.ca/en/tender-opportunities,HEALTHY,
alert_2a7679cb4bb9efbf_infrastructure,canadabuys:ws5806059845-doc5809209295,CLASSIFICATION_CHANGED,MEDIUM,yes,infrastructure,75,GOOD,EB218-270465 - RFP Osborne Head Coastal Stabilization Option Analysis and Conceptual Design,Department of Public Works and Government Services (PSPC),Canada,canadabuys,,"UNSPSC:81101508,UNSPSC:81102101",OPEN,CHANGE_CLASSIFICATION_CHANGED; MATCH_CLASSIFICATION_PRIMARY,https://canadabuys.canada.ca/en/tender-opportunities,HEALTHY,
alert_2a9a435277e041a5_b2b-saas,canadabuys:cb-181-76348100,CLASSIFICATION_CHANGED,MEDIUM,yes,b2b-saas,75,GOOD,Request for Supply Arrangement for Technical Integration Services for Conferencing and Audiovisual Solutions,Shared Services Canada (SSC),Canada,canadabuys,,"UNSPSC:43201546,UNSPSC:43221506,UNSPSC:43233503,UNSPSC:45111901,UNSPSC:45111902,UNSPSC:56101706,UNSPSC:81112207,UNSPSC:81161711",OPEN,CHANGE_CLASSIFICATION_CHANGED; MATCH_CLASSIFICATION_PRIMARY,https://canadabuys.canada.ca/en/tender-opportunities,HEALTHY,
alert_2a9a435277e041a5_engineering,canadabuys:cb-181-76348100,CLASSIFICATION_CHANGED,MEDIUM,yes,engineering,75,GOOD,Request for Supply Arrangement for Technical Integration Services for Conferencing and Audiovisual Solutions,Shared Services Canada (SSC),Canada,canadabuys,,"UNSPSC:43201546,UNSPSC:43221506,UNSPSC:43233503,UNSPSC:45111901,UNSPSC:45111902,UNSPSC:56101706,UNSPSC:81112207,UNSPSC:81161711",OPEN,CHANGE_CLASSIFICATION_CHANGED; MATCH_CLASSIFICATION_PRIMARY,https://canadabuys.canada.ca/en/tender-opportunities,HEALTHY,
alert_2a9a435277e041a5_infrastructure,canadabuys:cb-181-76348100,CLASSIFICATION_CHANGED,MEDIUM,yes,infrastructure,75,GOOD,Request for Supply Arrangement for Technical Integration Services for Conferencing and Audiovisual Solutions,Shared Services Canada (SSC),Canada,canadabuys,,"UNSPSC:43201546,UNSPSC:43221506,UNSPSC:43233503,UNSPSC:45111901,UNSPSC:45111902,UNSPSC:56101706,UNSPSC:81112207,UNSPSC:81161711",OPEN,CHANGE_CLASSIFICATION_CHANGED; MATCH_CLASSIFICATION_PRIMARY,https://canadabuys.canada.ca/en/tender-opportunities,HEALTHY,
alert_2a9a435277e041a5_it-software,canadabuys:cb-181-76348100,CLASSIFICATION_CHANGED,MEDIUM,yes,it-software,75,GOOD,Request for Supply Arrangement for Technical Integration Services for Conferencing and Audiovisual Solutions,Shared Services Canada (SSC),Canada,canadabuys,,"UNSPSC:43201546,UNSPSC:43221506,UNSPSC:43233503,UNSPSC:45111901,UNSPSC:45111902,UNSPSC:56101706,UNSPSC:81112207,UNSPSC:81161711",OPEN,CHANGE_CLASSIFICATION_CHANGED; MATCH_CLASSIFICATION_PRIMARY,https://canadabuys.canada.ca/en/tender-opportunities,HEALTHY,
alert_2a9a435277e041a5_telecom,canadabuys:cb-181-76348100,CLASSIFICATION_CHANGED,MEDIUM,yes,telecom,75,GOOD,Request for Supply Arrangement for Technical Integration Services for Conferencing and Audiovisual Solutions,Shared Services Canada (SSC),Canada,canadabuys,,"UNSPSC:43201546,UNSPSC:43221506,UNSPSC:43233503,UNSPSC:45111901,UNSPSC:45111902,UNSPSC:56101706,UNSPSC:81112207,UNSPSC:81161711",OPEN,CHANGE_CLASSIFICATION_CHANGED; MATCH_CLASSIFICATION_PRIMARY,https://canadabuys.canada.ca/en/tender-opportunities,HEALTHY,
alert_2a9c59ccacae8671_engineering,canadabuys:cb-8448-42897985,CLASSIFICATION_CHANGED,MEDIUM,yes,engineering,75,GOOD,ProServices Method of Supply,Department of Public Works and Government Services (PSPC),Canada,canadabuys,,"UNSPSC:80122001,UNSPSC:80160000,UNSPSC:81110000,UNSPSC:85101600,UNSPSC:85101700,UNSPSC:85270000,UNSPSC:86132204",OPEN,CHANGE_CLASSIFICATION_CHANGED; MATCH_CLASSIFICATION_PRIMARY,https://canadabuys.canada.ca/en/tender-opportunities,HEALTHY,
alert_2a9c59ccacae8671_healthcare,canadabuys:cb-8448-42897985,CLASSIFICATION_CHANGED,MEDIUM,yes,healthcare,75,GOOD,ProServices Method of Supply,Department of Public Works and Government Services (PSPC),Canada,canadabuys,,"UNSPSC:80122001,UNSPSC:80160000,UNSPSC:81110000,UNSPSC:85101600,UNSPSC:85101700,UNSPSC:85270000,UNSPSC:86132204",OPEN,CHANGE_CLASSIFICATION_CHANGED; MATCH_CLASSIFICATION_PRIMARY,https://canadabuys.canada.ca/en/tender-opportunities,HEALTHY,
alert_2a9c59ccacae8671_infrastructure,canadabuys:cb-8448-42897985,CLASSIFICATION_CHANGED,MEDIUM,yes,infrastructure,75,GOOD,ProServices Method of Supply,Department of Public Works and Government Services (PSPC),Canada,canadabuys,,"UNSPSC:80122001,UNSPSC:80160000,UNSPSC:81110000,UNSPSC:85101600,UNSPSC:85101700,UNSPSC:85270000,UNSPSC:86132204",OPEN,CHANGE_CLASSIFICATION_CHANGED; MATCH_CLASSIFICATION_PRIMARY,https://canadabuys.canada.ca/en/tender-opportunities,HEALTHY,
alert_2a9c59ccacae8671_professional-services,canadabuys:cb-8448-42897985,CLASSIFICATION_CHANGED,MEDIUM,yes,professional-services,75,GOOD,ProServices Method of Supply,Department of Public Works and Government Services (PSPC),Canada,canadabuys,,"UNSPSC:80122001,UNSPSC:80160000,UNSPSC:81110000,UNSPSC:85101600,UNSPSC:85101700,UNSPSC:85270000,UNSPSC:86132204",OPEN,CHANGE_CLASSIFICATION_CHANGED; MATCH_CLASSIFICATION_PRIMARY,https://canadabuys.canada.ca/en/tender-opportunities,HEALTHY,
alert_2a9d7035ba5a9450_engineering,canadabuys:cb-598-76950948,CLASSIFICATION_CHANGED,MEDIUM,yes,engineering,75,GOOD,"RFP for Chemical analyses of marine sediment samples for determination of specified drugs, pesticides, & antibiotic's Concentrations",Department of Fisheries and Oceans (DFO),Canada,canadabuys,,"UNSPSC:77141501,UNSPSC:81102600,UNSPSC:81170000",OPEN,CHANGE_CLASSIFICATION_CHANGED; MATCH_CLASSIFICATION_PRIMARY,https://canadabuys.canada.ca/en/tender-opportunities,HEALTHY,
alert_2a9d7035ba5a9450_infrastructure,canadabuys:cb-598-76950948,CLASSIFICATION_CHANGED,MEDIUM,yes,infrastructure,75,GOOD,"RFP for Chemical analyses of marine sediment samples for determination of specified drugs, pesticides, & antibiotic's Concentrations",Department of Fisheries and Oceans (DFO),Canada,canadabuys,,"UNSPSC:77141501,UNSPSC:81102600,UNSPSC:81170000",OPEN,CHANGE_CLASSIFICATION_CHANGED; MATCH_CLASSIFICATION_PRIMARY,https://canadabuys.canada.ca/en/tender-opportunities,HEALTHY,
alert_2b27dddba177abe1_manufacturer,canadabuys:cb-443-37222649,CLASSIFICATION_CHANGED,MEDIUM,yes,manufacturer,75,GOOD,ACAN Quantum Cascade Laser in the mid-wave infrared with cooling and control units,Department of National Defence (DND),Canada,canadabuys,,UNSPSC:31242000,OPEN,CHANGE_CLASSIFICATION_CHANGED; MATCH_CLASSIFICATION_PRIMARY,https://canadabuys.canada.ca/en/tender-opportunities,HEALTHY,
alert_2c03d289d88e2fa4_construction,canadabuys:cb-144-38872532,CLASSIFICATION_CHANGED,MEDIUM,yes,construction,75,GOOD,"Snow Removal Services for the Canadian Space Agency located in Longueuil, Quebec.",Canadian Space Agency (CSA),Canada,canadabuys,,"UNSPSC:72101507,UNSPSC:72102903,UNSPSC:72141003,UNSPSC:72153700,UNSPSC:72153702",OPEN,CHANGE_CLASSIFICATION_CHANGED; MATCH_CLASSIFICATION_PRIMARY,https://canadabuys.canada.ca/en/tender-opportunities,HEALTHY,
alert_2c03d289d88e2fa4_infrastructure,canadabuys:cb-144-38872532,CLASSIFICATION_CHANGED,MEDIUM,yes,infrastructure,75,GOOD,"Snow Removal Services for the Canadian Space Agency located in Longueuil, Quebec.",Canadian Space Agency (CSA),Canada,canadabuys,,"UNSPSC:72101507,UNSPSC:72102903,UNSPSC:72141003,UNSPSC:72153700,UNSPSC:72153702",OPEN,CHANGE_CLASSIFICATION_CHANGED; MATCH_CLASSIFICATION_PRIMARY,https://canadabuys.canada.ca/en/tender-opportunities,HEALTHY,
alert_2d58205dac92e2bc_construction,canadabuys:cb-7-35783957,CLASSIFICATION_CHANGED,MEDIUM,yes,construction,75,GOOD,"International Construction Works 5 international regions (Africa/Sub Saharan, Asia/Pacific, Europe, Middle East/Maghreb, and the Americas)","Department of Foreign Affairs, Trade and Development (GAC)",Canada,canadabuys,,"UNSPSC:72110000,UNSPSC:72111100",OPEN,CHANGE_CLASSIFICATION_CHANGED; MATCH_CLASSIFICATION_PRIMARY,https://canadabuys.canada.ca/en/tender-opportunities,HEALTHY,
alert_2d58205dac92e2bc_infrastructure,canadabuys:cb-7-35783957,CLASSIFICATION_CHANGED,MEDIUM,yes,infrastructure,75,GOOD,"International Construction Works 5 international regions (Africa/Sub Saharan, Asia/Pacific, Europe, Middle East/Maghreb, and the Americas)","Department of Foreign Affairs, Trade and Development (GAC)",Canada,canadabuys,,"UNSPSC:72110000,UNSPSC:72111100",OPEN,CHANGE_CLASSIFICATION_CHANGED; MATCH_CLASSIFICATION_PRIMARY,https://canadabuys.canada.ca/en/tender-opportunities,HEALTHY,
alert_2db48cfeb36b0041_engineering,canadabuys:cb-367-78300922,CLASSIFICATION_CHANGED,MEDIUM,yes,engineering,75,GOOD,TBIPS - G.1. Geomatics Analyst – Level 2,Department of National Defence (DND),Canada,canadabuys,,UNSPSC:81101512,OPEN,CHANGE_CLASSIFICATION_CHANGED; MATCH_CLASSIFICATION_PRIMARY,https://canadabuys.canada.ca/en/tender-opportunities,HEALTHY,
alert_2db48cfeb36b0041_infrastructure,canadabuys:cb-367-78300922,CLASSIFICATION_CHANGED,MEDIUM,yes,infrastructure,75,GOOD,TBIPS - G.1. Geomatics Analyst – Level 2,Department of National Defence (DND),Canada,canadabuys,,UNSPSC:81101512,OPEN,CHANGE_CLASSIFICATION_CHANGED; MATCH_CLASSIFICATION_PRIMARY,https://canadabuys.canada.ca/en/tender-opportunities,HEALTHY,
alert_2e122330202adf4f_manufacturer,canadabuys:ws5554494294-doc5764158461,CLASSIFICATION_CHANGED,MEDIUM,yes,manufacturer,75,GOOD,Reissue 2 of Solicitation of Offers - F7049-250210 – CCGS Gordon Reid – Rescue Boat Davit,Department of Public Works and Government Services (PSPC),Canada,canadabuys,,UNSPSC:25111900,OPEN,CHANGE_CLASSIFICATION_CHANGED; MATCH_CLASSIFICATION_PRIMARY,https://portal.us.bn.cloud.ariba.com/dashboard/public/appext/comsapsbncdiscoveryui#/RfxEvent/preview/1110016921?anId=ANONYMOUS,HEALTHY,
alert_2e3afb8b6e71acb6_construction,canadabuys:ws5545065916-doc5821064315,CLASSIFICATION_CHANGED,MEDIUM,yes,construction,75,GOOD,RFP EP774-260411-C Precast Concrete Planters and Bollards,Department of Public Works and Government Services (PSPC),Canada,canadabuys,,"UNSPSC:30103619,UNSPSC:30110000",OPEN,CHANGE_CLASSIFICATION_CHANGED; MATCH_CLASSIFICATION_PRIMARY,https://portal.us.bn.cloud.ariba.com/dashboard/public/appext/comsapsbncdiscoveryui#/RfxEvent/preview/1110020750?anId=ANONYMOUS,HEALTHY,
alert_2e88ba9d4f9ed300_industrial-supplier,canadabuys:ws5386713014-doc5386719620,CLASSIFICATION_CHANGED,MEDIUM,yes,industrial-supplier,75,GOOD,E6TOR-25RM01 Compressed Gas and Welding Supplies,Department of Public Works and Government Services (PSPC),Canada,canadabuys,,"UNSPSC:12142101,UNSPSC:12142104,UNSPSC:12142105,UNSPSC:12142106,UNSPSC:23271700,UNSPSC:23271800,UNSPSC:24111802",OPEN,CHANGE_CLASSIFICATION_CHANGED; MATCH_CLASSIFICATION_PRIMARY,https://discovery.ariba.com/rfx/23492460?extsite=MjM0OTI0NjBfQU4wMTQ4NDA1MDk5Mg==,HEALTHY,
alert_2e88ba9d4f9ed300_manufacturer,canadabuys:ws5386713014-doc5386719620,CLASSIFICATION_CHANGED,MEDIUM,yes,manufacturer,75,GOOD,E6TOR-25RM01 Compressed Gas and Welding Supplies,Department of Public Works and Government Services (PSPC),Canada,canadabuys,,"UNSPSC:12142101,UNSPSC:12142104,UNSPSC:12142105,UNSPSC:12142106,UNSPSC:23271700,UNSPSC:23271800,UNSPSC:24111802",OPEN,CHANGE_CLASSIFICATION_CHANGED; MATCH_CLASSIFICATION_PRIMARY,https://discovery.ariba.com/rfx/23492460?extsite=MjM0OTI0NjBfQU4wMTQ4NDA1MDk5Mg==,HEALTHY,
alert_2ea941ebca602f29_manufacturer,canadabuys:ws4961714310-doc4965748889,CLASSIFICATION_CHANGED,MEDIUM,yes,manufacturer,75,GOOD,"Sensors RFI in Support of Land Intelligence, Surveillance and Reconnaissance Modernization",Department of Public Works and Government Services (PSPC),Canada,canadabuys,,"UNSPSC:25131705,UNSPSC:25132100,UNSPSC:25132102,UNSPSC:41116400",OPEN,CHANGE_CLASSIFICATION_CHANGED; MATCH_CLASSIFICATION_PRIMARY,https://discovery.ariba.com/rfx/22091861?extsite=MjIwOTE4NjFfQU4wMTQ4NDA1MDk5Mg==,HEALTHY,
alert_2f178711a3df3d08_industrial-supplier,canadabuys:cb-623-46316245,CLASSIFICATION_CHANGED,MEDIUM,yes,industrial-supplier,75,GOOD,"INTRENCHING TOOL,HAND",Department of National Defence (DND),Canada,canadabuys,,"UNSPSC:27110000,UNSPSC:27112000",OPEN,CHANGE_CLASSIFICATION_CHANGED; MATCH_CLASSIFICATION_PRIMARY,https://canadabuys.canada.ca/en/tender-opportunities,HEALTHY,
alert_2f6aeb9b53a60ea2_industrial-supplier,canadabuys:ws4157368462-doc4157394318,CLASSIFICATION_CHANGED,MEDIUM,yes,industrial-supplier,75,GOOD,"RFSA for Articulating and Telescopic Boom Lifts, Self Propelled Vertical Mast and Scissor Lifts (E60HS 18LIFT)",Department of Public Works and Government Services (PSPC),Canada,canadabuys,,UNSPSC:24100000,OPEN,CHANGE_CLASSIFICATION_CHANGED; MATCH_CLASSIFICATION_PRIMARY,https://discovery.ariba.com/rfx/17246659?extsite=MTcyNDY2NTlfQU4wMTQ4NDA1MDk5Mg==,HEALTHY,
alert_2f6aeb9b53a60ea2_manufacturer,canadabuys:ws4157368462-doc4157394318,CLASSIFICATION_CHANGED,MEDIUM,yes,manufacturer,75,GOOD,"RFSA for Articulating and Telescopic Boom Lifts, Self Propelled Vertical Mast and Scissor Lifts (E60HS 18LIFT)",Department of Public Works and Government Services (PSPC),Canada,canadabuys,,UNSPSC:24100000,OPEN,CHANGE_CLASSIFICATION_CHANGED; MATCH_CLASSIFICATION_PRIMARY,https://discovery.ariba.com/rfx/17246659?extsite=MTcyNDY2NTlfQU4wMTQ4NDA1MDk5Mg==,HEALTHY,
alert_2fdd9812ef7aaed1_engineering,canadabuys:cb-882-77612498,CLASSIFICATION_CHANGED,MEDIUM,yes,engineering,75,GOOD,One (1) Life Cycle Management Specialist - Intermediate,Department of National Defence (DND),Canada,canadabuys,,UNSPSC:81141600,OPEN,CHANGE_CLASSIFICATION_CHANGED; MATCH_CLASSIFICATION_PRIMARY,https://canadabuys.canada.ca/en/tender-opportunities,HEALTHY,
alert_2fdd9812ef7aaed1_infrastructure,canadabuys:cb-882-77612498,CLASSIFICATION_CHANGED,MEDIUM,yes,infrastructure,75,GOOD,One (1) Life Cycle Management Specialist - Intermediate,Department of National Defence (DND),Canada,canadabuys,,UNSPSC:81141600,OPEN,CHANGE_CLASSIFICATION_CHANGED; MATCH_CLASSIFICATION_PRIMARY,https://canadabuys.canada.ca/en/tender-opportunities,HEALTHY,
alert_304ab8a79681a56f_engineering,canadabuys:ws5792258509-doc5792406928,CLASSIFICATION_CHANGED,MEDIUM,yes,engineering,75,GOOD,RFI - Integrated Workspace Management System,Department of Public Works and Government Services (PSPC),Canada,canadabuys,,"UNSPSC:81160000,UNSPSC:81162000",OPEN,CHANGE_CLASSIFICATION_CHANGED; MATCH_CLASSIFICATION_PRIMARY,https://portal.us.bn.cloud.ariba.com/dashboard/public/appext/comsapsbncdiscoveryui#/RfxEvent/preview/1110018810?anId=ANONYMOUS,HEALTHY,
alert_304ab8a79681a56f_infrastructure,canadabuys:ws5792258509-doc5792406928,CLASSIFICATION_CHANGED,MEDIUM,yes,infrastructure,75,GOOD,RFI - Integrated Workspace Management System,Department of Public Works and Government Services (PSPC),Canada,canadabuys,,"UNSPSC:81160000,UNSPSC:81162000",OPEN,CHANGE_CLASSIFICATION_CHANGED; MATCH_CLASSIFICATION_PRIMARY,https://portal.us.bn.cloud.ariba.com/dashboard/public/appext/comsapsbncdiscoveryui#/RfxEvent/preview/1110018810?anId=ANONYMOUS,HEALTHY,
alert_305f9ae54a8005d6_logistics,canadabuys:cb-586-68219268,CLASSIFICATION_CHANGED,MEDIUM,yes,logistics,75,GOOD,Department of National Defence - 2025 Air Transportation Source Lists,Minister of National Defence,Canada,canadabuys,,"UNSPSC:78101500,UNSPSC:78111500",OPEN,CHANGE_CLASSIFICATION_CHANGED; MATCH_CLASSIFICATION_PRIMARY,https://canadabuys.canada.ca/en/tender-opportunities,HEALTHY,
alert_30737749c62ee760_engineering,canadabuys:cb-6322-42499867,CLASSIFICATION_CHANGED,MEDIUM,yes,engineering,75,GOOD,Terrestrial Archaeology Services – Supply Arrangement,Parks Canada,Canada,canadabuys,,UNSPSC:81151705,OPEN,CHANGE_CLASSIFICATION_CHANGED; MATCH_CLASSIFICATION_PRIMARY,https://canadabuys.canada.ca/en/tender-opportunities,HEALTHY,
alert_30737749c62ee760_infrastructure,canadabuys:cb-6322-42499867,CLASSIFICATION_CHANGED,MEDIUM,yes,infrastructure,75,GOOD,Terrestrial Archaeology Services – Supply Arrangement,Parks Canada,Canada,canadabuys,,UNSPSC:81151705,OPEN,CHANGE_CLASSIFICATION_CHANGED; MATCH_CLASSIFICATION_PRIMARY,https://canadabuys.canada.ca/en/tender-opportunities,HEALTHY,
alert_311863f2f0b70e42_b2b-saas,canadabuys:ws5806325873-doc5809523093,CLASSIFICATION_CHANGED,MEDIUM,yes,b2b-saas,75,GOOD,RFI for Space Command and Control,Department of Public Works and Government Services (PSPC),Canada,canadabuys,,UNSPSC:43230000,OPEN,CHANGE_CLASSIFICATION_CHANGED; MATCH_CLASSIFICATION_PRIMARY,https://portal.us.bn.cloud.ariba.com/dashboard/public/appext/comsapsbncdiscoveryui#/RfxEvent/preview/1110020122?anId=ANONYMOUS,HEALTHY,
alert_311863f2f0b70e42_it-software,canadabuys:ws5806325873-doc5809523093,CLASSIFICATION_CHANGED,MEDIUM,yes,it-software,75,GOOD,RFI for Space Command and Control,Department of Public Works and Government Services (PSPC),Canada,canadabuys,,UNSPSC:43230000,OPEN,CHANGE_CLASSIFICATION_CHANGED; MATCH_CLASSIFICATION_PRIMARY,https://portal.us.bn.cloud.ariba.com/dashboard/public/appext/comsapsbncdiscoveryui#/RfxEvent/preview/1110020122?anId=ANONYMOUS,HEALTHY,
alert_311863f2f0b70e42_telecom,canadabuys:ws5806325873-doc5809523093,CLASSIFICATION_CHANGED,MEDIUM,yes,telecom,75,GOOD,RFI for Space Command and Control,Department of Public Works and Government Services (PSPC),Canada,canadabuys,,UNSPSC:43230000,OPEN,CHANGE_CLASSIFICATION_CHANGED; MATCH_CLASSIFICATION_PRIMARY,https://portal.us.bn.cloud.ariba.com/dashboard/public/appext/comsapsbncdiscoveryui#/RfxEvent/preview/1110020122?anId=ANONYMOUS,HEALTHY,
alert_31aeda254caf0ba5_engineering,canadabuys:ws5796064539-doc5811484832,CLASSIFICATION_CHANGED,MEDIUM,yes,engineering,75,GOOD,"EW038-270288_A and E Services for Runway,Taxiway,Apron Settlement Study,Churchill Airport,MB",Department of Public Works and Government Services (PSPC),Canada,canadabuys,,UNSPSC:81101508,OPEN,CHANGE_CLASSIFICATION_CHANGED; MATCH_CLASSIFICATION_PRIMARY,https://canadabuys.canada.ca/en/tender-opportunities,HEALTHY,
alert_31aeda254caf0ba5_infrastructure,canadabuys:ws5796064539-doc5811484832,CLASSIFICATION_CHANGED,MEDIUM,yes,infrastructure,75,GOOD,"EW038-270288_A and E Services for Runway,Taxiway,Apron Settlement Study,Churchill Airport,MB",Department of Public Works and Government Services (PSPC),Canada,canadabuys,,UNSPSC:81101508,OPEN,CHANGE_CLASSIFICATION_CHANGED; MATCH_CLASSIFICATION_PRIMARY,https://canadabuys.canada.ca/en/tender-opportunities,HEALTHY,
alert_31e2a3b4da4b5372_professional-services,canadabuys:cb-510-43456409,CLASSIFICATION_CHANGED,MEDIUM,yes,professional-services,75,GOOD,INVITATION TO SUBMIT AN EXPRESSION OF INTEREST (EOI) - RESIDENTIAL SPACE FOR LEASE ᖃᐃᖅᑯᔨᓂᖅ ᑐᓂᓯᓗᑎ ᓇᓗᓇᐃᖅᓯᓂᕐᒧᑦ ᐱᔪᒪᓂᖃᓂᕐᒧᑦ (EOI),Department of Public Works and Government Services (PSPC),Canada,canadabuys,,UNSPSC:80131500,OPEN,CHANGE_CLASSIFICATION_CHANGED; MATCH_CLASSIFICATION_PRIMARY,https://canadabuys.canada.ca/en/tender-opportunities,HEALTHY,
alert_33733ddb7bfac38e_construction,canadabuys:cb-940-96593128,CLASSIFICATION_CHANGED,MEDIUM,yes,construction,75,GOOD,Refurbishment of the CTA Curtain Wall,National Research Council of Canada (NRC),Canada,canadabuys,,UNSPSC:72100000,OPEN,CHANGE_CLASSIFICATION_CHANGED; MATCH_CLASSIFICATION_PRIMARY,https://canadabuys.canada.ca/en/tender-opportunities,HEALTHY,
alert_33733ddb7bfac38e_infrastructure,canadabuys:cb-940-96593128,CLASSIFICATION_CHANGED,MEDIUM,yes,infrastructure,75,GOOD,Refurbishment of the CTA Curtain Wall,National Research Council of Canada (NRC),Canada,canadabuys,,UNSPSC:72100000,OPEN,CHANGE_CLASSIFICATION_CHANGED; MATCH_CLASSIFICATION_PRIMARY,https://canadabuys.canada.ca/en/tender-opportunities,HEALTHY,
alert_337d19b685cc85cd_logistics,canadabuys:cb-401-75491145,CLASSIFICATION_CHANGED,MEDIUM,yes,logistics,75,GOOD,Moving and installation services on an “as and when required” basis for Employment and Social Development Canada,Department of Employment and Social Development (ESDC),Canada,canadabuys,,UNSPSC:78101804,OPEN,CHANGE_CLASSIFICATION_CHANGED; MATCH_CLASSIFICATION_PRIMARY,https://canadabuys.canada.ca/en/tender-opportunities,HEALTHY,
alert_3451d55fa6fc9bbb_healthcare,canadabuys:cb-217-11330255,CLASSIFICATION_CHANGED,MEDIUM,yes,healthcare,75,GOOD,Physiotherapist Services - Bath Institution in Ontario Region,Correctional Service of Canada (CSC),Canada,canadabuys,,"UNSPSC:42250000,UNSPSC:85122101,UNSPSC:85122102",OPEN,CHANGE_CLASSIFICATION_CHANGED; MATCH_CLASSIFICATION_PRIMARY,https://canadabuys.canada.ca/en/tender-opportunities,HEALTHY,
alert_3576daee55a4322a_b2b-saas,canadabuys:cb-186-16028051,CLASSIFICATION_CHANGED,MEDIUM,yes,b2b-saas,75,GOOD,"Multiple Victoria-Class Spares - TIMER, SEQUENTIAL, COMPRESSOR, RECIPROCATING, VALVE, SAFETY RELIEF, MICROPHONE, CAPACITOR",Department of National Defence (DND),Canada,canadabuys,,"UNSPSC:40141600,UNSPSC:40151600,UNSPSC:43191600",OPEN,CHANGE_CLASSIFICATION_CHANGED; MATCH_CLASSIFICATION_PRIMARY,https://canadabuys.canada.ca/en/tender-opportunities,HEALTHY,
alert_3576daee55a4322a_it-software,canadabuys:cb-186-16028051,CLASSIFICATION_CHANGED,MEDIUM,yes,it-software,75,GOOD,"Multiple Victoria-Class Spares - TIMER, SEQUENTIAL, COMPRESSOR, RECIPROCATING, VALVE, SAFETY RELIEF, MICROPHONE, CAPACITOR",Department of National Defence (DND),Canada,canadabuys,,"UNSPSC:40141600,UNSPSC:40151600,UNSPSC:43191600",OPEN,CHANGE_CLASSIFICATION_CHANGED; MATCH_CLASSIFICATION_PRIMARY,https://canadabuys.canada.ca/en/tender-opportunities,HEALTHY,
alert_3576daee55a4322a_telecom,canadabuys:cb-186-16028051,CLASSIFICATION_CHANGED,MEDIUM,yes,telecom,75,GOOD,"Multiple Victoria-Class Spares - TIMER, SEQUENTIAL, COMPRESSOR, RECIPROCATING, VALVE, SAFETY RELIEF, MICROPHONE, CAPACITOR",Department of National Defence (DND),Canada,canadabuys,,"UNSPSC:40141600,UNSPSC:40151600,UNSPSC:43191600",OPEN,CHANGE_CLASSIFICATION_CHANGED; MATCH_CLASSIFICATION_PRIMARY,https://canadabuys.canada.ca/en/tender-opportunities,HEALTHY,
alert_369f039bc9c45722_professional-services,canadabuys:cb-195-34519533,CLASSIFICATION_CHANGED,MEDIUM,yes,professional-services,75,GOOD,Media Relations Training Services,Department of Natural Resources (NRCan),Canada,canadabuys,,"UNSPSC:80171800,UNSPSC:80171802,UNSPSC:80171803",OPEN,CHANGE_CLASSIFICATION_CHANGED; MATCH_CLASSIFICATION_PRIMARY,https://canadabuys.canada.ca/en/tender-opportunities,HEALTHY,
alert_373d4788f7144918_construction,canadabuys:cb-769-89556177,CLASSIFICATION_CHANGED,MEDIUM,yes,construction,75,GOOD,Mayo Cellblock Security Renovation Construction Services,Royal Canadian Mounted Police (RCMP),Canada,canadabuys,,UNSPSC:72121400,OPEN,CHANGE_CLASSIFICATION_CHANGED; MATCH_CLASSIFICATION_PRIMARY,https://canadabuys.canada.ca/en/tender-opportunities,HEALTHY,
alert_373d4788f7144918_infrastructure,canadabuys:cb-769-89556177,CLASSIFICATION_CHANGED,MEDIUM,yes,infrastructure,75,GOOD,Mayo Cellblock Security Renovation Construction Services,Royal Canadian Mounted Police (RCMP),Canada,canadabuys,,UNSPSC:72121400,OPEN,CHANGE_CLASSIFICATION_CHANGED; MATCH_CLASSIFICATION_PRIMARY,https://canadabuys.canada.ca/en/tender-opportunities,HEALTHY,
alert_384719207f741dd1_manufacturer,canadabuys:ws5546433499-doc5738555008,CLASSIFICATION_CHANGED,MEDIUM,yes,manufacturer,75,GOOD,RFP - W8482-231254-B - Pump Unit Centrifugal,Department of Public Works and Government Services (PSPC),Canada,canadabuys,,UNSPSC:25111900,OPEN,CHANGE_CLASSIFICATION_CHANGED; MATCH_CLASSIFICATION_PRIMARY,https://portal.us.bn.cloud.ariba.com/dashboard/public/appext/comsapsbncdiscoveryui#/RfxEvent/preview/1110017608?anId=ANONYMOUS,HEALTHY,
alert_389226986cc11b71_engineering,canadabuys:cb-330-42994613,CLASSIFICATION_CHANGED,MEDIUM,yes,engineering,75,GOOD,Task-Based Informatics Professional Services (TBIPS) – Stream A.1.6: Programmer/Software Developer (Level 2) for the Department of National Defence,Department of National Defence (DND),Canada,canadabuys,,UNSPSC:81111500,OPEN,CHANGE_CLASSIFICATION_CHANGED; MATCH_CLASSIFICATION_PRIMARY,https://canadabuys.canada.ca/en/tender-opportunities,HEALTHY,
alert_389226986cc11b71_infrastructure,canadabuys:cb-330-42994613,CLASSIFICATION_CHANGED,MEDIUM,yes,infrastructure,75,GOOD,Task-Based Informatics Professional Services (TBIPS) – Stream A.1.6: Programmer/Software Developer (Level 2) for the Department of National Defence,Department of National Defence (DND),Canada,canadabuys,,UNSPSC:81111500,OPEN,CHANGE_CLASSIFICATION_CHANGED; MATCH_CLASSIFICATION_PRIMARY,https://canadabuys.canada.ca/en/tender-opportunities,HEALTHY,
alert_39343ae405ce6284_industrial-supplier,canadabuys:cb-858-96735512,CLASSIFICATION_CHANGED,MEDIUM,yes,industrial-supplier,75,GOOD,GE46 Electoral Material – VIC Collection Bag,Office of the Chief Electoral Officer (Elections),Canada,canadabuys,,UNSPSC:24111502,OPEN,CHANGE_CLASSIFICATION_CHANGED; MATCH_CLASSIFICATION_PRIMARY,https://canadabuys.canada.ca/en/tender-opportunities,HEALTHY,
alert_39343ae405ce6284_manufacturer,canadabuys:cb-858-96735512,CLASSIFICATION_CHANGED,MEDIUM,yes,manufacturer,75,GOOD,GE46 Electoral Material – VIC Collection Bag,Office of the Chief Electoral Officer (Elections),Canada,canadabuys,,UNSPSC:24111502,OPEN,CHANGE_CLASSIFICATION_CHANGED; MATCH_CLASSIFICATION_PRIMARY,https://canadabuys.canada.ca/en/tender-opportunities,HEALTHY,
alert_3a282d186445d344_b2b-saas,canadabuys:cb-565-60949693,CLASSIFICATION_CHANGED,MEDIUM,yes,b2b-saas,75,GOOD,Pacific Foresight - See Sooner. Decide Faster. Deter Smarter.,Department of Public Works and Government Services (PSPC),Canada,canadabuys,,"UNSPSC:43232314,UNSPSC:43232501,UNSPSC:43232605,UNSPSC:43233200,UNSPSC:80172102,UNSPSC:81162302,UNSPSC:92110000,UNSPSC:92111700",OPEN,CHANGE_CLASSIFICATION_CHANGED; MATCH_CLASSIFICATION_PRIMARY,https://canadabuys.canada.ca/en/tender-opportunities,HEALTHY,
alert_3a282d186445d344_engineering,canadabuys:cb-565-60949693,CLASSIFICATION_CHANGED,MEDIUM,yes,engineering,75,GOOD,Pacific Foresight - See Sooner. Decide Faster. Deter Smarter.,Department of Public Works and Government Services (PSPC),Canada,canadabuys,,"UNSPSC:43232314,UNSPSC:43232501,UNSPSC:43232605,UNSPSC:43233200,UNSPSC:80172102,UNSPSC:81162302,UNSPSC:92110000,UNSPSC:92111700",OPEN,CHANGE_CLASSIFICATION_CHANGED; MATCH_CLASSIFICATION_PRIMARY,https://canadabuys.canada.ca/en/tender-opportunities,HEALTHY,
alert_3a282d186445d344_infrastructure,canadabuys:cb-565-60949693,CLASSIFICATION_CHANGED,MEDIUM,yes,infrastructure,75,GOOD,Pacific Foresight - See Sooner. Decide Faster. Deter Smarter.,Department of Public Works and Government Services (PSPC),Canada,canadabuys,,"UNSPSC:43232314,UNSPSC:43232501,UNSPSC:43232605,UNSPSC:43233200,UNSPSC:80172102,UNSPSC:81162302,UNSPSC:92110000,UNSPSC:92111700",OPEN,CHANGE_CLASSIFICATION_CHANGED; MATCH_CLASSIFICATION_PRIMARY,https://canadabuys.canada.ca/en/tender-opportunities,HEALTHY,
alert_3a282d186445d344_it-software,canadabuys:cb-565-60949693,CLASSIFICATION_CHANGED,MEDIUM,yes,it-software,75,GOOD,Pacific Foresight - See Sooner. Decide Faster. Deter Smarter.,Department of Public Works and Government Services (PSPC),Canada,canadabuys,,"UNSPSC:43232314,UNSPSC:43232501,UNSPSC:43232605,UNSPSC:43233200,UNSPSC:80172102,UNSPSC:81162302,UNSPSC:92110000,UNSPSC:92111700",OPEN,CHANGE_CLASSIFICATION_CHANGED; MATCH_CLASSIFICATION_PRIMARY,https://canadabuys.canada.ca/en/tender-opportunities,HEALTHY,
alert_3a282d186445d344_professional-services,canadabuys:cb-565-60949693,CLASSIFICATION_CHANGED,MEDIUM,yes,professional-services,75,GOOD,Pacific Foresight - See Sooner. Decide Faster. Deter Smarter.,Department of Public Works and Government Services (PSPC),Canada,canadabuys,,"UNSPSC:43232314,UNSPSC:43232501,UNSPSC:43232605,UNSPSC:43233200,UNSPSC:80172102,UNSPSC:81162302,UNSPSC:92110000,UNSPSC:92111700",OPEN,CHANGE_CLASSIFICATION_CHANGED; MATCH_CLASSIFICATION_PRIMARY,https://canadabuys.canada.ca/en/tender-opportunities,HEALTHY,
alert_3a282d186445d344_telecom,canadabuys:cb-565-60949693,CLASSIFICATION_CHANGED,MEDIUM,yes,telecom,75,GOOD,Pacific Foresight - See Sooner. Decide Faster. Deter Smarter.,Department of Public Works and Government Services (PSPC),Canada,canadabuys,,"UNSPSC:43232314,UNSPSC:43232501,UNSPSC:43232605,UNSPSC:43233200,UNSPSC:80172102,UNSPSC:81162302,UNSPSC:92110000,UNSPSC:92111700",OPEN,CHANGE_CLASSIFICATION_CHANGED; MATCH_CLASSIFICATION_PRIMARY,https://canadabuys.canada.ca/en/tender-opportunities,HEALTHY,
alert_3aafa02b3dec97ce_healthcare,canadabuys:ws4871459022-doc4874562463,CLASSIFICATION_CHANGED,MEDIUM,yes,healthcare,75,GOOD,W6399-25MC03 Simulated Battlefield Training Support Service,Department of Public Works and Government Services (PSPC),Canada,canadabuys,,"UNSPSC:42300000,UNSPSC:86000000",OPEN,CHANGE_CLASSIFICATION_CHANGED; MATCH_CLASSIFICATION_PRIMARY,https://discovery.ariba.com/rfx/21522186?extsite=MjE1MjIxODZfQU4wMTQ4NDA1MDk5Mg==,HEALTHY,
alert_3add9ab97f4fe5fb_industrial-supplier,canadabuys:cb-28-90317572,CLASSIFICATION_CHANGED,MEDIUM,yes,industrial-supplier,75,GOOD,14ft Octagonal Net,Department of National Defence (DND),Canada,canadabuys,,"UNSPSC:24112400,UNSPSC:25200000",OPEN,CHANGE_CLASSIFICATION_CHANGED; MATCH_CLASSIFICATION_PRIMARY,https://canadabuys.canada.ca/en/tender-opportunities,HEALTHY,
alert_3add9ab97f4fe5fb_manufacturer,canadabuys:cb-28-90317572,CLASSIFICATION_CHANGED,MEDIUM,yes,manufacturer,75,GOOD,14ft Octagonal Net,Department of National Defence (DND),Canada,canadabuys,,"UNSPSC:24112400,UNSPSC:25200000",OPEN,CHANGE_CLASSIFICATION_CHANGED; MATCH_CLASSIFICATION_PRIMARY,https://canadabuys.canada.ca/en/tender-opportunities,HEALTHY,
alert_3b321a96545b34a8_construction,canadabuys:ws5715391550-doc5800644695,CLASSIFICATION_CHANGED,MEDIUM,yes,construction,75,GOOD,"W6898-260813-B-RFP- Snow Removal - Woodstock Armory, NB",Department of Public Works and Government Services (PSPC),Canada,canadabuys,,UNSPSC:72102903,OPEN,CHANGE_CLASSIFICATION_CHANGED; MATCH_CLASSIFICATION_PRIMARY,https://portal.us.bn.cloud.ariba.com/dashboard/public/appext/comsapsbncdiscoveryui#/RfxEvent/preview/1110019367?anId=ANONYMOUS,HEALTHY,
alert_3b321a96545b34a8_infrastructure,canadabuys:ws5715391550-doc5800644695,CLASSIFICATION_CHANGED,MEDIUM,yes,infrastructure,75,GOOD,"W6898-260813-B-RFP- Snow Removal - Woodstock Armory, NB",Department of Public Works and Government Services (PSPC),Canada,canadabuys,,UNSPSC:72102903,OPEN,CHANGE_CLASSIFICATION_CHANGED; MATCH_CLASSIFICATION_PRIMARY,https://portal.us.bn.cloud.ariba.com/dashboard/public/appext/comsapsbncdiscoveryui#/RfxEvent/preview/1110019367?anId=ANONYMOUS,HEALTHY,
alert_3bdcf0472b0e1b50_construction,canadabuys:cb-849-26597489,CLASSIFICATION_CHANGED,MEDIUM,yes,construction,75,GOOD,Provision of Cable Installation Services for Canada’s Diplomatic and Consular Missions,"Department of Foreign Affairs, Trade and Development (GAC)",Canada,canadabuys,,"UNSPSC:72141117,UNSPSC:72151602",OPEN,CHANGE_CLASSIFICATION_CHANGED; MATCH_CLASSIFICATION_PRIMARY,https://canadabuys.canada.ca/en/tender-opportunities,HEALTHY,
alert_3bdcf0472b0e1b50_infrastructure,canadabuys:cb-849-26597489,CLASSIFICATION_CHANGED,MEDIUM,yes,infrastructure,75,GOOD,Provision of Cable Installation Services for Canada’s Diplomatic and Consular Missions,"Department of Foreign Affairs, Trade and Development (GAC)",Canada,canadabuys,,"UNSPSC:72141117,UNSPSC:72151602",OPEN,CHANGE_CLASSIFICATION_CHANGED; MATCH_CLASSIFICATION_PRIMARY,https://canadabuys.canada.ca/en/tender-opportunities,HEALTHY,
alert_3cb088ebc0ed4b09_professional-services,canadabuys:cb-549-54422243,CLASSIFICATION_CHANGED,MEDIUM,yes,professional-services,75,GOOD,TBIPS - Informatics Support for Strategic Analysis Toolset,Department of National Defence (DND),Canada,canadabuys,,UNSPSC:80101507,OPEN,CHANGE_CLASSIFICATION_CHANGED; MATCH_CLASSIFICATION_PRIMARY,https://canadabuys.canada.ca/en/tender-opportunities,HEALTHY,
alert_3dca5d0e53031dcd_construction,canadabuys:ws5816484903-doc5816547138,CLASSIFICATION_CHANGED,MEDIUM,yes,construction,75,GOOD,Hardwood Gymnasium Floor Replacement,Department of Public Works and Government Services (PSPC),Canada,canadabuys,,"UNSPSC:30161702,UNSPSC:72154000",OPEN,CHANGE_CLASSIFICATION_CHANGED; MATCH_CLASSIFICATION_PRIMARY,https://portal.us.bn.cloud.ariba.com/dashboard/public/appext/comsapsbncdiscoveryui#/RfxEvent/preview/1110020874?anId=ANONYMOUS,HEALTHY,
alert_3dca5d0e53031dcd_infrastructure,canadabuys:ws5816484903-doc5816547138,CLASSIFICATION_CHANGED,MEDIUM,yes,infrastructure,75,GOOD,Hardwood Gymnasium Floor Replacement,Department of Public Works and Government Services (PSPC),Canada,canadabuys,,"UNSPSC:30161702,UNSPSC:72154000",OPEN,CHANGE_CLASSIFICATION_CHANGED; MATCH_CLASSIFICATION_PRIMARY,https://portal.us.bn.cloud.ariba.com/dashboard/public/appext/comsapsbncdiscoveryui#/RfxEvent/preview/1110020874?anId=ANONYMOUS,HEALTHY,
alert_3df7efaa3b2d9c7f_manufacturer,canadabuys:cb-291-44852968,CLASSIFICATION_CHANGED,MEDIUM,yes,manufacturer,75,GOOD,Seal Assembly,Department of National Defence (DND),Canada,canadabuys,,UNSPSC:31140000,OPEN,CHANGE_CLASSIFICATION_CHANGED; MATCH_CLASSIFICATION_PRIMARY,https://canadabuys.canada.ca/en/tender-opportunities,HEALTHY,
alert_3e1a0a3ab265d17e_manufacturer,canadabuys:cb-775-7827141,CLASSIFICATION_CHANGED,MEDIUM,yes,manufacturer,75,GOOD,"Multiple Victoria-Class Spares : PILGRIM NUT INFLATABLE TIRE, DISK,VALVE, PARTS KIT,SEAL REPLACEMENT,MECHANICAL EQUIPMENT, PACKING,PREFORMED and STUD,SHOULDERED",Department of National Defence (DND),Canada,canadabuys,,"UNSPSC:31161600,UNSPSC:31400000",OPEN,CHANGE_CLASSIFICATION_CHANGED; MATCH_CLASSIFICATION_PRIMARY,https://canadabuys.canada.ca/en/tender-opportunities,HEALTHY,
alert_3e304a0499dfb190_manufacturer,canadabuys:cb-270-67190406,CLASSIFICATION_CHANGED,MEDIUM,yes,manufacturer,75,GOOD,RHIB Trailers for Zodiac MK5,Department of National Defence (DND),Canada,canadabuys,,UNSPSC:25180000,OPEN,CHANGE_CLASSIFICATION_CHANGED; MATCH_CLASSIFICATION_PRIMARY,https://canadabuys.canada.ca/en/tender-opportunities,HEALTHY,
alert_3fbfc05aca560fc3_manufacturer,canadabuys:ws4967671213-doc5206548855,CLASSIFICATION_CHANGED,MEDIUM,yes,manufacturer,75,GOOD,Commercial Pattern Armoured Vehicles (CPAV) Phase II,Department of Public Works and Government Services (PSPC),Canada,canadabuys,,UNSPSC:25101510,OPEN,CHANGE_CLASSIFICATION_CHANGED; MATCH_CLASSIFICATION_PRIMARY,https://canadabuys.canada.ca/en/tender-opportunities,HEALTHY,
alert_4012c7de5d99d933_construction,canadabuys:cb-141-33205713,CLASSIFICATION_CHANGED,MEDIUM,yes,construction,75,GOOD,"Development of  Service Area in Kegaska Harbour,  Lower North Shore, Quebec",Department of Fisheries and Oceans (DFO),Canada,canadabuys,,UNSPSC:72141200,OPEN,CHANGE_CLASSIFICATION_CHANGED; MATCH_CLASSIFICATION_PRIMARY,https://canadabuys.canada.ca/en/tender-opportunities,HEALTHY,
alert_4012c7de5d99d933_infrastructure,canadabuys:cb-141-33205713,CLASSIFICATION_CHANGED,MEDIUM,yes,infrastructure,75,GOOD,"Development of  Service Area in Kegaska Harbour,  Lower North Shore, Quebec",Department of Fisheries and Oceans (DFO),Canada,canadabuys,,UNSPSC:72141200,OPEN,CHANGE_CLASSIFICATION_CHANGED; MATCH_CLASSIFICATION_PRIMARY,https://canadabuys.canada.ca/en/tender-opportunities,HEALTHY,
alert_40a4b9de133c39b1_manufacturer,canadabuys:cb-883-71350230,CLASSIFICATION_CHANGED,MEDIUM,yes,manufacturer,75,GOOD,Cam-Lok Connectors,Department of National Defence (DND),Canada,canadabuys,,"UNSPSC:32130000,UNSPSC:39121400",OPEN,CHANGE_CLASSIFICATION_CHANGED; MATCH_CLASSIFICATION_PRIMARY,https://canadabuys.canada.ca/en/tender-opportunities,HEALTHY,
alert_40ce8a3b258a3fa8_professional-services,canadabuys:ws5789413257-doc5820701341,CLASSIFICATION_CHANGED,MEDIUM,yes,professional-services,75,GOOD,Military Pay Managed Services,Department of Public Works and Government Services (PSPC),Canada,canadabuys,,UNSPSC:80161604,OPEN,CHANGE_CLASSIFICATION_CHANGED; MATCH_CLASSIFICATION_PRIMARY,https://portal.us.bn.cloud.ariba.com/dashboard/public/appext/comsapsbncdiscoveryui#/RfxEvent/preview/1110021103?anId=ANONYMOUS,HEALTHY,
alert_40d8c0be1439c6f5_construction,canadabuys:ws5524669842-doc5524913712,CLASSIFICATION_CHANGED,MEDIUM,yes,construction,75,GOOD,E6HAL-250005-RFI - Indigenous Business Capacity for Construction Projects in Atlantic Canada,Department of Public Works and Government Services (PSPC),Canada,canadabuys,,UNSPSC:72000000,OPEN,CHANGE_CLASSIFICATION_CHANGED; MATCH_CLASSIFICATION_PRIMARY,https://canadabuys.canada.ca/en/tender-opportunities,HEALTHY,
alert_40d8c0be1439c6f5_infrastructure,canadabuys:ws5524669842-doc5524913712,CLASSIFICATION_CHANGED,MEDIUM,yes,infrastructure,75,GOOD,E6HAL-250005-RFI - Indigenous Business Capacity for Construction Projects in Atlantic Canada,Department of Public Works and Government Services (PSPC),Canada,canadabuys,,UNSPSC:72000000,OPEN,CHANGE_CLASSIFICATION_CHANGED; MATCH_CLASSIFICATION_PRIMARY,https://canadabuys.canada.ca/en/tender-opportunities,HEALTHY,
alert_4139d75d4f5d6d71_healthcare,canadabuys:ws5778973863-doc5830274558,CLASSIFICATION_CHANGED,MEDIUM,yes,healthcare,75,GOOD,W4299-25SH99B Ready-To-Eat Meals Rations,Department of Public Works and Government Services (PSPC),Canada,canadabuys,,"UNSPSC:50190000,UNSPSC:73130000,UNSPSC:85150000",OPEN,CHANGE_CLASSIFICATION_CHANGED; MATCH_CLASSIFICATION_PRIMARY,https://portal.us.bn.cloud.ariba.com/dashboard/public/appext/comsapsbncdiscoveryui#/RfxEvent/preview/1110021364?anId=ANONYMOUS,HEALTHY,
alert_41e337cc7731499a_engineering,canadabuys:cb-998-30821848,CLASSIFICATION_CHANGED,MEDIUM,yes,engineering,75,GOOD,"PSIB_Tier 1_NOTICE OF PROPOSED PROCUREMENT (NPP) for TASK BASED INFORMATICS PROFESSIONAL SERVICES (TBIPS) - Individual Affairs Branch (IAB), Regional Operations Strategic Initiative Projects",Department of Indigenous Services (ISC),Canada,canadabuys,,"UNSPSC:80101507,UNSPSC:81110000,UNSPSC:81141902",OPEN,CHANGE_CLASSIFICATION_CHANGED; MATCH_CLASSIFICATION_PRIMARY,https://canadabuys.canada.ca/en/tender-opportunities,HEALTHY,
alert_41e337cc7731499a_infrastructure,canadabuys:cb-998-30821848,CLASSIFICATION_CHANGED,MEDIUM,yes,infrastructure,75,GOOD,"PSIB_Tier 1_NOTICE OF PROPOSED PROCUREMENT (NPP) for TASK BASED INFORMATICS PROFESSIONAL SERVICES (TBIPS) - Individual Affairs Branch (IAB), Regional Operations Strategic Initiative Projects",Department of Indigenous Services (ISC),Canada,canadabuys,,"UNSPSC:80101507,UNSPSC:81110000,UNSPSC:81141902",OPEN,CHANGE_CLASSIFICATION_CHANGED; MATCH_CLASSIFICATION_PRIMARY,https://canadabuys.canada.ca/en/tender-opportunities,HEALTHY,
alert_41e337cc7731499a_professional-services,canadabuys:cb-998-30821848,CLASSIFICATION_CHANGED,MEDIUM,yes,professional-services,75,GOOD,"PSIB_Tier 1_NOTICE OF PROPOSED PROCUREMENT (NPP) for TASK BASED INFORMATICS PROFESSIONAL SERVICES (TBIPS) - Individual Affairs Branch (IAB), Regional Operations Strategic Initiative Projects",Department of Indigenous Services (ISC),Canada,canadabuys,,"UNSPSC:80101507,UNSPSC:81110000,UNSPSC:81141902",OPEN,CHANGE_CLASSIFICATION_CHANGED; MATCH_CLASSIFICATION_PRIMARY,https://canadabuys.canada.ca/en/tender-opportunities,HEALTHY,
alert_421fd0bcab66855a_industrial-supplier,canadabuys:ws4157474176-doc4157474240,CLASSIFICATION_CHANGED,MEDIUM,yes,industrial-supplier,75,GOOD,RFSA for Riding Mowers (E60HS 18MOWR B),Department of Public Works and Government Services (PSPC),Canada,canadabuys,,UNSPSC:27110000,OPEN,CHANGE_CLASSIFICATION_CHANGED; MATCH_CLASSIFICATION_PRIMARY,https://portal.us.bn.cloud.ariba.com/dashboard/public/appext/comsapsbncdiscoveryui#/RfxEvent/preview/17247015?anId=ANONYMOUS,HEALTHY,
alert_42669a199007e044_engineering,canadabuys:cb-229-53800320,CLASSIFICATION_CHANGED,MEDIUM,yes,engineering,75,GOOD,RFI - Defence Expert Analysis and Assistance (DEAA),Department of Public Works and Government Services (PSPC),Canada,canadabuys,,"UNSPSC:80100000,UNSPSC:80101706,UNSPSC:81162310,UNSPSC:84101501,UNSPSC:84121706,UNSPSC:92110000,UNSPSC:92111902",OPEN,CHANGE_CLASSIFICATION_CHANGED; MATCH_CLASSIFICATION_PRIMARY,https://canadabuys.canada.ca/en/tender-opportunities,HEALTHY,
alert_42669a199007e044_infrastructure,canadabuys:cb-229-53800320,CLASSIFICATION_CHANGED,MEDIUM,yes,infrastructure,75,GOOD,RFI - Defence Expert Analysis and Assistance (DEAA),Department of Public Works and Government Services (PSPC),Canada,canadabuys,,"UNSPSC:80100000,UNSPSC:80101706,UNSPSC:81162310,UNSPSC:84101501,UNSPSC:84121706,UNSPSC:92110000,UNSPSC:92111902",OPEN,CHANGE_CLASSIFICATION_CHANGED; MATCH_CLASSIFICATION_PRIMARY,https://canadabuys.canada.ca/en/tender-opportunities,HEALTHY,
alert_42669a199007e044_professional-services,canadabuys:cb-229-53800320,CLASSIFICATION_CHANGED,MEDIUM,yes,professional-services,75,GOOD,RFI - Defence Expert Analysis and Assistance (DEAA),Department of Public Works and Government Services (PSPC),Canada,canadabuys,,"UNSPSC:80100000,UNSPSC:80101706,UNSPSC:81162310,UNSPSC:84101501,UNSPSC:84121706,UNSPSC:92110000,UNSPSC:92111902",OPEN,CHANGE_CLASSIFICATION_CHANGED; MATCH_CLASSIFICATION_PRIMARY,https://canadabuys.canada.ca/en/tender-opportunities,HEALTHY,
alert_42bdbf4fb15d333b_engineering,canadabuys:ws5760577662-doc5775273688,CLASSIFICATION_CHANGED,MEDIUM,yes,engineering,75,GOOD,"W7701-268130 Development, design, and characterization of electro-optical tools",Department of Public Works and Government Services (PSPC),Canada,canadabuys,,UNSPSC:81141901,OPEN,CHANGE_CLASSIFICATION_CHANGED; MATCH_CLASSIFICATION_PRIMARY,https://portal.us.bn.cloud.ariba.com/dashboard/public/appext/comsapsbncdiscoveryui#/RfxEvent/preview/1110018035?anId=ANONYMOUS,HEALTHY,
alert_42bdbf4fb15d333b_infrastructure,canadabuys:ws5760577662-doc5775273688,CLASSIFICATION_CHANGED,MEDIUM,yes,infrastructure,75,GOOD,"W7701-268130 Development, design, and characterization of electro-optical tools",Department of Public Works and Government Services (PSPC),Canada,canadabuys,,UNSPSC:81141901,OPEN,CHANGE_CLASSIFICATION_CHANGED; MATCH_CLASSIFICATION_PRIMARY,https://portal.us.bn.cloud.ariba.com/dashboard/public/appext/comsapsbncdiscoveryui#/RfxEvent/preview/1110018035?anId=ANONYMOUS,HEALTHY,
alert_4323f6b7eb7e39d2_manufacturer,canadabuys:cb-484-15329273,CLASSIFICATION_CHANGED,MEDIUM,yes,manufacturer,75,GOOD,Request for Information (RFI) - Aircraft Arresting System (AAS) Maintenance and Operations at Forward Operating Locations (FOLs),Department of National Defence (DND),Canada,canadabuys,,UNSPSC:25130000,OPEN,CHANGE_CLASSIFICATION_CHANGED; MATCH_CLASSIFICATION_PRIMARY,https://canadabuys.canada.ca/en/tender-opportunities,HEALTHY,
alert_43b5dcf6847dd178_logistics,canadabuys:cb-7678-41616716,CLASSIFICATION_CHANGED,MEDIUM,yes,logistics,75,GOOD,Request for Supply Arrangement - Vessel Charters,Department of Fisheries and Oceans (DFO),Canada,canadabuys,,"UNSPSC:78101701,UNSPSC:78142002,UNSPSC:78142003",OPEN,CHANGE_CLASSIFICATION_CHANGED; MATCH_CLASSIFICATION_PRIMARY,https://canadabuys.canada.ca/en/tender-opportunities,HEALTHY,
alert_43dc1f271d1b5d56_manufacturer,canadabuys:ws5806044503-doc5806196792,CLASSIFICATION_CHANGED,MEDIUM,yes,manufacturer,75,GOOD,F7013-270002A - Gangway Design and Production,Department of Public Works and Government Services (PSPC),Canada,canadabuys,,UNSPSC:25111900,OPEN,CHANGE_CLASSIFICATION_CHANGED; MATCH_CLASSIFICATION_PRIMARY,https://portal.us.bn.cloud.ariba.com/dashboard/public/appext/comsapsbncdiscoveryui#/RfxEvent/preview/1110019813?anId=ANONYMOUS,HEALTHY,
alert_4461898b6aeb1dae_engineering,canadabuys:cb-189-58294946,CLASSIFICATION_CHANGED,MEDIUM,yes,engineering,75,GOOD,TBIPS - I.10. Technical Architects,Department of National Defence (DND),Canada,canadabuys,,UNSPSC:81160000,OPEN,CHANGE_CLASSIFICATION_CHANGED; MATCH_CLASSIFICATION_PRIMARY,https://canadabuys.canada.ca/en/tender-opportunities,HEALTHY,
alert_4461898b6aeb1dae_infrastructure,canadabuys:cb-189-58294946,CLASSIFICATION_CHANGED,MEDIUM,yes,infrastructure,75,GOOD,TBIPS - I.10. Technical Architects,Department of National Defence (DND),Canada,canadabuys,,UNSPSC:81160000,OPEN,CHANGE_CLASSIFICATION_CHANGED; MATCH_CLASSIFICATION_PRIMARY,https://canadabuys.canada.ca/en/tender-opportunities,HEALTHY,
alert_44d35d03bedffdf4_manufacturer,canadabuys:cb-438-65683192,CLASSIFICATION_CHANGED,MEDIUM,yes,manufacturer,75,GOOD,Sea Water Valves/Gasket,Department of National Defence (DND),Canada,canadabuys,,"UNSPSC:31400000,UNSPSC:40141600",OPEN,CHANGE_CLASSIFICATION_CHANGED; MATCH_CLASSIFICATION_PRIMARY,https://canadabuys.canada.ca/en/tender-opportunities,HEALTHY,
alert_458867b427662106_manufacturer,canadabuys:cb-259-74391308,CLASSIFICATION_CHANGED,MEDIUM,yes,manufacturer,75,GOOD,E60HN-16ELEC – Stream 2 - Oscilloscope and multimeters (Atlantic),Department of National Defence (DND),Canada,canadabuys,,UNSPSC:32130000,OPEN,CHANGE_CLASSIFICATION_CHANGED; MATCH_CLASSIFICATION_PRIMARY,https://canadabuys.canada.ca/en/tender-opportunities,HEALTHY,
alert_458f7d981cdc1bf4_construction,canadabuys:ws5276433607-doc5328239563,CLASSIFICATION_CHANGED,MEDIUM,yes,construction,75,GOOD,"Phase 2-ITT-EW038-260491 AAFC Exterior Envelope Upgrade Admin Building, Beaverlodge AB",Department of Public Works and Government Services (PSPC),Canada,canadabuys,,"UNSPSC:30150000,UNSPSC:30171600,UNSPSC:30171900",OPEN,CHANGE_CLASSIFICATION_CHANGED; MATCH_CLASSIFICATION_PRIMARY,https://canadabuys.canada.ca/en/tender-opportunities,HEALTHY,
alert_45c9966ee6e5656e_healthcare,canadabuys:cb-8499-40772047,CLASSIFICATION_CHANGED,MEDIUM,yes,healthcare,75,GOOD,Task professional services (TSPS),Department of Public Works and Government Services (PSPC),Canada,canadabuys,,"UNSPSC:80100000,UNSPSC:80160000,UNSPSC:85101600,UNSPSC:85101700",OPEN,CHANGE_CLASSIFICATION_CHANGED; MATCH_CLASSIFICATION_PRIMARY,https://canadabuys.canada.ca/en/tender-opportunities,HEALTHY,
alert_45c9966ee6e5656e_professional-services,canadabuys:cb-8499-40772047,CLASSIFICATION_CHANGED,MEDIUM,yes,professional-services,75,GOOD,Task professional services (TSPS),Department of Public Works and Government Services (PSPC),Canada,canadabuys,,"UNSPSC:80100000,UNSPSC:80160000,UNSPSC:85101600,UNSPSC:85101700",OPEN,CHANGE_CLASSIFICATION_CHANGED; MATCH_CLASSIFICATION_PRIMARY,https://canadabuys.canada.ca/en/tender-opportunities,HEALTHY,
alert_460cbda01808dbe7_manufacturer,canadabuys:ws5808571426-doc5822395022,CLASSIFICATION_CHANGED,MEDIUM,yes,manufacturer,75,GOOD,KW405-270232 Autonomous Underwater Vehicle (AUV),Department of Public Works and Government Services (PSPC),Canada,canadabuys,,UNSPSC:25111900,OPEN,CHANGE_CLASSIFICATION_CHANGED; MATCH_CLASSIFICATION_PRIMARY,https://portal.us.bn.cloud.ariba.com/dashboard/public/appext/comsapsbncdiscoveryui#/RfxEvent/preview/1110021248?anId=ANONYMOUS,HEALTHY,
alert_462c034cc7df2f4c_professional-services,canadabuys:cb-344-87697966,CLASSIFICATION_CHANGED,MEDIUM,yes,professional-services,75,GOOD,Grain Monitoring Program,Department of Transport (TC),Canada,canadabuys,,UNSPSC:80101704,OPEN,CHANGE_CLASSIFICATION_CHANGED; MATCH_CLASSIFICATION_PRIMARY,https://canadabuys.canada.ca/en/tender-opportunities,HEALTHY,
alert_46d42d24c36a06c8_b2b-saas,canadabuys:ws4219842924-doc5603700321,CLASSIFICATION_CHANGED,MEDIUM,yes,b2b-saas,75,GOOD,Ongoing Qualification RFSA - Perimeter Security Management System and Interior Security Management System,Department of Public Works and Government Services (PSPC),Canada,canadabuys,,"UNSPSC:43220000,UNSPSC:43222501,UNSPSC:43222502,UNSPSC:43222503",OPEN,CHANGE_CLASSIFICATION_CHANGED; MATCH_CLASSIFICATION_PRIMARY,https://portal.us.bn.cloud.ariba.com/dashboard/public/appext/comsapsbncdiscoveryui#/RfxEvent/preview/1110007977?anId=ANONYMOUS,HEALTHY,
alert_46d42d24c36a06c8_it-software,canadabuys:ws4219842924-doc5603700321,CLASSIFICATION_CHANGED,MEDIUM,yes,it-software,75,GOOD,Ongoing Qualification RFSA - Perimeter Security Management System and Interior Security Management System,Department of Public Works and Government Services (PSPC),Canada,canadabuys,,"UNSPSC:43220000,UNSPSC:43222501,UNSPSC:43222502,UNSPSC:43222503",OPEN,CHANGE_CLASSIFICATION_CHANGED; MATCH_CLASSIFICATION_PRIMARY,https://portal.us.bn.cloud.ariba.com/dashboard/public/appext/comsapsbncdiscoveryui#/RfxEvent/preview/1110007977?anId=ANONYMOUS,HEALTHY,
alert_46d42d24c36a06c8_telecom,canadabuys:ws4219842924-doc5603700321,CLASSIFICATION_CHANGED,MEDIUM,yes,telecom,75,GOOD,Ongoing Qualification RFSA - Perimeter Security Management System and Interior Security Management System,Department of Public Works and Government Services (PSPC),Canada,canadabuys,,"UNSPSC:43220000,UNSPSC:43222501,UNSPSC:43222502,UNSPSC:43222503",OPEN,CHANGE_CLASSIFICATION_CHANGED; MATCH_CLASSIFICATION_PRIMARY,https://portal.us.bn.cloud.ariba.com/dashboard/public/appext/comsapsbncdiscoveryui#/RfxEvent/preview/1110007977?anId=ANONYMOUS,HEALTHY,
alert_46de40dd3504a234_professional-services,canadabuys:ws4118022840-doc4119641327,CLASSIFICATION_CHANGED,MEDIUM,yes,professional-services,75,GOOD,E6HAL-230008 Pilot Project for Indigenous Artists,Department of Public Works and Government Services (PSPC),Canada,canadabuys,,UNSPSC:82150000,OPEN,CHANGE_CLASSIFICATION_CHANGED; MATCH_CLASSIFICATION_PRIMARY,https://portal.us.bn.cloud.ariba.com/dashboard/public/appext/comsapsbncdiscoveryui#/RfxEvent/preview/17001921?anId=ANONYMOUS,HEALTHY,
alert_4715f9674a37d3bb_construction,canadabuys:cb-36-4810241,CLASSIFICATION_CHANGED,MEDIUM,yes,construction,75,GOOD,Optimization of Space in AAQS Labs (167/167A),Department of the Environment (ECCC ),Canada,canadabuys,,"UNSPSC:72102200,UNSPSC:72120000,UNSPSC:72121100,UNSPSC:72151201",OPEN,CHANGE_CLASSIFICATION_CHANGED; MATCH_CLASSIFICATION_PRIMARY,https://canadabuys.canada.ca/en/tender-opportunities,HEALTHY,
alert_4715f9674a37d3bb_infrastructure,canadabuys:cb-36-4810241,CLASSIFICATION_CHANGED,MEDIUM,yes,infrastructure,75,GOOD,Optimization of Space in AAQS Labs (167/167A),Department of the Environment (ECCC ),Canada,canadabuys,,"UNSPSC:72102200,UNSPSC:72120000,UNSPSC:72121100,UNSPSC:72151201",OPEN,CHANGE_CLASSIFICATION_CHANGED; MATCH_CLASSIFICATION_PRIMARY,https://canadabuys.canada.ca/en/tender-opportunities,HEALTHY,
alert_48edc5e8f3f1a844_industrial-supplier,canadabuys:ws4158988049-doc4159001707,CLASSIFICATION_CHANGED,MEDIUM,yes,industrial-supplier,75,GOOD,Request for Supply Arrangements for Forklift Truck (E60HS 21FRKL A),Department of Public Works and Government Services (PSPC),Canada,canadabuys,,UNSPSC:24101604,OPEN,CHANGE_CLASSIFICATION_CHANGED; MATCH_CLASSIFICATION_PRIMARY,https://portal.us.bn.cloud.ariba.com/dashboard/public/appext/comsapsbncdiscoveryui#/RfxEvent/preview/17235924?anId=ANONYMOUS,HEALTHY,
alert_48edc5e8f3f1a844_manufacturer,canadabuys:ws4158988049-doc4159001707,CLASSIFICATION_CHANGED,MEDIUM,yes,manufacturer,75,GOOD,Request for Supply Arrangements for Forklift Truck (E60HS 21FRKL A),Department of Public Works and Government Services (PSPC),Canada,canadabuys,,UNSPSC:24101604,OPEN,CHANGE_CLASSIFICATION_CHANGED; MATCH_CLASSIFICATION_PRIMARY,https://portal.us.bn.cloud.ariba.com/dashboard/public/appext/comsapsbncdiscoveryui#/RfxEvent/preview/17235924?anId=ANONYMOUS,HEALTHY,
alert_490488132fa3d9fb_construction,canadabuys:cb-213-4610028,CLASSIFICATION_CHANGED,MEDIUM,yes,construction,75,GOOD,SNOW REMOVAL SERVICES,Old Port of Montreal Corporation Inc.,Canada,canadabuys,,UNSPSC:72102903,OPEN,CHANGE_CLASSIFICATION_CHANGED; MATCH_CLASSIFICATION_PRIMARY,https://canadabuys.canada.ca/en/tender-opportunities,HEALTHY,
alert_490488132fa3d9fb_infrastructure,canadabuys:cb-213-4610028,CLASSIFICATION_CHANGED,MEDIUM,yes,infrastructure,75,GOOD,SNOW REMOVAL SERVICES,Old Port of Montreal Corporation Inc.,Canada,canadabuys,,UNSPSC:72102903,OPEN,CHANGE_CLASSIFICATION_CHANGED; MATCH_CLASSIFICATION_PRIMARY,https://canadabuys.canada.ca/en/tender-opportunities,HEALTHY,
alert_4a3c16b79006a3ee_construction,canadabuys:cb-866-88251305,CLASSIFICATION_CHANGED,MEDIUM,yes,construction,75,GOOD,"Electrical Upgrades, Prosser Rock, NL",Department of Fisheries and Oceans (DFO),Canada,canadabuys,,"UNSPSC:25173900,UNSPSC:26121500,UNSPSC:26121600,UNSPSC:39120000,UNSPSC:39121700,UNSPSC:72102200,UNSPSC:73152108",OPEN,CHANGE_CLASSIFICATION_CHANGED; MATCH_CLASSIFICATION_PRIMARY,https://canadabuys.canada.ca/en/tender-opportunities,HEALTHY,
alert_4a3c16b79006a3ee_energy,canadabuys:cb-866-88251305,CLASSIFICATION_CHANGED,MEDIUM,yes,energy,75,GOOD,"Electrical Upgrades, Prosser Rock, NL",Department of Fisheries and Oceans (DFO),Canada,canadabuys,,"UNSPSC:25173900,UNSPSC:26121500,UNSPSC:26121600,UNSPSC:39120000,UNSPSC:39121700,UNSPSC:72102200,UNSPSC:73152108",OPEN,CHANGE_CLASSIFICATION_CHANGED; MATCH_CLASSIFICATION_PRIMARY,https://canadabuys.canada.ca/en/tender-opportunities,HEALTHY,
alert_4a3c16b79006a3ee_industrial-supplier,canadabuys:cb-866-88251305,CLASSIFICATION_CHANGED,MEDIUM,yes,industrial-supplier,75,GOOD,"Electrical Upgrades, Prosser Rock, NL",Department of Fisheries and Oceans (DFO),Canada,canadabuys,,"UNSPSC:25173900,UNSPSC:26121500,UNSPSC:26121600,UNSPSC:39120000,UNSPSC:39121700,UNSPSC:72102200,UNSPSC:73152108",OPEN,CHANGE_CLASSIFICATION_CHANGED; MATCH_CLASSIFICATION_PRIMARY,https://canadabuys.canada.ca/en/tender-opportunities,HEALTHY,
alert_4a3c16b79006a3ee_infrastructure,canadabuys:cb-866-88251305,CLASSIFICATION_CHANGED,MEDIUM,yes,infrastructure,75,GOOD,"Electrical Upgrades, Prosser Rock, NL",Department of Fisheries and Oceans (DFO),Canada,canadabuys,,"UNSPSC:25173900,UNSPSC:26121500,UNSPSC:26121600,UNSPSC:39120000,UNSPSC:39121700,UNSPSC:72102200,UNSPSC:73152108",OPEN,CHANGE_CLASSIFICATION_CHANGED; MATCH_CLASSIFICATION_PRIMARY,https://canadabuys.canada.ca/en/tender-opportunities,HEALTHY,
alert_4a3c16b79006a3ee_manufacturer,canadabuys:cb-866-88251305,CLASSIFICATION_CHANGED,MEDIUM,yes,manufacturer,75,GOOD,"Electrical Upgrades, Prosser Rock, NL",Department of Fisheries and Oceans (DFO),Canada,canadabuys,,"UNSPSC:25173900,UNSPSC:26121500,UNSPSC:26121600,UNSPSC:39120000,UNSPSC:39121700,UNSPSC:72102200,UNSPSC:73152108",OPEN,CHANGE_CLASSIFICATION_CHANGED; MATCH_CLASSIFICATION_PRIMARY,https://canadabuys.canada.ca/en/tender-opportunities,HEALTHY,
alert_4a8c123373dc11c6_engineering,canadabuys:cb-307-47535224,CLASSIFICATION_CHANGED,MEDIUM,yes,engineering,75,GOOD,TBIPS - Geomatics Analyst for Mapping & Charting Establishment,Department of National Defence (DND),Canada,canadabuys,,UNSPSC:81101512,OPEN,CHANGE_CLASSIFICATION_CHANGED; MATCH_CLASSIFICATION_PRIMARY,https://canadabuys.canada.ca/en/tender-opportunities,HEALTHY,
alert_4a8c123373dc11c6_infrastructure,canadabuys:cb-307-47535224,CLASSIFICATION_CHANGED,MEDIUM,yes,infrastructure,75,GOOD,TBIPS - Geomatics Analyst for Mapping & Charting Establishment,Department of National Defence (DND),Canada,canadabuys,,UNSPSC:81101512,OPEN,CHANGE_CLASSIFICATION_CHANGED; MATCH_CLASSIFICATION_PRIMARY,https://canadabuys.canada.ca/en/tender-opportunities,HEALTHY,
alert_4a9f84e25cc68714_engineering,canadabuys:ws3790065711-doc5703283879,CLASSIFICATION_CHANGED,MEDIUM,yes,engineering,75,GOOD,23240-210846 - Request for Information -RFI- 2026-2027 - Supplemental invitation to Commercial Satellite Imagery (CSI),Department of Public Works and Government Services (PSPC),Canada,canadabuys,,"UNSPSC:55111500,UNSPSC:81111902,UNSPSC:81151605",OPEN,CHANGE_CLASSIFICATION_CHANGED; MATCH_CLASSIFICATION_PRIMARY,https://portal.us.bn.cloud.ariba.com/dashboard/public/appext/comsapsbncdiscoveryui#/RfxEvent/preview/1110013670?anId=ANONYMOUS,HEALTHY,
alert_4a9f84e25cc68714_infrastructure,canadabuys:ws3790065711-doc5703283879,CLASSIFICATION_CHANGED,MEDIUM,yes,infrastructure,75,GOOD,23240-210846 - Request for Information -RFI- 2026-2027 - Supplemental invitation to Commercial Satellite Imagery (CSI),Department of Public Works and Government Services (PSPC),Canada,canadabuys,,"UNSPSC:55111500,UNSPSC:81111902,UNSPSC:81151605",OPEN,CHANGE_CLASSIFICATION_CHANGED; MATCH_CLASSIFICATION_PRIMARY,https://portal.us.bn.cloud.ariba.com/dashboard/public/appext/comsapsbncdiscoveryui#/RfxEvent/preview/1110013670?anId=ANONYMOUS,HEALTHY,
alert_4bab668b0ff64705_construction,canadabuys:cb-744-45440561,CLASSIFICATION_CHANGED,MEDIUM,yes,construction,75,GOOD,"Standing Offer – Trade Services, Fort Langley National Historic Site",Parks Canada Agency (PC),Canada,canadabuys,,"UNSPSC:72101500,UNSPSC:72101505,UNSPSC:72101510,UNSPSC:72152300,UNSPSC:73152108",OPEN,CHANGE_CLASSIFICATION_CHANGED; MATCH_CLASSIFICATION_PRIMARY,https://canadabuys.canada.ca/en/tender-opportunities,HEALTHY,
alert_4bab668b0ff64705_infrastructure,canadabuys:cb-744-45440561,CLASSIFICATION_CHANGED,MEDIUM,yes,infrastructure,75,GOOD,"Standing Offer – Trade Services, Fort Langley National Historic Site",Parks Canada Agency (PC),Canada,canadabuys,,"UNSPSC:72101500,UNSPSC:72101505,UNSPSC:72101510,UNSPSC:72152300,UNSPSC:73152108",OPEN,CHANGE_CLASSIFICATION_CHANGED; MATCH_CLASSIFICATION_PRIMARY,https://canadabuys.canada.ca/en/tender-opportunities,HEALTHY,
alert_4c0efd726797b59b_construction,canadabuys:cb-398-68349362,CLASSIFICATION_CHANGED,MEDIUM,yes,construction,75,GOOD,"Stage 2 – Slope Stability Repairs, Jasper National Park",Parks Canada Agency (PC),Canada,canadabuys,,UNSPSC:72150000,OPEN,CHANGE_CLASSIFICATION_CHANGED; MATCH_CLASSIFICATION_PRIMARY,https://canadabuys.canada.ca/en/tender-opportunities,HEALTHY,
alert_4c0efd726797b59b_infrastructure,canadabuys:cb-398-68349362,CLASSIFICATION_CHANGED,MEDIUM,yes,infrastructure,75,GOOD,"Stage 2 – Slope Stability Repairs, Jasper National Park",Parks Canada Agency (PC),Canada,canadabuys,,UNSPSC:72150000,OPEN,CHANGE_CLASSIFICATION_CHANGED; MATCH_CLASSIFICATION_PRIMARY,https://canadabuys.canada.ca/en/tender-opportunities,HEALTHY,
alert_4c94d5e88975bd05_healthcare,canadabuys:ws5804951060-doc5804957435,CLASSIFICATION_CHANGED,MEDIUM,yes,healthcare,75,GOOD,W7714-279012 - Advanced Animal Imaging System,Department of Public Works and Government Services (PSPC),Canada,canadabuys,,UNSPSC:42200000,OPEN,CHANGE_CLASSIFICATION_CHANGED; MATCH_CLASSIFICATION_PRIMARY,https://portal.us.bn.cloud.ariba.com/dashboard/public/appext/comsapsbncdiscoveryui#/RfxEvent/preview/1110021244?anId=ANONYMOUS,HEALTHY,
alert_4cc5a6ad891f58b4_logistics,canadabuys:ws5292675299-doc5316264247,CLASSIFICATION_CHANGED,MEDIUM,yes,logistics,75,GOOD,W6447-250001-RFSA Flatbed Trucking Services,Department of Public Works and Government Services (PSPC),Canada,canadabuys,,UNSPSC:78100000,OPEN,CHANGE_CLASSIFICATION_CHANGED; MATCH_CLASSIFICATION_PRIMARY,https://discovery.ariba.com/rfx/23406836?extsite=MjM0MDY4MzZfQU4wMTQ4NDA1MDk5Mg==,HEALTHY,
alert_4ccae62f442a7a85_manufacturer,canadabuys:ws5670752611-doc5671109689,CLASSIFICATION_CHANGED,MEDIUM,yes,manufacturer,75,GOOD,RFI-WORLDWIDE SATELLITE COMMUNICATIONS – PROTECTED MILSATCOM TACTICAL (WSC-PMT) PROJECT,Department of Public Works and Government Services (PSPC),Canada,canadabuys,,UNSPSC:25151701,OPEN,CHANGE_CLASSIFICATION_CHANGED; MATCH_CLASSIFICATION_PRIMARY,https://portal.us.bn.cloud.ariba.com/dashboard/public/appext/comsapsbncdiscoveryui#/RfxEvent/preview/1110011894?anId=ANONYMOUS,HEALTHY,
alert_4d078dabb76db228_industrial-supplier,canadabuys:ws4447222169-doc4457876474,CLASSIFICATION_CHANGED,MEDIUM,yes,industrial-supplier,75,GOOD,E60HN-21HDMS High Density Mobile Shelving - HDMS RFSA,Department of Public Works and Government Services (PSPC),Canada,canadabuys,,"UNSPSC:24102000,UNSPSC:56111906",OPEN,CHANGE_CLASSIFICATION_CHANGED; MATCH_CLASSIFICATION_PRIMARY,https://portal.us.bn.cloud.ariba.com/dashboard/public/appext/comsapsbncdiscoveryui#/RfxEvent/preview/18918677?anId=ANONYMOUS,HEALTHY,
alert_4d078dabb76db228_manufacturer,canadabuys:ws4447222169-doc4457876474,CLASSIFICATION_CHANGED,MEDIUM,yes,manufacturer,75,GOOD,E60HN-21HDMS High Density Mobile Shelving - HDMS RFSA,Department of Public Works and Government Services (PSPC),Canada,canadabuys,,"UNSPSC:24102000,UNSPSC:56111906",OPEN,CHANGE_CLASSIFICATION_CHANGED; MATCH_CLASSIFICATION_PRIMARY,https://portal.us.bn.cloud.ariba.com/dashboard/public/appext/comsapsbncdiscoveryui#/RfxEvent/preview/18918677?anId=ANONYMOUS,HEALTHY,
alert_4dc10a7d8b800fc6_construction,canadabuys:ws5781062347-doc5781091415,CLASSIFICATION_CHANGED,MEDIUM,yes,construction,75,GOOD,W6895-260609 Locating of Underground Utilities,Department of Public Works and Government Services (PSPC),Canada,canadabuys,,UNSPSC:72150000,OPEN,CHANGE_CLASSIFICATION_CHANGED; MATCH_CLASSIFICATION_PRIMARY,https://portal.us.bn.cloud.ariba.com/dashboard/public/appext/comsapsbncdiscoveryui#/RfxEvent/preview/1110019831?anId=ANONYMOUS,HEALTHY,
alert_4dc10a7d8b800fc6_infrastructure,canadabuys:ws5781062347-doc5781091415,CLASSIFICATION_CHANGED,MEDIUM,yes,infrastructure,75,GOOD,W6895-260609 Locating of Underground Utilities,Department of Public Works and Government Services (PSPC),Canada,canadabuys,,UNSPSC:72150000,OPEN,CHANGE_CLASSIFICATION_CHANGED; MATCH_CLASSIFICATION_PRIMARY,https://portal.us.bn.cloud.ariba.com/dashboard/public/appext/comsapsbncdiscoveryui#/RfxEvent/preview/1110019831?anId=ANONYMOUS,HEALTHY,
alert_4e44f5862e24eb1b_industrial-supplier,canadabuys:cb-755-27355364,CLASSIFICATION_CHANGED,MEDIUM,yes,industrial-supplier,75,GOOD,"Supply and Installation of High-Density Mobile Shelving, National Air Photo Library (NAPL)",Department of Natural Resources (NRCan),Canada,canadabuys,,"UNSPSC:24102000,UNSPSC:56111906",OPEN,CHANGE_CLASSIFICATION_CHANGED; MATCH_CLASSIFICATION_PRIMARY,https://canadabuys.canada.ca/en/tender-opportunities,HEALTHY,
alert_4e44f5862e24eb1b_manufacturer,canadabuys:cb-755-27355364,CLASSIFICATION_CHANGED,MEDIUM,yes,manufacturer,75,GOOD,"Supply and Installation of High-Density Mobile Shelving, National Air Photo Library (NAPL)",Department of Natural Resources (NRCan),Canada,canadabuys,,"UNSPSC:24102000,UNSPSC:56111906",OPEN,CHANGE_CLASSIFICATION_CHANGED; MATCH_CLASSIFICATION_PRIMARY,https://canadabuys.canada.ca/en/tender-opportunities,HEALTHY,
alert_4f7fe04f515b7b26_construction,canadabuys:cb-660-38052142,CLASSIFICATION_CHANGED,MEDIUM,yes,construction,75,GOOD,Corelands Maintenance Management Services,National Capital Commission (NCC),Canada,canadabuys,,"UNSPSC:72102902,UNSPSC:72102903,UNSPSC:72102905,UNSPSC:76111507",OPEN,CHANGE_CLASSIFICATION_CHANGED; MATCH_CLASSIFICATION_PRIMARY,https://canadabuys.canada.ca/en/tender-opportunities,HEALTHY,
alert_4f7fe04f515b7b26_infrastructure,canadabuys:cb-660-38052142,CLASSIFICATION_CHANGED,MEDIUM,yes,infrastructure,75,GOOD,Corelands Maintenance Management Services,National Capital Commission (NCC),Canada,canadabuys,,"UNSPSC:72102902,UNSPSC:72102903,UNSPSC:72102905,UNSPSC:76111507",OPEN,CHANGE_CLASSIFICATION_CHANGED; MATCH_CLASSIFICATION_PRIMARY,https://canadabuys.canada.ca/en/tender-opportunities,HEALTHY,
alert_4fc7355a578cb6bb_engineering,canadabuys:cb-272-69359473,CLASSIFICATION_CHANGED,MEDIUM,yes,engineering,75,GOOD,TASK BASED INFORMATICS PROFESSIONAL SERVICES (TBIPS),Courts Administration Service (CAS),Canada,canadabuys,,UNSPSC:81111503,OPEN,CHANGE_CLASSIFICATION_CHANGED; MATCH_CLASSIFICATION_PRIMARY,https://canadabuys.canada.ca/en/tender-opportunities,HEALTHY,
alert_4fc7355a578cb6bb_infrastructure,canadabuys:cb-272-69359473,CLASSIFICATION_CHANGED,MEDIUM,yes,infrastructure,75,GOOD,TASK BASED INFORMATICS PROFESSIONAL SERVICES (TBIPS),Courts Administration Service (CAS),Canada,canadabuys,,UNSPSC:81111503,OPEN,CHANGE_CLASSIFICATION_CHANGED; MATCH_CLASSIFICATION_PRIMARY,https://canadabuys.canada.ca/en/tender-opportunities,HEALTHY,
alert_4fea13eb3f3eeefe_engineering,canadabuys:cb-259-36093484,CLASSIFICATION_CHANGED,MEDIUM,yes,engineering,75,GOOD,Calibration Services for (3) Years for the NRC- Clinical Trial Material Facility (CTMF) and Emergency Calibration Services,National Research Council of Canada (NRC),Canada,canadabuys,,UNSPSC:81141504,OPEN,CHANGE_CLASSIFICATION_CHANGED; MATCH_CLASSIFICATION_PRIMARY,https://canadabuys.canada.ca/en/tender-opportunities,HEALTHY,
alert_4fea13eb3f3eeefe_infrastructure,canadabuys:cb-259-36093484,CLASSIFICATION_CHANGED,MEDIUM,yes,infrastructure,75,GOOD,Calibration Services for (3) Years for the NRC- Clinical Trial Material Facility (CTMF) and Emergency Calibration Services,National Research Council of Canada (NRC),Canada,canadabuys,,UNSPSC:81141504,OPEN,CHANGE_CLASSIFICATION_CHANGED; MATCH_CLASSIFICATION_PRIMARY,https://canadabuys.canada.ca/en/tender-opportunities,HEALTHY,
alert_51517b08dfc1dd85_b2b-saas,canadabuys:ws5823649697-doc5824370200,CLASSIFICATION_CHANGED,MEDIUM,yes,b2b-saas,75,GOOD,131 Queen Office Space Fit-Up and Modernisation,Department of Public Works and Government Services (PSPC),Canada,canadabuys,,"UNSPSC:26121616,UNSPSC:30161700,UNSPSC:30161900,UNSPSC:43190000,UNSPSC:43200000,UNSPSC:43210000,UNSPSC:56000000,UNSPSC:72141510,UNSPSC:72151500,UNSPSC:72153606,UNSPSC:72153613,UNSPSC:72153615,UNSPSC:73152108,UNSPSC:80161603,UNSPSC:81101508,UNSPSC:81101533,UNSPSC:81101600,UNSPSC:81101700,UNSPSC:81101701",OPEN,CHANGE_CLASSIFICATION_CHANGED; MATCH_CLASSIFICATION_PRIMARY,https://canadabuys.canada.ca/en/tender-opportunities,HEALTHY,
alert_51517b08dfc1dd85_construction,canadabuys:ws5823649697-doc5824370200,CLASSIFICATION_CHANGED,MEDIUM,yes,construction,75,GOOD,131 Queen Office Space Fit-Up and Modernisation,Department of Public Works and Government Services (PSPC),Canada,canadabuys,,"UNSPSC:26121616,UNSPSC:30161700,UNSPSC:30161900,UNSPSC:43190000,UNSPSC:43200000,UNSPSC:43210000,UNSPSC:56000000,UNSPSC:72141510,UNSPSC:72151500,UNSPSC:72153606,UNSPSC:72153613,UNSPSC:72153615,UNSPSC:73152108,UNSPSC:80161603,UNSPSC:81101508,UNSPSC:81101533,UNSPSC:81101600,UNSPSC:81101700,UNSPSC:81101701",OPEN,CHANGE_CLASSIFICATION_CHANGED; MATCH_CLASSIFICATION_PRIMARY,https://canadabuys.canada.ca/en/tender-opportunities,HEALTHY,
alert_51517b08dfc1dd85_energy,canadabuys:ws5823649697-doc5824370200,CLASSIFICATION_CHANGED,MEDIUM,yes,energy,75,GOOD,131 Queen Office Space Fit-Up and Modernisation,Department of Public Works and Government Services (PSPC),Canada,canadabuys,,"UNSPSC:26121616,UNSPSC:30161700,UNSPSC:30161900,UNSPSC:43190000,UNSPSC:43200000,UNSPSC:43210000,UNSPSC:56000000,UNSPSC:72141510,UNSPSC:72151500,UNSPSC:72153606,UNSPSC:72153613,UNSPSC:72153615,UNSPSC:73152108,UNSPSC:80161603,UNSPSC:81101508,UNSPSC:81101533,UNSPSC:81101600,UNSPSC:81101700,UNSPSC:81101701",OPEN,CHANGE_CLASSIFICATION_CHANGED; MATCH_CLASSIFICATION_PRIMARY,https://canadabuys.canada.ca/en/tender-opportunities,HEALTHY,
alert_51517b08dfc1dd85_engineering,canadabuys:ws5823649697-doc5824370200,CLASSIFICATION_CHANGED,MEDIUM,yes,engineering,75,GOOD,131 Queen Office Space Fit-Up and Modernisation,Department of Public Works and Government Services (PSPC),Canada,canadabuys,,"UNSPSC:26121616,UNSPSC:30161700,UNSPSC:30161900,UNSPSC:43190000,UNSPSC:43200000,UNSPSC:43210000,UNSPSC:56000000,UNSPSC:72141510,UNSPSC:72151500,UNSPSC:72153606,UNSPSC:72153613,UNSPSC:72153615,UNSPSC:73152108,UNSPSC:80161603,UNSPSC:81101508,UNSPSC:81101533,UNSPSC:81101600,UNSPSC:81101700,UNSPSC:81101701",OPEN,CHANGE_CLASSIFICATION_CHANGED; MATCH_CLASSIFICATION_PRIMARY,https://canadabuys.canada.ca/en/tender-opportunities,HEALTHY,
alert_51517b08dfc1dd85_industrial-supplier,canadabuys:ws5823649697-doc5824370200,CLASSIFICATION_CHANGED,MEDIUM,yes,industrial-supplier,75,GOOD,131 Queen Office Space Fit-Up and Modernisation,Department of Public Works and Government Services (PSPC),Canada,canadabuys,,"UNSPSC:26121616,UNSPSC:30161700,UNSPSC:30161900,UNSPSC:43190000,UNSPSC:43200000,UNSPSC:43210000,UNSPSC:56000000,UNSPSC:72141510,UNSPSC:72151500,UNSPSC:72153606,UNSPSC:72153613,UNSPSC:72153615,UNSPSC:73152108,UNSPSC:80161603,UNSPSC:81101508,UNSPSC:81101533,UNSPSC:81101600,UNSPSC:81101700,UNSPSC:81101701",OPEN,CHANGE_CLASSIFICATION_CHANGED; MATCH_CLASSIFICATION_PRIMARY,https://canadabuys.canada.ca/en/tender-opportunities,HEALTHY,
alert_51517b08dfc1dd85_infrastructure,canadabuys:ws5823649697-doc5824370200,CLASSIFICATION_CHANGED,MEDIUM,yes,infrastructure,75,GOOD,131 Queen Office Space Fit-Up and Modernisation,Department of Public Works and Government Services (PSPC),Canada,canadabuys,,"UNSPSC:26121616,UNSPSC:30161700,UNSPSC:30161900,UNSPSC:43190000,UNSPSC:43200000,UNSPSC:43210000,UNSPSC:56000000,UNSPSC:72141510,UNSPSC:72151500,UNSPSC:72153606,UNSPSC:72153613,UNSPSC:72153615,UNSPSC:73152108,UNSPSC:80161603,UNSPSC:81101508,UNSPSC:81101533,UNSPSC:81101600,UNSPSC:81101700,UNSPSC:81101701",OPEN,CHANGE_CLASSIFICATION_CHANGED; MATCH_CLASSIFICATION_PRIMARY,https://canadabuys.canada.ca/en/tender-opportunities,HEALTHY,
alert_51517b08dfc1dd85_it-software,canadabuys:ws5823649697-doc5824370200,CLASSIFICATION_CHANGED,MEDIUM,yes,it-software,75,GOOD,131 Queen Office Space Fit-Up and Modernisation,Department of Public Works and Government Services (PSPC),Canada,canadabuys,,"UNSPSC:26121616,UNSPSC:30161700,UNSPSC:30161900,UNSPSC:43190000,UNSPSC:43200000,UNSPSC:43210000,UNSPSC:56000000,UNSPSC:72141510,UNSPSC:72151500,UNSPSC:72153606,UNSPSC:72153613,UNSPSC:72153615,UNSPSC:73152108,UNSPSC:80161603,UNSPSC:81101508,UNSPSC:81101533,UNSPSC:81101600,UNSPSC:81101700,UNSPSC:81101701",OPEN,CHANGE_CLASSIFICATION_CHANGED; MATCH_CLASSIFICATION_PRIMARY,https://canadabuys.canada.ca/en/tender-opportunities,HEALTHY,
alert_51517b08dfc1dd85_manufacturer,canadabuys:ws5823649697-doc5824370200,CLASSIFICATION_CHANGED,MEDIUM,yes,manufacturer,75,GOOD,131 Queen Office Space Fit-Up and Modernisation,Department of Public Works and Government Services (PSPC),Canada,canadabuys,,"UNSPSC:26121616,UNSPSC:30161700,UNSPSC:30161900,UNSPSC:43190000,UNSPSC:43200000,UNSPSC:43210000,UNSPSC:56000000,UNSPSC:72141510,UNSPSC:72151500,UNSPSC:72153606,UNSPSC:72153613,UNSPSC:72153615,UNSPSC:73152108,UNSPSC:80161603,UNSPSC:81101508,UNSPSC:81101533,UNSPSC:81101600,UNSPSC:81101700,UNSPSC:81101701",OPEN,CHANGE_CLASSIFICATION_CHANGED; MATCH_CLASSIFICATION_PRIMARY,https://canadabuys.canada.ca/en/tender-opportunities,HEALTHY,
alert_51517b08dfc1dd85_professional-services,canadabuys:ws5823649697-doc5824370200,CLASSIFICATION_CHANGED,MEDIUM,yes,professional-services,75,GOOD,131 Queen Office Space Fit-Up and Modernisation,Department of Public Works and Government Services (PSPC),Canada,canadabuys,,"UNSPSC:26121616,UNSPSC:30161700,UNSPSC:30161900,UNSPSC:43190000,UNSPSC:43200000,UNSPSC:43210000,UNSPSC:56000000,UNSPSC:72141510,UNSPSC:72151500,UNSPSC:72153606,UNSPSC:72153613,UNSPSC:72153615,UNSPSC:73152108,UNSPSC:80161603,UNSPSC:81101508,UNSPSC:81101533,UNSPSC:81101600,UNSPSC:81101700,UNSPSC:81101701",OPEN,CHANGE_CLASSIFICATION_CHANGED; MATCH_CLASSIFICATION_PRIMARY,https://canadabuys.canada.ca/en/tender-opportunities,HEALTHY,
alert_51517b08dfc1dd85_telecom,canadabuys:ws5823649697-doc5824370200,CLASSIFICATION_CHANGED,MEDIUM,yes,telecom,75,GOOD,131 Queen Office Space Fit-Up and Modernisation,Department of Public Works and Government Services (PSPC),Canada,canadabuys,,"UNSPSC:26121616,UNSPSC:30161700,UNSPSC:30161900,UNSPSC:43190000,UNSPSC:43200000,UNSPSC:43210000,UNSPSC:56000000,UNSPSC:72141510,UNSPSC:72151500,UNSPSC:72153606,UNSPSC:72153613,UNSPSC:72153615,UNSPSC:73152108,UNSPSC:80161603,UNSPSC:81101508,UNSPSC:81101533,UNSPSC:81101600,UNSPSC:81101700,UNSPSC:81101701",OPEN,CHANGE_CLASSIFICATION_CHANGED; MATCH_CLASSIFICATION_PRIMARY,https://canadabuys.canada.ca/en/tender-opportunities,HEALTHY,
alert_51e2f41a55451642_healthcare,canadabuys:ws5703210526-doc5755485593,CLASSIFICATION_CHANGED,MEDIUM,yes,healthcare,75,GOOD,Request for information - E60PH-28MPIV - Pandemic Influenza Vaccine Readiness and Supply Strategy,Department of Public Works and Government Services (PSPC),Canada,canadabuys,,UNSPSC:51000000,OPEN,CHANGE_CLASSIFICATION_CHANGED; MATCH_CLASSIFICATION_PRIMARY,https://portal.us.bn.cloud.ariba.com/dashboard/public/appext/comsapsbncdiscoveryui#/RfxEvent/preview/1110016663?anId=ANONYMOUS,HEALTHY,
alert_52148d039ad9b279_engineering,canadabuys:cb-987-96052426,CLASSIFICATION_CHANGED,MEDIUM,yes,engineering,75,GOOD,Magnetic Thin Films,Department of Natural Resources (NRCan),Canada,canadabuys,,UNSPSC:81141902,OPEN,CHANGE_CLASSIFICATION_CHANGED; MATCH_CLASSIFICATION_PRIMARY,https://canadabuys.canada.ca/en/tender-opportunities,HEALTHY,
alert_52148d039ad9b279_infrastructure,canadabuys:cb-987-96052426,CLASSIFICATION_CHANGED,MEDIUM,yes,infrastructure,75,GOOD,Magnetic Thin Films,Department of Natural Resources (NRCan),Canada,canadabuys,,UNSPSC:81141902,OPEN,CHANGE_CLASSIFICATION_CHANGED; MATCH_CLASSIFICATION_PRIMARY,https://canadabuys.canada.ca/en/tender-opportunities,HEALTHY,
alert_52609329fb14ad9f_construction,canadabuys:ws5351339788-doc5351339848,CLASSIFICATION_CHANGED,MEDIUM,yes,construction,75,GOOD,"EC015-260774 - Basin Dredging and Mechanical Dewatering - Pointe Verte, NB",Department of Public Works and Government Services (PSPC),Canada,canadabuys,,UNSPSC:72141206,OPEN,CHANGE_CLASSIFICATION_CHANGED; MATCH_CLASSIFICATION_PRIMARY,https://discovery.ariba.com/rfx/23464506?extsite=MjM0NjQ1MDZfQU4wMTQ4NDA1MDk5Mg==,HEALTHY,
alert_52609329fb14ad9f_infrastructure,canadabuys:ws5351339788-doc5351339848,CLASSIFICATION_CHANGED,MEDIUM,yes,infrastructure,75,GOOD,"EC015-260774 - Basin Dredging and Mechanical Dewatering - Pointe Verte, NB",Department of Public Works and Government Services (PSPC),Canada,canadabuys,,UNSPSC:72141206,OPEN,CHANGE_CLASSIFICATION_CHANGED; MATCH_CLASSIFICATION_PRIMARY,https://discovery.ariba.com/rfx/23464506?extsite=MjM0NjQ1MDZfQU4wMTQ4NDA1MDk5Mg==,HEALTHY,
alert_539e478536b3ff1f_construction,canadabuys:cb-8576-72252387,CLASSIFICATION_CHANGED,MEDIUM,yes,construction,75,GOOD,NISO for OVERHEAD PROTECTION SUPPORT KIT,Department of National Defence (DND),Canada,canadabuys,,UNSPSC:30260000,OPEN,CHANGE_CLASSIFICATION_CHANGED; MATCH_CLASSIFICATION_PRIMARY,https://canadabuys.canada.ca/en/tender-opportunities,HEALTHY,
alert_53a4fdf9fc8314c1_b2b-saas,canadabuys:ws5275936191-doc5338484358,CLASSIFICATION_CHANGED,MEDIUM,yes,b2b-saas,75,GOOD,Command and Control (C2) Tools - Land Intelligence Surveillance Reconnaissance Modernization (LISRM),Department of Public Works and Government Services (PSPC),Canada,canadabuys,,UNSPSC:43230000,OPEN,CHANGE_CLASSIFICATION_CHANGED; MATCH_CLASSIFICATION_PRIMARY,https://discovery.ariba.com/rfx/23521482?extsite=MjM1MjE0ODJfQU4wMTQ4NDA1MDk5Mg==,HEALTHY,
alert_53a4fdf9fc8314c1_it-software,canadabuys:ws5275936191-doc5338484358,CLASSIFICATION_CHANGED,MEDIUM,yes,it-software,75,GOOD,Command and Control (C2) Tools - Land Intelligence Surveillance Reconnaissance Modernization (LISRM),Department of Public Works and Government Services (PSPC),Canada,canadabuys,,UNSPSC:43230000,OPEN,CHANGE_CLASSIFICATION_CHANGED; MATCH_CLASSIFICATION_PRIMARY,https://discovery.ariba.com/rfx/23521482?extsite=MjM1MjE0ODJfQU4wMTQ4NDA1MDk5Mg==,HEALTHY,
alert_53a4fdf9fc8314c1_telecom,canadabuys:ws5275936191-doc5338484358,CLASSIFICATION_CHANGED,MEDIUM,yes,telecom,75,GOOD,Command and Control (C2) Tools - Land Intelligence Surveillance Reconnaissance Modernization (LISRM),Department of Public Works and Government Services (PSPC),Canada,canadabuys,,UNSPSC:43230000,OPEN,CHANGE_CLASSIFICATION_CHANGED; MATCH_CLASSIFICATION_PRIMARY,https://discovery.ariba.com/rfx/23521482?extsite=MjM1MjE0ODJfQU4wMTQ4NDA1MDk5Mg==,HEALTHY,
alert_53c4f831793c817c_construction,canadabuys:cb-477-4835240,CLASSIFICATION_CHANGED,MEDIUM,yes,construction,75,GOOD,"Stage 2 - Roadside Ditching - Trans-Canada Highway - Field Hill, Yoho National Park",Parks Canada Agency (PC),Canada,canadabuys,,"UNSPSC:30120000,UNSPSC:72141000,UNSPSC:72141003",OPEN,CHANGE_CLASSIFICATION_CHANGED; MATCH_CLASSIFICATION_PRIMARY,https://canadabuys.canada.ca/en/tender-opportunities,HEALTHY,
alert_53c4f831793c817c_infrastructure,canadabuys:cb-477-4835240,CLASSIFICATION_CHANGED,MEDIUM,yes,infrastructure,75,GOOD,"Stage 2 - Roadside Ditching - Trans-Canada Highway - Field Hill, Yoho National Park",Parks Canada Agency (PC),Canada,canadabuys,,"UNSPSC:30120000,UNSPSC:72141000,UNSPSC:72141003",OPEN,CHANGE_CLASSIFICATION_CHANGED; MATCH_CLASSIFICATION_PRIMARY,https://canadabuys.canada.ca/en/tender-opportunities,HEALTHY,
alert_53fba81ef46e0916_construction,canadabuys:cb-236-13452791,CLASSIFICATION_CHANGED,MEDIUM,yes,construction,75,GOOD,Port Repairs at Bella Bella facility British Columbia,Department of Transport (TC),Canada,canadabuys,,UNSPSC:72101500,OPEN,CHANGE_CLASSIFICATION_CHANGED; MATCH_CLASSIFICATION_PRIMARY,https://canadabuys.canada.ca/en/tender-opportunities,HEALTHY,
alert_53fba81ef46e0916_infrastructure,canadabuys:cb-236-13452791,CLASSIFICATION_CHANGED,MEDIUM,yes,infrastructure,75,GOOD,Port Repairs at Bella Bella facility British Columbia,Department of Transport (TC),Canada,canadabuys,,UNSPSC:72101500,OPEN,CHANGE_CLASSIFICATION_CHANGED; MATCH_CLASSIFICATION_PRIMARY,https://canadabuys.canada.ca/en/tender-opportunities,HEALTHY,
alert_53fcc1e6ce4f8752_construction,canadabuys:cb-843-22472444,CLASSIFICATION_CHANGED,MEDIUM,yes,construction,75,GOOD,Stage 1 -Amishku-Shipiss-Kigiap Konga - Beaver Brook Camp-Akami−Uapishkᵘ−KakKasuak−Mealy Mountains National Park Reserve,Parks Canada Agency (PC),Canada,canadabuys,,"UNSPSC:72101513,UNSPSC:72120000,UNSPSC:72130000",OPEN,CHANGE_CLASSIFICATION_CHANGED; MATCH_CLASSIFICATION_PRIMARY,https://canadabuys.canada.ca/en/tender-opportunities,HEALTHY,
alert_53fcc1e6ce4f8752_infrastructure,canadabuys:cb-843-22472444,CLASSIFICATION_CHANGED,MEDIUM,yes,infrastructure,75,GOOD,Stage 1 -Amishku-Shipiss-Kigiap Konga - Beaver Brook Camp-Akami−Uapishkᵘ−KakKasuak−Mealy Mountains National Park Reserve,Parks Canada Agency (PC),Canada,canadabuys,,"UNSPSC:72101513,UNSPSC:72120000,UNSPSC:72130000",OPEN,CHANGE_CLASSIFICATION_CHANGED; MATCH_CLASSIFICATION_PRIMARY,https://canadabuys.canada.ca/en/tender-opportunities,HEALTHY,
alert_54508ee0c9d09f8c_construction,canadabuys:ws5593465179-doc5810961848,CLASSIFICATION_CHANGED,MEDIUM,yes,construction,75,GOOD,"ITQ-EC016-261481 B-Ventilation grille replacement - Atlantic Institution Renous, NB",Department of Public Works and Government Services (PSPC),Canada,canadabuys,,UNSPSC:72120000,OPEN,CHANGE_CLASSIFICATION_CHANGED; MATCH_CLASSIFICATION_PRIMARY,https://portal.us.bn.cloud.ariba.com/dashboard/public/appext/comsapsbncdiscoveryui#/RfxEvent/preview/1110020156?anId=ANONYMOUS,HEALTHY,
alert_54508ee0c9d09f8c_infrastructure,canadabuys:ws5593465179-doc5810961848,CLASSIFICATION_CHANGED,MEDIUM,yes,infrastructure,75,GOOD,"ITQ-EC016-261481 B-Ventilation grille replacement - Atlantic Institution Renous, NB",Department of Public Works and Government Services (PSPC),Canada,canadabuys,,UNSPSC:72120000,OPEN,CHANGE_CLASSIFICATION_CHANGED; MATCH_CLASSIFICATION_PRIMARY,https://portal.us.bn.cloud.ariba.com/dashboard/public/appext/comsapsbncdiscoveryui#/RfxEvent/preview/1110020156?anId=ANONYMOUS,HEALTHY,
alert_5457416580be4c8b_construction,canadabuys:cb-674-86589304,CLASSIFICATION_CHANGED,MEDIUM,yes,construction,75,GOOD,"Trail Bridges Replacement, Riding Mountain National Park",Parks Canada Agency (PC),Canada,canadabuys,,UNSPSC:72141107,OPEN,CHANGE_CLASSIFICATION_CHANGED; MATCH_CLASSIFICATION_PRIMARY,https://canadabuys.canada.ca/en/tender-opportunities,HEALTHY,
alert_5457416580be4c8b_infrastructure,canadabuys:cb-674-86589304,CLASSIFICATION_CHANGED,MEDIUM,yes,infrastructure,75,GOOD,"Trail Bridges Replacement, Riding Mountain National Park",Parks Canada Agency (PC),Canada,canadabuys,,UNSPSC:72141107,OPEN,CHANGE_CLASSIFICATION_CHANGED; MATCH_CLASSIFICATION_PRIMARY,https://canadabuys.canada.ca/en/tender-opportunities,HEALTHY,
alert_5465e606920c5a6e_healthcare,canadabuys:cb-421-82044114,CLASSIFICATION_CHANGED,MEDIUM,yes,healthcare,75,GOOD,Family Services Program,Correctional Service of Canada (CSC),Canada,canadabuys,,UNSPSC:85122100,OPEN,CHANGE_CLASSIFICATION_CHANGED; MATCH_CLASSIFICATION_PRIMARY,https://canadabuys.canada.ca/en/tender-opportunities,HEALTHY,
alert_552b905786936d21_energy,canadabuys:cb-859-57501301,CLASSIFICATION_CHANGED,MEDIUM,yes,energy,75,GOOD,"EATON UPS PREVENTIVE MAINTENANCE, REPAIRS, REPLACEMENT PARTS, AND BATTERIES",House of Commons,Canada,canadabuys,,"UNSPSC:26100000,UNSPSC:26131700,UNSPSC:26131800,UNSPSC:39121000",OPEN,CHANGE_CLASSIFICATION_CHANGED; MATCH_CLASSIFICATION_PRIMARY,https://canadabuys.canada.ca/en/tender-opportunities,HEALTHY,
alert_552b905786936d21_industrial-supplier,canadabuys:cb-859-57501301,CLASSIFICATION_CHANGED,MEDIUM,yes,industrial-supplier,75,GOOD,"EATON UPS PREVENTIVE MAINTENANCE, REPAIRS, REPLACEMENT PARTS, AND BATTERIES",House of Commons,Canada,canadabuys,,"UNSPSC:26100000,UNSPSC:26131700,UNSPSC:26131800,UNSPSC:39121000",OPEN,CHANGE_CLASSIFICATION_CHANGED; MATCH_CLASSIFICATION_PRIMARY,https://canadabuys.canada.ca/en/tender-opportunities,HEALTHY,
alert_552b905786936d21_manufacturer,canadabuys:cb-859-57501301,CLASSIFICATION_CHANGED,MEDIUM,yes,manufacturer,75,GOOD,"EATON UPS PREVENTIVE MAINTENANCE, REPAIRS, REPLACEMENT PARTS, AND BATTERIES",House of Commons,Canada,canadabuys,,"UNSPSC:26100000,UNSPSC:26131700,UNSPSC:26131800,UNSPSC:39121000",OPEN,CHANGE_CLASSIFICATION_CHANGED; MATCH_CLASSIFICATION_PRIMARY,https://canadabuys.canada.ca/en/tender-opportunities,HEALTHY,
alert_555eba14655b9db2_construction,canadabuys:ws5528666888-doc5528694897,CLASSIFICATION_CHANGED,MEDIUM,yes,construction,75,GOOD,Phase 1 - ITQ – EV385-261359 – CSC Sask Pen Roof Replacement,Department of Public Works and Government Services (PSPC),Canada,canadabuys,,"UNSPSC:72000000,UNSPSC:72101520",OPEN,CHANGE_CLASSIFICATION_CHANGED; MATCH_CLASSIFICATION_PRIMARY,https://portal.us.bn.cloud.ariba.com/dashboard/public/appext/comsapsbncdiscoveryui#/RfxEvent/preview/1110003442?anId=ANONYMOUS,HEALTHY,
alert_555eba14655b9db2_infrastructure,canadabuys:ws5528666888-doc5528694897,CLASSIFICATION_CHANGED,MEDIUM,yes,infrastructure,75,GOOD,Phase 1 - ITQ – EV385-261359 – CSC Sask Pen Roof Replacement,Department of Public Works and Government Services (PSPC),Canada,canadabuys,,"UNSPSC:72000000,UNSPSC:72101520",OPEN,CHANGE_CLASSIFICATION_CHANGED; MATCH_CLASSIFICATION_PRIMARY,https://portal.us.bn.cloud.ariba.com/dashboard/public/appext/comsapsbncdiscoveryui#/RfxEvent/preview/1110003442?anId=ANONYMOUS,HEALTHY,
alert_563d9cd0d70eabd8_healthcare,canadabuys:ws5801165980-doc5801166061,CLASSIFICATION_CHANGED,MEDIUM,yes,healthcare,75,GOOD,ACAN tecovirimat,Department of Public Works and Government Services (PSPC),Canada,canadabuys,,UNSPSC:51000000,OPEN,CHANGE_CLASSIFICATION_CHANGED; MATCH_CLASSIFICATION_PRIMARY,https://portal.us.bn.cloud.ariba.com/dashboard/public/appext/comsapsbncdiscoveryui#/RfxEvent/preview/1110020394?anId=ANONYMOUS,HEALTHY,
alert_568513ef5a71a7c2_construction,canadabuys:ws5814608676-doc5820617701,CLASSIFICATION_CHANGED,MEDIUM,yes,construction,75,GOOD,EB144-270364 - ITQ - Building Electrification,Department of Public Works and Government Services (PSPC),Canada,canadabuys,,UNSPSC:72151002,OPEN,CHANGE_CLASSIFICATION_CHANGED; MATCH_CLASSIFICATION_PRIMARY,https://portal.us.bn.cloud.ariba.com/dashboard/public/appext/comsapsbncdiscoveryui#/RfxEvent/preview/1110020735?anId=ANONYMOUS,HEALTHY,
alert_568513ef5a71a7c2_infrastructure,canadabuys:ws5814608676-doc5820617701,CLASSIFICATION_CHANGED,MEDIUM,yes,infrastructure,75,GOOD,EB144-270364 - ITQ - Building Electrification,Department of Public Works and Government Services (PSPC),Canada,canadabuys,,UNSPSC:72151002,OPEN,CHANGE_CLASSIFICATION_CHANGED; MATCH_CLASSIFICATION_PRIMARY,https://portal.us.bn.cloud.ariba.com/dashboard/public/appext/comsapsbncdiscoveryui#/RfxEvent/preview/1110020735?anId=ANONYMOUS,HEALTHY,
alert_580ee0bf146f1558_construction,canadabuys:ws5822483507-doc5824542138,CLASSIFICATION_CHANGED,MEDIUM,yes,construction,75,GOOD,EC015-270630 – Basin Dredging Le Goulet 2026,Department of Public Works and Government Services (PSPC),Canada,canadabuys,,UNSPSC:72141206,OPEN,CHANGE_CLASSIFICATION_CHANGED; MATCH_CLASSIFICATION_PRIMARY,https://portal.us.bn.cloud.ariba.com/dashboard/public/appext/comsapsbncdiscoveryui#/RfxEvent/preview/1110021089?anId=ANONYMOUS,HEALTHY,
alert_580ee0bf146f1558_infrastructure,canadabuys:ws5822483507-doc5824542138,CLASSIFICATION_CHANGED,MEDIUM,yes,infrastructure,75,GOOD,EC015-270630 – Basin Dredging Le Goulet 2026,Department of Public Works and Government Services (PSPC),Canada,canadabuys,,UNSPSC:72141206,OPEN,CHANGE_CLASSIFICATION_CHANGED; MATCH_CLASSIFICATION_PRIMARY,https://portal.us.bn.cloud.ariba.com/dashboard/public/appext/comsapsbncdiscoveryui#/RfxEvent/preview/1110021089?anId=ANONYMOUS,HEALTHY,
alert_584bb47eab7299c0_healthcare,canadabuys:cb-705-3221879,CLASSIFICATION_CHANGED,MEDIUM,yes,healthcare,75,GOOD,Medical Surveillance Program for NRC - Clinical Trial Material  Facility - CTMF,National Research Council of Canada (NRC),Canada,canadabuys,,"UNSPSC:25101937,UNSPSC:85110000",OPEN,CHANGE_CLASSIFICATION_CHANGED; MATCH_CLASSIFICATION_PRIMARY,https://canadabuys.canada.ca/en/tender-opportunities,HEALTHY,
alert_584bb47eab7299c0_manufacturer,canadabuys:cb-705-3221879,CLASSIFICATION_CHANGED,MEDIUM,yes,manufacturer,75,GOOD,Medical Surveillance Program for NRC - Clinical Trial Material  Facility - CTMF,National Research Council of Canada (NRC),Canada,canadabuys,,"UNSPSC:25101937,UNSPSC:85110000",OPEN,CHANGE_CLASSIFICATION_CHANGED; MATCH_CLASSIFICATION_PRIMARY,https://canadabuys.canada.ca/en/tender-opportunities,HEALTHY,
alert_5863c4ce0a6a4b30_professional-services,canadabuys:cb-710-38389980,CLASSIFICATION_CHANGED,MEDIUM,yes,professional-services,75,GOOD,Employee Benefits Consulting Services,Destination Canada (DC),Canada,canadabuys,,UNSPSC:80111502,OPEN,CHANGE_CLASSIFICATION_CHANGED; MATCH_CLASSIFICATION_PRIMARY,https://canadabuys.canada.ca/en/tender-opportunities,HEALTHY,
alert_5889e7164ce15207_professional-services,canadabuys:cb-648-28590699,CLASSIFICATION_CHANGED,MEDIUM,yes,professional-services,75,GOOD,RFP004249 Property and Tenant Management Ontario,Canada Mortgage and Housing Corporation (CNHC),Canada,canadabuys,,UNSPSC:80161601,OPEN,CHANGE_CLASSIFICATION_CHANGED; MATCH_CLASSIFICATION_PRIMARY,https://canadabuys.canada.ca/en/tender-opportunities,HEALTHY,
alert_59059dc1927183dd_manufacturer,canadabuys:cb-236-30865714,CLASSIFICATION_CHANGED,MEDIUM,yes,manufacturer,75,GOOD,"Long-Endurance, Electric-Powered, Hybrid Gyroplane–Helicopter Vertical Takeoff and Landing (VTOL) Remotely Piloted Aircraft System (RPAS).",National Research Council of Canada (NRC),Canada,canadabuys,,UNSPSC:25131904,OPEN,CHANGE_CLASSIFICATION_CHANGED; MATCH_CLASSIFICATION_PRIMARY,https://canadabuys.canada.ca/en/tender-opportunities,HEALTHY,
alert_59eb171781c91454_construction,canadabuys:ws5799028446-doc5802879921,CLASSIFICATION_CHANGED,MEDIUM,yes,construction,75,GOOD,"EQ754-270127 Building Demolition, 98 Manitoba Street, Bracebridge, Ontario",Department of Public Works and Government Services (PSPC),Canada,canadabuys,,UNSPSC:72141510,OPEN,CHANGE_CLASSIFICATION_CHANGED; MATCH_CLASSIFICATION_PRIMARY,https://portal.us.bn.cloud.ariba.com/dashboard/public/appext/comsapsbncdiscoveryui#/RfxEvent/preview/1110019700?anId=ANONYMOUS,HEALTHY,
alert_59eb171781c91454_infrastructure,canadabuys:ws5799028446-doc5802879921,CLASSIFICATION_CHANGED,MEDIUM,yes,infrastructure,75,GOOD,"EQ754-270127 Building Demolition, 98 Manitoba Street, Bracebridge, Ontario",Department of Public Works and Government Services (PSPC),Canada,canadabuys,,UNSPSC:72141510,OPEN,CHANGE_CLASSIFICATION_CHANGED; MATCH_CLASSIFICATION_PRIMARY,https://portal.us.bn.cloud.ariba.com/dashboard/public/appext/comsapsbncdiscoveryui#/RfxEvent/preview/1110019700?anId=ANONYMOUS,HEALTHY,
alert_5aa593271d12a2f5_construction,canadabuys:ws5812820445-doc5812871513,CLASSIFICATION_CHANGED,MEDIUM,yes,construction,75,GOOD,Rideau Committee Room-Elevator Modernization,Department of Public Works and Government Services (PSPC),Canada,canadabuys,,"UNSPSC:24101601,UNSPSC:72000000,UNSPSC:72101506",OPEN,CHANGE_CLASSIFICATION_CHANGED; MATCH_CLASSIFICATION_PRIMARY,https://portal.us.bn.cloud.ariba.com/dashboard/public/appext/comsapsbncdiscoveryui#/RfxEvent/preview/1110020283?anId=ANONYMOUS,HEALTHY,
alert_5aa593271d12a2f5_industrial-supplier,canadabuys:ws5812820445-doc5812871513,CLASSIFICATION_CHANGED,MEDIUM,yes,industrial-supplier,75,GOOD,Rideau Committee Room-Elevator Modernization,Department of Public Works and Government Services (PSPC),Canada,canadabuys,,"UNSPSC:24101601,UNSPSC:72000000,UNSPSC:72101506",OPEN,CHANGE_CLASSIFICATION_CHANGED; MATCH_CLASSIFICATION_PRIMARY,https://portal.us.bn.cloud.ariba.com/dashboard/public/appext/comsapsbncdiscoveryui#/RfxEvent/preview/1110020283?anId=ANONYMOUS,HEALTHY,
alert_5aa593271d12a2f5_infrastructure,canadabuys:ws5812820445-doc5812871513,CLASSIFICATION_CHANGED,MEDIUM,yes,infrastructure,75,GOOD,Rideau Committee Room-Elevator Modernization,Department of Public Works and Government Services (PSPC),Canada,canadabuys,,"UNSPSC:24101601,UNSPSC:72000000,UNSPSC:72101506",OPEN,CHANGE_CLASSIFICATION_CHANGED; MATCH_CLASSIFICATION_PRIMARY,https://portal.us.bn.cloud.ariba.com/dashboard/public/appext/comsapsbncdiscoveryui#/RfxEvent/preview/1110020283?anId=ANONYMOUS,HEALTHY,
alert_5aa593271d12a2f5_manufacturer,canadabuys:ws5812820445-doc5812871513,CLASSIFICATION_CHANGED,MEDIUM,yes,manufacturer,75,GOOD,Rideau Committee Room-Elevator Modernization,Department of Public Works and Government Services (PSPC),Canada,canadabuys,,"UNSPSC:24101601,UNSPSC:72000000,UNSPSC:72101506",OPEN,CHANGE_CLASSIFICATION_CHANGED; MATCH_CLASSIFICATION_PRIMARY,https://portal.us.bn.cloud.ariba.com/dashboard/public/appext/comsapsbncdiscoveryui#/RfxEvent/preview/1110020283?anId=ANONYMOUS,HEALTHY,
alert_5bf995b70470b749_professional-services,canadabuys:cb-604-90785837,CLASSIFICATION_CHANGED,MEDIUM,yes,professional-services,75,GOOD,Negotiator Services,Office of the Superintendent of Financial Institutions (OSFI),Canada,canadabuys,,"UNSPSC:80111503,UNSPSC:80121705",OPEN,CHANGE_CLASSIFICATION_CHANGED; MATCH_CLASSIFICATION_PRIMARY,https://canadabuys.canada.ca/en/tender-opportunities,HEALTHY,
alert_5c8f2ee992bdf6a7_manufacturer,canadabuys:cb-910-8055145,CLASSIFICATION_CHANGED,MEDIUM,yes,manufacturer,75,GOOD,26-58075 Radio Frequency (RF) Test and Measurement Suite,National Research Council of Canada (NRC),Canada,canadabuys,,UNSPSC:32130000,OPEN,CHANGE_CLASSIFICATION_CHANGED; MATCH_CLASSIFICATION_PRIMARY,https://canadabuys.canada.ca/en/tender-opportunities,HEALTHY,
alert_5ce658e21d1f873c_construction,canadabuys:ws5803425265-doc5809333564,CLASSIFICATION_CHANGED,MEDIUM,yes,construction,75,GOOD,W6898-270820-Hoist and Crane Maintenance-DND Various Locations NB and PEI,Department of Public Works and Government Services (PSPC),Canada,canadabuys,,"UNSPSC:72101512,UNSPSC:72154502",OPEN,CHANGE_CLASSIFICATION_CHANGED; MATCH_CLASSIFICATION_PRIMARY,https://portal.us.bn.cloud.ariba.com/dashboard/public/appext/comsapsbncdiscoveryui#/RfxEvent/preview/1110019997?anId=ANONYMOUS,HEALTHY,
alert_5ce658e21d1f873c_infrastructure,canadabuys:ws5803425265-doc5809333564,CLASSIFICATION_CHANGED,MEDIUM,yes,infrastructure,75,GOOD,W6898-270820-Hoist and Crane Maintenance-DND Various Locations NB and PEI,Department of Public Works and Government Services (PSPC),Canada,canadabuys,,"UNSPSC:72101512,UNSPSC:72154502",OPEN,CHANGE_CLASSIFICATION_CHANGED; MATCH_CLASSIFICATION_PRIMARY,https://portal.us.bn.cloud.ariba.com/dashboard/public/appext/comsapsbncdiscoveryui#/RfxEvent/preview/1110019997?anId=ANONYMOUS,HEALTHY,
alert_5ce6a7b13b9f4540_construction,canadabuys:ws5120581462-doc5145686894,CLASSIFICATION_CHANGED,MEDIUM,yes,construction,75,GOOD,E6HAL-250001 RMSA Plumbing Fittings and Supplies,Department of Public Works and Government Services (PSPC),Canada,canadabuys,,"UNSPSC:30180000,UNSPSC:30181600,UNSPSC:30181700,UNSPSC:30181800,UNSPSC:40141719,UNSPSC:40141720,UNSPSC:40141725,UNSPSC:40141727,UNSPSC:40141732",OPEN,CHANGE_CLASSIFICATION_CHANGED; MATCH_CLASSIFICATION_PRIMARY,https://discovery.ariba.com/rfx/23131828?extsite=MjMxMzE4MjhfQU4wMTQ4NDA1MDk5Mg==,HEALTHY,
alert_5d1180d3c22cc6a3_manufacturer,canadabuys:cb-72-54988601,CLASSIFICATION_CHANGED,MEDIUM,yes,manufacturer,75,GOOD,Trailers for Hurricane Zodiac 472,Department of National Defence (DND),Canada,canadabuys,,UNSPSC:25180000,OPEN,CHANGE_CLASSIFICATION_CHANGED; MATCH_CLASSIFICATION_PRIMARY,https://canadabuys.canada.ca/en/tender-opportunities,HEALTHY,
alert_5d189f0ebe128454_construction,canadabuys:cb-533-62022885,CLASSIFICATION_CHANGED,MEDIUM,yes,construction,75,GOOD,"Elevator Maintenance Services, Iqaluit HQ, Iqaluit, NU",Royal Canadian Mounted Police (RCMP),Canada,canadabuys,,UNSPSC:72101500,OPEN,CHANGE_CLASSIFICATION_CHANGED; MATCH_CLASSIFICATION_PRIMARY,https://canadabuys.canada.ca/en/tender-opportunities,HEALTHY,
alert_5d189f0ebe128454_infrastructure,canadabuys:cb-533-62022885,CLASSIFICATION_CHANGED,MEDIUM,yes,infrastructure,75,GOOD,"Elevator Maintenance Services, Iqaluit HQ, Iqaluit, NU",Royal Canadian Mounted Police (RCMP),Canada,canadabuys,,UNSPSC:72101500,OPEN,CHANGE_CLASSIFICATION_CHANGED; MATCH_CLASSIFICATION_PRIMARY,https://canadabuys.canada.ca/en/tender-opportunities,HEALTHY,
alert_5d19e37526003028_manufacturer,canadabuys:cb-828-72538708,CLASSIFICATION_CHANGED,MEDIUM,yes,manufacturer,75,GOOD,Windshield Wiper Assembly,Department of National Defence (DND),Canada,canadabuys,,UNSPSC:25171500,OPEN,CHANGE_CLASSIFICATION_CHANGED; MATCH_CLASSIFICATION_PRIMARY,https://canadabuys.canada.ca/en/tender-opportunities,HEALTHY,
alert_5d8c4db20b0f6dec_b2b-saas,canadabuys:ws5795549926-doc5802609772,CLASSIFICATION_CHANGED,MEDIUM,yes,b2b-saas,75,GOOD,Request for Quotation (RFQ) F2934-262109 for the purchase of IntelliJ IDEA Ultimate Subscription Licenses,Department of Public Works and Government Services (PSPC),Canada,canadabuys,,"UNSPSC:43230000,UNSPSC:81112200",OPEN,CHANGE_CLASSIFICATION_CHANGED; MATCH_CLASSIFICATION_PRIMARY,https://canadabuys.canada.ca/en/tender-opportunities,HEALTHY,
alert_5d8c4db20b0f6dec_engineering,canadabuys:ws5795549926-doc5802609772,CLASSIFICATION_CHANGED,MEDIUM,yes,engineering,75,GOOD,Request for Quotation (RFQ) F2934-262109 for the purchase of IntelliJ IDEA Ultimate Subscription Licenses,Department of Public Works and Government Services (PSPC),Canada,canadabuys,,"UNSPSC:43230000,UNSPSC:81112200",OPEN,CHANGE_CLASSIFICATION_CHANGED; MATCH_CLASSIFICATION_PRIMARY,https://canadabuys.canada.ca/en/tender-opportunities,HEALTHY,
alert_5d8c4db20b0f6dec_infrastructure,canadabuys:ws5795549926-doc5802609772,CLASSIFICATION_CHANGED,MEDIUM,yes,infrastructure,75,GOOD,Request for Quotation (RFQ) F2934-262109 for the purchase of IntelliJ IDEA Ultimate Subscription Licenses,Department of Public Works and Government Services (PSPC),Canada,canadabuys,,"UNSPSC:43230000,UNSPSC:81112200",OPEN,CHANGE_CLASSIFICATION_CHANGED; MATCH_CLASSIFICATION_PRIMARY,https://canadabuys.canada.ca/en/tender-opportunities,HEALTHY,
alert_5d8c4db20b0f6dec_it-software,canadabuys:ws5795549926-doc5802609772,CLASSIFICATION_CHANGED,MEDIUM,yes,it-software,75,GOOD,Request for Quotation (RFQ) F2934-262109 for the purchase of IntelliJ IDEA Ultimate Subscription Licenses,Department of Public Works and Government Services (PSPC),Canada,canadabuys,,"UNSPSC:43230000,UNSPSC:81112200",OPEN,CHANGE_CLASSIFICATION_CHANGED; MATCH_CLASSIFICATION_PRIMARY,https://canadabuys.canada.ca/en/tender-opportunities,HEALTHY,
alert_5d8c4db20b0f6dec_telecom,canadabuys:ws5795549926-doc5802609772,CLASSIFICATION_CHANGED,MEDIUM,yes,telecom,75,GOOD,Request for Quotation (RFQ) F2934-262109 for the purchase of IntelliJ IDEA Ultimate Subscription Licenses,Department of Public Works and Government Services (PSPC),Canada,canadabuys,,"UNSPSC:43230000,UNSPSC:81112200",OPEN,CHANGE_CLASSIFICATION_CHANGED; MATCH_CLASSIFICATION_PRIMARY,https://canadabuys.canada.ca/en/tender-opportunities,HEALTHY,
alert_5da34b6ba6c65b16_engineering,canadabuys:ws3740006143-doc4435603828,CLASSIFICATION_CHANGED,MEDIUM,yes,engineering,75,GOOD,E60PI-23AGNT-C - Ongoing Qualification to RFSA Subscription Agent Services,Department of Public Works and Government Services (PSPC),Canada,canadabuys,,UNSPSC:81111900,OPEN,CHANGE_CLASSIFICATION_CHANGED; MATCH_CLASSIFICATION_PRIMARY,https://portal.us.bn.cloud.ariba.com/dashboard/public/appext/comsapsbncdiscoveryui#/RfxEvent/preview/18746406?anId=ANONYMOUS,HEALTHY,
alert_5da34b6ba6c65b16_infrastructure,canadabuys:ws3740006143-doc4435603828,CLASSIFICATION_CHANGED,MEDIUM,yes,infrastructure,75,GOOD,E60PI-23AGNT-C - Ongoing Qualification to RFSA Subscription Agent Services,Department of Public Works and Government Services (PSPC),Canada,canadabuys,,UNSPSC:81111900,OPEN,CHANGE_CLASSIFICATION_CHANGED; MATCH_CLASSIFICATION_PRIMARY,https://portal.us.bn.cloud.ariba.com/dashboard/public/appext/comsapsbncdiscoveryui#/RfxEvent/preview/18746406?anId=ANONYMOUS,HEALTHY,
alert_5dd4566d29d8473c_healthcare,canadabuys:cb-51-20733894,CLASSIFICATION_CHANGED,MEDIUM,yes,healthcare,75,GOOD,"Physician Services - Grierson Institution, Prairie Region",Correctional Service of Canada (CSC),Canada,canadabuys,,UNSPSC:85121600,OPEN,CHANGE_CLASSIFICATION_CHANGED; MATCH_CLASSIFICATION_PRIMARY,https://canadabuys.canada.ca/en/tender-opportunities,HEALTHY,
alert_5e3eecd3035ca6d3_construction,canadabuys:cb-468-44890466,CLASSIFICATION_CHANGED,MEDIUM,yes,construction,75,GOOD,HFX-Class Spares - Ship's Hull & Deck,Department of National Defence (DND),Canada,canadabuys,,"UNSPSC:25111900,UNSPSC:26111500,UNSPSC:30161500,UNSPSC:31150000,UNSPSC:31160000,UNSPSC:31161500,UNSPSC:31161600,UNSPSC:31162600,UNSPSC:31163000,UNSPSC:31171500,UNSPSC:31201600,UNSPSC:31400000,UNSPSC:32100000,UNSPSC:32121600,UNSPSC:39121500,UNSPSC:39122200,UNSPSC:40141600,UNSPSC:60120000",OPEN,CHANGE_CLASSIFICATION_CHANGED; MATCH_CLASSIFICATION_PRIMARY,https://canadabuys.canada.ca/en/tender-opportunities,HEALTHY,
alert_5e3eecd3035ca6d3_energy,canadabuys:cb-468-44890466,CLASSIFICATION_CHANGED,MEDIUM,yes,energy,75,GOOD,HFX-Class Spares - Ship's Hull & Deck,Department of National Defence (DND),Canada,canadabuys,,"UNSPSC:25111900,UNSPSC:26111500,UNSPSC:30161500,UNSPSC:31150000,UNSPSC:31160000,UNSPSC:31161500,UNSPSC:31161600,UNSPSC:31162600,UNSPSC:31163000,UNSPSC:31171500,UNSPSC:31201600,UNSPSC:31400000,UNSPSC:32100000,UNSPSC:32121600,UNSPSC:39121500,UNSPSC:39122200,UNSPSC:40141600,UNSPSC:60120000",OPEN,CHANGE_CLASSIFICATION_CHANGED; MATCH_CLASSIFICATION_PRIMARY,https://canadabuys.canada.ca/en/tender-opportunities,HEALTHY,
alert_5e3eecd3035ca6d3_industrial-supplier,canadabuys:cb-468-44890466,CLASSIFICATION_CHANGED,MEDIUM,yes,industrial-supplier,75,GOOD,HFX-Class Spares - Ship's Hull & Deck,Department of National Defence (DND),Canada,canadabuys,,"UNSPSC:25111900,UNSPSC:26111500,UNSPSC:30161500,UNSPSC:31150000,UNSPSC:31160000,UNSPSC:31161500,UNSPSC:31161600,UNSPSC:31162600,UNSPSC:31163000,UNSPSC:31171500,UNSPSC:31201600,UNSPSC:31400000,UNSPSC:32100000,UNSPSC:32121600,UNSPSC:39121500,UNSPSC:39122200,UNSPSC:40141600,UNSPSC:60120000",OPEN,CHANGE_CLASSIFICATION_CHANGED; MATCH_CLASSIFICATION_PRIMARY,https://canadabuys.canada.ca/en/tender-opportunities,HEALTHY,
alert_5e3eecd3035ca6d3_manufacturer,canadabuys:cb-468-44890466,CLASSIFICATION_CHANGED,MEDIUM,yes,manufacturer,75,GOOD,HFX-Class Spares - Ship's Hull & Deck,Department of National Defence (DND),Canada,canadabuys,,"UNSPSC:25111900,UNSPSC:26111500,UNSPSC:30161500,UNSPSC:31150000,UNSPSC:31160000,UNSPSC:31161500,UNSPSC:31161600,UNSPSC:31162600,UNSPSC:31163000,UNSPSC:31171500,UNSPSC:31201600,UNSPSC:31400000,UNSPSC:32100000,UNSPSC:32121600,UNSPSC:39121500,UNSPSC:39122200,UNSPSC:40141600,UNSPSC:60120000",OPEN,CHANGE_CLASSIFICATION_CHANGED; MATCH_CLASSIFICATION_PRIMARY,https://canadabuys.canada.ca/en/tender-opportunities,HEALTHY,
alert_5ed28051e35d3048_professional-services,canadabuys:ws5534243802-doc5753305789,CLASSIFICATION_CHANGED,MEDIUM,yes,professional-services,75,GOOD,RFI CIPO ITM3 - Summary of feedback and outcomes,Department of Public Works and Government Services (PSPC),Canada,canadabuys,,UNSPSC:80101507,OPEN,CHANGE_CLASSIFICATION_CHANGED; MATCH_CLASSIFICATION_PRIMARY,https://portal.us.bn.cloud.ariba.com/dashboard/public/appext/comsapsbncdiscoveryui#/RfxEvent/preview/1110016260?anId=ANONYMOUS,HEALTHY,
alert_60c4106c4e865a85_construction,canadabuys:ws5507940508-doc5508893001,CLASSIFICATION_CHANGED,MEDIUM,yes,construction,75,GOOD,"EB144-261133 - D200 Welding Shop Ventilation, Halifax Dockyard",Department of Public Works and Government Services (PSPC),Canada,canadabuys,,"UNSPSC:72000000,UNSPSC:72100000,UNSPSC:72101500,UNSPSC:72102900",OPEN,CHANGE_CLASSIFICATION_CHANGED; MATCH_CLASSIFICATION_PRIMARY,https://portal.us.bn.cloud.ariba.com/dashboard/public/appext/comsapsbncdiscoveryui#/RfxEvent/preview/1110001848?anId=ANONYMOUS,HEALTHY,
alert_60c4106c4e865a85_infrastructure,canadabuys:ws5507940508-doc5508893001,CLASSIFICATION_CHANGED,MEDIUM,yes,infrastructure,75,GOOD,"EB144-261133 - D200 Welding Shop Ventilation, Halifax Dockyard",Department of Public Works and Government Services (PSPC),Canada,canadabuys,,"UNSPSC:72000000,UNSPSC:72100000,UNSPSC:72101500,UNSPSC:72102900",OPEN,CHANGE_CLASSIFICATION_CHANGED; MATCH_CLASSIFICATION_PRIMARY,https://portal.us.bn.cloud.ariba.com/dashboard/public/appext/comsapsbncdiscoveryui#/RfxEvent/preview/1110001848?anId=ANONYMOUS,HEALTHY,
alert_60c8b1dec3b06562_manufacturer,canadabuys:ws3987424970-doc3991340433,CLASSIFICATION_CHANGED,MEDIUM,yes,manufacturer,75,GOOD,"Truck, Tractor, Medium and Heavy, RFSA E60HP-16TRUK-B",Department of Public Works and Government Services (PSPC),Canada,canadabuys,,"UNSPSC:25100000,UNSPSC:25101601,UNSPSC:25101604,UNSPSC:25101611,UNSPSC:25101917,UNSPSC:25101921,UNSPSC:25102100",OPEN,CHANGE_CLASSIFICATION_CHANGED; MATCH_CLASSIFICATION_PRIMARY,https://portal.us.bn.cloud.ariba.com/dashboard/public/appext/comsapsbncdiscoveryui#/RfxEvent/preview/16150407?anId=ANONYMOUS,HEALTHY,
alert_6173202e3ea36dd1_healthcare,canadabuys:cb-431-54773506,CLASSIFICATION_CHANGED,MEDIUM,yes,healthcare,75,GOOD,One (1) Autoclave Steam Sterilizer,Department of Agriculture and Agri-Food (AAFC),Canada,canadabuys,,"UNSPSC:41100000,UNSPSC:42281500,UNSPSC:42281508",OPEN,CHANGE_CLASSIFICATION_CHANGED; MATCH_CLASSIFICATION_PRIMARY,https://canadabuys.canada.ca/en/tender-opportunities,HEALTHY,
alert_61a1a542f35e679e_logistics,canadabuys:ws5825818895-doc5828029069,CLASSIFICATION_CHANGED,MEDIUM,yes,logistics,75,GOOD,F1782-26C074 – Advance Contract Award Notice – Dry Docking and Refit of the CCGS Grenfell,Department of Public Works and Government Services (PSPC),Canada,canadabuys,,UNSPSC:78182000,OPEN,CHANGE_CLASSIFICATION_CHANGED; MATCH_CLASSIFICATION_PRIMARY,https://portal.us.bn.cloud.ariba.com/dashboard/public/appext/comsapsbncdiscoveryui#/RfxEvent/preview/1110021240?anId=ANONYMOUS,HEALTHY,
alert_6268e48c7c8a2ee9_manufacturer,canadabuys:ws3307006752-doc3307116261,CLASSIFICATION_CHANGED,MEDIUM,yes,manufacturer,75,GOOD,Common Heavy Equipment Replacement (CHER) project  Bundle 7 (W8476 185840 H),Department of Public Works and Government Services (PSPC),Canada,canadabuys,,UNSPSC:25181700,OPEN,CHANGE_CLASSIFICATION_CHANGED; MATCH_CLASSIFICATION_PRIMARY,http://discovery.ariba.com/rfx/12105817,HEALTHY,
alert_62d49224b77cc9d4_b2b-saas,canadabuys:cb-189-99496980,CLASSIFICATION_CHANGED,MEDIUM,yes,b2b-saas,75,GOOD,Spares for armament loaders,Department of National Defence (DND),Canada,canadabuys,,"UNSPSC:24101605,UNSPSC:25170000,UNSPSC:25171700,UNSPSC:25172500,UNSPSC:25172900,UNSPSC:25173800,UNSPSC:25174000,UNSPSC:25181600,UNSPSC:25202200,UNSPSC:26101100,UNSPSC:26121500,UNSPSC:27121600,UNSPSC:31160000,UNSPSC:31170000,UNSPSC:31171500,UNSPSC:31180000,UNSPSC:31251500,UNSPSC:31400000,UNSPSC:39120000,UNSPSC:39121500,UNSPSC:39122200,UNSPSC:40141600,UNSPSC:40151500,UNSPSC:40170000,UNSPSC:41112400,UNSPSC:43211700",OPEN,CHANGE_CLASSIFICATION_CHANGED; MATCH_CLASSIFICATION_PRIMARY,https://canadabuys.canada.ca/en/tender-opportunities,HEALTHY,
alert_62d49224b77cc9d4_energy,canadabuys:cb-189-99496980,CLASSIFICATION_CHANGED,MEDIUM,yes,energy,75,GOOD,Spares for armament loaders,Department of National Defence (DND),Canada,canadabuys,,"UNSPSC:24101605,UNSPSC:25170000,UNSPSC:25171700,UNSPSC:25172500,UNSPSC:25172900,UNSPSC:25173800,UNSPSC:25174000,UNSPSC:25181600,UNSPSC:25202200,UNSPSC:26101100,UNSPSC:26121500,UNSPSC:27121600,UNSPSC:31160000,UNSPSC:31170000,UNSPSC:31171500,UNSPSC:31180000,UNSPSC:31251500,UNSPSC:31400000,UNSPSC:39120000,UNSPSC:39121500,UNSPSC:39122200,UNSPSC:40141600,UNSPSC:40151500,UNSPSC:40170000,UNSPSC:41112400,UNSPSC:43211700",OPEN,CHANGE_CLASSIFICATION_CHANGED; MATCH_CLASSIFICATION_PRIMARY,https://canadabuys.canada.ca/en/tender-opportunities,HEALTHY,
alert_62d49224b77cc9d4_industrial-supplier,canadabuys:cb-189-99496980,CLASSIFICATION_CHANGED,MEDIUM,yes,industrial-supplier,75,GOOD,Spares for armament loaders,Department of National Defence (DND),Canada,canadabuys,,"UNSPSC:24101605,UNSPSC:25170000,UNSPSC:25171700,UNSPSC:25172500,UNSPSC:25172900,UNSPSC:25173800,UNSPSC:25174000,UNSPSC:25181600,UNSPSC:25202200,UNSPSC:26101100,UNSPSC:26121500,UNSPSC:27121600,UNSPSC:31160000,UNSPSC:31170000,UNSPSC:31171500,UNSPSC:31180000,UNSPSC:31251500,UNSPSC:31400000,UNSPSC:39120000,UNSPSC:39121500,UNSPSC:39122200,UNSPSC:40141600,UNSPSC:40151500,UNSPSC:40170000,UNSPSC:41112400,UNSPSC:43211700",OPEN,CHANGE_CLASSIFICATION_CHANGED; MATCH_CLASSIFICATION_PRIMARY,https://canadabuys.canada.ca/en/tender-opportunities,HEALTHY,
alert_62d49224b77cc9d4_it-software,canadabuys:cb-189-99496980,CLASSIFICATION_CHANGED,MEDIUM,yes,it-software,75,GOOD,Spares for armament loaders,Department of National Defence (DND),Canada,canadabuys,,"UNSPSC:24101605,UNSPSC:25170000,UNSPSC:25171700,UNSPSC:25172500,UNSPSC:25172900,UNSPSC:25173800,UNSPSC:25174000,UNSPSC:25181600,UNSPSC:25202200,UNSPSC:26101100,UNSPSC:26121500,UNSPSC:27121600,UNSPSC:31160000,UNSPSC:31170000,UNSPSC:31171500,UNSPSC:31180000,UNSPSC:31251500,UNSPSC:31400000,UNSPSC:39120000,UNSPSC:39121500,UNSPSC:39122200,UNSPSC:40141600,UNSPSC:40151500,UNSPSC:40170000,UNSPSC:41112400,UNSPSC:43211700",OPEN,CHANGE_CLASSIFICATION_CHANGED; MATCH_CLASSIFICATION_PRIMARY,https://canadabuys.canada.ca/en/tender-opportunities,HEALTHY,
alert_62d49224b77cc9d4_manufacturer,canadabuys:cb-189-99496980,CLASSIFICATION_CHANGED,MEDIUM,yes,manufacturer,75,GOOD,Spares for armament loaders,Department of National Defence (DND),Canada,canadabuys,,"UNSPSC:24101605,UNSPSC:25170000,UNSPSC:25171700,UNSPSC:25172500,UNSPSC:25172900,UNSPSC:25173800,UNSPSC:25174000,UNSPSC:25181600,UNSPSC:25202200,UNSPSC:26101100,UNSPSC:26121500,UNSPSC:27121600,UNSPSC:31160000,UNSPSC:31170000,UNSPSC:31171500,UNSPSC:31180000,UNSPSC:31251500,UNSPSC:31400000,UNSPSC:39120000,UNSPSC:39121500,UNSPSC:39122200,UNSPSC:40141600,UNSPSC:40151500,UNSPSC:40170000,UNSPSC:41112400,UNSPSC:43211700",OPEN,CHANGE_CLASSIFICATION_CHANGED; MATCH_CLASSIFICATION_PRIMARY,https://canadabuys.canada.ca/en/tender-opportunities,HEALTHY,
alert_62d49224b77cc9d4_telecom,canadabuys:cb-189-99496980,CLASSIFICATION_CHANGED,MEDIUM,yes,telecom,75,GOOD,Spares for armament loaders,Department of National Defence (DND),Canada,canadabuys,,"UNSPSC:24101605,UNSPSC:25170000,UNSPSC:25171700,UNSPSC:25172500,UNSPSC:25172900,UNSPSC:25173800,UNSPSC:25174000,UNSPSC:25181600,UNSPSC:25202200,UNSPSC:26101100,UNSPSC:26121500,UNSPSC:27121600,UNSPSC:31160000,UNSPSC:31170000,UNSPSC:31171500,UNSPSC:31180000,UNSPSC:31251500,UNSPSC:31400000,UNSPSC:39120000,UNSPSC:39121500,UNSPSC:39122200,UNSPSC:40141600,UNSPSC:40151500,UNSPSC:40170000,UNSPSC:41112400,UNSPSC:43211700",OPEN,CHANGE_CLASSIFICATION_CHANGED; MATCH_CLASSIFICATION_PRIMARY,https://canadabuys.canada.ca/en/tender-opportunities,HEALTHY,
alert_62f13f7e19278956_professional-services,canadabuys:cb-40-97221487,CLASSIFICATION_CHANGED,MEDIUM,yes,professional-services,75,GOOD,TBIPS AI Support Services,"Department of Foreign Affairs, Trade and Development (GAC)",Canada,canadabuys,,UNSPSC:80101507,OPEN,CHANGE_CLASSIFICATION_CHANGED; MATCH_CLASSIFICATION_PRIMARY,https://canadabuys.canada.ca/en/tender-opportunities,HEALTHY,
alert_6428e1d4673fd0c0_industrial-supplier,canadabuys:cb-204-90056182,CLASSIFICATION_CHANGED,MEDIUM,yes,industrial-supplier,75,GOOD,Tracked Excavator,Department of National Defence (DND),Canada,canadabuys,,UNSPSC:22101526,OPEN,CHANGE_CLASSIFICATION_CHANGED; MATCH_CLASSIFICATION_PRIMARY,https://canadabuys.canada.ca/en/tender-opportunities,HEALTHY,
alert_650e4522a2402e4b_professional-services,canadabuys:cb-488-57831754,CLASSIFICATION_CHANGED,MEDIUM,yes,professional-services,75,GOOD,One (1) Intermediate Procurement Specialist,Department of National Defence (DND),Canada,canadabuys,,UNSPSC:82111500,OPEN,CHANGE_CLASSIFICATION_CHANGED; MATCH_CLASSIFICATION_PRIMARY,https://canadabuys.canada.ca/en/tender-opportunities,HEALTHY,
alert_654480d27e1c5db4_engineering,canadabuys:ws5823905634-doc5825280647,CLASSIFICATION_CHANGED,MEDIUM,yes,engineering,75,GOOD,F6081-260087 ShoreZone Linear Mapping and Data Analysis For Newfoundland and Labrador,Department of Public Works and Government Services (PSPC),Canada,canadabuys,,UNSPSC:81151601,OPEN,CHANGE_CLASSIFICATION_CHANGED; MATCH_CLASSIFICATION_PRIMARY,https://portal.us.bn.cloud.ariba.com/dashboard/public/appext/comsapsbncdiscoveryui#/RfxEvent/preview/1110021084?anId=ANONYMOUS,HEALTHY,
alert_654480d27e1c5db4_infrastructure,canadabuys:ws5823905634-doc5825280647,CLASSIFICATION_CHANGED,MEDIUM,yes,infrastructure,75,GOOD,F6081-260087 ShoreZone Linear Mapping and Data Analysis For Newfoundland and Labrador,Department of Public Works and Government Services (PSPC),Canada,canadabuys,,UNSPSC:81151601,OPEN,CHANGE_CLASSIFICATION_CHANGED; MATCH_CLASSIFICATION_PRIMARY,https://portal.us.bn.cloud.ariba.com/dashboard/public/appext/comsapsbncdiscoveryui#/RfxEvent/preview/1110021084?anId=ANONYMOUS,HEALTHY,
alert_657852b87c071d63_construction,canadabuys:cb-817-34155413,CLASSIFICATION_CHANGED,MEDIUM,yes,construction,75,GOOD,"Rehabilitation of the des Seigneurs Bridge, Lachine Canal National Historic Site",Parks Canada Agency (PC),Canada,canadabuys,,UNSPSC:72141107,OPEN,CHANGE_CLASSIFICATION_CHANGED; MATCH_CLASSIFICATION_PRIMARY,https://canadabuys.canada.ca/en/tender-opportunities,HEALTHY,
alert_657852b87c071d63_infrastructure,canadabuys:cb-817-34155413,CLASSIFICATION_CHANGED,MEDIUM,yes,infrastructure,75,GOOD,"Rehabilitation of the des Seigneurs Bridge, Lachine Canal National Historic Site",Parks Canada Agency (PC),Canada,canadabuys,,UNSPSC:72141107,OPEN,CHANGE_CLASSIFICATION_CHANGED; MATCH_CLASSIFICATION_PRIMARY,https://canadabuys.canada.ca/en/tender-opportunities,HEALTHY,
alert_65b0a5ad35ee1377_industrial-supplier,canadabuys:cb-6-70690140,CLASSIFICATION_CHANGED,MEDIUM,yes,industrial-supplier,75,GOOD,Material Handling equipment,Department of National Defence (DND),Canada,canadabuys,,UNSPSC:22100000,OPEN,CHANGE_CLASSIFICATION_CHANGED; MATCH_CLASSIFICATION_PRIMARY,https://canadabuys.canada.ca/en/tender-opportunities,HEALTHY,
alert_65b1b47e5676ac23_industrial-supplier,canadabuys:ws4052927717-doc4053526199,CLASSIFICATION_CHANGED,MEDIUM,yes,industrial-supplier,75,GOOD,E6TOR-23RM04 Light Construction Equipment Rental,Department of Public Works and Government Services (PSPC),Canada,canadabuys,,UNSPSC:22000000,OPEN,CHANGE_CLASSIFICATION_CHANGED; MATCH_CLASSIFICATION_PRIMARY,https://portal.us.bn.cloud.ariba.com/dashboard/public/appext/comsapsbncdiscoveryui#/RfxEvent/preview/16583696?anId=ANONYMOUS,HEALTHY,
alert_66535f291aaddb2c_professional-services,canadabuys:cb-251-43254886,CLASSIFICATION_CHANGED,MEDIUM,yes,professional-services,75,GOOD,INVITATION TO SUBMIT AN EXPRESSION OF INTEREST (EOI) AS TO THE AVAILABILITY OF SPACE FOR LEASE IN THE CITIES OF OTTAWA AND/OR GATINEAU,Department of Public Works and Government Services (PSPC),Canada,canadabuys,,UNSPSC:80130000,OPEN,CHANGE_CLASSIFICATION_CHANGED; MATCH_CLASSIFICATION_PRIMARY,https://canadabuys.canada.ca/en/tender-opportunities,HEALTHY,
alert_66d219c99cd1b9f3_b2b-saas,canadabuys:ws5510704313-doc5510840172,CLASSIFICATION_CHANGED,MEDIUM,yes,b2b-saas,75,GOOD,"PR22616 - B821T-260140 - Adobe AEM FORMS for Immigration, Refugees and Citizenship Canada",Department of Public Works and Government Services (PSPC),Canada,canadabuys,,UNSPSC:43230000,OPEN,CHANGE_CLASSIFICATION_CHANGED; MATCH_CLASSIFICATION_PRIMARY,https://canadabuys.canada.ca/en/tender-opportunities,HEALTHY,
alert_66d219c99cd1b9f3_it-software,canadabuys:ws5510704313-doc5510840172,CLASSIFICATION_CHANGED,MEDIUM,yes,it-software,75,GOOD,"PR22616 - B821T-260140 - Adobe AEM FORMS for Immigration, Refugees and Citizenship Canada",Department of Public Works and Government Services (PSPC),Canada,canadabuys,,UNSPSC:43230000,OPEN,CHANGE_CLASSIFICATION_CHANGED; MATCH_CLASSIFICATION_PRIMARY,https://canadabuys.canada.ca/en/tender-opportunities,HEALTHY,
alert_66d219c99cd1b9f3_telecom,canadabuys:ws5510704313-doc5510840172,CLASSIFICATION_CHANGED,MEDIUM,yes,telecom,75,GOOD,"PR22616 - B821T-260140 - Adobe AEM FORMS for Immigration, Refugees and Citizenship Canada",Department of Public Works and Government Services (PSPC),Canada,canadabuys,,UNSPSC:43230000,OPEN,CHANGE_CLASSIFICATION_CHANGED; MATCH_CLASSIFICATION_PRIMARY,https://canadabuys.canada.ca/en/tender-opportunities,HEALTHY,
alert_6735610921879314_construction,canadabuys:ws5810721200-doc5810910942,CLASSIFICATION_CHANGED,MEDIUM,yes,construction,75,GOOD,EA003-270538 ITQ - Caulking and Flashing - NAFC,Department of Public Works and Government Services (PSPC),Canada,canadabuys,,"UNSPSC:72101500,UNSPSC:72103300,UNSPSC:72153200",OPEN,CHANGE_CLASSIFICATION_CHANGED; MATCH_CLASSIFICATION_PRIMARY,https://portal.us.bn.cloud.ariba.com/dashboard/public/appext/comsapsbncdiscoveryui#/RfxEvent/preview/1110020135?anId=ANONYMOUS,HEALTHY,
alert_6735610921879314_infrastructure,canadabuys:ws5810721200-doc5810910942,CLASSIFICATION_CHANGED,MEDIUM,yes,infrastructure,75,GOOD,EA003-270538 ITQ - Caulking and Flashing - NAFC,Department of Public Works and Government Services (PSPC),Canada,canadabuys,,"UNSPSC:72101500,UNSPSC:72103300,UNSPSC:72153200",OPEN,CHANGE_CLASSIFICATION_CHANGED; MATCH_CLASSIFICATION_PRIMARY,https://portal.us.bn.cloud.ariba.com/dashboard/public/appext/comsapsbncdiscoveryui#/RfxEvent/preview/1110020135?anId=ANONYMOUS,HEALTHY,
alert_673f4f05b19a5cb2_healthcare,canadabuys:ws3749700983-doc3749788678,CLASSIFICATION_CHANGED,MEDIUM,yes,healthcare,75,GOOD,"E60PV-20DENT Dental Supplies, Instruments, Equipment, Parts, Accessories, Services RFSA",Department of Public Works and Government Services (PSPC),Canada,canadabuys,,"UNSPSC:42150000,UNSPSC:53131500,UNSPSC:85122000",OPEN,CHANGE_CLASSIFICATION_CHANGED; MATCH_CLASSIFICATION_PRIMARY,https://portal.us.bn.cloud.ariba.com/dashboard/public/appext/comsapsbncdiscoveryui#/RfxEvent/preview/16067731?anId=ANONYMOUS,HEALTHY,
alert_674d56ee0a2ebb80_healthcare,canadabuys:ws5816506499-doc5816561187,CLASSIFICATION_CHANGED,MEDIUM,yes,healthcare,75,GOOD,21510-260003 NICORETTE GUM,Department of Public Works and Government Services (PSPC),Canada,canadabuys,,"UNSPSC:50000000,UNSPSC:50210000,UNSPSC:51000000",OPEN,CHANGE_CLASSIFICATION_CHANGED; MATCH_CLASSIFICATION_PRIMARY,https://portal.us.bn.cloud.ariba.com/dashboard/public/appext/comsapsbncdiscoveryui#/RfxEvent/preview/1110020846?anId=ANONYMOUS,HEALTHY,
alert_682fb19424c4fcb9_healthcare,canadabuys:ws5738187284-doc5755751128,CLASSIFICATION_CHANGED,MEDIUM,yes,healthcare,75,GOOD,Request for Information - Vaccine Sector Input on Buy Canadian Policy and Canadian Value-Added,Department of Public Works and Government Services (PSPC),Canada,canadabuys,,UNSPSC:51000000,OPEN,CHANGE_CLASSIFICATION_CHANGED; MATCH_CLASSIFICATION_PRIMARY,https://portal.us.bn.cloud.ariba.com/dashboard/public/appext/comsapsbncdiscoveryui#/RfxEvent/preview/1110016557?anId=ANONYMOUS,HEALTHY,
alert_684b476ba4dc27e1_manufacturer,canadabuys:ws3756167237-doc3866688458,CLASSIFICATION_CHANGED,MEDIUM,yes,manufacturer,75,GOOD,Lowbed Trailers,Department of Public Works and Government Services (PSPC),Canada,canadabuys,,"UNSPSC:25180000,UNSPSC:25181700",OPEN,CHANGE_CLASSIFICATION_CHANGED; MATCH_CLASSIFICATION_PRIMARY,http://discovery.ariba.com/rfx/15383945?extsite=MTUzODM5NDVfQU4wMTQ4NDA1MDk5Mg==,HEALTHY,
alert_68f9e9aeadd3f6bc_engineering,canadabuys:cb-926-16963258,CLASSIFICATION_CHANGED,MEDIUM,yes,engineering,75,GOOD,RFP - Northwest B.C. Supply Chain Development Analysis,Department of Western Economic Diversification (WD),Canada,canadabuys,,UNSPSC:81121505,OPEN,CHANGE_CLASSIFICATION_CHANGED; MATCH_CLASSIFICATION_PRIMARY,https://canadabuys.canada.ca/en/tender-opportunities,HEALTHY,
alert_68f9e9aeadd3f6bc_infrastructure,canadabuys:cb-926-16963258,CLASSIFICATION_CHANGED,MEDIUM,yes,infrastructure,75,GOOD,RFP - Northwest B.C. Supply Chain Development Analysis,Department of Western Economic Diversification (WD),Canada,canadabuys,,UNSPSC:81121505,OPEN,CHANGE_CLASSIFICATION_CHANGED; MATCH_CLASSIFICATION_PRIMARY,https://canadabuys.canada.ca/en/tender-opportunities,HEALTHY,
alert_69221c2f7fce5602_construction,canadabuys:ws5789062696-doc5789151761,CLASSIFICATION_CHANGED,MEDIUM,yes,construction,75,GOOD,"EE517-270238-Harbour revitalization, Newport",Department of Public Works and Government Services (PSPC),Canada,canadabuys,,UNSPSC:72141100,OPEN,CHANGE_CLASSIFICATION_CHANGED; MATCH_CLASSIFICATION_PRIMARY,https://portal.us.bn.cloud.ariba.com/dashboard/public/appext/comsapsbncdiscoveryui#/RfxEvent/preview/1110018463?anId=ANONYMOUS,HEALTHY,
alert_69221c2f7fce5602_infrastructure,canadabuys:ws5789062696-doc5789151761,CLASSIFICATION_CHANGED,MEDIUM,yes,infrastructure,75,GOOD,"EE517-270238-Harbour revitalization, Newport",Department of Public Works and Government Services (PSPC),Canada,canadabuys,,UNSPSC:72141100,OPEN,CHANGE_CLASSIFICATION_CHANGED; MATCH_CLASSIFICATION_PRIMARY,https://portal.us.bn.cloud.ariba.com/dashboard/public/appext/comsapsbncdiscoveryui#/RfxEvent/preview/1110018463?anId=ANONYMOUS,HEALTHY,
alert_6932bd91843826f6_construction,canadabuys:ws5814608758-doc5814740434,CLASSIFICATION_CHANGED,MEDIUM,yes,construction,75,GOOD,"ITQ-EB144-270660-Renovation of mezzanines D200, DND, Halifax NS",Department of Public Works and Government Services (PSPC),Canada,canadabuys,,"UNSPSC:72121100,UNSPSC:72121103",OPEN,CHANGE_CLASSIFICATION_CHANGED; MATCH_CLASSIFICATION_PRIMARY,https://portal.us.bn.cloud.ariba.com/dashboard/public/appext/comsapsbncdiscoveryui#/RfxEvent/preview/1110020386?anId=ANONYMOUS,HEALTHY,
alert_6932bd91843826f6_infrastructure,canadabuys:ws5814608758-doc5814740434,CLASSIFICATION_CHANGED,MEDIUM,yes,infrastructure,75,GOOD,"ITQ-EB144-270660-Renovation of mezzanines D200, DND, Halifax NS",Department of Public Works and Government Services (PSPC),Canada,canadabuys,,"UNSPSC:72121100,UNSPSC:72121103",OPEN,CHANGE_CLASSIFICATION_CHANGED; MATCH_CLASSIFICATION_PRIMARY,https://portal.us.bn.cloud.ariba.com/dashboard/public/appext/comsapsbncdiscoveryui#/RfxEvent/preview/1110020386?anId=ANONYMOUS,HEALTHY,
alert_6939dedf3ba34f68_healthcare,canadabuys:ws4341909175-doc4341909272,CLASSIFICATION_CHANGED,MEDIUM,yes,healthcare,75,GOOD,SA-THIRD PARTY LOGISTICS,Department of Public Works and Government Services (PSPC),Canada,canadabuys,,UNSPSC:42000000,OPEN,CHANGE_CLASSIFICATION_CHANGED; MATCH_CLASSIFICATION_PRIMARY,https://portal.us.bn.cloud.ariba.com/dashboard/public/appext/comsapsbncdiscoveryui#/RfxEvent/preview/18231754?anId=ANONYMOUS,HEALTHY,
alert_6a9c409578ba2878_construction,canadabuys:cb-254-50562195,CLASSIFICATION_CHANGED,MEDIUM,yes,construction,75,GOOD,CCTV installation services for RCMP in PEI and NS,Royal Canadian Mounted Police (RCMP),Canada,canadabuys,,UNSPSC:72151700,OPEN,CHANGE_CLASSIFICATION_CHANGED; MATCH_CLASSIFICATION_PRIMARY,https://canadabuys.canada.ca/en/tender-opportunities,HEALTHY,
alert_6a9c409578ba2878_infrastructure,canadabuys:cb-254-50562195,CLASSIFICATION_CHANGED,MEDIUM,yes,infrastructure,75,GOOD,CCTV installation services for RCMP in PEI and NS,Royal Canadian Mounted Police (RCMP),Canada,canadabuys,,UNSPSC:72151700,OPEN,CHANGE_CLASSIFICATION_CHANGED; MATCH_CLASSIFICATION_PRIMARY,https://canadabuys.canada.ca/en/tender-opportunities,HEALTHY,
alert_6b1d49ec0e28c69a_b2b-saas,canadabuys:cb-670-44707187,CLASSIFICATION_CHANGED,MEDIUM,yes,b2b-saas,75,GOOD,Application Maintenance and Development Services,Canada Deposit Insurance Corporation (CDIC),Canada,canadabuys,,"UNSPSC:43232401,UNSPSC:81111504,UNSPSC:81111511,UNSPSC:81141902,UNSPSC:81161501",OPEN,CHANGE_CLASSIFICATION_CHANGED; MATCH_CLASSIFICATION_PRIMARY,https://canadabuys.canada.ca/en/tender-opportunities,HEALTHY,
alert_6b1d49ec0e28c69a_engineering,canadabuys:cb-670-44707187,CLASSIFICATION_CHANGED,MEDIUM,yes,engineering,75,GOOD,Application Maintenance and Development Services,Canada Deposit Insurance Corporation (CDIC),Canada,canadabuys,,"UNSPSC:43232401,UNSPSC:81111504,UNSPSC:81111511,UNSPSC:81141902,UNSPSC:81161501",OPEN,CHANGE_CLASSIFICATION_CHANGED; MATCH_CLASSIFICATION_PRIMARY,https://canadabuys.canada.ca/en/tender-opportunities,HEALTHY,
alert_6b1d49ec0e28c69a_infrastructure,canadabuys:cb-670-44707187,CLASSIFICATION_CHANGED,MEDIUM,yes,infrastructure,75,GOOD,Application Maintenance and Development Services,Canada Deposit Insurance Corporation (CDIC),Canada,canadabuys,,"UNSPSC:43232401,UNSPSC:81111504,UNSPSC:81111511,UNSPSC:81141902,UNSPSC:81161501",OPEN,CHANGE_CLASSIFICATION_CHANGED; MATCH_CLASSIFICATION_PRIMARY,https://canadabuys.canada.ca/en/tender-opportunities,HEALTHY,
alert_6b1d49ec0e28c69a_it-software,canadabuys:cb-670-44707187,CLASSIFICATION_CHANGED,MEDIUM,yes,it-software,75,GOOD,Application Maintenance and Development Services,Canada Deposit Insurance Corporation (CDIC),Canada,canadabuys,,"UNSPSC:43232401,UNSPSC:81111504,UNSPSC:81111511,UNSPSC:81141902,UNSPSC:81161501",OPEN,CHANGE_CLASSIFICATION_CHANGED; MATCH_CLASSIFICATION_PRIMARY,https://canadabuys.canada.ca/en/tender-opportunities,HEALTHY,
alert_6b1d49ec0e28c69a_telecom,canadabuys:cb-670-44707187,CLASSIFICATION_CHANGED,MEDIUM,yes,telecom,75,GOOD,Application Maintenance and Development Services,Canada Deposit Insurance Corporation (CDIC),Canada,canadabuys,,"UNSPSC:43232401,UNSPSC:81111504,UNSPSC:81111511,UNSPSC:81141902,UNSPSC:81161501",OPEN,CHANGE_CLASSIFICATION_CHANGED; MATCH_CLASSIFICATION_PRIMARY,https://canadabuys.canada.ca/en/tender-opportunities,HEALTHY,
alert_6b51e11060646f91_manufacturer,canadabuys:ws5799787047-doc5800552816,CLASSIFICATION_CHANGED,MEDIUM,yes,manufacturer,75,GOOD,Pickup Truck Spacekaps,Department of Public Works and Government Services (PSPC),Canada,canadabuys,,UNSPSC:25172000,OPEN,CHANGE_CLASSIFICATION_CHANGED; MATCH_CLASSIFICATION_PRIMARY,https://canadabuys.canada.ca/en/tender-opportunities,HEALTHY,
alert_6b94421bbc395952_professional-services,canadabuys:ws5337908376-doc5479747555,CLASSIFICATION_CHANGED,MEDIUM,yes,professional-services,75,GOOD,Supply Arrangement- Printing Services,Department of Public Works and Government Services (PSPC),Canada,canadabuys,,"UNSPSC:73151900,UNSPSC:82121500,UNSPSC:82121502,UNSPSC:82121506",OPEN,CHANGE_CLASSIFICATION_CHANGED; MATCH_CLASSIFICATION_PRIMARY,https://discovery.ariba.com/rfx/23622654?extsite=MjM2MjI2NTRfQU4wMTQ4NDA1MDk5Mg==,HEALTHY,
alert_6c1618cb3fd273ad_b2b-saas,canadabuys:cb-250-52228085,CLASSIFICATION_CHANGED,MEDIUM,yes,b2b-saas,75,GOOD,Computer Aided Dispatch Replacement,Government of the Northwest Territories (GNWT),Canada,canadabuys,,"UNSPSC:43230000,UNSPSC:43232604",OPEN,CHANGE_CLASSIFICATION_CHANGED; MATCH_CLASSIFICATION_PRIMARY,https://canadabuys.canada.ca/en/tender-opportunities,HEALTHY,
alert_6c1618cb3fd273ad_it-software,canadabuys:cb-250-52228085,CLASSIFICATION_CHANGED,MEDIUM,yes,it-software,75,GOOD,Computer Aided Dispatch Replacement,Government of the Northwest Territories (GNWT),Canada,canadabuys,,"UNSPSC:43230000,UNSPSC:43232604",OPEN,CHANGE_CLASSIFICATION_CHANGED; MATCH_CLASSIFICATION_PRIMARY,https://canadabuys.canada.ca/en/tender-opportunities,HEALTHY,
alert_6c1618cb3fd273ad_telecom,canadabuys:cb-250-52228085,CLASSIFICATION_CHANGED,MEDIUM,yes,telecom,75,GOOD,Computer Aided Dispatch Replacement,Government of the Northwest Territories (GNWT),Canada,canadabuys,,"UNSPSC:43230000,UNSPSC:43232604",OPEN,CHANGE_CLASSIFICATION_CHANGED; MATCH_CLASSIFICATION_PRIMARY,https://canadabuys.canada.ca/en/tender-opportunities,HEALTHY,
alert_6c2300cdf9f071f8_construction,canadabuys:cb-331-83451780,CLASSIFICATION_CHANGED,MEDIUM,yes,construction,75,GOOD,Fort Simpson Park Shower Building Rebuild,Government of the Northwest Territories (GNWT),Canada,canadabuys,,UNSPSC:72130000,OPEN,CHANGE_CLASSIFICATION_CHANGED; MATCH_CLASSIFICATION_PRIMARY,https://canadabuys.canada.ca/en/tender-opportunities,HEALTHY,
alert_6c2300cdf9f071f8_infrastructure,canadabuys:cb-331-83451780,CLASSIFICATION_CHANGED,MEDIUM,yes,infrastructure,75,GOOD,Fort Simpson Park Shower Building Rebuild,Government of the Northwest Territories (GNWT),Canada,canadabuys,,UNSPSC:72130000,OPEN,CHANGE_CLASSIFICATION_CHANGED; MATCH_CLASSIFICATION_PRIMARY,https://canadabuys.canada.ca/en/tender-opportunities,HEALTHY,
alert_6c8dd6326a05b7aa_manufacturer,canadabuys:ws4077185436-doc4083926117,CLASSIFICATION_CHANGED,MEDIUM,yes,manufacturer,75,GOOD,Enclosed Trailers RFSA,Department of Public Works and Government Services (PSPC),Canada,canadabuys,,UNSPSC:25181700,OPEN,CHANGE_CLASSIFICATION_CHANGED; MATCH_CLASSIFICATION_PRIMARY,https://portal.us.bn.cloud.ariba.com/dashboard/public/appext/comsapsbncdiscoveryui#/RfxEvent/preview/16768512?anId=ANONYMOUS,HEALTHY,
alert_6c988567e9bded7b_manufacturer,canadabuys:cb-868-57112978,CLASSIFICATION_CHANGED,MEDIUM,yes,manufacturer,75,GOOD,Air Rescue Fire Fighting Vehicle (ARFFV) 12000 L,Department of National Defence (DND),Canada,canadabuys,,"UNSPSC:25100000,UNSPSC:25101700,UNSPSC:25101708,UNSPSC:25180000",OPEN,CHANGE_CLASSIFICATION_CHANGED; MATCH_CLASSIFICATION_PRIMARY,https://canadabuys.canada.ca/en/tender-opportunities,HEALTHY,
alert_6cad9cd93679d89a_professional-services,canadabuys:ws5791984883-doc5814575598,CLASSIFICATION_CHANGED,MEDIUM,yes,professional-services,75,GOOD,RFSA (EP361-261511) - PSPC - Advertising Creative Production Services,Department of Public Works and Government Services (PSPC),Canada,canadabuys,,"UNSPSC:82100000,UNSPSC:82101800",OPEN,CHANGE_CLASSIFICATION_CHANGED; MATCH_CLASSIFICATION_PRIMARY,https://portal.us.bn.cloud.ariba.com/dashboard/public/appext/comsapsbncdiscoveryui#/RfxEvent/preview/1110020506?anId=ANONYMOUS,HEALTHY,
alert_6d0129b9b17118b6_construction,canadabuys:ws5547843540-doc5681344773,CLASSIFICATION_CHANGED,MEDIUM,yes,construction,75,GOOD,W0123-24CM01B Digital Television Service,Department of Public Works and Government Services (PSPC),Canada,canadabuys,,UNSPSC:72151601,OPEN,CHANGE_CLASSIFICATION_CHANGED; MATCH_CLASSIFICATION_PRIMARY,https://portal.us.bn.cloud.ariba.com/dashboard/public/appext/comsapsbncdiscoveryui#/RfxEvent/preview/1110012288?anId=ANONYMOUS,HEALTHY,
alert_6d0129b9b17118b6_infrastructure,canadabuys:ws5547843540-doc5681344773,CLASSIFICATION_CHANGED,MEDIUM,yes,infrastructure,75,GOOD,W0123-24CM01B Digital Television Service,Department of Public Works and Government Services (PSPC),Canada,canadabuys,,UNSPSC:72151601,OPEN,CHANGE_CLASSIFICATION_CHANGED; MATCH_CLASSIFICATION_PRIMARY,https://portal.us.bn.cloud.ariba.com/dashboard/public/appext/comsapsbncdiscoveryui#/RfxEvent/preview/1110012288?anId=ANONYMOUS,HEALTHY,
alert_6d1220e3f53164cb_construction,canadabuys:cb-999-83015949,CLASSIFICATION_CHANGED,MEDIUM,yes,construction,75,GOOD,M50 South Window Replacement Project,National Research Council of Canada (NRC),Canada,canadabuys,,"UNSPSC:72101500,UNSPSC:72102801,UNSPSC:72110000,UNSPSC:72120000,UNSPSC:72121100,UNSPSC:72121400,UNSPSC:72130000,UNSPSC:72140000",OPEN,CHANGE_CLASSIFICATION_CHANGED; MATCH_CLASSIFICATION_PRIMARY,https://canadabuys.canada.ca/en/tender-opportunities,HEALTHY,
alert_6d1220e3f53164cb_infrastructure,canadabuys:cb-999-83015949,CLASSIFICATION_CHANGED,MEDIUM,yes,infrastructure,75,GOOD,M50 South Window Replacement Project,National Research Council of Canada (NRC),Canada,canadabuys,,"UNSPSC:72101500,UNSPSC:72102801,UNSPSC:72110000,UNSPSC:72120000,UNSPSC:72121100,UNSPSC:72121400,UNSPSC:72130000,UNSPSC:72140000",OPEN,CHANGE_CLASSIFICATION_CHANGED; MATCH_CLASSIFICATION_PRIMARY,https://canadabuys.canada.ca/en/tender-opportunities,HEALTHY,
alert_6d305eae85ac6c9f_healthcare,canadabuys:ws3844731291-doc3844796990,CLASSIFICATION_CHANGED,MEDIUM,yes,healthcare,75,GOOD,"E60PV-19EQUI-D - RFSA for Laboratory and Scientific Equipment, Part and Accessories, Supplies and Services",Department of Public Works and Government Services (PSPC),Canada,canadabuys,,"UNSPSC:41100000,UNSPSC:42281500",OPEN,CHANGE_CLASSIFICATION_CHANGED; MATCH_CLASSIFICATION_PRIMARY,https://portal.us.bn.cloud.ariba.com/dashboard/public/appext/comsapsbncdiscoveryui#/RfxEvent/preview/15291565?anId=ANONYMOUS,HEALTHY,
alert_6d66190f0815e60c_b2b-saas,canadabuys:cb-889-55071289,CLASSIFICATION_CHANGED,MEDIUM,yes,b2b-saas,75,GOOD,VMWare Licenses and Support,Canada Deposit Insurance Corporation (CDIC),Canada,canadabuys,,"UNSPSC:43230000,UNSPSC:43231512,UNSPSC:81112500,UNSPSC:81112501,UNSPSC:81112502",OPEN,CHANGE_CLASSIFICATION_CHANGED; MATCH_CLASSIFICATION_PRIMARY,https://canadabuys.canada.ca/en/tender-opportunities,HEALTHY,
alert_6d66190f0815e60c_engineering,canadabuys:cb-889-55071289,CLASSIFICATION_CHANGED,MEDIUM,yes,engineering,75,GOOD,VMWare Licenses and Support,Canada Deposit Insurance Corporation (CDIC),Canada,canadabuys,,"UNSPSC:43230000,UNSPSC:43231512,UNSPSC:81112500,UNSPSC:81112501,UNSPSC:81112502",OPEN,CHANGE_CLASSIFICATION_CHANGED; MATCH_CLASSIFICATION_PRIMARY,https://canadabuys.canada.ca/en/tender-opportunities,HEALTHY,
alert_6d66190f0815e60c_infrastructure,canadabuys:cb-889-55071289,CLASSIFICATION_CHANGED,MEDIUM,yes,infrastructure,75,GOOD,VMWare Licenses and Support,Canada Deposit Insurance Corporation (CDIC),Canada,canadabuys,,"UNSPSC:43230000,UNSPSC:43231512,UNSPSC:81112500,UNSPSC:81112501,UNSPSC:81112502",OPEN,CHANGE_CLASSIFICATION_CHANGED; MATCH_CLASSIFICATION_PRIMARY,https://canadabuys.canada.ca/en/tender-opportunities,HEALTHY,
alert_6d66190f0815e60c_it-software,canadabuys:cb-889-55071289,CLASSIFICATION_CHANGED,MEDIUM,yes,it-software,75,GOOD,VMWare Licenses and Support,Canada Deposit Insurance Corporation (CDIC),Canada,canadabuys,,"UNSPSC:43230000,UNSPSC:43231512,UNSPSC:81112500,UNSPSC:81112501,UNSPSC:81112502",OPEN,CHANGE_CLASSIFICATION_CHANGED; MATCH_CLASSIFICATION_PRIMARY,https://canadabuys.canada.ca/en/tender-opportunities,HEALTHY,
alert_6d66190f0815e60c_telecom,canadabuys:cb-889-55071289,CLASSIFICATION_CHANGED,MEDIUM,yes,telecom,75,GOOD,VMWare Licenses and Support,Canada Deposit Insurance Corporation (CDIC),Canada,canadabuys,,"UNSPSC:43230000,UNSPSC:43231512,UNSPSC:81112500,UNSPSC:81112501,UNSPSC:81112502",OPEN,CHANGE_CLASSIFICATION_CHANGED; MATCH_CLASSIFICATION_PRIMARY,https://canadabuys.canada.ca/en/tender-opportunities,HEALTHY,
alert_6d8afe8ef9ad7610_professional-services,canadabuys:ws4246767482-doc4246796514,CLASSIFICATION_CHANGED,MEDIUM,yes,professional-services,75,GOOD,EN578-191297 Request for Supply Arrangement,Department of Public Works and Government Services (PSPC),Canada,canadabuys,,UNSPSC:82121505,OPEN,CHANGE_CLASSIFICATION_CHANGED; MATCH_CLASSIFICATION_PRIMARY,https://discovery.ariba.com/rfx/17742591?extsite=MTc3NDI1OTFfQU4wMTQ4NDA1MDk5Mg==,HEALTHY,
alert_6da38430ada5d8cc_b2b-saas,canadabuys:cb-544-10635094,CLASSIFICATION_CHANGED,MEDIUM,yes,b2b-saas,75,GOOD,Tax Preparation Software,Canada Revenue Agency - (Administered Activities) (CRA),Canada,canadabuys,,UNSPSC:43230000,OPEN,CHANGE_CLASSIFICATION_CHANGED; MATCH_CLASSIFICATION_PRIMARY,https://canadabuys.canada.ca/en/tender-opportunities,HEALTHY,
alert_6da38430ada5d8cc_it-software,canadabuys:cb-544-10635094,CLASSIFICATION_CHANGED,MEDIUM,yes,it-software,75,GOOD,Tax Preparation Software,Canada Revenue Agency - (Administered Activities) (CRA),Canada,canadabuys,,UNSPSC:43230000,OPEN,CHANGE_CLASSIFICATION_CHANGED; MATCH_CLASSIFICATION_PRIMARY,https://canadabuys.canada.ca/en/tender-opportunities,HEALTHY,
alert_6da38430ada5d8cc_telecom,canadabuys:cb-544-10635094,CLASSIFICATION_CHANGED,MEDIUM,yes,telecom,75,GOOD,Tax Preparation Software,Canada Revenue Agency - (Administered Activities) (CRA),Canada,canadabuys,,UNSPSC:43230000,OPEN,CHANGE_CLASSIFICATION_CHANGED; MATCH_CLASSIFICATION_PRIMARY,https://canadabuys.canada.ca/en/tender-opportunities,HEALTHY,
alert_6df42f7df6cba501_construction,canadabuys:cb-839-89511896,CLASSIFICATION_CHANGED,MEDIUM,yes,construction,75,GOOD,"ESDC National Cabling, Dismantling, Installation, Staging and Repair Services (CDISSR) - Request for Supply Arrangement (RFSA)",Employment and Social Development Canada,Canada,canadabuys,,"UNSPSC:56100000,UNSPSC:56110000,UNSPSC:56111600,UNSPSC:56111700,UNSPSC:56111800,UNSPSC:56112000,UNSPSC:56112100,UNSPSC:56112200,UNSPSC:72153606,UNSPSC:72153615",OPEN,CHANGE_CLASSIFICATION_CHANGED; MATCH_CLASSIFICATION_PRIMARY,https://canadabuys.canada.ca/en/tender-opportunities,HEALTHY,
alert_6df42f7df6cba501_infrastructure,canadabuys:cb-839-89511896,CLASSIFICATION_CHANGED,MEDIUM,yes,infrastructure,75,GOOD,"ESDC National Cabling, Dismantling, Installation, Staging and Repair Services (CDISSR) - Request for Supply Arrangement (RFSA)",Employment and Social Development Canada,Canada,canadabuys,,"UNSPSC:56100000,UNSPSC:56110000,UNSPSC:56111600,UNSPSC:56111700,UNSPSC:56111800,UNSPSC:56112000,UNSPSC:56112100,UNSPSC:56112200,UNSPSC:72153606,UNSPSC:72153615",OPEN,CHANGE_CLASSIFICATION_CHANGED; MATCH_CLASSIFICATION_PRIMARY,https://canadabuys.canada.ca/en/tender-opportunities,HEALTHY,
alert_6eb824929913395a_engineering,canadabuys:ws4633925577-doc4633946695,CLASSIFICATION_CHANGED,MEDIUM,yes,engineering,75,GOOD,Tactical Communications Modernization Project (TCM) RFI,Department of Public Works and Government Services (PSPC),Canada,canadabuys,,UNSPSC:81000000,OPEN,CHANGE_CLASSIFICATION_CHANGED; MATCH_CLASSIFICATION_PRIMARY,https://discovery.ariba.com/rfx/20066928?extsite=MjAwNjY5MjhfQU4wMTQ4NDA1MDk5Mg==,HEALTHY,
alert_6eb824929913395a_infrastructure,canadabuys:ws4633925577-doc4633946695,CLASSIFICATION_CHANGED,MEDIUM,yes,infrastructure,75,GOOD,Tactical Communications Modernization Project (TCM) RFI,Department of Public Works and Government Services (PSPC),Canada,canadabuys,,UNSPSC:81000000,OPEN,CHANGE_CLASSIFICATION_CHANGED; MATCH_CLASSIFICATION_PRIMARY,https://discovery.ariba.com/rfx/20066928?extsite=MjAwNjY5MjhfQU4wMTQ4NDA1MDk5Mg==,HEALTHY,
alert_6ed6b0c2ef33f8f6_b2b-saas,canadabuys:ws4856241079-doc5643313188,CLASSIFICATION_CHANGED,MEDIUM,yes,b2b-saas,75,GOOD,ITQ results DIGITAL REGISTRY SOLUTION (DRS) U6265-275951-B,Department of Public Works and Government Services (PSPC),Canada,canadabuys,,"UNSPSC:43000000,UNSPSC:43230000,UNSPSC:43231500,UNSPSC:43231600,UNSPSC:43232200,UNSPSC:43232300,UNSPSC:43233200",OPEN,CHANGE_CLASSIFICATION_CHANGED; MATCH_CLASSIFICATION_PRIMARY,https://portal.us.bn.cloud.ariba.com/dashboard/public/appext/comsapsbncdiscoveryui#/RfxEvent/preview/1110010066?anId=ANONYMOUS,HEALTHY,
alert_6ed6b0c2ef33f8f6_it-software,canadabuys:ws4856241079-doc5643313188,CLASSIFICATION_CHANGED,MEDIUM,yes,it-software,75,GOOD,ITQ results DIGITAL REGISTRY SOLUTION (DRS) U6265-275951-B,Department of Public Works and Government Services (PSPC),Canada,canadabuys,,"UNSPSC:43000000,UNSPSC:43230000,UNSPSC:43231500,UNSPSC:43231600,UNSPSC:43232200,UNSPSC:43232300,UNSPSC:43233200",OPEN,CHANGE_CLASSIFICATION_CHANGED; MATCH_CLASSIFICATION_PRIMARY,https://portal.us.bn.cloud.ariba.com/dashboard/public/appext/comsapsbncdiscoveryui#/RfxEvent/preview/1110010066?anId=ANONYMOUS,HEALTHY,
alert_6ed6b0c2ef33f8f6_telecom,canadabuys:ws4856241079-doc5643313188,CLASSIFICATION_CHANGED,MEDIUM,yes,telecom,75,GOOD,ITQ results DIGITAL REGISTRY SOLUTION (DRS) U6265-275951-B,Department of Public Works and Government Services (PSPC),Canada,canadabuys,,"UNSPSC:43000000,UNSPSC:43230000,UNSPSC:43231500,UNSPSC:43231600,UNSPSC:43232200,UNSPSC:43232300,UNSPSC:43233200",OPEN,CHANGE_CLASSIFICATION_CHANGED; MATCH_CLASSIFICATION_PRIMARY,https://portal.us.bn.cloud.ariba.com/dashboard/public/appext/comsapsbncdiscoveryui#/RfxEvent/preview/1110010066?anId=ANONYMOUS,HEALTHY,
alert_6f2a089b56974321_construction,canadabuys:ws5802570604-doc5802603484,CLASSIFICATION_CHANGED,MEDIUM,yes,construction,75,GOOD,EP916-270049 Emergency Storm Drainage System Reconstruction - Stage 2,Department of Public Works and Government Services (PSPC),Canada,canadabuys,,"UNSPSC:70171800,UNSPSC:72141511",OPEN,CHANGE_CLASSIFICATION_CHANGED; MATCH_CLASSIFICATION_PRIMARY,https://portal.us.bn.cloud.ariba.com/dashboard/public/appext/comsapsbncdiscoveryui#/RfxEvent/preview/1110019702?anId=ANONYMOUS,HEALTHY,
alert_6f2a089b56974321_infrastructure,canadabuys:ws5802570604-doc5802603484,CLASSIFICATION_CHANGED,MEDIUM,yes,infrastructure,75,GOOD,EP916-270049 Emergency Storm Drainage System Reconstruction - Stage 2,Department of Public Works and Government Services (PSPC),Canada,canadabuys,,"UNSPSC:70171800,UNSPSC:72141511",OPEN,CHANGE_CLASSIFICATION_CHANGED; MATCH_CLASSIFICATION_PRIMARY,https://portal.us.bn.cloud.ariba.com/dashboard/public/appext/comsapsbncdiscoveryui#/RfxEvent/preview/1110019702?anId=ANONYMOUS,HEALTHY,
alert_6f575e224ac3b819_professional-services,canadabuys:cb-999-24059032,CLASSIFICATION_CHANGED,MEDIUM,yes,professional-services,75,GOOD,Publications Management,Department of National Defence (DND),Canada,canadabuys,,UNSPSC:82121506,OPEN,CHANGE_CLASSIFICATION_CHANGED; MATCH_CLASSIFICATION_PRIMARY,https://canadabuys.canada.ca/en/tender-opportunities,HEALTHY,
alert_6f6cf70ec2f144b1_logistics,canadabuys:cb-120-30888735,CLASSIFICATION_CHANGED,MEDIUM,yes,logistics,75,GOOD,Lease of Two Highway Tractors with Sleepers - 1 Oct 2026 - 31 March 2027,Department of National Defence (DND),Canada,canadabuys,,UNSPSC:78111808,OPEN,CHANGE_CLASSIFICATION_CHANGED; MATCH_CLASSIFICATION_PRIMARY,https://canadabuys.canada.ca/en/tender-opportunities,HEALTHY,
alert_6fe0247bef998031_construction,canadabuys:ws5790454107-doc5802732578,CLASSIFICATION_CHANGED,MEDIUM,yes,construction,75,GOOD,Parliamentary Precinct Boardroom Fit Up,Department of Public Works and Government Services (PSPC),Canada,canadabuys,,UNSPSC:72000000,OPEN,CHANGE_CLASSIFICATION_CHANGED; MATCH_CLASSIFICATION_PRIMARY,https://canadabuys.canada.ca/en/tender-opportunities,HEALTHY,
alert_6fe0247bef998031_infrastructure,canadabuys:ws5790454107-doc5802732578,CLASSIFICATION_CHANGED,MEDIUM,yes,infrastructure,75,GOOD,Parliamentary Precinct Boardroom Fit Up,Department of Public Works and Government Services (PSPC),Canada,canadabuys,,UNSPSC:72000000,OPEN,CHANGE_CLASSIFICATION_CHANGED; MATCH_CLASSIFICATION_PRIMARY,https://canadabuys.canada.ca/en/tender-opportunities,HEALTHY,
alert_7095ca2e40bfe07a_industrial-supplier,canadabuys:ws5795770019-doc5796011874,CLASSIFICATION_CHANGED,MEDIUM,yes,industrial-supplier,75,GOOD,W0107-275623 Heavy Duty Air Assist Floor Jacks,Department of Public Works and Government Services (PSPC),Canada,canadabuys,,"UNSPSC:24101612,UNSPSC:24101659",OPEN,CHANGE_CLASSIFICATION_CHANGED; MATCH_CLASSIFICATION_PRIMARY,https://portal.us.bn.cloud.ariba.com/dashboard/public/appext/comsapsbncdiscoveryui#/RfxEvent/preview/1110019075?anId=ANONYMOUS,HEALTHY,
alert_7095ca2e40bfe07a_manufacturer,canadabuys:ws5795770019-doc5796011874,CLASSIFICATION_CHANGED,MEDIUM,yes,manufacturer,75,GOOD,W0107-275623 Heavy Duty Air Assist Floor Jacks,Department of Public Works and Government Services (PSPC),Canada,canadabuys,,"UNSPSC:24101612,UNSPSC:24101659",OPEN,CHANGE_CLASSIFICATION_CHANGED; MATCH_CLASSIFICATION_PRIMARY,https://portal.us.bn.cloud.ariba.com/dashboard/public/appext/comsapsbncdiscoveryui#/RfxEvent/preview/1110019075?anId=ANONYMOUS,HEALTHY,
alert_70ebfba2ba2ddaf4_engineering,canadabuys:ws4424845074-doc4430347010,CLASSIFICATION_CHANGED,MEDIUM,yes,engineering,75,GOOD,Non-Emergency Towing Services,Department of Public Works and Government Services (PSPC),Canada,canadabuys,,"UNSPSC:78141701,UNSPSC:81101506",OPEN,CHANGE_CLASSIFICATION_CHANGED; MATCH_CLASSIFICATION_PRIMARY,https://portal.us.bn.cloud.ariba.com/dashboard/public/appext/comsapsbncdiscoveryui#/RfxEvent/preview/18711443?anId=ANONYMOUS,HEALTHY,
alert_70ebfba2ba2ddaf4_infrastructure,canadabuys:ws4424845074-doc4430347010,CLASSIFICATION_CHANGED,MEDIUM,yes,infrastructure,75,GOOD,Non-Emergency Towing Services,Department of Public Works and Government Services (PSPC),Canada,canadabuys,,"UNSPSC:78141701,UNSPSC:81101506",OPEN,CHANGE_CLASSIFICATION_CHANGED; MATCH_CLASSIFICATION_PRIMARY,https://portal.us.bn.cloud.ariba.com/dashboard/public/appext/comsapsbncdiscoveryui#/RfxEvent/preview/18711443?anId=ANONYMOUS,HEALTHY,
alert_70ebfba2ba2ddaf4_logistics,canadabuys:ws4424845074-doc4430347010,CLASSIFICATION_CHANGED,MEDIUM,yes,logistics,75,GOOD,Non-Emergency Towing Services,Department of Public Works and Government Services (PSPC),Canada,canadabuys,,"UNSPSC:78141701,UNSPSC:81101506",OPEN,CHANGE_CLASSIFICATION_CHANGED; MATCH_CLASSIFICATION_PRIMARY,https://portal.us.bn.cloud.ariba.com/dashboard/public/appext/comsapsbncdiscoveryui#/RfxEvent/preview/18711443?anId=ANONYMOUS,HEALTHY,
alert_7114286a43d2393c_professional-services,canadabuys:cb-446-48983985,CLASSIFICATION_CHANGED,MEDIUM,yes,professional-services,75,GOOD,RFP004269 Property and Tenant Management Quebec,Canada Mortgage and Housing Corporation (CNHC),Canada,canadabuys,,UNSPSC:80161601,OPEN,CHANGE_CLASSIFICATION_CHANGED; MATCH_CLASSIFICATION_PRIMARY,https://canadabuys.canada.ca/en/tender-opportunities,HEALTHY,
alert_72c4700de84bfe32_construction,canadabuys:ws4269028690-doc4269063119,CLASSIFICATION_CHANGED,MEDIUM,yes,construction,75,GOOD,W8476-246755 - Bridge and Gap Crossing Modernization Project (BGCM),Department of Public Works and Government Services (PSPC),Canada,canadabuys,,UNSPSC:72141107,OPEN,CHANGE_CLASSIFICATION_CHANGED; MATCH_CLASSIFICATION_PRIMARY,https://portal.us.bn.cloud.ariba.com/dashboard/public/appext/comsapsbncdiscoveryui#/RfxEvent/preview/17781864?anId=ANONYMOUS,HEALTHY,
alert_72c4700de84bfe32_infrastructure,canadabuys:ws4269028690-doc4269063119,CLASSIFICATION_CHANGED,MEDIUM,yes,infrastructure,75,GOOD,W8476-246755 - Bridge and Gap Crossing Modernization Project (BGCM),Department of Public Works and Government Services (PSPC),Canada,canadabuys,,UNSPSC:72141107,OPEN,CHANGE_CLASSIFICATION_CHANGED; MATCH_CLASSIFICATION_PRIMARY,https://portal.us.bn.cloud.ariba.com/dashboard/public/appext/comsapsbncdiscoveryui#/RfxEvent/preview/17781864?anId=ANONYMOUS,HEALTHY,
alert_731fc85605606c6a_construction,canadabuys:cb-611-80102901,CLASSIFICATION_CHANGED,MEDIUM,yes,construction,75,GOOD,Greenbelt Maintenance Management Services,National Capital Commission (NCC),Canada,canadabuys,,"UNSPSC:72102902,UNSPSC:72102903,UNSPSC:72102905,UNSPSC:76111507",OPEN,CHANGE_CLASSIFICATION_CHANGED; MATCH_CLASSIFICATION_PRIMARY,https://canadabuys.canada.ca/en/tender-opportunities,HEALTHY,
alert_731fc85605606c6a_infrastructure,canadabuys:cb-611-80102901,CLASSIFICATION_CHANGED,MEDIUM,yes,infrastructure,75,GOOD,Greenbelt Maintenance Management Services,National Capital Commission (NCC),Canada,canadabuys,,"UNSPSC:72102902,UNSPSC:72102903,UNSPSC:72102905,UNSPSC:76111507",OPEN,CHANGE_CLASSIFICATION_CHANGED; MATCH_CLASSIFICATION_PRIMARY,https://canadabuys.canada.ca/en/tender-opportunities,HEALTHY,
alert_7376c7dad3681970_manufacturer,canadabuys:ws5732602543-doc5732660065,CLASSIFICATION_CHANGED,MEDIUM,yes,manufacturer,75,GOOD,Polar Helicopter Project,Department of Public Works and Government Services (PSPC),Canada,canadabuys,,UNSPSC:25131600,OPEN,CHANGE_CLASSIFICATION_CHANGED; MATCH_CLASSIFICATION_PRIMARY,https://portal.us.bn.cloud.ariba.com/dashboard/public/appext/comsapsbncdiscoveryui#/RfxEvent/preview/1110015315?anId=ANONYMOUS,HEALTHY,
alert_746f841c26d0f4fb_engineering,canadabuys:cb-762-52785534,CLASSIFICATION_CHANGED,MEDIUM,yes,engineering,75,GOOD,Two (2) Senior Life Cycle Management Specialist,Department of National Defence (DND),Canada,canadabuys,,UNSPSC:81100000,OPEN,CHANGE_CLASSIFICATION_CHANGED; MATCH_CLASSIFICATION_PRIMARY,https://canadabuys.canada.ca/en/tender-opportunities,HEALTHY,
alert_746f841c26d0f4fb_infrastructure,canadabuys:cb-762-52785534,CLASSIFICATION_CHANGED,MEDIUM,yes,infrastructure,75,GOOD,Two (2) Senior Life Cycle Management Specialist,Department of National Defence (DND),Canada,canadabuys,,UNSPSC:81100000,OPEN,CHANGE_CLASSIFICATION_CHANGED; MATCH_CLASSIFICATION_PRIMARY,https://canadabuys.canada.ca/en/tender-opportunities,HEALTHY,
alert_7493350a2a192cf9_manufacturer,canadabuys:cb-316-14570595,CLASSIFICATION_CHANGED,MEDIUM,yes,manufacturer,75,GOOD,Vehicular Equipment Components -  Mobile Kitchen Trailers (MKT),Department of National Defence (DND),Canada,canadabuys,,UNSPSC:25180000,OPEN,CHANGE_CLASSIFICATION_CHANGED; MATCH_CLASSIFICATION_PRIMARY,https://canadabuys.canada.ca/en/tender-opportunities,HEALTHY,
alert_74cb3365702e4598_industrial-supplier,canadabuys:ws4798204521-doc4813695380,CLASSIFICATION_CHANGED,MEDIUM,yes,industrial-supplier,75,GOOD,E60HS-25BCKH - Request for Supply Arrangement (RFSA) - Tractor Loader Backhoes and Skid Steer Loaders,Department of Public Works and Government Services (PSPC),Canada,canadabuys,,"UNSPSC:22101500,UNSPSC:22101600",OPEN,CHANGE_CLASSIFICATION_CHANGED; MATCH_CLASSIFICATION_PRIMARY,https://discovery.ariba.com/rfx/21815805?extsite=MjE4MTU4MDVfQU4wMTQ4NDA1MDk5Mg==,HEALTHY,
alert_74ea4815d69125f2_professional-services,canadabuys:cb-265-73388100,CLASSIFICATION_CHANGED,MEDIUM,yes,professional-services,75,GOOD,TSPS - Evaluation Services Consultant,Department of National Defence (DND),Canada,canadabuys,,UNSPSC:80101500,OPEN,CHANGE_CLASSIFICATION_CHANGED; MATCH_CLASSIFICATION_PRIMARY,https://canadabuys.canada.ca/en/tender-opportunities,HEALTHY,
alert_75764a45084ef4f1_industrial-supplier,canadabuys:cb-858-67519617,CLASSIFICATION_CHANGED,MEDIUM,yes,industrial-supplier,75,GOOD,Transmission Spares,Department of National Defence (DND),Canada,canadabuys,,"UNSPSC:13100000,UNSPSC:24101700,UNSPSC:25111900,UNSPSC:27110000,UNSPSC:31151700,UNSPSC:31160000,UNSPSC:31161500,UNSPSC:31161600,UNSPSC:31161900,UNSPSC:31171500,UNSPSC:31180000,UNSPSC:31200000,UNSPSC:31201600,UNSPSC:31400000,UNSPSC:39121400,UNSPSC:39121700,UNSPSC:39122200,UNSPSC:40141600,UNSPSC:40142000,UNSPSC:40170000,UNSPSC:41104900,UNSPSC:41112400",OPEN,CHANGE_CLASSIFICATION_CHANGED; MATCH_CLASSIFICATION_PRIMARY,https://canadabuys.canada.ca/en/tender-opportunities,HEALTHY,
alert_75764a45084ef4f1_manufacturer,canadabuys:cb-858-67519617,CLASSIFICATION_CHANGED,MEDIUM,yes,manufacturer,75,GOOD,Transmission Spares,Department of National Defence (DND),Canada,canadabuys,,"UNSPSC:13100000,UNSPSC:24101700,UNSPSC:25111900,UNSPSC:27110000,UNSPSC:31151700,UNSPSC:31160000,UNSPSC:31161500,UNSPSC:31161600,UNSPSC:31161900,UNSPSC:31171500,UNSPSC:31180000,UNSPSC:31200000,UNSPSC:31201600,UNSPSC:31400000,UNSPSC:39121400,UNSPSC:39121700,UNSPSC:39122200,UNSPSC:40141600,UNSPSC:40142000,UNSPSC:40170000,UNSPSC:41104900,UNSPSC:41112400",OPEN,CHANGE_CLASSIFICATION_CHANGED; MATCH_CLASSIFICATION_PRIMARY,https://canadabuys.canada.ca/en/tender-opportunities,HEALTHY,
alert_75834edaca97f38a_engineering,canadabuys:cb-820-57523010,CLASSIFICATION_CHANGED,MEDIUM,yes,engineering,75,GOOD,Professional Services for Existing Building Commissioning (EBCx),Department of Natural Resources (NRCan),Canada,canadabuys,,UNSPSC:81141805,OPEN,CHANGE_CLASSIFICATION_CHANGED; MATCH_CLASSIFICATION_PRIMARY,https://canadabuys.canada.ca/en/tender-opportunities,HEALTHY,
alert_75834edaca97f38a_infrastructure,canadabuys:cb-820-57523010,CLASSIFICATION_CHANGED,MEDIUM,yes,infrastructure,75,GOOD,Professional Services for Existing Building Commissioning (EBCx),Department of Natural Resources (NRCan),Canada,canadabuys,,UNSPSC:81141805,OPEN,CHANGE_CLASSIFICATION_CHANGED; MATCH_CLASSIFICATION_PRIMARY,https://canadabuys.canada.ca/en/tender-opportunities,HEALTHY,
alert_759b506a37def5a6_construction,canadabuys:cb-849-43048586,CLASSIFICATION_CHANGED,MEDIUM,yes,construction,75,GOOD,"Grounds Maintenance Services and/or Snow Clearing and Removal Services – RCMP Peace River, Spirit River, Manning, Red Earth Creek and/or Fairview Detachment in Peace River, Spirit River, Manning, Red Earth Creek, Fairview, Alberta",Royal Canadian Mounted Police (RCMP),Canada,canadabuys,,"UNSPSC:72102903,UNSPSC:72102905",OPEN,CHANGE_CLASSIFICATION_CHANGED; MATCH_CLASSIFICATION_PRIMARY,https://canadabuys.canada.ca/en/tender-opportunities,HEALTHY,
alert_759b506a37def5a6_infrastructure,canadabuys:cb-849-43048586,CLASSIFICATION_CHANGED,MEDIUM,yes,infrastructure,75,GOOD,"Grounds Maintenance Services and/or Snow Clearing and Removal Services – RCMP Peace River, Spirit River, Manning, Red Earth Creek and/or Fairview Detachment in Peace River, Spirit River, Manning, Red Earth Creek, Fairview, Alberta",Royal Canadian Mounted Police (RCMP),Canada,canadabuys,,"UNSPSC:72102903,UNSPSC:72102905",OPEN,CHANGE_CLASSIFICATION_CHANGED; MATCH_CLASSIFICATION_PRIMARY,https://canadabuys.canada.ca/en/tender-opportunities,HEALTHY,
alert_760538a6ab5b23c1_manufacturer,canadabuys:ws5815142609-doc5821357187,CLASSIFICATION_CHANGED,MEDIUM,yes,manufacturer,75,GOOD,F1782-26C147 - CCGS Laurier - Three-Way Temperature Control Valve,Department of Public Works and Government Services (PSPC),Canada,canadabuys,,UNSPSC:25111900,OPEN,CHANGE_CLASSIFICATION_CHANGED; MATCH_CLASSIFICATION_PRIMARY,https://portal.us.bn.cloud.ariba.com/dashboard/public/appext/comsapsbncdiscoveryui#/RfxEvent/preview/1110020866?anId=ANONYMOUS,HEALTHY,
alert_760cfb69b63fdb33_construction,canadabuys:cb-709-44790968,CLASSIFICATION_CHANGED,MEDIUM,yes,construction,75,GOOD,Stage 1 - 2026 PEI National Park Paving Program,Parks Canada Agency (PC),Canada,canadabuys,,UNSPSC:72141103,OPEN,CHANGE_CLASSIFICATION_CHANGED; MATCH_CLASSIFICATION_PRIMARY,https://canadabuys.canada.ca/en/tender-opportunities,HEALTHY,
alert_760cfb69b63fdb33_infrastructure,canadabuys:cb-709-44790968,CLASSIFICATION_CHANGED,MEDIUM,yes,infrastructure,75,GOOD,Stage 1 - 2026 PEI National Park Paving Program,Parks Canada Agency (PC),Canada,canadabuys,,UNSPSC:72141103,OPEN,CHANGE_CLASSIFICATION_CHANGED; MATCH_CLASSIFICATION_PRIMARY,https://canadabuys.canada.ca/en/tender-opportunities,HEALTHY,
alert_765a4661a527f398_industrial-supplier,canadabuys:cb-430-22756849,CLASSIFICATION_CHANGED,MEDIUM,yes,industrial-supplier,75,GOOD,Lease of Portable Laser Ablation System,Department of National Defence (DND),Canada,canadabuys,,"UNSPSC:23151700,UNSPSC:27150000,UNSPSC:31240000",OPEN,CHANGE_CLASSIFICATION_CHANGED; MATCH_CLASSIFICATION_PRIMARY,https://canadabuys.canada.ca/en/tender-opportunities,HEALTHY,
alert_765a4661a527f398_manufacturer,canadabuys:cb-430-22756849,CLASSIFICATION_CHANGED,MEDIUM,yes,manufacturer,75,GOOD,Lease of Portable Laser Ablation System,Department of National Defence (DND),Canada,canadabuys,,"UNSPSC:23151700,UNSPSC:27150000,UNSPSC:31240000",OPEN,CHANGE_CLASSIFICATION_CHANGED; MATCH_CLASSIFICATION_PRIMARY,https://canadabuys.canada.ca/en/tender-opportunities,HEALTHY,
alert_7677f761df9c372c_b2b-saas,canadabuys:cb-469-34594329,CLASSIFICATION_CHANGED,MEDIUM,yes,b2b-saas,75,GOOD,Supply of Hard Disk Drives (HDD) for RCMP Network Video Recording Systems,Royal Canadian Mounted Police (RCMP),Canada,canadabuys,,UNSPSC:43201803,OPEN,CHANGE_CLASSIFICATION_CHANGED; MATCH_CLASSIFICATION_PRIMARY,https://canadabuys.canada.ca/en/tender-opportunities,HEALTHY,
alert_7677f761df9c372c_it-software,canadabuys:cb-469-34594329,CLASSIFICATION_CHANGED,MEDIUM,yes,it-software,75,GOOD,Supply of Hard Disk Drives (HDD) for RCMP Network Video Recording Systems,Royal Canadian Mounted Police (RCMP),Canada,canadabuys,,UNSPSC:43201803,OPEN,CHANGE_CLASSIFICATION_CHANGED; MATCH_CLASSIFICATION_PRIMARY,https://canadabuys.canada.ca/en/tender-opportunities,HEALTHY,
alert_7677f761df9c372c_telecom,canadabuys:cb-469-34594329,CLASSIFICATION_CHANGED,MEDIUM,yes,telecom,75,GOOD,Supply of Hard Disk Drives (HDD) for RCMP Network Video Recording Systems,Royal Canadian Mounted Police (RCMP),Canada,canadabuys,,UNSPSC:43201803,OPEN,CHANGE_CLASSIFICATION_CHANGED; MATCH_CLASSIFICATION_PRIMARY,https://canadabuys.canada.ca/en/tender-opportunities,HEALTHY,
alert_7710fef6e97de71f_engineering,canadabuys:ws3501721826-doc5670748569,CLASSIFICATION_CHANGED,MEDIUM,yes,engineering,75,GOOD,RFI - W6369-22-P5NW - 2026-2027 - Supplemental invitation to Commercial Space Situational Awareness Observations,Department of Public Works and Government Services (PSPC),Canada,canadabuys,,"UNSPSC:55111500,UNSPSC:81111902,UNSPSC:81151605",OPEN,CHANGE_CLASSIFICATION_CHANGED; MATCH_CLASSIFICATION_PRIMARY,https://portal.us.bn.cloud.ariba.com/dashboard/public/appext/comsapsbncdiscoveryui#/RfxEvent/preview/1110011897?anId=ANONYMOUS,HEALTHY,
alert_7710fef6e97de71f_infrastructure,canadabuys:ws3501721826-doc5670748569,CLASSIFICATION_CHANGED,MEDIUM,yes,infrastructure,75,GOOD,RFI - W6369-22-P5NW - 2026-2027 - Supplemental invitation to Commercial Space Situational Awareness Observations,Department of Public Works and Government Services (PSPC),Canada,canadabuys,,"UNSPSC:55111500,UNSPSC:81111902,UNSPSC:81151605",OPEN,CHANGE_CLASSIFICATION_CHANGED; MATCH_CLASSIFICATION_PRIMARY,https://portal.us.bn.cloud.ariba.com/dashboard/public/appext/comsapsbncdiscoveryui#/RfxEvent/preview/1110011897?anId=ANONYMOUS,HEALTHY,
alert_777e68b1bcebea43_professional-services,canadabuys:cb-618-15132554,CLASSIFICATION_CHANGED,MEDIUM,yes,professional-services,75,GOOD,Communications Coordinator for the Canadian Council of Forest Ministers,Department of Natural Resources (NRCan),Canada,canadabuys,,UNSPSC:80170000,OPEN,CHANGE_CLASSIFICATION_CHANGED; MATCH_CLASSIFICATION_PRIMARY,https://canadabuys.canada.ca/en/tender-opportunities,HEALTHY,
alert_787284b2ac52268a_construction,canadabuys:ws5825708974-doc5825728619,CLASSIFICATION_CHANGED,MEDIUM,yes,construction,75,GOOD,RFP 5P132-260081 Windows and Doors Replacement,Department of Public Works and Government Services (PSPC),Canada,canadabuys,,UNSPSC:30170000,OPEN,CHANGE_CLASSIFICATION_CHANGED; MATCH_CLASSIFICATION_PRIMARY,https://portal.us.bn.cloud.ariba.com/dashboard/public/appext/comsapsbncdiscoveryui#/RfxEvent/preview/1110021119?anId=ANONYMOUS,HEALTHY,
alert_799f51efeb18dd43_construction,canadabuys:ws5795689234-doc5795834595,CLASSIFICATION_CHANGED,MEDIUM,yes,construction,75,GOOD,EQ754-270479 - REQUEST FOR INFORMATION - BLB Main Cable Replacement Project,Department of Public Works and Government Services (PSPC),Canada,canadabuys,,UNSPSC:72141107,OPEN,CHANGE_CLASSIFICATION_CHANGED; MATCH_CLASSIFICATION_PRIMARY,https://portal.us.bn.cloud.ariba.com/dashboard/public/appext/comsapsbncdiscoveryui#/RfxEvent/preview/1110019071?anId=ANONYMOUS,HEALTHY,
alert_799f51efeb18dd43_infrastructure,canadabuys:ws5795689234-doc5795834595,CLASSIFICATION_CHANGED,MEDIUM,yes,infrastructure,75,GOOD,EQ754-270479 - REQUEST FOR INFORMATION - BLB Main Cable Replacement Project,Department of Public Works and Government Services (PSPC),Canada,canadabuys,,UNSPSC:72141107,OPEN,CHANGE_CLASSIFICATION_CHANGED; MATCH_CLASSIFICATION_PRIMARY,https://portal.us.bn.cloud.ariba.com/dashboard/public/appext/comsapsbncdiscoveryui#/RfxEvent/preview/1110019071?anId=ANONYMOUS,HEALTHY,
alert_7abe0fc081f7f37d_engineering,canadabuys:cb-91-23719244,CLASSIFICATION_CHANGED,MEDIUM,yes,engineering,75,GOOD,Multi-year Rental of an Autonomous Underwater Vehicle (AUV),Department of Natural Resources (NRCan),Canada,canadabuys,,"UNSPSC:25111900,UNSPSC:78111704,UNSPSC:81151806",OPEN,CHANGE_CLASSIFICATION_CHANGED; MATCH_CLASSIFICATION_PRIMARY,https://canadabuys.canada.ca/en/tender-opportunities,HEALTHY,
alert_7abe0fc081f7f37d_infrastructure,canadabuys:cb-91-23719244,CLASSIFICATION_CHANGED,MEDIUM,yes,infrastructure,75,GOOD,Multi-year Rental of an Autonomous Underwater Vehicle (AUV),Department of Natural Resources (NRCan),Canada,canadabuys,,"UNSPSC:25111900,UNSPSC:78111704,UNSPSC:81151806",OPEN,CHANGE_CLASSIFICATION_CHANGED; MATCH_CLASSIFICATION_PRIMARY,https://canadabuys.canada.ca/en/tender-opportunities,HEALTHY,
alert_7abe0fc081f7f37d_logistics,canadabuys:cb-91-23719244,CLASSIFICATION_CHANGED,MEDIUM,yes,logistics,75,GOOD,Multi-year Rental of an Autonomous Underwater Vehicle (AUV),Department of Natural Resources (NRCan),Canada,canadabuys,,"UNSPSC:25111900,UNSPSC:78111704,UNSPSC:81151806",OPEN,CHANGE_CLASSIFICATION_CHANGED; MATCH_CLASSIFICATION_PRIMARY,https://canadabuys.canada.ca/en/tender-opportunities,HEALTHY,
alert_7abe0fc081f7f37d_manufacturer,canadabuys:cb-91-23719244,CLASSIFICATION_CHANGED,MEDIUM,yes,manufacturer,75,GOOD,Multi-year Rental of an Autonomous Underwater Vehicle (AUV),Department of Natural Resources (NRCan),Canada,canadabuys,,"UNSPSC:25111900,UNSPSC:78111704,UNSPSC:81151806",OPEN,CHANGE_CLASSIFICATION_CHANGED; MATCH_CLASSIFICATION_PRIMARY,https://canadabuys.canada.ca/en/tender-opportunities,HEALTHY,
alert_7ae6526abbcbd557_manufacturer,canadabuys:ws4153305060-doc4153316176,CLASSIFICATION_CHANGED,MEDIUM,yes,manufacturer,75,GOOD,Request for Supply Arrangement for Agricultural Tractors (E60HS 18AGTR),Department of Public Works and Government Services (PSPC),Canada,canadabuys,,UNSPSC:25100000,OPEN,CHANGE_CLASSIFICATION_CHANGED; MATCH_CLASSIFICATION_PRIMARY,https://discovery.ariba.com/rfx/17234464?extsite=MTcyMzQ0NjRfQU4wMTQ4NDA1MDk5Mg==,HEALTHY,
alert_7b749473a8705061_construction,canadabuys:ws5132332179-doc5132332243,CLASSIFICATION_CHANGED,MEDIUM,yes,construction,75,GOOD,F1705-241022 - ITT - Gull Harbour Historic Light House Replacement,Department of Public Works and Government Services (PSPC),Canada,canadabuys,,"UNSPSC:72141100,UNSPSC:72141118",OPEN,CHANGE_CLASSIFICATION_CHANGED; MATCH_CLASSIFICATION_PRIMARY,https://canadabuys.canada.ca/en/tender-opportunities,HEALTHY,
alert_7b749473a8705061_infrastructure,canadabuys:ws5132332179-doc5132332243,CLASSIFICATION_CHANGED,MEDIUM,yes,infrastructure,75,GOOD,F1705-241022 - ITT - Gull Harbour Historic Light House Replacement,Department of Public Works and Government Services (PSPC),Canada,canadabuys,,"UNSPSC:72141100,UNSPSC:72141118",OPEN,CHANGE_CLASSIFICATION_CHANGED; MATCH_CLASSIFICATION_PRIMARY,https://canadabuys.canada.ca/en/tender-opportunities,HEALTHY,
alert_7c93b935d7897dcb_industrial-supplier,canadabuys:cb-88-103367,CLASSIFICATION_CHANGED,MEDIUM,yes,industrial-supplier,75,GOOD,"Winch,Drum,Power Operated",Department of National Defence (DND),Canada,canadabuys,,UNSPSC:24101600,OPEN,CHANGE_CLASSIFICATION_CHANGED; MATCH_CLASSIFICATION_PRIMARY,https://canadabuys.canada.ca/en/tender-opportunities,HEALTHY,
alert_7c93b935d7897dcb_manufacturer,canadabuys:cb-88-103367,CLASSIFICATION_CHANGED,MEDIUM,yes,manufacturer,75,GOOD,"Winch,Drum,Power Operated",Department of National Defence (DND),Canada,canadabuys,,UNSPSC:24101600,OPEN,CHANGE_CLASSIFICATION_CHANGED; MATCH_CLASSIFICATION_PRIMARY,https://canadabuys.canada.ca/en/tender-opportunities,HEALTHY,
alert_7d3526fa9ff38940_professional-services,canadabuys:cb-564-37642506,CLASSIFICATION_CHANGED,MEDIUM,yes,professional-services,75,GOOD,Industry Day Solution,Financial Transactions and Reports Analysis Centre of Canada (FINTRAC),Canada,canadabuys,,"UNSPSC:80161502,UNSPSC:83110000",OPEN,CHANGE_CLASSIFICATION_CHANGED; MATCH_CLASSIFICATION_PRIMARY,https://canadabuys.canada.ca/en/tender-opportunities,HEALTHY,
alert_7d4bbc2f7f836ce1_manufacturer,canadabuys:ws5366556200-doc5374381363,CLASSIFICATION_CHANGED,MEDIUM,yes,manufacturer,75,GOOD,F6855-250509 - CCGS George R Pearkes Alongside Refit,Department of Public Works and Government Services (PSPC),Canada,canadabuys,,UNSPSC:25111900,OPEN,CHANGE_CLASSIFICATION_CHANGED; MATCH_CLASSIFICATION_PRIMARY,https://canadabuys.canada.ca/en/tender-opportunities,HEALTHY,
alert_7dca994e7ca6a12a_manufacturer,canadabuys:ws5616485208-doc5832369531,CLASSIFICATION_CHANGED,MEDIUM,yes,manufacturer,75,GOOD,PR22456 21C11-254470 Aluminum Extrusions (Retender),Department of Public Works and Government Services (PSPC),Canada,canadabuys,,"UNSPSC:31110000,UNSPSC:40182700",OPEN,CHANGE_CLASSIFICATION_CHANGED; MATCH_CLASSIFICATION_PRIMARY,https://canadabuys.canada.ca/en/tender-opportunities,HEALTHY,
alert_7e3c0ffd65b23df0_engineering,canadabuys:cb-14-3975244,CLASSIFICATION_CHANGED,MEDIUM,yes,engineering,75,GOOD,"ACAN - Providing development, maintenance, and support services for the Non-Destructive Testing (NDT) solution",Department of Natural Resources (NRCan),Canada,canadabuys,,"UNSPSC:80161604,UNSPSC:81111700,UNSPSC:81160000",OPEN,CHANGE_CLASSIFICATION_CHANGED; MATCH_CLASSIFICATION_PRIMARY,https://canadabuys.canada.ca/en/tender-opportunities,HEALTHY,
alert_7e3c0ffd65b23df0_infrastructure,canadabuys:cb-14-3975244,CLASSIFICATION_CHANGED,MEDIUM,yes,infrastructure,75,GOOD,"ACAN - Providing development, maintenance, and support services for the Non-Destructive Testing (NDT) solution",Department of Natural Resources (NRCan),Canada,canadabuys,,"UNSPSC:80161604,UNSPSC:81111700,UNSPSC:81160000",OPEN,CHANGE_CLASSIFICATION_CHANGED; MATCH_CLASSIFICATION_PRIMARY,https://canadabuys.canada.ca/en/tender-opportunities,HEALTHY,
alert_7e3c0ffd65b23df0_professional-services,canadabuys:cb-14-3975244,CLASSIFICATION_CHANGED,MEDIUM,yes,professional-services,75,GOOD,"ACAN - Providing development, maintenance, and support services for the Non-Destructive Testing (NDT) solution",Department of Natural Resources (NRCan),Canada,canadabuys,,"UNSPSC:80161604,UNSPSC:81111700,UNSPSC:81160000",OPEN,CHANGE_CLASSIFICATION_CHANGED; MATCH_CLASSIFICATION_PRIMARY,https://canadabuys.canada.ca/en/tender-opportunities,HEALTHY,
alert_7e474372ecfb0dd7_logistics,canadabuys:ws5562907534-doc5562948998,CLASSIFICATION_CHANGED,MEDIUM,yes,logistics,75,GOOD,Aircraft Parachute Rental RFSA,Department of Public Works and Government Services (PSPC),Canada,canadabuys,,"UNSPSC:25131504,UNSPSC:25131509,UNSPSC:25131601,UNSPSC:25131605,UNSPSC:78111505,UNSPSC:86131700",OPEN,CHANGE_CLASSIFICATION_CHANGED; MATCH_CLASSIFICATION_PRIMARY,https://portal.us.bn.cloud.ariba.com/dashboard/public/appext/comsapsbncdiscoveryui#/RfxEvent/preview/1110005379?anId=ANONYMOUS,HEALTHY,
alert_7e474372ecfb0dd7_manufacturer,canadabuys:ws5562907534-doc5562948998,CLASSIFICATION_CHANGED,MEDIUM,yes,manufacturer,75,GOOD,Aircraft Parachute Rental RFSA,Department of Public Works and Government Services (PSPC),Canada,canadabuys,,"UNSPSC:25131504,UNSPSC:25131509,UNSPSC:25131601,UNSPSC:25131605,UNSPSC:78111505,UNSPSC:86131700",OPEN,CHANGE_CLASSIFICATION_CHANGED; MATCH_CLASSIFICATION_PRIMARY,https://portal.us.bn.cloud.ariba.com/dashboard/public/appext/comsapsbncdiscoveryui#/RfxEvent/preview/1110005379?anId=ANONYMOUS,HEALTHY,
alert_7ea7b44e50fe24f6_energy,canadabuys:cb-564-18965931,CLASSIFICATION_CHANGED,MEDIUM,yes,energy,75,GOOD,1250 kVA Shore Power Autotransformer for CCG AOPS,Department of National Defence (DND),Canada,canadabuys,,UNSPSC:26100000,OPEN,CHANGE_CLASSIFICATION_CHANGED; MATCH_CLASSIFICATION_PRIMARY,https://canadabuys.canada.ca/en/tender-opportunities,HEALTHY,
alert_7ea7b44e50fe24f6_industrial-supplier,canadabuys:cb-564-18965931,CLASSIFICATION_CHANGED,MEDIUM,yes,industrial-supplier,75,GOOD,1250 kVA Shore Power Autotransformer for CCG AOPS,Department of National Defence (DND),Canada,canadabuys,,UNSPSC:26100000,OPEN,CHANGE_CLASSIFICATION_CHANGED; MATCH_CLASSIFICATION_PRIMARY,https://canadabuys.canada.ca/en/tender-opportunities,HEALTHY,
alert_7ea7b44e50fe24f6_manufacturer,canadabuys:cb-564-18965931,CLASSIFICATION_CHANGED,MEDIUM,yes,manufacturer,75,GOOD,1250 kVA Shore Power Autotransformer for CCG AOPS,Department of National Defence (DND),Canada,canadabuys,,UNSPSC:26100000,OPEN,CHANGE_CLASSIFICATION_CHANGED; MATCH_CLASSIFICATION_PRIMARY,https://canadabuys.canada.ca/en/tender-opportunities,HEALTHY,
alert_7fb5b94de0ea7dcb_industrial-supplier,canadabuys:ws5542461766-doc5749841610,CLASSIFICATION_CHANGED,MEDIUM,yes,industrial-supplier,75,GOOD,W0106-25L012-2 Purchase of CNC Plasma Cutting System,Department of Public Works and Government Services (PSPC),Canada,canadabuys,,UNSPSC:23241600,OPEN,CHANGE_CLASSIFICATION_CHANGED; MATCH_CLASSIFICATION_PRIMARY,https://portal.us.bn.cloud.ariba.com/dashboard/public/appext/comsapsbncdiscoveryui#/RfxEvent/preview/1110017528?anId=ANONYMOUS,HEALTHY,
alert_7fb5b94de0ea7dcb_manufacturer,canadabuys:ws5542461766-doc5749841610,CLASSIFICATION_CHANGED,MEDIUM,yes,manufacturer,75,GOOD,W0106-25L012-2 Purchase of CNC Plasma Cutting System,Department of Public Works and Government Services (PSPC),Canada,canadabuys,,UNSPSC:23241600,OPEN,CHANGE_CLASSIFICATION_CHANGED; MATCH_CLASSIFICATION_PRIMARY,https://portal.us.bn.cloud.ariba.com/dashboard/public/appext/comsapsbncdiscoveryui#/RfxEvent/preview/1110017528?anId=ANONYMOUS,HEALTHY,
alert_7ff20d25650331e6_manufacturer,canadabuys:ws5814823949-doc5814922264,CLASSIFICATION_CHANGED,MEDIUM,yes,manufacturer,75,GOOD,RFP F7049-260266 –CCGS Sir William Alexander Fall 2026 DryDocking,Department of Public Works and Government Services (PSPC),Canada,canadabuys,,UNSPSC:25111500,OPEN,CHANGE_CLASSIFICATION_CHANGED; MATCH_CLASSIFICATION_PRIMARY,https://portal.us.bn.cloud.ariba.com/dashboard/public/appext/comsapsbncdiscoveryui#/RfxEvent/preview/1110020511?anId=ANONYMOUS,HEALTHY,
alert_80303d8212a46ae3_engineering,canadabuys:ws4783105641-doc4783109918,CLASSIFICATION_CHANGED,MEDIUM,yes,engineering,75,GOOD,TacC2IS Mod RFI,Department of Public Works and Government Services (PSPC),Canada,canadabuys,,UNSPSC:81000000,OPEN,CHANGE_CLASSIFICATION_CHANGED; MATCH_CLASSIFICATION_PRIMARY,https://discovery.ariba.com/rfx/20943981,HEALTHY,
alert_80303d8212a46ae3_infrastructure,canadabuys:ws4783105641-doc4783109918,CLASSIFICATION_CHANGED,MEDIUM,yes,infrastructure,75,GOOD,TacC2IS Mod RFI,Department of Public Works and Government Services (PSPC),Canada,canadabuys,,UNSPSC:81000000,OPEN,CHANGE_CLASSIFICATION_CHANGED; MATCH_CLASSIFICATION_PRIMARY,https://discovery.ariba.com/rfx/20943981,HEALTHY,
alert_80bc5cb1a504e19b_manufacturer,canadabuys:cb-665-1459126,CLASSIFICATION_CHANGED,MEDIUM,yes,manufacturer,75,GOOD,Resistance Element,Department of National Defence (DND),Canada,canadabuys,,UNSPSC:32121600,OPEN,CHANGE_CLASSIFICATION_CHANGED; MATCH_CLASSIFICATION_PRIMARY,https://canadabuys.canada.ca/en/tender-opportunities,HEALTHY,
alert_8168863b4b9171bd_healthcare,canadabuys:ws5711884715-doc5711897494,CLASSIFICATION_CHANGED,MEDIUM,yes,healthcare,75,GOOD,01633-270073 Steam Sterilizer,Department of Public Works and Government Services (PSPC),Canada,canadabuys,,UNSPSC:42281500,OPEN,CHANGE_CLASSIFICATION_CHANGED; MATCH_CLASSIFICATION_PRIMARY,https://portal.us.bn.cloud.ariba.com/dashboard/public/appext/comsapsbncdiscoveryui#/RfxEvent/preview/1110020860?anId=ANONYMOUS,HEALTHY,
alert_826baf43aa42d118_industrial-supplier,canadabuys:cb-53-60958033,CLASSIFICATION_CHANGED,MEDIUM,yes,industrial-supplier,75,GOOD,Waste Removal Services,Correctional Service of Canada (CSC),Canada,canadabuys,,"UNSPSC:24102400,UNSPSC:25101914,UNSPSC:47121700",OPEN,CHANGE_CLASSIFICATION_CHANGED; MATCH_CLASSIFICATION_PRIMARY,https://canadabuys.canada.ca/en/tender-opportunities,HEALTHY,
alert_826baf43aa42d118_manufacturer,canadabuys:cb-53-60958033,CLASSIFICATION_CHANGED,MEDIUM,yes,manufacturer,75,GOOD,Waste Removal Services,Correctional Service of Canada (CSC),Canada,canadabuys,,"UNSPSC:24102400,UNSPSC:25101914,UNSPSC:47121700",OPEN,CHANGE_CLASSIFICATION_CHANGED; MATCH_CLASSIFICATION_PRIMARY,https://canadabuys.canada.ca/en/tender-opportunities,HEALTHY,
alert_82e3fce8e85f5f9a_professional-services,canadabuys:ws5795831662-doc5805842487,CLASSIFICATION_CHANGED,MEDIUM,yes,professional-services,75,GOOD,W0114-260003 Portable Toilet Rental,Department of Public Works and Government Services (PSPC),Canada,canadabuys,,UNSPSC:80131506,OPEN,CHANGE_CLASSIFICATION_CHANGED; MATCH_CLASSIFICATION_PRIMARY,https://portal.us.bn.cloud.ariba.com/dashboard/public/appext/comsapsbncdiscoveryui#/RfxEvent/preview/1110019794?anId=ANONYMOUS,HEALTHY,
alert_8383274e12ba9709_construction,canadabuys:ws5591661263-doc5614040672,CLASSIFICATION_CHANGED,MEDIUM,yes,construction,75,GOOD,NHQ Plaza Roofs Replacement,Department of Public Works and Government Services (PSPC),Canada,canadabuys,,UNSPSC:72121103,OPEN,CHANGE_CLASSIFICATION_CHANGED; MATCH_CLASSIFICATION_PRIMARY,https://canadabuys.canada.ca/en/tender-opportunities,HEALTHY,
alert_8383274e12ba9709_infrastructure,canadabuys:ws5591661263-doc5614040672,CLASSIFICATION_CHANGED,MEDIUM,yes,infrastructure,75,GOOD,NHQ Plaza Roofs Replacement,Department of Public Works and Government Services (PSPC),Canada,canadabuys,,UNSPSC:72121103,OPEN,CHANGE_CLASSIFICATION_CHANGED; MATCH_CLASSIFICATION_PRIMARY,https://canadabuys.canada.ca/en/tender-opportunities,HEALTHY,
alert_83ed81a37ec7453a_b2b-saas,canadabuys:ws5757126243-doc5785722339,CLASSIFICATION_CHANGED,MEDIUM,yes,b2b-saas,75,GOOD,RFI Vessel Traffic Management System (VTMS),Department of Public Works and Government Services (PSPC),Canada,canadabuys,,UNSPSC:43190000,OPEN,CHANGE_CLASSIFICATION_CHANGED; MATCH_CLASSIFICATION_PRIMARY,https://portal.us.bn.cloud.ariba.com/dashboard/public/appext/comsapsbncdiscoveryui#/RfxEvent/preview/1110018589?anId=ANONYMOUS,HEALTHY,
alert_83ed81a37ec7453a_it-software,canadabuys:ws5757126243-doc5785722339,CLASSIFICATION_CHANGED,MEDIUM,yes,it-software,75,GOOD,RFI Vessel Traffic Management System (VTMS),Department of Public Works and Government Services (PSPC),Canada,canadabuys,,UNSPSC:43190000,OPEN,CHANGE_CLASSIFICATION_CHANGED; MATCH_CLASSIFICATION_PRIMARY,https://portal.us.bn.cloud.ariba.com/dashboard/public/appext/comsapsbncdiscoveryui#/RfxEvent/preview/1110018589?anId=ANONYMOUS,HEALTHY,
alert_83ed81a37ec7453a_telecom,canadabuys:ws5757126243-doc5785722339,CLASSIFICATION_CHANGED,MEDIUM,yes,telecom,75,GOOD,RFI Vessel Traffic Management System (VTMS),Department of Public Works and Government Services (PSPC),Canada,canadabuys,,UNSPSC:43190000,OPEN,CHANGE_CLASSIFICATION_CHANGED; MATCH_CLASSIFICATION_PRIMARY,https://portal.us.bn.cloud.ariba.com/dashboard/public/appext/comsapsbncdiscoveryui#/RfxEvent/preview/1110018589?anId=ANONYMOUS,HEALTHY,
alert_83eee2ab569d9f4c_construction,canadabuys:cb-316-23690666,CLASSIFICATION_CHANGED,MEDIUM,yes,construction,75,GOOD,South Campus Watermain Replacement,National Research Council of Canada (NRC),Canada,canadabuys,,UNSPSC:72141120,OPEN,CHANGE_CLASSIFICATION_CHANGED; MATCH_CLASSIFICATION_PRIMARY,https://canadabuys.canada.ca/en/tender-opportunities,HEALTHY,
alert_83eee2ab569d9f4c_infrastructure,canadabuys:cb-316-23690666,CLASSIFICATION_CHANGED,MEDIUM,yes,infrastructure,75,GOOD,South Campus Watermain Replacement,National Research Council of Canada (NRC),Canada,canadabuys,,UNSPSC:72141120,OPEN,CHANGE_CLASSIFICATION_CHANGED; MATCH_CLASSIFICATION_PRIMARY,https://canadabuys.canada.ca/en/tender-opportunities,HEALTHY,
alert_845daa0d66b5c5b7_construction,canadabuys:ws5654653921-doc5732694617,CLASSIFICATION_CHANGED,MEDIUM,yes,construction,75,GOOD,W8472-225864 Dive Tender Replacement Project RFI,Department of Public Works and Government Services (PSPC),Canada,canadabuys,,UNSPSC:72141200,OPEN,CHANGE_CLASSIFICATION_CHANGED; MATCH_CLASSIFICATION_PRIMARY,https://portal.us.bn.cloud.ariba.com/dashboard/public/appext/comsapsbncdiscoveryui#/RfxEvent/preview/1110015325?anId=ANONYMOUS,HEALTHY,
alert_845daa0d66b5c5b7_infrastructure,canadabuys:ws5654653921-doc5732694617,CLASSIFICATION_CHANGED,MEDIUM,yes,infrastructure,75,GOOD,W8472-225864 Dive Tender Replacement Project RFI,Department of Public Works and Government Services (PSPC),Canada,canadabuys,,UNSPSC:72141200,OPEN,CHANGE_CLASSIFICATION_CHANGED; MATCH_CLASSIFICATION_PRIMARY,https://portal.us.bn.cloud.ariba.com/dashboard/public/appext/comsapsbncdiscoveryui#/RfxEvent/preview/1110015325?anId=ANONYMOUS,HEALTHY,
alert_84602195e8b35cfb_energy,canadabuys:cb-113-62180206,CLASSIFICATION_CHANGED,MEDIUM,yes,energy,75,GOOD,Inmate Purchasing Plan,Correctional Service Canada,Canada,canadabuys,,"UNSPSC:11121600,UNSPSC:11150000,UNSPSC:11151700,UNSPSC:11160000,UNSPSC:11162300,UNSPSC:23120000,UNSPSC:26142304,UNSPSC:27111800,UNSPSC:27113000,UNSPSC:31201600,UNSPSC:31211500,UNSPSC:40101604,UNSPSC:44101800,UNSPSC:44101803,UNSPSC:44110000,UNSPSC:44120000,UNSPSC:49171500,UNSPSC:49241600,UNSPSC:52161505,UNSPSC:53101500,UNSPSC:53101800,UNSPSC:53102100,UNSPSC:53102102,UNSPSC:53102600,UNSPSC:53102800,UNSPSC:53131619,UNSPSC:54111500,UNSPSC:54111600,UNSPSC:55101510,UNSPSC:60102300,UNSPSC:60121400,UNSPSC:60130000,UNSPSC:60131600",OPEN,CHANGE_CLASSIFICATION_CHANGED; MATCH_CLASSIFICATION_PRIMARY,https://canadabuys.canada.ca/en/tender-opportunities,HEALTHY,
alert_84602195e8b35cfb_industrial-supplier,canadabuys:cb-113-62180206,CLASSIFICATION_CHANGED,MEDIUM,yes,industrial-supplier,75,GOOD,Inmate Purchasing Plan,Correctional Service Canada,Canada,canadabuys,,"UNSPSC:11121600,UNSPSC:11150000,UNSPSC:11151700,UNSPSC:11160000,UNSPSC:11162300,UNSPSC:23120000,UNSPSC:26142304,UNSPSC:27111800,UNSPSC:27113000,UNSPSC:31201600,UNSPSC:31211500,UNSPSC:40101604,UNSPSC:44101800,UNSPSC:44101803,UNSPSC:44110000,UNSPSC:44120000,UNSPSC:49171500,UNSPSC:49241600,UNSPSC:52161505,UNSPSC:53101500,UNSPSC:53101800,UNSPSC:53102100,UNSPSC:53102102,UNSPSC:53102600,UNSPSC:53102800,UNSPSC:53131619,UNSPSC:54111500,UNSPSC:54111600,UNSPSC:55101510,UNSPSC:60102300,UNSPSC:60121400,UNSPSC:60130000,UNSPSC:60131600",OPEN,CHANGE_CLASSIFICATION_CHANGED; MATCH_CLASSIFICATION_PRIMARY,https://canadabuys.canada.ca/en/tender-opportunities,HEALTHY,
alert_84602195e8b35cfb_manufacturer,canadabuys:cb-113-62180206,CLASSIFICATION_CHANGED,MEDIUM,yes,manufacturer,75,GOOD,Inmate Purchasing Plan,Correctional Service Canada,Canada,canadabuys,,"UNSPSC:11121600,UNSPSC:11150000,UNSPSC:11151700,UNSPSC:11160000,UNSPSC:11162300,UNSPSC:23120000,UNSPSC:26142304,UNSPSC:27111800,UNSPSC:27113000,UNSPSC:31201600,UNSPSC:31211500,UNSPSC:40101604,UNSPSC:44101800,UNSPSC:44101803,UNSPSC:44110000,UNSPSC:44120000,UNSPSC:49171500,UNSPSC:49241600,UNSPSC:52161505,UNSPSC:53101500,UNSPSC:53101800,UNSPSC:53102100,UNSPSC:53102102,UNSPSC:53102600,UNSPSC:53102800,UNSPSC:53131619,UNSPSC:54111500,UNSPSC:54111600,UNSPSC:55101510,UNSPSC:60102300,UNSPSC:60121400,UNSPSC:60130000,UNSPSC:60131600",OPEN,CHANGE_CLASSIFICATION_CHANGED; MATCH_CLASSIFICATION_PRIMARY,https://canadabuys.canada.ca/en/tender-opportunities,HEALTHY,
alert_850c5014771bdc01_construction,canadabuys:ws5685449695-doc5767119028,CLASSIFICATION_CHANGED,MEDIUM,yes,construction,75,GOOD,"Phase II_ITT_EV385-270071_RPC Bow Unit Chillers and AHU Replacement, Saskatoon, Saskatchewan",Department of Public Works and Government Services (PSPC),Canada,canadabuys,,UNSPSC:72151200,OPEN,CHANGE_CLASSIFICATION_CHANGED; MATCH_CLASSIFICATION_PRIMARY,https://canadabuys.canada.ca/en/tender-opportunities,HEALTHY,
alert_850c5014771bdc01_infrastructure,canadabuys:ws5685449695-doc5767119028,CLASSIFICATION_CHANGED,MEDIUM,yes,infrastructure,75,GOOD,"Phase II_ITT_EV385-270071_RPC Bow Unit Chillers and AHU Replacement, Saskatoon, Saskatchewan",Department of Public Works and Government Services (PSPC),Canada,canadabuys,,UNSPSC:72151200,OPEN,CHANGE_CLASSIFICATION_CHANGED; MATCH_CLASSIFICATION_PRIMARY,https://canadabuys.canada.ca/en/tender-opportunities,HEALTHY,
alert_8538fafe8a5735d9_industrial-supplier,canadabuys:cb-399-40125838,CLASSIFICATION_CHANGED,MEDIUM,yes,industrial-supplier,75,GOOD,Rough Terrain Forklifts (RTFL),Department of National Defence (DND),Canada,canadabuys,,"UNSPSC:24100000,UNSPSC:24101600,UNSPSC:24101603",OPEN,CHANGE_CLASSIFICATION_CHANGED; MATCH_CLASSIFICATION_PRIMARY,https://canadabuys.canada.ca/en/tender-opportunities,HEALTHY,
alert_8538fafe8a5735d9_manufacturer,canadabuys:cb-399-40125838,CLASSIFICATION_CHANGED,MEDIUM,yes,manufacturer,75,GOOD,Rough Terrain Forklifts (RTFL),Department of National Defence (DND),Canada,canadabuys,,"UNSPSC:24100000,UNSPSC:24101600,UNSPSC:24101603",OPEN,CHANGE_CLASSIFICATION_CHANGED; MATCH_CLASSIFICATION_PRIMARY,https://canadabuys.canada.ca/en/tender-opportunities,HEALTHY,
alert_8725c1ff95182181_construction,canadabuys:cb-600-57707147,CLASSIFICATION_CHANGED,MEDIUM,yes,construction,75,GOOD,A/C maintenance and repair services for the High Commission of Canada in Jamaica in Kingston,"Department of Foreign Affairs, Trade and Development (GAC)",Canada,canadabuys,,UNSPSC:72101511,OPEN,CHANGE_CLASSIFICATION_CHANGED; MATCH_CLASSIFICATION_PRIMARY,https://canadabuys.canada.ca/en/tender-opportunities,HEALTHY,
alert_8725c1ff95182181_infrastructure,canadabuys:cb-600-57707147,CLASSIFICATION_CHANGED,MEDIUM,yes,infrastructure,75,GOOD,A/C maintenance and repair services for the High Commission of Canada in Jamaica in Kingston,"Department of Foreign Affairs, Trade and Development (GAC)",Canada,canadabuys,,UNSPSC:72101511,OPEN,CHANGE_CLASSIFICATION_CHANGED; MATCH_CLASSIFICATION_PRIMARY,https://canadabuys.canada.ca/en/tender-opportunities,HEALTHY,
alert_8835ccbbb8b1c5bb_healthcare,canadabuys:cb-139-97304605,CLASSIFICATION_CHANGED,MEDIUM,yes,healthcare,75,GOOD,Primary Care Physician services – Grande Cache Institution,Correctional Service of Canada (CSC),Canada,canadabuys,,"UNSPSC:85101600,UNSPSC:85101700,UNSPSC:85101706,UNSPSC:85121500,UNSPSC:85121700,UNSPSC:85122201",OPEN,CHANGE_CLASSIFICATION_CHANGED; MATCH_CLASSIFICATION_PRIMARY,https://canadabuys.canada.ca/en/tender-opportunities,HEALTHY,
alert_885ebfdf6c4372e6_manufacturer,canadabuys:cb-322-47171062,CLASSIFICATION_CHANGED,MEDIUM,yes,manufacturer,75,GOOD,ENCLOSED TRAILER FOR OVER SNOW VEHICLE,Department of National Defence (DND),Canada,canadabuys,,UNSPSC:25101907,OPEN,CHANGE_CLASSIFICATION_CHANGED; MATCH_CLASSIFICATION_PRIMARY,https://canadabuys.canada.ca/en/tender-opportunities,HEALTHY,
alert_891343eb9196123c_manufacturer,canadabuys:ws5769863979-doc5785806566,CLASSIFICATION_CHANGED,MEDIUM,yes,manufacturer,75,GOOD,RFP- FW076-260152- 6.05- 7.0m Aluminum RHIB T-top and trailer,Department of Public Works and Government Services (PSPC),Canada,canadabuys,,UNSPSC:25111500,OPEN,CHANGE_CLASSIFICATION_CHANGED; MATCH_CLASSIFICATION_PRIMARY,https://canadabuys.canada.ca/en/tender-opportunities,HEALTHY,
alert_8a5c2e4fd8cf35d8_energy,canadabuys:ws5767361034-doc5767416948,CLASSIFICATION_CHANGED,MEDIUM,yes,energy,75,GOOD,Cables for Army Vehicles - 5 Year Spares Acquisition via Supply Arrangement W8476-145075,Department of Public Works and Government Services (PSPC),Canada,canadabuys,,UNSPSC:26120000,OPEN,CHANGE_CLASSIFICATION_CHANGED; MATCH_CLASSIFICATION_PRIMARY,https://canadabuys.canada.ca/en/tender-opportunities,HEALTHY,
alert_8a5c2e4fd8cf35d8_industrial-supplier,canadabuys:ws5767361034-doc5767416948,CLASSIFICATION_CHANGED,MEDIUM,yes,industrial-supplier,75,GOOD,Cables for Army Vehicles - 5 Year Spares Acquisition via Supply Arrangement W8476-145075,Department of Public Works and Government Services (PSPC),Canada,canadabuys,,UNSPSC:26120000,OPEN,CHANGE_CLASSIFICATION_CHANGED; MATCH_CLASSIFICATION_PRIMARY,https://canadabuys.canada.ca/en/tender-opportunities,HEALTHY,
alert_8a5c2e4fd8cf35d8_manufacturer,canadabuys:ws5767361034-doc5767416948,CLASSIFICATION_CHANGED,MEDIUM,yes,manufacturer,75,GOOD,Cables for Army Vehicles - 5 Year Spares Acquisition via Supply Arrangement W8476-145075,Department of Public Works and Government Services (PSPC),Canada,canadabuys,,UNSPSC:26120000,OPEN,CHANGE_CLASSIFICATION_CHANGED; MATCH_CLASSIFICATION_PRIMARY,https://canadabuys.canada.ca/en/tender-opportunities,HEALTHY,
alert_8b6a61df2cc2df12_construction,canadabuys:ws5792247656-doc5826700371,CLASSIFICATION_CHANGED,MEDIUM,yes,construction,75,GOOD,EB144-270390 – ITT - BIO - Wharf Epoxy Injection Repairs – Dartmouth Nova Scotia,Department of Public Works and Government Services (PSPC),Canada,canadabuys,,UNSPSC:72141200,OPEN,CHANGE_CLASSIFICATION_CHANGED; MATCH_CLASSIFICATION_PRIMARY,https://canadabuys.canada.ca/en/tender-opportunities,HEALTHY,
alert_8b6a61df2cc2df12_infrastructure,canadabuys:ws5792247656-doc5826700371,CLASSIFICATION_CHANGED,MEDIUM,yes,infrastructure,75,GOOD,EB144-270390 – ITT - BIO - Wharf Epoxy Injection Repairs – Dartmouth Nova Scotia,Department of Public Works and Government Services (PSPC),Canada,canadabuys,,UNSPSC:72141200,OPEN,CHANGE_CLASSIFICATION_CHANGED; MATCH_CLASSIFICATION_PRIMARY,https://canadabuys.canada.ca/en/tender-opportunities,HEALTHY,
alert_8be6a64d01f4bcc6_manufacturer,canadabuys:ws5810211800-doc5810998077,CLASSIFICATION_CHANGED,MEDIUM,yes,manufacturer,75,GOOD,F7047-260018 - Supply of 2-inch Steel Wire Rope – 8x1000 feet - ASTM A603 - RFP,Department of Public Works and Government Services (PSPC),Canada,canadabuys,,"UNSPSC:31151500,UNSPSC:31151700",OPEN,CHANGE_CLASSIFICATION_CHANGED; MATCH_CLASSIFICATION_PRIMARY,https://portal.us.bn.cloud.ariba.com/dashboard/public/appext/comsapsbncdiscoveryui#/RfxEvent/preview/1110020493?anId=ANONYMOUS,HEALTHY,
alert_8cee1a1f575cd47f_engineering,canadabuys:ws4125166145-doc4243461216,CLASSIFICATION_CHANGED,MEDIUM,yes,engineering,75,GOOD,EN578-191593F RFSA - SaaS Method of Supply (GC Cloud),Department of Public Works and Government Services (PSPC),Canada,canadabuys,,UNSPSC:81162000,OPEN,CHANGE_CLASSIFICATION_CHANGED; MATCH_CLASSIFICATION_PRIMARY,https://discovery.ariba.com/rfx/17716403?extsite=MTc3MTY0MDNfQU4wMTQ4NDA1MDk5Mg==,HEALTHY,
alert_8cee1a1f575cd47f_infrastructure,canadabuys:ws4125166145-doc4243461216,CLASSIFICATION_CHANGED,MEDIUM,yes,infrastructure,75,GOOD,EN578-191593F RFSA - SaaS Method of Supply (GC Cloud),Department of Public Works and Government Services (PSPC),Canada,canadabuys,,UNSPSC:81162000,OPEN,CHANGE_CLASSIFICATION_CHANGED; MATCH_CLASSIFICATION_PRIMARY,https://discovery.ariba.com/rfx/17716403?extsite=MTc3MTY0MDNfQU4wMTQ4NDA1MDk5Mg==,HEALTHY,
alert_8d6f6e68ac22b4d8_engineering,canadabuys:cb-303-67468850,CLASSIFICATION_CHANGED,MEDIUM,yes,engineering,75,GOOD,Data Management & Data Science Support for Digital Investment Projects.,Department of Transport (TC),Canada,canadabuys,,UNSPSC:81160000,OPEN,CHANGE_CLASSIFICATION_CHANGED; MATCH_CLASSIFICATION_PRIMARY,https://canadabuys.canada.ca/en/tender-opportunities,HEALTHY,
alert_8d6f6e68ac22b4d8_infrastructure,canadabuys:cb-303-67468850,CLASSIFICATION_CHANGED,MEDIUM,yes,infrastructure,75,GOOD,Data Management & Data Science Support for Digital Investment Projects.,Department of Transport (TC),Canada,canadabuys,,UNSPSC:81160000,OPEN,CHANGE_CLASSIFICATION_CHANGED; MATCH_CLASSIFICATION_PRIMARY,https://canadabuys.canada.ca/en/tender-opportunities,HEALTHY,
alert_8d7ae93d6e473c95_professional-services,canadabuys:cb-773-6803322,CLASSIFICATION_CHANGED,MEDIUM,yes,professional-services,75,GOOD,Actuarial Costing and Return on Investment Analysis for the Modernization of the Federal Workers’ Compensation Regime,Department of Employment and Social Development (ESDC),Canada,canadabuys,,UNSPSC:80101600,OPEN,CHANGE_CLASSIFICATION_CHANGED; MATCH_CLASSIFICATION_PRIMARY,https://canadabuys.canada.ca/en/tender-opportunities,HEALTHY,
alert_8e1ce796c63952a1_industrial-supplier,canadabuys:ws4159042340-doc4159053143,CLASSIFICATION_CHANGED,MEDIUM,yes,industrial-supplier,75,GOOD,Request for Supply Arrangement for Forklift Truck (E60HS 21FRKL B),Department of Public Works and Government Services (PSPC),Canada,canadabuys,,UNSPSC:24101604,OPEN,CHANGE_CLASSIFICATION_CHANGED; MATCH_CLASSIFICATION_PRIMARY,https://portal.us.bn.cloud.ariba.com/dashboard/public/appext/comsapsbncdiscoveryui#/RfxEvent/preview/17236216?anId=ANONYMOUS,HEALTHY,
alert_8e1ce796c63952a1_manufacturer,canadabuys:ws4159042340-doc4159053143,CLASSIFICATION_CHANGED,MEDIUM,yes,manufacturer,75,GOOD,Request for Supply Arrangement for Forklift Truck (E60HS 21FRKL B),Department of Public Works and Government Services (PSPC),Canada,canadabuys,,UNSPSC:24101604,OPEN,CHANGE_CLASSIFICATION_CHANGED; MATCH_CLASSIFICATION_PRIMARY,https://portal.us.bn.cloud.ariba.com/dashboard/public/appext/comsapsbncdiscoveryui#/RfxEvent/preview/17236216?anId=ANONYMOUS,HEALTHY,
alert_8e6cc0b0befb99b5_b2b-saas,canadabuys:ws3971158100-doc3971158168,CLASSIFICATION_CHANGED,MEDIUM,yes,b2b-saas,75,GOOD,Software Licensing Supply Arrangement (SLSA) RFSA,Department of Public Works and Government Services (PSPC),Canada,canadabuys,,"UNSPSC:43230000,UNSPSC:81112200",OPEN,CHANGE_CLASSIFICATION_CHANGED; MATCH_CLASSIFICATION_PRIMARY,http://discovery.ariba.com/rfx/16043971,HEALTHY,
alert_8e6cc0b0befb99b5_engineering,canadabuys:ws3971158100-doc3971158168,CLASSIFICATION_CHANGED,MEDIUM,yes,engineering,75,GOOD,Software Licensing Supply Arrangement (SLSA) RFSA,Department of Public Works and Government Services (PSPC),Canada,canadabuys,,"UNSPSC:43230000,UNSPSC:81112200",OPEN,CHANGE_CLASSIFICATION_CHANGED; MATCH_CLASSIFICATION_PRIMARY,http://discovery.ariba.com/rfx/16043971,HEALTHY,
alert_8e6cc0b0befb99b5_infrastructure,canadabuys:ws3971158100-doc3971158168,CLASSIFICATION_CHANGED,MEDIUM,yes,infrastructure,75,GOOD,Software Licensing Supply Arrangement (SLSA) RFSA,Department of Public Works and Government Services (PSPC),Canada,canadabuys,,"UNSPSC:43230000,UNSPSC:81112200",OPEN,CHANGE_CLASSIFICATION_CHANGED; MATCH_CLASSIFICATION_PRIMARY,http://discovery.ariba.com/rfx/16043971,HEALTHY,
alert_8e6cc0b0befb99b5_it-software,canadabuys:ws3971158100-doc3971158168,CLASSIFICATION_CHANGED,MEDIUM,yes,it-software,75,GOOD,Software Licensing Supply Arrangement (SLSA) RFSA,Department of Public Works and Government Services (PSPC),Canada,canadabuys,,"UNSPSC:43230000,UNSPSC:81112200",OPEN,CHANGE_CLASSIFICATION_CHANGED; MATCH_CLASSIFICATION_PRIMARY,http://discovery.ariba.com/rfx/16043971,HEALTHY,
alert_8e6cc0b0befb99b5_telecom,canadabuys:ws3971158100-doc3971158168,CLASSIFICATION_CHANGED,MEDIUM,yes,telecom,75,GOOD,Software Licensing Supply Arrangement (SLSA) RFSA,Department of Public Works and Government Services (PSPC),Canada,canadabuys,,"UNSPSC:43230000,UNSPSC:81112200",OPEN,CHANGE_CLASSIFICATION_CHANGED; MATCH_CLASSIFICATION_PRIMARY,http://discovery.ariba.com/rfx/16043971,HEALTHY,
alert_8eef411594920130_engineering,canadabuys:ws5819275303-doc5819275371,CLASSIFICATION_CHANGED,MEDIUM,yes,engineering,75,GOOD,Applications and Environmental Support Services,Department of Public Works and Government Services (PSPC),Canada,canadabuys,,UNSPSC:81112218,OPEN,CHANGE_CLASSIFICATION_CHANGED; MATCH_CLASSIFICATION_PRIMARY,https://canadabuys.canada.ca/en/tender-opportunities,HEALTHY,
alert_8eef411594920130_infrastructure,canadabuys:ws5819275303-doc5819275371,CLASSIFICATION_CHANGED,MEDIUM,yes,infrastructure,75,GOOD,Applications and Environmental Support Services,Department of Public Works and Government Services (PSPC),Canada,canadabuys,,UNSPSC:81112218,OPEN,CHANGE_CLASSIFICATION_CHANGED; MATCH_CLASSIFICATION_PRIMARY,https://canadabuys.canada.ca/en/tender-opportunities,HEALTHY,
alert_8f23db02bfc9707e_manufacturer,canadabuys:ws5559118848-doc5564057160,CLASSIFICATION_CHANGED,MEDIUM,yes,manufacturer,75,GOOD,RFP T8493-250062 - Swashplate and Heater,Department of Public Works and Government Services (PSPC),Canada,canadabuys,,UNSPSC:25202500,OPEN,CHANGE_CLASSIFICATION_CHANGED; MATCH_CLASSIFICATION_PRIMARY,https://portal.us.bn.cloud.ariba.com/dashboard/public/appext/comsapsbncdiscoveryui#/RfxEvent/preview/1110005454?anId=ANONYMOUS,HEALTHY,
alert_8fb99a79c952e9b5_energy,canadabuys:cb-723-36066059,CLASSIFICATION_CHANGED,MEDIUM,yes,energy,75,GOOD,"CABLE,SPECIAL PURPOSE,ELECTRICAL",Department of National Defence (DND),Canada,canadabuys,,UNSPSC:26121500,OPEN,CHANGE_CLASSIFICATION_CHANGED; MATCH_CLASSIFICATION_PRIMARY,https://canadabuys.canada.ca/en/tender-opportunities,HEALTHY,
alert_8fb99a79c952e9b5_industrial-supplier,canadabuys:cb-723-36066059,CLASSIFICATION_CHANGED,MEDIUM,yes,industrial-supplier,75,GOOD,"CABLE,SPECIAL PURPOSE,ELECTRICAL",Department of National Defence (DND),Canada,canadabuys,,UNSPSC:26121500,OPEN,CHANGE_CLASSIFICATION_CHANGED; MATCH_CLASSIFICATION_PRIMARY,https://canadabuys.canada.ca/en/tender-opportunities,HEALTHY,
alert_8fb99a79c952e9b5_manufacturer,canadabuys:cb-723-36066059,CLASSIFICATION_CHANGED,MEDIUM,yes,manufacturer,75,GOOD,"CABLE,SPECIAL PURPOSE,ELECTRICAL",Department of National Defence (DND),Canada,canadabuys,,UNSPSC:26121500,OPEN,CHANGE_CLASSIFICATION_CHANGED; MATCH_CLASSIFICATION_PRIMARY,https://canadabuys.canada.ca/en/tender-opportunities,HEALTHY,
alert_904e398e0cfca72d_professional-services,canadabuys:cb-381-42521491,CLASSIFICATION_CHANGED,MEDIUM,yes,professional-services,75,GOOD,2026-0030 - RP Cultural Safety Program Evaluation,Workers Safety and Compensation Commission (WSCC),Canada,canadabuys,,UNSPSC:80101606,OPEN,CHANGE_CLASSIFICATION_CHANGED; MATCH_CLASSIFICATION_PRIMARY,https://canadabuys.canada.ca/en/tender-opportunities,HEALTHY,
alert_90b054e7595004a4_engineering,canadabuys:cb-331-17030872,CLASSIFICATION_CHANGED,MEDIUM,yes,engineering,75,GOOD,Innovative Solutions Canada Program Call for Proposals – 004,Department of Public Works and Government Services (PSPC),Canada,canadabuys,,"UNSPSC:81141900,UNSPSC:81141901,UNSPSC:81141902,UNSPSC:92111700",OPEN,CHANGE_CLASSIFICATION_CHANGED; MATCH_CLASSIFICATION_PRIMARY,https://canadabuys.canada.ca/en/tender-opportunities,HEALTHY,
alert_90b054e7595004a4_infrastructure,canadabuys:cb-331-17030872,CLASSIFICATION_CHANGED,MEDIUM,yes,infrastructure,75,GOOD,Innovative Solutions Canada Program Call for Proposals – 004,Department of Public Works and Government Services (PSPC),Canada,canadabuys,,"UNSPSC:81141900,UNSPSC:81141901,UNSPSC:81141902,UNSPSC:92111700",OPEN,CHANGE_CLASSIFICATION_CHANGED; MATCH_CLASSIFICATION_PRIMARY,https://canadabuys.canada.ca/en/tender-opportunities,HEALTHY,
alert_90ff0109ec765e63_logistics,canadabuys:ws4619369595-doc4628558184,CLASSIFICATION_CHANGED,MEDIUM,yes,logistics,75,GOOD,E6TOR-23RM10 Bus Charter and Bus Rental Services-Ontario Region,Department of Public Works and Government Services (PSPC),Canada,canadabuys,,"UNSPSC:78111802,UNSPSC:78111803,UNSPSC:78111808",OPEN,CHANGE_CLASSIFICATION_CHANGED; MATCH_CLASSIFICATION_PRIMARY,https://discovery.ariba.com/rfx/19970266?extsite=MTk5NzAyNjZfQU4wMTQ4NDA1MDk5Mg==,HEALTHY,
alert_9234f5bea0696755_construction,canadabuys:cb-24-78066475,CLASSIFICATION_CHANGED,MEDIUM,yes,construction,75,GOOD,Grounds Maintenance,Public Health Agency of Canada (PHAC),Canada,canadabuys,,"UNSPSC:72102902,UNSPSC:72102903",OPEN,CHANGE_CLASSIFICATION_CHANGED; MATCH_CLASSIFICATION_PRIMARY,https://canadabuys.canada.ca/en/tender-opportunities,HEALTHY,
alert_9234f5bea0696755_infrastructure,canadabuys:cb-24-78066475,CLASSIFICATION_CHANGED,MEDIUM,yes,infrastructure,75,GOOD,Grounds Maintenance,Public Health Agency of Canada (PHAC),Canada,canadabuys,,"UNSPSC:72102902,UNSPSC:72102903",OPEN,CHANGE_CLASSIFICATION_CHANGED; MATCH_CLASSIFICATION_PRIMARY,https://canadabuys.canada.ca/en/tender-opportunities,HEALTHY,
alert_9236bdc28eff9ff5_logistics,canadabuys:ws5764302501-doc5819411195,CLASSIFICATION_CHANGED,MEDIUM,yes,logistics,75,GOOD,F1782-26C065 - CCGS Tanu Drydocking and Refit,Department of Public Works and Government Services (PSPC),Canada,canadabuys,,UNSPSC:78182000,OPEN,CHANGE_CLASSIFICATION_CHANGED; MATCH_CLASSIFICATION_PRIMARY,https://portal.us.bn.cloud.ariba.com/dashboard/public/appext/comsapsbncdiscoveryui#/RfxEvent/preview/1110020629?anId=ANONYMOUS,HEALTHY,
alert_92e11c5216fd5ba2_b2b-saas,canadabuys:ws3430950409-doc5344784278,CLASSIFICATION_CHANGED,MEDIUM,yes,b2b-saas,75,GOOD,Electronic Health Record Platform (EHRP)-Invitation to Qualify (ITQ) Results Notification,Department of Public Works and Government Services (PSPC),Canada,canadabuys,,"UNSPSC:43230000,UNSPSC:81110000,UNSPSC:81111508",OPEN,CHANGE_CLASSIFICATION_CHANGED; MATCH_CLASSIFICATION_PRIMARY,https://discovery.ariba.com/rfx/23426456?extsite=MjM0MjY0NTZfQU4wMTQ4NDA1MDk5Mg==,HEALTHY,
alert_92e11c5216fd5ba2_engineering,canadabuys:ws3430950409-doc5344784278,CLASSIFICATION_CHANGED,MEDIUM,yes,engineering,75,GOOD,Electronic Health Record Platform (EHRP)-Invitation to Qualify (ITQ) Results Notification,Department of Public Works and Government Services (PSPC),Canada,canadabuys,,"UNSPSC:43230000,UNSPSC:81110000,UNSPSC:81111508",OPEN,CHANGE_CLASSIFICATION_CHANGED; MATCH_CLASSIFICATION_PRIMARY,https://discovery.ariba.com/rfx/23426456?extsite=MjM0MjY0NTZfQU4wMTQ4NDA1MDk5Mg==,HEALTHY,
alert_92e11c5216fd5ba2_infrastructure,canadabuys:ws3430950409-doc5344784278,CLASSIFICATION_CHANGED,MEDIUM,yes,infrastructure,75,GOOD,Electronic Health Record Platform (EHRP)-Invitation to Qualify (ITQ) Results Notification,Department of Public Works and Government Services (PSPC),Canada,canadabuys,,"UNSPSC:43230000,UNSPSC:81110000,UNSPSC:81111508",OPEN,CHANGE_CLASSIFICATION_CHANGED; MATCH_CLASSIFICATION_PRIMARY,https://discovery.ariba.com/rfx/23426456?extsite=MjM0MjY0NTZfQU4wMTQ4NDA1MDk5Mg==,HEALTHY,
alert_92e11c5216fd5ba2_it-software,canadabuys:ws3430950409-doc5344784278,CLASSIFICATION_CHANGED,MEDIUM,yes,it-software,75,GOOD,Electronic Health Record Platform (EHRP)-Invitation to Qualify (ITQ) Results Notification,Department of Public Works and Government Services (PSPC),Canada,canadabuys,,"UNSPSC:43230000,UNSPSC:81110000,UNSPSC:81111508",OPEN,CHANGE_CLASSIFICATION_CHANGED; MATCH_CLASSIFICATION_PRIMARY,https://discovery.ariba.com/rfx/23426456?extsite=MjM0MjY0NTZfQU4wMTQ4NDA1MDk5Mg==,HEALTHY,
alert_92e11c5216fd5ba2_telecom,canadabuys:ws3430950409-doc5344784278,CLASSIFICATION_CHANGED,MEDIUM,yes,telecom,75,GOOD,Electronic Health Record Platform (EHRP)-Invitation to Qualify (ITQ) Results Notification,Department of Public Works and Government Services (PSPC),Canada,canadabuys,,"UNSPSC:43230000,UNSPSC:81110000,UNSPSC:81111508",OPEN,CHANGE_CLASSIFICATION_CHANGED; MATCH_CLASSIFICATION_PRIMARY,https://discovery.ariba.com/rfx/23426456?extsite=MjM0MjY0NTZfQU4wMTQ4NDA1MDk5Mg==,HEALTHY,
alert_9428b3311ff3b4ae_engineering,canadabuys:cb-495-14096276,CLASSIFICATION_CHANGED,MEDIUM,yes,engineering,75,GOOD,Secure Path to the Stars: Strengthening Cybersecurity in Hybrid Space Networks,Department of Public Works and Government Services (PSPC),Canada,canadabuys,,"UNSPSC:25151700,UNSPSC:25151701,UNSPSC:25151702,UNSPSC:25151703,UNSPSC:25151704,UNSPSC:25151705,UNSPSC:25151706,UNSPSC:25151707,UNSPSC:81102302,UNSPSC:81111801,UNSPSC:81112208,UNSPSC:92111700",OPEN,CHANGE_CLASSIFICATION_CHANGED; MATCH_CLASSIFICATION_PRIMARY,https://canadabuys.canada.ca/en/tender-opportunities,HEALTHY,
alert_9428b3311ff3b4ae_infrastructure,canadabuys:cb-495-14096276,CLASSIFICATION_CHANGED,MEDIUM,yes,infrastructure,75,GOOD,Secure Path to the Stars: Strengthening Cybersecurity in Hybrid Space Networks,Department of Public Works and Government Services (PSPC),Canada,canadabuys,,"UNSPSC:25151700,UNSPSC:25151701,UNSPSC:25151702,UNSPSC:25151703,UNSPSC:25151704,UNSPSC:25151705,UNSPSC:25151706,UNSPSC:25151707,UNSPSC:81102302,UNSPSC:81111801,UNSPSC:81112208,UNSPSC:92111700",OPEN,CHANGE_CLASSIFICATION_CHANGED; MATCH_CLASSIFICATION_PRIMARY,https://canadabuys.canada.ca/en/tender-opportunities,HEALTHY,
alert_9428b3311ff3b4ae_manufacturer,canadabuys:cb-495-14096276,CLASSIFICATION_CHANGED,MEDIUM,yes,manufacturer,75,GOOD,Secure Path to the Stars: Strengthening Cybersecurity in Hybrid Space Networks,Department of Public Works and Government Services (PSPC),Canada,canadabuys,,"UNSPSC:25151700,UNSPSC:25151701,UNSPSC:25151702,UNSPSC:25151703,UNSPSC:25151704,UNSPSC:25151705,UNSPSC:25151706,UNSPSC:25151707,UNSPSC:81102302,UNSPSC:81111801,UNSPSC:81112208,UNSPSC:92111700",OPEN,CHANGE_CLASSIFICATION_CHANGED; MATCH_CLASSIFICATION_PRIMARY,https://canadabuys.canada.ca/en/tender-opportunities,HEALTHY,
alert_9452edf49cce7229_construction,canadabuys:cb-390-32454742,CLASSIFICATION_CHANGED,MEDIUM,yes,construction,75,GOOD,Stage 1 - Keltic Peninsula Mill & pave project – Cape Breton Highlands National Park,Parks Canada Agency (PC),Canada,canadabuys,,UNSPSC:72141000,OPEN,CHANGE_CLASSIFICATION_CHANGED; MATCH_CLASSIFICATION_PRIMARY,https://canadabuys.canada.ca/en/tender-opportunities,HEALTHY,
alert_9452edf49cce7229_infrastructure,canadabuys:cb-390-32454742,CLASSIFICATION_CHANGED,MEDIUM,yes,infrastructure,75,GOOD,Stage 1 - Keltic Peninsula Mill & pave project – Cape Breton Highlands National Park,Parks Canada Agency (PC),Canada,canadabuys,,UNSPSC:72141000,OPEN,CHANGE_CLASSIFICATION_CHANGED; MATCH_CLASSIFICATION_PRIMARY,https://canadabuys.canada.ca/en/tender-opportunities,HEALTHY,
alert_949d1058155e5f7b_professional-services,canadabuys:cb-983-81273946,CLASSIFICATION_CHANGED,MEDIUM,yes,professional-services,75,GOOD,"International Trade Curriculum, Learning Platform and Knowledge Resources",Export Development Canada (EDC),Canada,canadabuys,,"UNSPSC:45111806,UNSPSC:80151503",OPEN,CHANGE_CLASSIFICATION_CHANGED; MATCH_CLASSIFICATION_PRIMARY,https://canadabuys.canada.ca/en/tender-opportunities,HEALTHY,
alert_96e1cee9c3c012ba_construction,canadabuys:ws5219173492-doc5243967914,CLASSIFICATION_CHANGED,MEDIUM,yes,construction,75,GOOD,W684H-250262 – Heavy Construction Equipment Rental Supply Arrangement – CFB Halifax,Department of Public Works and Government Services (PSPC),Canada,canadabuys,,"UNSPSC:30172100,UNSPSC:72141700,UNSPSC:72141701,UNSPSC:72141702",OPEN,CHANGE_CLASSIFICATION_CHANGED; MATCH_CLASSIFICATION_PRIMARY,https://discovery.ariba.com/rfx/23338981?extsite=MjMzMzg5ODFfQU4wMTQ4NDA1MDk5Mg==,HEALTHY,
alert_96e1cee9c3c012ba_infrastructure,canadabuys:ws5219173492-doc5243967914,CLASSIFICATION_CHANGED,MEDIUM,yes,infrastructure,75,GOOD,W684H-250262 – Heavy Construction Equipment Rental Supply Arrangement – CFB Halifax,Department of Public Works and Government Services (PSPC),Canada,canadabuys,,"UNSPSC:30172100,UNSPSC:72141700,UNSPSC:72141701,UNSPSC:72141702",OPEN,CHANGE_CLASSIFICATION_CHANGED; MATCH_CLASSIFICATION_PRIMARY,https://discovery.ariba.com/rfx/23338981?extsite=MjMzMzg5ODFfQU4wMTQ4NDA1MDk5Mg==,HEALTHY,
alert_96e68b8802063ae5_b2b-saas,canadabuys:cb-479-27643288,CLASSIFICATION_CHANGED,MEDIUM,yes,b2b-saas,75,GOOD,Electronic Health Records System,Government of the Northwest Territories (GNWT),Canada,canadabuys,,"UNSPSC:43232202,UNSPSC:43232304,UNSPSC:43232610,UNSPSC:81162100,UNSPSC:81162103",OPEN,CHANGE_CLASSIFICATION_CHANGED; MATCH_CLASSIFICATION_PRIMARY,https://canadabuys.canada.ca/en/tender-opportunities,HEALTHY,
alert_96e68b8802063ae5_engineering,canadabuys:cb-479-27643288,CLASSIFICATION_CHANGED,MEDIUM,yes,engineering,75,GOOD,Electronic Health Records System,Government of the Northwest Territories (GNWT),Canada,canadabuys,,"UNSPSC:43232202,UNSPSC:43232304,UNSPSC:43232610,UNSPSC:81162100,UNSPSC:81162103",OPEN,CHANGE_CLASSIFICATION_CHANGED; MATCH_CLASSIFICATION_PRIMARY,https://canadabuys.canada.ca/en/tender-opportunities,HEALTHY,
alert_96e68b8802063ae5_infrastructure,canadabuys:cb-479-27643288,CLASSIFICATION_CHANGED,MEDIUM,yes,infrastructure,75,GOOD,Electronic Health Records System,Government of the Northwest Territories (GNWT),Canada,canadabuys,,"UNSPSC:43232202,UNSPSC:43232304,UNSPSC:43232610,UNSPSC:81162100,UNSPSC:81162103",OPEN,CHANGE_CLASSIFICATION_CHANGED; MATCH_CLASSIFICATION_PRIMARY,https://canadabuys.canada.ca/en/tender-opportunities,HEALTHY,
alert_96e68b8802063ae5_it-software,canadabuys:cb-479-27643288,CLASSIFICATION_CHANGED,MEDIUM,yes,it-software,75,GOOD,Electronic Health Records System,Government of the Northwest Territories (GNWT),Canada,canadabuys,,"UNSPSC:43232202,UNSPSC:43232304,UNSPSC:43232610,UNSPSC:81162100,UNSPSC:81162103",OPEN,CHANGE_CLASSIFICATION_CHANGED; MATCH_CLASSIFICATION_PRIMARY,https://canadabuys.canada.ca/en/tender-opportunities,HEALTHY,
alert_96e68b8802063ae5_telecom,canadabuys:cb-479-27643288,CLASSIFICATION_CHANGED,MEDIUM,yes,telecom,75,GOOD,Electronic Health Records System,Government of the Northwest Territories (GNWT),Canada,canadabuys,,"UNSPSC:43232202,UNSPSC:43232304,UNSPSC:43232610,UNSPSC:81162100,UNSPSC:81162103",OPEN,CHANGE_CLASSIFICATION_CHANGED; MATCH_CLASSIFICATION_PRIMARY,https://canadabuys.canada.ca/en/tender-opportunities,HEALTHY,
alert_96fb7ee1f21004e9_energy,canadabuys:cb-858-80881660,CLASSIFICATION_CHANGED,MEDIUM,yes,energy,75,GOOD,"Motor, Alternating Current",Department of National Defence (DND),Canada,canadabuys,,UNSPSC:26101100,OPEN,CHANGE_CLASSIFICATION_CHANGED; MATCH_CLASSIFICATION_PRIMARY,https://canadabuys.canada.ca/en/tender-opportunities,HEALTHY,
alert_96fb7ee1f21004e9_industrial-supplier,canadabuys:cb-858-80881660,CLASSIFICATION_CHANGED,MEDIUM,yes,industrial-supplier,75,GOOD,"Motor, Alternating Current",Department of National Defence (DND),Canada,canadabuys,,UNSPSC:26101100,OPEN,CHANGE_CLASSIFICATION_CHANGED; MATCH_CLASSIFICATION_PRIMARY,https://canadabuys.canada.ca/en/tender-opportunities,HEALTHY,
alert_96fb7ee1f21004e9_manufacturer,canadabuys:cb-858-80881660,CLASSIFICATION_CHANGED,MEDIUM,yes,manufacturer,75,GOOD,"Motor, Alternating Current",Department of National Defence (DND),Canada,canadabuys,,UNSPSC:26101100,OPEN,CHANGE_CLASSIFICATION_CHANGED; MATCH_CLASSIFICATION_PRIMARY,https://canadabuys.canada.ca/en/tender-opportunities,HEALTHY,
alert_9730ee1715762959_manufacturer,canadabuys:cb-622-42811168,CLASSIFICATION_CHANGED,MEDIUM,yes,manufacturer,75,GOOD,"Acquisition of Wire, Nonelectrical",Department of National Defence (DND),Canada,canadabuys,,"UNSPSC:31150000,UNSPSC:31151700,UNSPSC:31151800",OPEN,CHANGE_CLASSIFICATION_CHANGED; MATCH_CLASSIFICATION_PRIMARY,https://canadabuys.canada.ca/en/tender-opportunities,HEALTHY,
alert_97752a6cdb3103ac_professional-services,canadabuys:cb-477-31226224,CLASSIFICATION_CHANGED,MEDIUM,yes,professional-services,75,GOOD,MS Dynamics 365/Power Platform,Department of Indigenous Services (ISC),Canada,canadabuys,,UNSPSC:80101507,OPEN,CHANGE_CLASSIFICATION_CHANGED; MATCH_CLASSIFICATION_PRIMARY,https://canadabuys.canada.ca/en/tender-opportunities,HEALTHY,
alert_98bcf783d3820abf_manufacturer,canadabuys:ws5822982798-doc5830641186,CLASSIFICATION_CHANGED,MEDIUM,yes,manufacturer,75,GOOD,F1942-260349 - Unmanned Surface Vessel - Advance Contract Award Notice,Department of Public Works and Government Services (PSPC),Canada,canadabuys,,UNSPSC:25111531,OPEN,CHANGE_CLASSIFICATION_CHANGED; MATCH_CLASSIFICATION_PRIMARY,https://portal.us.bn.cloud.ariba.com/dashboard/public/appext/comsapsbncdiscoveryui#/RfxEvent/preview/1110021384?anId=ANONYMOUS,HEALTHY,
alert_99548f98c084ffb5_professional-services,canadabuys:ws5804565802-doc5813213582,CLASSIFICATION_CHANGED,MEDIUM,yes,professional-services,75,GOOD,W1985-26B001 Track rental and vehicle testing services,Department of Public Works and Government Services (PSPC),Canada,canadabuys,,UNSPSC:80131502,OPEN,CHANGE_CLASSIFICATION_CHANGED; MATCH_CLASSIFICATION_PRIMARY,https://portal.us.bn.cloud.ariba.com/dashboard/public/appext/comsapsbncdiscoveryui#/RfxEvent/preview/1110020392?anId=ANONYMOUS,HEALTHY,
alert_9a3bcd7740d68322_engineering,canadabuys:cb-221-29639929,CLASSIFICATION_CHANGED,MEDIUM,yes,engineering,75,GOOD,"TBIPS - Microsoft 365 (M365) and Azure Platform Development, Migration, and Support Services","Department of Foreign Affairs, Trade and Development (GAC)",Canada,canadabuys,,UNSPSC:81160000,OPEN,CHANGE_CLASSIFICATION_CHANGED; MATCH_CLASSIFICATION_PRIMARY,https://canadabuys.canada.ca/en/tender-opportunities,HEALTHY,
alert_9a3bcd7740d68322_infrastructure,canadabuys:cb-221-29639929,CLASSIFICATION_CHANGED,MEDIUM,yes,infrastructure,75,GOOD,"TBIPS - Microsoft 365 (M365) and Azure Platform Development, Migration, and Support Services","Department of Foreign Affairs, Trade and Development (GAC)",Canada,canadabuys,,UNSPSC:81160000,OPEN,CHANGE_CLASSIFICATION_CHANGED; MATCH_CLASSIFICATION_PRIMARY,https://canadabuys.canada.ca/en/tender-opportunities,HEALTHY,
alert_9ab7f2879aa610fa_professional-services,canadabuys:cb-547-70710429,CLASSIFICATION_CHANGED,MEDIUM,yes,professional-services,75,GOOD,INVITATION TO SUBMIT AN EXPRESSION OF INTEREST (EOI) - Office Space,Department of Public Works and Government Services (PSPC),Canada,canadabuys,,UNSPSC:80131500,OPEN,CHANGE_CLASSIFICATION_CHANGED; MATCH_CLASSIFICATION_PRIMARY,https://canadabuys.canada.ca/en/tender-opportunities,HEALTHY,
alert_9b089933195a9fe4_construction,canadabuys:cb-270-58623174,CLASSIFICATION_CHANGED,MEDIUM,yes,construction,75,GOOD,"Design and Construction Services for the Redevelopment Project for the Embassy of Canada to Ethiopia, in Addis Ababa","Department of Foreign Affairs, Trade and Development (GAC)",Canada,canadabuys,,"UNSPSC:72121101,UNSPSC:81101508",OPEN,CHANGE_CLASSIFICATION_CHANGED; MATCH_CLASSIFICATION_PRIMARY,https://canadabuys.canada.ca/en/tender-opportunities,HEALTHY,
alert_9b089933195a9fe4_engineering,canadabuys:cb-270-58623174,CLASSIFICATION_CHANGED,MEDIUM,yes,engineering,75,GOOD,"Design and Construction Services for the Redevelopment Project for the Embassy of Canada to Ethiopia, in Addis Ababa","Department of Foreign Affairs, Trade and Development (GAC)",Canada,canadabuys,,"UNSPSC:72121101,UNSPSC:81101508",OPEN,CHANGE_CLASSIFICATION_CHANGED; MATCH_CLASSIFICATION_PRIMARY,https://canadabuys.canada.ca/en/tender-opportunities,HEALTHY,
alert_9b089933195a9fe4_infrastructure,canadabuys:cb-270-58623174,CLASSIFICATION_CHANGED,MEDIUM,yes,infrastructure,75,GOOD,"Design and Construction Services for the Redevelopment Project for the Embassy of Canada to Ethiopia, in Addis Ababa","Department of Foreign Affairs, Trade and Development (GAC)",Canada,canadabuys,,"UNSPSC:72121101,UNSPSC:81101508",OPEN,CHANGE_CLASSIFICATION_CHANGED; MATCH_CLASSIFICATION_PRIMARY,https://canadabuys.canada.ca/en/tender-opportunities,HEALTHY,
alert_9b265e42cb53d04e_logistics,canadabuys:ws5788884067-doc5788977786,CLASSIFICATION_CHANGED,MEDIUM,yes,logistics,75,GOOD,"F3065-260165 - CCGS Des Groseilliers, Refit –  Autumn 2026 - RFP",Department of Public Works and Government Services (PSPC),Canada,canadabuys,,"UNSPSC:25111510,UNSPSC:25111600,UNSPSC:78182000",OPEN,CHANGE_CLASSIFICATION_CHANGED; MATCH_CLASSIFICATION_PRIMARY,https://portal.us.bn.cloud.ariba.com/dashboard/public/appext/comsapsbncdiscoveryui#/RfxEvent/preview/1110019681?anId=ANONYMOUS,HEALTHY,
alert_9b265e42cb53d04e_manufacturer,canadabuys:ws5788884067-doc5788977786,CLASSIFICATION_CHANGED,MEDIUM,yes,manufacturer,75,GOOD,"F3065-260165 - CCGS Des Groseilliers, Refit –  Autumn 2026 - RFP",Department of Public Works and Government Services (PSPC),Canada,canadabuys,,"UNSPSC:25111510,UNSPSC:25111600,UNSPSC:78182000",OPEN,CHANGE_CLASSIFICATION_CHANGED; MATCH_CLASSIFICATION_PRIMARY,https://portal.us.bn.cloud.ariba.com/dashboard/public/appext/comsapsbncdiscoveryui#/RfxEvent/preview/1110019681?anId=ANONYMOUS,HEALTHY,
alert_9cd1d875b4c9fe21_construction,canadabuys:cb-343-30000681,CLASSIFICATION_CHANGED,MEDIUM,yes,construction,75,GOOD,"Elevator maintenance services at the Canada Centre for Inland Waters in Burlington, ON to Environment and Climate Change Canada",Department of the Environment (ECCC ),Canada,canadabuys,,UNSPSC:72101506,OPEN,CHANGE_CLASSIFICATION_CHANGED; MATCH_CLASSIFICATION_PRIMARY,https://canadabuys.canada.ca/en/tender-opportunities,HEALTHY,
alert_9cd1d875b4c9fe21_infrastructure,canadabuys:cb-343-30000681,CLASSIFICATION_CHANGED,MEDIUM,yes,infrastructure,75,GOOD,"Elevator maintenance services at the Canada Centre for Inland Waters in Burlington, ON to Environment and Climate Change Canada",Department of the Environment (ECCC ),Canada,canadabuys,,UNSPSC:72101506,OPEN,CHANGE_CLASSIFICATION_CHANGED; MATCH_CLASSIFICATION_PRIMARY,https://canadabuys.canada.ca/en/tender-opportunities,HEALTHY,
alert_9cd69adc7d8ba08f_b2b-saas,canadabuys:cb-437-12011848,CLASSIFICATION_CHANGED,MEDIUM,yes,b2b-saas,75,GOOD,Material Handling Equipment,Department of National Defence (DND),Canada,canadabuys,,"UNSPSC:24100000,UNSPSC:25172900,UNSPSC:25174000,UNSPSC:25181600,UNSPSC:31160000,UNSPSC:31162800,UNSPSC:31170000,UNSPSC:39110000,UNSPSC:39121600,UNSPSC:39121700,UNSPSC:40141600,UNSPSC:40142000,UNSPSC:40161500,UNSPSC:40170000,UNSPSC:41104900,UNSPSC:43222600,UNSPSC:45121516,UNSPSC:46171604,UNSPSC:55100000",OPEN,CHANGE_CLASSIFICATION_CHANGED; MATCH_CLASSIFICATION_PRIMARY,https://canadabuys.canada.ca/en/tender-opportunities,HEALTHY,
alert_9cd69adc7d8ba08f_industrial-supplier,canadabuys:cb-437-12011848,CLASSIFICATION_CHANGED,MEDIUM,yes,industrial-supplier,75,GOOD,Material Handling Equipment,Department of National Defence (DND),Canada,canadabuys,,"UNSPSC:24100000,UNSPSC:25172900,UNSPSC:25174000,UNSPSC:25181600,UNSPSC:31160000,UNSPSC:31162800,UNSPSC:31170000,UNSPSC:39110000,UNSPSC:39121600,UNSPSC:39121700,UNSPSC:40141600,UNSPSC:40142000,UNSPSC:40161500,UNSPSC:40170000,UNSPSC:41104900,UNSPSC:43222600,UNSPSC:45121516,UNSPSC:46171604,UNSPSC:55100000",OPEN,CHANGE_CLASSIFICATION_CHANGED; MATCH_CLASSIFICATION_PRIMARY,https://canadabuys.canada.ca/en/tender-opportunities,HEALTHY,
alert_9cd69adc7d8ba08f_it-software,canadabuys:cb-437-12011848,CLASSIFICATION_CHANGED,MEDIUM,yes,it-software,75,GOOD,Material Handling Equipment,Department of National Defence (DND),Canada,canadabuys,,"UNSPSC:24100000,UNSPSC:25172900,UNSPSC:25174000,UNSPSC:25181600,UNSPSC:31160000,UNSPSC:31162800,UNSPSC:31170000,UNSPSC:39110000,UNSPSC:39121600,UNSPSC:39121700,UNSPSC:40141600,UNSPSC:40142000,UNSPSC:40161500,UNSPSC:40170000,UNSPSC:41104900,UNSPSC:43222600,UNSPSC:45121516,UNSPSC:46171604,UNSPSC:55100000",OPEN,CHANGE_CLASSIFICATION_CHANGED; MATCH_CLASSIFICATION_PRIMARY,https://canadabuys.canada.ca/en/tender-opportunities,HEALTHY,
alert_9cd69adc7d8ba08f_manufacturer,canadabuys:cb-437-12011848,CLASSIFICATION_CHANGED,MEDIUM,yes,manufacturer,75,GOOD,Material Handling Equipment,Department of National Defence (DND),Canada,canadabuys,,"UNSPSC:24100000,UNSPSC:25172900,UNSPSC:25174000,UNSPSC:25181600,UNSPSC:31160000,UNSPSC:31162800,UNSPSC:31170000,UNSPSC:39110000,UNSPSC:39121600,UNSPSC:39121700,UNSPSC:40141600,UNSPSC:40142000,UNSPSC:40161500,UNSPSC:40170000,UNSPSC:41104900,UNSPSC:43222600,UNSPSC:45121516,UNSPSC:46171604,UNSPSC:55100000",OPEN,CHANGE_CLASSIFICATION_CHANGED; MATCH_CLASSIFICATION_PRIMARY,https://canadabuys.canada.ca/en/tender-opportunities,HEALTHY,
alert_9cd69adc7d8ba08f_telecom,canadabuys:cb-437-12011848,CLASSIFICATION_CHANGED,MEDIUM,yes,telecom,75,GOOD,Material Handling Equipment,Department of National Defence (DND),Canada,canadabuys,,"UNSPSC:24100000,UNSPSC:25172900,UNSPSC:25174000,UNSPSC:25181600,UNSPSC:31160000,UNSPSC:31162800,UNSPSC:31170000,UNSPSC:39110000,UNSPSC:39121600,UNSPSC:39121700,UNSPSC:40141600,UNSPSC:40142000,UNSPSC:40161500,UNSPSC:40170000,UNSPSC:41104900,UNSPSC:43222600,UNSPSC:45121516,UNSPSC:46171604,UNSPSC:55100000",OPEN,CHANGE_CLASSIFICATION_CHANGED; MATCH_CLASSIFICATION_PRIMARY,https://canadabuys.canada.ca/en/tender-opportunities,HEALTHY,
alert_9cfb3f94e338f4f1_industrial-supplier,canadabuys:ws3307182118-doc3307217112,CLASSIFICATION_CHANGED,MEDIUM,yes,industrial-supplier,75,GOOD,Common Heavy Equipment Replacement (CHER) project  Bundle 8 (W8476 185840 I),Department of Public Works and Government Services (PSPC),Canada,canadabuys,,"UNSPSC:24101621,UNSPSC:25102002",OPEN,CHANGE_CLASSIFICATION_CHANGED; MATCH_CLASSIFICATION_PRIMARY,http://discovery.ariba.com/rfx/12105867,HEALTHY,
alert_9cfb3f94e338f4f1_manufacturer,canadabuys:ws3307182118-doc3307217112,CLASSIFICATION_CHANGED,MEDIUM,yes,manufacturer,75,GOOD,Common Heavy Equipment Replacement (CHER) project  Bundle 8 (W8476 185840 I),Department of Public Works and Government Services (PSPC),Canada,canadabuys,,"UNSPSC:24101621,UNSPSC:25102002",OPEN,CHANGE_CLASSIFICATION_CHANGED; MATCH_CLASSIFICATION_PRIMARY,http://discovery.ariba.com/rfx/12105867,HEALTHY,
alert_9e59f33e801f23dc_b2b-saas,canadabuys:cb-373-64356560,CLASSIFICATION_CHANGED,MEDIUM,yes,b2b-saas,75,GOOD,Software Defined Radio boards / Radio Frequency System on a Chip (RFSOC) Development Boards,Department of National Defence (DND),Canada,canadabuys,,UNSPSC:43201500,OPEN,CHANGE_CLASSIFICATION_CHANGED; MATCH_CLASSIFICATION_PRIMARY,https://canadabuys.canada.ca/en/tender-opportunities,HEALTHY,
alert_9e59f33e801f23dc_it-software,canadabuys:cb-373-64356560,CLASSIFICATION_CHANGED,MEDIUM,yes,it-software,75,GOOD,Software Defined Radio boards / Radio Frequency System on a Chip (RFSOC) Development Boards,Department of National Defence (DND),Canada,canadabuys,,UNSPSC:43201500,OPEN,CHANGE_CLASSIFICATION_CHANGED; MATCH_CLASSIFICATION_PRIMARY,https://canadabuys.canada.ca/en/tender-opportunities,HEALTHY,
alert_9e59f33e801f23dc_telecom,canadabuys:cb-373-64356560,CLASSIFICATION_CHANGED,MEDIUM,yes,telecom,75,GOOD,Software Defined Radio boards / Radio Frequency System on a Chip (RFSOC) Development Boards,Department of National Defence (DND),Canada,canadabuys,,UNSPSC:43201500,OPEN,CHANGE_CLASSIFICATION_CHANGED; MATCH_CLASSIFICATION_PRIMARY,https://canadabuys.canada.ca/en/tender-opportunities,HEALTHY,
alert_9edfa5301a56a80d_engineering,canadabuys:ws5776670290-doc5790622572,CLASSIFICATION_CHANGED,MEDIUM,yes,engineering,75,GOOD,EW038-270459 - RFP - Greenstone Project,Department of Public Works and Government Services (PSPC),Canada,canadabuys,,UNSPSC:81101508,OPEN,CHANGE_CLASSIFICATION_CHANGED; MATCH_CLASSIFICATION_PRIMARY,https://portal.us.bn.cloud.ariba.com/dashboard/public/appext/comsapsbncdiscoveryui#/RfxEvent/preview/1110020761?anId=ANONYMOUS,HEALTHY,
alert_9edfa5301a56a80d_infrastructure,canadabuys:ws5776670290-doc5790622572,CLASSIFICATION_CHANGED,MEDIUM,yes,infrastructure,75,GOOD,EW038-270459 - RFP - Greenstone Project,Department of Public Works and Government Services (PSPC),Canada,canadabuys,,UNSPSC:81101508,OPEN,CHANGE_CLASSIFICATION_CHANGED; MATCH_CLASSIFICATION_PRIMARY,https://portal.us.bn.cloud.ariba.com/dashboard/public/appext/comsapsbncdiscoveryui#/RfxEvent/preview/1110020761?anId=ANONYMOUS,HEALTHY,
alert_9efac6f6cf5ebc88_manufacturer,canadabuys:cb-473-32135823,CLASSIFICATION_CHANGED,MEDIUM,yes,manufacturer,75,GOOD,Clarke-Hess 5600 Phase Standard,Department of National Defence (DND),Canada,canadabuys,,"UNSPSC:32130000,UNSPSC:41110000",OPEN,CHANGE_CLASSIFICATION_CHANGED; MATCH_CLASSIFICATION_PRIMARY,https://canadabuys.canada.ca/en/tender-opportunities,HEALTHY,
alert_9f06704d96ee7283_industrial-supplier,canadabuys:cb-594-20641661,CLASSIFICATION_CHANGED,MEDIUM,yes,industrial-supplier,75,GOOD,"DRIVE UNIT, ANGLE- GEAR ASSEMBLY - SPEED INCREASER - VALVE, COUPLING",Department of National Defence (DND),Canada,canadabuys,,"UNSPSC:27112720,UNSPSC:40170000",OPEN,CHANGE_CLASSIFICATION_CHANGED; MATCH_CLASSIFICATION_PRIMARY,https://canadabuys.canada.ca/en/tender-opportunities,HEALTHY,
alert_a00f42354df0b984_construction,canadabuys:ws5706868615-doc5795711494,CLASSIFICATION_CHANGED,MEDIUM,yes,construction,75,GOOD,ITQ - Place du Portage III Elevator Modernization Project,Department of Public Works and Government Services (PSPC),Canada,canadabuys,,UNSPSC:72121100,OPEN,CHANGE_CLASSIFICATION_CHANGED; MATCH_CLASSIFICATION_PRIMARY,https://portal.us.bn.cloud.ariba.com/dashboard/public/appext/comsapsbncdiscoveryui#/RfxEvent/preview/1110019066?anId=ANONYMOUS,HEALTHY,
alert_a00f42354df0b984_infrastructure,canadabuys:ws5706868615-doc5795711494,CLASSIFICATION_CHANGED,MEDIUM,yes,infrastructure,75,GOOD,ITQ - Place du Portage III Elevator Modernization Project,Department of Public Works and Government Services (PSPC),Canada,canadabuys,,UNSPSC:72121100,OPEN,CHANGE_CLASSIFICATION_CHANGED; MATCH_CLASSIFICATION_PRIMARY,https://portal.us.bn.cloud.ariba.com/dashboard/public/appext/comsapsbncdiscoveryui#/RfxEvent/preview/1110019066?anId=ANONYMOUS,HEALTHY,
alert_a04c69fa7d592850_b2b-saas,canadabuys:ws4102449949-doc4106230724,CLASSIFICATION_CHANGED,MEDIUM,yes,b2b-saas,75,GOOD,W6399-22CA50C Miscellaneous Communication Equipment,Department of Public Works and Government Services (PSPC),Canada,canadabuys,,"UNSPSC:43222814,UNSPSC:81161700,UNSPSC:81161801",OPEN,CHANGE_CLASSIFICATION_CHANGED; MATCH_CLASSIFICATION_PRIMARY,https://portal.us.bn.cloud.ariba.com/dashboard/public/appext/comsapsbncdiscoveryui#/RfxEvent/preview/16918963?anId=ANONYMOUS,HEALTHY,
alert_a04c69fa7d592850_engineering,canadabuys:ws4102449949-doc4106230724,CLASSIFICATION_CHANGED,MEDIUM,yes,engineering,75,GOOD,W6399-22CA50C Miscellaneous Communication Equipment,Department of Public Works and Government Services (PSPC),Canada,canadabuys,,"UNSPSC:43222814,UNSPSC:81161700,UNSPSC:81161801",OPEN,CHANGE_CLASSIFICATION_CHANGED; MATCH_CLASSIFICATION_PRIMARY,https://portal.us.bn.cloud.ariba.com/dashboard/public/appext/comsapsbncdiscoveryui#/RfxEvent/preview/16918963?anId=ANONYMOUS,HEALTHY,
alert_a04c69fa7d592850_infrastructure,canadabuys:ws4102449949-doc4106230724,CLASSIFICATION_CHANGED,MEDIUM,yes,infrastructure,75,GOOD,W6399-22CA50C Miscellaneous Communication Equipment,Department of Public Works and Government Services (PSPC),Canada,canadabuys,,"UNSPSC:43222814,UNSPSC:81161700,UNSPSC:81161801",OPEN,CHANGE_CLASSIFICATION_CHANGED; MATCH_CLASSIFICATION_PRIMARY,https://portal.us.bn.cloud.ariba.com/dashboard/public/appext/comsapsbncdiscoveryui#/RfxEvent/preview/16918963?anId=ANONYMOUS,HEALTHY,
alert_a04c69fa7d592850_it-software,canadabuys:ws4102449949-doc4106230724,CLASSIFICATION_CHANGED,MEDIUM,yes,it-software,75,GOOD,W6399-22CA50C Miscellaneous Communication Equipment,Department of Public Works and Government Services (PSPC),Canada,canadabuys,,"UNSPSC:43222814,UNSPSC:81161700,UNSPSC:81161801",OPEN,CHANGE_CLASSIFICATION_CHANGED; MATCH_CLASSIFICATION_PRIMARY,https://portal.us.bn.cloud.ariba.com/dashboard/public/appext/comsapsbncdiscoveryui#/RfxEvent/preview/16918963?anId=ANONYMOUS,HEALTHY,
alert_a04c69fa7d592850_telecom,canadabuys:ws4102449949-doc4106230724,CLASSIFICATION_CHANGED,MEDIUM,yes,telecom,75,GOOD,W6399-22CA50C Miscellaneous Communication Equipment,Department of Public Works and Government Services (PSPC),Canada,canadabuys,,"UNSPSC:43222814,UNSPSC:81161700,UNSPSC:81161801",OPEN,CHANGE_CLASSIFICATION_CHANGED; MATCH_CLASSIFICATION_PRIMARY,https://portal.us.bn.cloud.ariba.com/dashboard/public/appext/comsapsbncdiscoveryui#/RfxEvent/preview/16918963?anId=ANONYMOUS,HEALTHY,
alert_a097713cae4f92e0_engineering,canadabuys:ws5813382679-doc5813382768,CLASSIFICATION_CHANGED,MEDIUM,yes,engineering,75,GOOD,6D063-253013 Steam and Heating System Services,Department of Public Works and Government Services (PSPC),Canada,canadabuys,,UNSPSC:81000000,OPEN,CHANGE_CLASSIFICATION_CHANGED; MATCH_CLASSIFICATION_PRIMARY,https://portal.us.bn.cloud.ariba.com/dashboard/public/appext/comsapsbncdiscoveryui#/RfxEvent/preview/1110020760?anId=ANONYMOUS,HEALTHY,
alert_a097713cae4f92e0_infrastructure,canadabuys:ws5813382679-doc5813382768,CLASSIFICATION_CHANGED,MEDIUM,yes,infrastructure,75,GOOD,6D063-253013 Steam and Heating System Services,Department of Public Works and Government Services (PSPC),Canada,canadabuys,,UNSPSC:81000000,OPEN,CHANGE_CLASSIFICATION_CHANGED; MATCH_CLASSIFICATION_PRIMARY,https://portal.us.bn.cloud.ariba.com/dashboard/public/appext/comsapsbncdiscoveryui#/RfxEvent/preview/1110020760?anId=ANONYMOUS,HEALTHY,
alert_a10bdae09aa5b8e4_b2b-saas,canadabuys:ws5414192513-doc5414215425,CLASSIFICATION_CHANGED,MEDIUM,yes,b2b-saas,75,GOOD,OPMPC Automatic transfer Switches,Department of Public Works and Government Services (PSPC),Canada,canadabuys,,"UNSPSC:39122200,UNSPSC:43222612",OPEN,CHANGE_CLASSIFICATION_CHANGED; MATCH_CLASSIFICATION_PRIMARY,https://canadabuys.canada.ca/en/tender-opportunities,HEALTHY,
alert_a10bdae09aa5b8e4_it-software,canadabuys:ws5414192513-doc5414215425,CLASSIFICATION_CHANGED,MEDIUM,yes,it-software,75,GOOD,OPMPC Automatic transfer Switches,Department of Public Works and Government Services (PSPC),Canada,canadabuys,,"UNSPSC:39122200,UNSPSC:43222612",OPEN,CHANGE_CLASSIFICATION_CHANGED; MATCH_CLASSIFICATION_PRIMARY,https://canadabuys.canada.ca/en/tender-opportunities,HEALTHY,
alert_a10bdae09aa5b8e4_telecom,canadabuys:ws5414192513-doc5414215425,CLASSIFICATION_CHANGED,MEDIUM,yes,telecom,75,GOOD,OPMPC Automatic transfer Switches,Department of Public Works and Government Services (PSPC),Canada,canadabuys,,"UNSPSC:39122200,UNSPSC:43222612",OPEN,CHANGE_CLASSIFICATION_CHANGED; MATCH_CLASSIFICATION_PRIMARY,https://canadabuys.canada.ca/en/tender-opportunities,HEALTHY,
alert_a294325e5e3e4896_manufacturer,canadabuys:cb-519-47409638,CLASSIFICATION_CHANGED,MEDIUM,yes,manufacturer,75,GOOD,Trailers for RHIB Zodiac MK3,Department of National Defence (DND),Canada,canadabuys,,UNSPSC:25180000,OPEN,CHANGE_CLASSIFICATION_CHANGED; MATCH_CLASSIFICATION_PRIMARY,https://canadabuys.canada.ca/en/tender-opportunities,HEALTHY,
alert_a2cd05c35f219ae6_engineering,canadabuys:cb-477-73588981,CLASSIFICATION_CHANGED,MEDIUM,yes,engineering,75,GOOD,Application Services and Business Services,Treasury Board (TBS),Canada,canadabuys,,UNSPSC:81112106,OPEN,CHANGE_CLASSIFICATION_CHANGED; MATCH_CLASSIFICATION_PRIMARY,https://canadabuys.canada.ca/en/tender-opportunities,HEALTHY,
alert_a2cd05c35f219ae6_infrastructure,canadabuys:cb-477-73588981,CLASSIFICATION_CHANGED,MEDIUM,yes,infrastructure,75,GOOD,Application Services and Business Services,Treasury Board (TBS),Canada,canadabuys,,UNSPSC:81112106,OPEN,CHANGE_CLASSIFICATION_CHANGED; MATCH_CLASSIFICATION_PRIMARY,https://canadabuys.canada.ca/en/tender-opportunities,HEALTHY,
alert_a2eb20cea90edb50_engineering,canadabuys:cb-766-58483371,CLASSIFICATION_CHANGED,MEDIUM,yes,engineering,75,GOOD,Software as a Service (SaaS) - Case Management System - Office of the Federal Ombudsperson for Victims of Crime (OFOVC),Department of Justice (JUS),Canada,canadabuys,,UNSPSC:81162000,OPEN,CHANGE_CLASSIFICATION_CHANGED; MATCH_CLASSIFICATION_PRIMARY,https://canadabuys.canada.ca/en/tender-opportunities,HEALTHY,
alert_a2eb20cea90edb50_infrastructure,canadabuys:cb-766-58483371,CLASSIFICATION_CHANGED,MEDIUM,yes,infrastructure,75,GOOD,Software as a Service (SaaS) - Case Management System - Office of the Federal Ombudsperson for Victims of Crime (OFOVC),Department of Justice (JUS),Canada,canadabuys,,UNSPSC:81162000,OPEN,CHANGE_CLASSIFICATION_CHANGED; MATCH_CLASSIFICATION_PRIMARY,https://canadabuys.canada.ca/en/tender-opportunities,HEALTHY,
alert_a32f5f8b10f70ec3_manufacturer,canadabuys:ws3267975696-doc3268065282,CLASSIFICATION_CHANGED,MEDIUM,yes,manufacturer,75,GOOD,Common Heavy Equipment Replacement (CHER) project  Bundle 3 (W8476 185840 D),Department of Public Works and Government Services (PSPC),Canada,canadabuys,,UNSPSC:25102100,OPEN,CHANGE_CLASSIFICATION_CHANGED; MATCH_CLASSIFICATION_PRIMARY,http://discovery.ariba.com/rfx/12105514,HEALTHY,
alert_a3628cb0231fb9e6_industrial-supplier,canadabuys:cb-230-29541149,CLASSIFICATION_CHANGED,MEDIUM,yes,industrial-supplier,75,GOOD,Static Shelving System,Department of National Defence (DND),Canada,canadabuys,,UNSPSC:24102000,OPEN,CHANGE_CLASSIFICATION_CHANGED; MATCH_CLASSIFICATION_PRIMARY,https://canadabuys.canada.ca/en/tender-opportunities,HEALTHY,
alert_a3628cb0231fb9e6_manufacturer,canadabuys:cb-230-29541149,CLASSIFICATION_CHANGED,MEDIUM,yes,manufacturer,75,GOOD,Static Shelving System,Department of National Defence (DND),Canada,canadabuys,,UNSPSC:24102000,OPEN,CHANGE_CLASSIFICATION_CHANGED; MATCH_CLASSIFICATION_PRIMARY,https://canadabuys.canada.ca/en/tender-opportunities,HEALTHY,
alert_a3843c81b2430b53_professional-services,canadabuys:cb-54-78683793,CLASSIFICATION_CHANGED,MEDIUM,yes,professional-services,75,GOOD,Canadian Pavilions in France,Telefilm Canada,Canada,canadabuys,,"UNSPSC:55121902,UNSPSC:82141502,UNSPSC:82141506",OPEN,CHANGE_CLASSIFICATION_CHANGED; MATCH_CLASSIFICATION_PRIMARY,https://canadabuys.canada.ca/en/tender-opportunities,HEALTHY,
alert_a3b9d4fd551891c9_construction,canadabuys:ws5792636074-doc5833225305,CLASSIFICATION_CHANGED,MEDIUM,yes,construction,75,GOOD,Phase 2 EZ899-270253 Catenary Lighting Upgrade to LED Mountain Institution Agassiz-BC,Department of Public Works and Government Services (PSPC),Canada,canadabuys,,"UNSPSC:72151500,UNSPSC:72151501,UNSPSC:72151502,UNSPSC:72151511",OPEN,CHANGE_CLASSIFICATION_CHANGED; MATCH_CLASSIFICATION_PRIMARY,https://canadabuys.canada.ca/en/tender-opportunities,HEALTHY,
alert_a3b9d4fd551891c9_infrastructure,canadabuys:ws5792636074-doc5833225305,CLASSIFICATION_CHANGED,MEDIUM,yes,infrastructure,75,GOOD,Phase 2 EZ899-270253 Catenary Lighting Upgrade to LED Mountain Institution Agassiz-BC,Department of Public Works and Government Services (PSPC),Canada,canadabuys,,"UNSPSC:72151500,UNSPSC:72151501,UNSPSC:72151502,UNSPSC:72151511",OPEN,CHANGE_CLASSIFICATION_CHANGED; MATCH_CLASSIFICATION_PRIMARY,https://canadabuys.canada.ca/en/tender-opportunities,HEALTHY,
alert_a3bb7787e22e3d48_engineering,canadabuys:cb-863-90244395,CLASSIFICATION_CHANGED,MEDIUM,yes,engineering,75,GOOD,Hay River MTS HBMA Various Barges,Government of the Northwest Territories (GNWT),Canada,canadabuys,,"UNSPSC:77101700,UNSPSC:81102600",OPEN,CHANGE_CLASSIFICATION_CHANGED; MATCH_CLASSIFICATION_PRIMARY,https://canadabuys.canada.ca/en/tender-opportunities,HEALTHY,
alert_a3bb7787e22e3d48_infrastructure,canadabuys:cb-863-90244395,CLASSIFICATION_CHANGED,MEDIUM,yes,infrastructure,75,GOOD,Hay River MTS HBMA Various Barges,Government of the Northwest Territories (GNWT),Canada,canadabuys,,"UNSPSC:77101700,UNSPSC:81102600",OPEN,CHANGE_CLASSIFICATION_CHANGED; MATCH_CLASSIFICATION_PRIMARY,https://canadabuys.canada.ca/en/tender-opportunities,HEALTHY,
alert_a47f9008c78ae1ce_engineering,canadabuys:ws5813433388-doc5813459964,CLASSIFICATION_CHANGED,MEDIUM,yes,engineering,75,GOOD,Indigenous Cultural Centre at Bath Institution,Department of Public Works and Government Services (PSPC),Canada,canadabuys,,UNSPSC:81101517,OPEN,CHANGE_CLASSIFICATION_CHANGED; MATCH_CLASSIFICATION_PRIMARY,https://portal.us.bn.cloud.ariba.com/dashboard/public/appext/comsapsbncdiscoveryui#/RfxEvent/preview/1110020309?anId=ANONYMOUS,HEALTHY,
alert_a47f9008c78ae1ce_infrastructure,canadabuys:ws5813433388-doc5813459964,CLASSIFICATION_CHANGED,MEDIUM,yes,infrastructure,75,GOOD,Indigenous Cultural Centre at Bath Institution,Department of Public Works and Government Services (PSPC),Canada,canadabuys,,UNSPSC:81101517,OPEN,CHANGE_CLASSIFICATION_CHANGED; MATCH_CLASSIFICATION_PRIMARY,https://portal.us.bn.cloud.ariba.com/dashboard/public/appext/comsapsbncdiscoveryui#/RfxEvent/preview/1110020309?anId=ANONYMOUS,HEALTHY,
alert_a5668abada219d74_engineering,canadabuys:cb-959-89418529,CLASSIFICATION_CHANGED,MEDIUM,yes,engineering,75,GOOD,"Environmental, Engineering & Socio-Economic Svcs",Government of the Northwest Territories (GNWT),Canada,canadabuys,,"UNSPSC:77101700,UNSPSC:81100000,UNSPSC:81101510",OPEN,CHANGE_CLASSIFICATION_CHANGED; MATCH_CLASSIFICATION_PRIMARY,https://canadabuys.canada.ca/en/tender-opportunities,HEALTHY,
alert_a5668abada219d74_infrastructure,canadabuys:cb-959-89418529,CLASSIFICATION_CHANGED,MEDIUM,yes,infrastructure,75,GOOD,"Environmental, Engineering & Socio-Economic Svcs",Government of the Northwest Territories (GNWT),Canada,canadabuys,,"UNSPSC:77101700,UNSPSC:81100000,UNSPSC:81101510",OPEN,CHANGE_CLASSIFICATION_CHANGED; MATCH_CLASSIFICATION_PRIMARY,https://canadabuys.canada.ca/en/tender-opportunities,HEALTHY,
alert_a57697ebfa490ccd_manufacturer,canadabuys:ws3460730436-doc5265101956,CLASSIFICATION_CHANGED,MEDIUM,yes,manufacturer,75,GOOD,"RFSA E60HP-25ETRUCKS-B, Electric Trucks Classes 6, 7 and 8",Department of Public Works and Government Services (PSPC),Canada,canadabuys,,"UNSPSC:25101604,UNSPSC:25101611,UNSPSC:25101917,UNSPSC:25101921,UNSPSC:25102100",OPEN,CHANGE_CLASSIFICATION_CHANGED; MATCH_CLASSIFICATION_PRIMARY,https://discovery.ariba.com/rfx/23321544?extsite=MjMzMjE1NDRfQU4wMTQ4NDA1MDk5Mg==,HEALTHY,
alert_a57b29fbc0474ee5_engineering,canadabuys:ws4611618733-doc4931313029,CLASSIFICATION_CHANGED,MEDIUM,yes,engineering,75,GOOD,Data Hub - Summary of Feedback and Outcomes Report,Department of Public Works and Government Services (PSPC),Canada,canadabuys,,UNSPSC:81111500,OPEN,CHANGE_CLASSIFICATION_CHANGED; MATCH_CLASSIFICATION_PRIMARY,https://discovery.ariba.com/rfx/21888258?extsite=MjE4ODgyNThfQU4wMTQ4NDA1MDk5Mg==,HEALTHY,
alert_a57b29fbc0474ee5_infrastructure,canadabuys:ws4611618733-doc4931313029,CLASSIFICATION_CHANGED,MEDIUM,yes,infrastructure,75,GOOD,Data Hub - Summary of Feedback and Outcomes Report,Department of Public Works and Government Services (PSPC),Canada,canadabuys,,UNSPSC:81111500,OPEN,CHANGE_CLASSIFICATION_CHANGED; MATCH_CLASSIFICATION_PRIMARY,https://discovery.ariba.com/rfx/21888258?extsite=MjE4ODgyNThfQU4wMTQ4NDA1MDk5Mg==,HEALTHY,
alert_a5bbd3e1fe7be0d0_engineering,canadabuys:ws5801057266-doc5802914568,CLASSIFICATION_CHANGED,MEDIUM,yes,engineering,75,GOOD,EP168-270160 - Solicitation of Offers (RFP) - Alexandra Bridge - Comprehensive Detailed Inspection and Underwater Inspection,Department of Public Works and Government Services (PSPC),Canada,canadabuys,,UNSPSC:81100000,OPEN,CHANGE_CLASSIFICATION_CHANGED; MATCH_CLASSIFICATION_PRIMARY,https://portal.us.bn.cloud.ariba.com/dashboard/public/appext/comsapsbncdiscoveryui#/RfxEvent/preview/1110019557?anId=ANONYMOUS,HEALTHY,
alert_a5bbd3e1fe7be0d0_infrastructure,canadabuys:ws5801057266-doc5802914568,CLASSIFICATION_CHANGED,MEDIUM,yes,infrastructure,75,GOOD,EP168-270160 - Solicitation of Offers (RFP) - Alexandra Bridge - Comprehensive Detailed Inspection and Underwater Inspection,Department of Public Works and Government Services (PSPC),Canada,canadabuys,,UNSPSC:81100000,OPEN,CHANGE_CLASSIFICATION_CHANGED; MATCH_CLASSIFICATION_PRIMARY,https://portal.us.bn.cloud.ariba.com/dashboard/public/appext/comsapsbncdiscoveryui#/RfxEvent/preview/1110019557?anId=ANONYMOUS,HEALTHY,
alert_a5d2f77ac969eaf0_manufacturer,canadabuys:cb-401-92054672,CLASSIFICATION_CHANGED,MEDIUM,yes,manufacturer,75,GOOD,Flex Hose Connections and Seal Replacement Parts Kit,Department of National Defence (DND),Canada,canadabuys,,"UNSPSC:31400000,UNSPSC:40170000",OPEN,CHANGE_CLASSIFICATION_CHANGED; MATCH_CLASSIFICATION_PRIMARY,https://canadabuys.canada.ca/en/tender-opportunities,HEALTHY,
alert_a6683dc72d243913_professional-services,canadabuys:cb-464-47497311,CLASSIFICATION_CHANGED,MEDIUM,yes,professional-services,75,GOOD,RFP Northern Indigenous Economic Opportunities Program Evaluation,Canadian Northern Economic Development Agency (CanNor),Canada,canadabuys,,UNSPSC:80101606,OPEN,CHANGE_CLASSIFICATION_CHANGED; MATCH_CLASSIFICATION_PRIMARY,https://canadabuys.canada.ca/en/tender-opportunities,HEALTHY,
alert_a7a079c3867f4fa1_engineering,canadabuys:ws5823912295-doc5824218983,CLASSIFICATION_CHANGED,MEDIUM,yes,engineering,75,GOOD,F3750-260005 - Marine Technical Assessment Anticosti Island.,Department of Public Works and Government Services (PSPC),Canada,canadabuys,,"UNSPSC:81101506,UNSPSC:81101606",OPEN,CHANGE_CLASSIFICATION_CHANGED; MATCH_CLASSIFICATION_PRIMARY,https://portal.us.bn.cloud.ariba.com/dashboard/public/appext/comsapsbncdiscoveryui#/RfxEvent/preview/1110020988?anId=ANONYMOUS,HEALTHY,
alert_a7a079c3867f4fa1_infrastructure,canadabuys:ws5823912295-doc5824218983,CLASSIFICATION_CHANGED,MEDIUM,yes,infrastructure,75,GOOD,F3750-260005 - Marine Technical Assessment Anticosti Island.,Department of Public Works and Government Services (PSPC),Canada,canadabuys,,"UNSPSC:81101506,UNSPSC:81101606",OPEN,CHANGE_CLASSIFICATION_CHANGED; MATCH_CLASSIFICATION_PRIMARY,https://portal.us.bn.cloud.ariba.com/dashboard/public/appext/comsapsbncdiscoveryui#/RfxEvent/preview/1110020988?anId=ANONYMOUS,HEALTHY,
alert_a84fedf14bdbda82_construction,canadabuys:cb-726-37617474,CLASSIFICATION_CHANGED,MEDIUM,yes,construction,75,GOOD,"Stage 1 - Lake Annette Retaining Wall Replacement, Jasper National Park",Parks Canada Agency (PC),Canada,canadabuys,,"UNSPSC:72101704,UNSPSC:72141105,UNSPSC:72150000,UNSPSC:72151900",OPEN,CHANGE_CLASSIFICATION_CHANGED; MATCH_CLASSIFICATION_PRIMARY,https://canadabuys.canada.ca/en/tender-opportunities,HEALTHY,
alert_a84fedf14bdbda82_infrastructure,canadabuys:cb-726-37617474,CLASSIFICATION_CHANGED,MEDIUM,yes,infrastructure,75,GOOD,"Stage 1 - Lake Annette Retaining Wall Replacement, Jasper National Park",Parks Canada Agency (PC),Canada,canadabuys,,"UNSPSC:72101704,UNSPSC:72141105,UNSPSC:72150000,UNSPSC:72151900",OPEN,CHANGE_CLASSIFICATION_CHANGED; MATCH_CLASSIFICATION_PRIMARY,https://canadabuys.canada.ca/en/tender-opportunities,HEALTHY,
alert_a8665906f7632d24_construction,canadabuys:cb-919-95288166,CLASSIFICATION_CHANGED,MEDIUM,yes,construction,75,GOOD,"5P468-26-0011/A Stage 2 - Johnston Canyon Rock Slope Remediation, Banff National Park",Parks Canada Agency (PC),Canada,canadabuys,,"UNSPSC:20102100,UNSPSC:30131506",OPEN,CHANGE_CLASSIFICATION_CHANGED; MATCH_CLASSIFICATION_PRIMARY,https://canadabuys.canada.ca/en/tender-opportunities,HEALTHY,
alert_a890c6edcdc5abe3_industrial-supplier,canadabuys:cb-134-86293114,CLASSIFICATION_CHANGED,MEDIUM,yes,industrial-supplier,75,GOOD,CNC Tool Room Lathe,National Research Council of Canada (NRC),Canada,canadabuys,,UNSPSC:23242500,OPEN,CHANGE_CLASSIFICATION_CHANGED; MATCH_CLASSIFICATION_PRIMARY,https://canadabuys.canada.ca/en/tender-opportunities,HEALTHY,
alert_a890c6edcdc5abe3_manufacturer,canadabuys:cb-134-86293114,CLASSIFICATION_CHANGED,MEDIUM,yes,manufacturer,75,GOOD,CNC Tool Room Lathe,National Research Council of Canada (NRC),Canada,canadabuys,,UNSPSC:23242500,OPEN,CHANGE_CLASSIFICATION_CHANGED; MATCH_CLASSIFICATION_PRIMARY,https://canadabuys.canada.ca/en/tender-opportunities,HEALTHY,
alert_a9bf58d92dae1b89_professional-services,canadabuys:cb-766-63674978,CLASSIFICATION_CHANGED,MEDIUM,yes,professional-services,75,GOOD,One (1) Senior Life Cycle Management Specialist (LCMS),Department of National Defence (DND),Canada,canadabuys,,UNSPSC:82111500,OPEN,CHANGE_CLASSIFICATION_CHANGED; MATCH_CLASSIFICATION_PRIMARY,https://canadabuys.canada.ca/en/tender-opportunities,HEALTHY,
alert_aa4b6b0a08aacc66_professional-services,canadabuys:cb-553-19468627,CLASSIFICATION_CHANGED,MEDIUM,yes,professional-services,75,GOOD,"INVITATION TO SUBMIT AN EXPRESSION OF INTEREST (EOI) AS TO THE AVAILABILITY OF SPACE FOR LEASE IN THE CITY OF FREDERICTON, NEW BRUNSWICK FILE NUMBER 81003684",Department of Public Works and Government Services (PSPC),Canada,canadabuys,,UNSPSC:80130000,OPEN,CHANGE_CLASSIFICATION_CHANGED; MATCH_CLASSIFICATION_PRIMARY,https://canadabuys.canada.ca/en/tender-opportunities,HEALTHY,
alert_aab67345720ce230_b2b-saas,canadabuys:ws4855895498-doc5785722295,CLASSIFICATION_CHANGED,MEDIUM,yes,b2b-saas,75,GOOD,1. Canadian Immigration Biometric Identification System Renewal - ITQ,Department of Public Works and Government Services (PSPC),Canada,canadabuys,,UNSPSC:43211714,OPEN,CHANGE_CLASSIFICATION_CHANGED; MATCH_CLASSIFICATION_PRIMARY,https://portal.us.bn.cloud.ariba.com/dashboard/public/appext/comsapsbncdiscoveryui#/RfxEvent/preview/1110018284?anId=ANONYMOUS,HEALTHY,
alert_aab67345720ce230_it-software,canadabuys:ws4855895498-doc5785722295,CLASSIFICATION_CHANGED,MEDIUM,yes,it-software,75,GOOD,1. Canadian Immigration Biometric Identification System Renewal - ITQ,Department of Public Works and Government Services (PSPC),Canada,canadabuys,,UNSPSC:43211714,OPEN,CHANGE_CLASSIFICATION_CHANGED; MATCH_CLASSIFICATION_PRIMARY,https://portal.us.bn.cloud.ariba.com/dashboard/public/appext/comsapsbncdiscoveryui#/RfxEvent/preview/1110018284?anId=ANONYMOUS,HEALTHY,
alert_aab67345720ce230_telecom,canadabuys:ws4855895498-doc5785722295,CLASSIFICATION_CHANGED,MEDIUM,yes,telecom,75,GOOD,1. Canadian Immigration Biometric Identification System Renewal - ITQ,Department of Public Works and Government Services (PSPC),Canada,canadabuys,,UNSPSC:43211714,OPEN,CHANGE_CLASSIFICATION_CHANGED; MATCH_CLASSIFICATION_PRIMARY,https://portal.us.bn.cloud.ariba.com/dashboard/public/appext/comsapsbncdiscoveryui#/RfxEvent/preview/1110018284?anId=ANONYMOUS,HEALTHY,
alert_aad6c80628db1dfa_engineering,canadabuys:cb-878-6194598,CLASSIFICATION_CHANGED,MEDIUM,yes,engineering,75,GOOD,Commercial off-the-shelf software solution specifically developed for a digital asset management and media collaboration system,Department of Agriculture and Agri-Food (AAFC),Canada,canadabuys,,UNSPSC:81162000,OPEN,CHANGE_CLASSIFICATION_CHANGED; MATCH_CLASSIFICATION_PRIMARY,https://canadabuys.canada.ca/en/tender-opportunities,HEALTHY,
alert_aad6c80628db1dfa_infrastructure,canadabuys:cb-878-6194598,CLASSIFICATION_CHANGED,MEDIUM,yes,infrastructure,75,GOOD,Commercial off-the-shelf software solution specifically developed for a digital asset management and media collaboration system,Department of Agriculture and Agri-Food (AAFC),Canada,canadabuys,,UNSPSC:81162000,OPEN,CHANGE_CLASSIFICATION_CHANGED; MATCH_CLASSIFICATION_PRIMARY,https://canadabuys.canada.ca/en/tender-opportunities,HEALTHY,
alert_aaec50f04a308c05_industrial-supplier,canadabuys:ws4625503118-doc4625518879,CLASSIFICATION_CHANGED,MEDIUM,yes,industrial-supplier,75,GOOD,E6TOR-23RM03 Heavy Construction Equipment Rental,Department of Public Works and Government Services (PSPC),Canada,canadabuys,,UNSPSC:22000000,OPEN,CHANGE_CLASSIFICATION_CHANGED; MATCH_CLASSIFICATION_PRIMARY,https://discovery.ariba.com/rfx/19982550?extsite=MTk5ODI1NTBfQU4wMTQ4NDA1MDk5Mg==,HEALTHY,
alert_ab6fcdc2d5d237d6_construction,canadabuys:ws5741166353-doc5741362734,CLASSIFICATION_CHANGED,MEDIUM,yes,construction,75,GOOD,HVAC Filters Standing Offer,Department of Public Works and Government Services (PSPC),Canada,canadabuys,,UNSPSC:72151200,OPEN,CHANGE_CLASSIFICATION_CHANGED; MATCH_CLASSIFICATION_PRIMARY,https://portal.us.bn.cloud.ariba.com/dashboard/public/appext/comsapsbncdiscoveryui#/RfxEvent/preview/1110016771?anId=ANONYMOUS,HEALTHY,
alert_ab6fcdc2d5d237d6_infrastructure,canadabuys:ws5741166353-doc5741362734,CLASSIFICATION_CHANGED,MEDIUM,yes,infrastructure,75,GOOD,HVAC Filters Standing Offer,Department of Public Works and Government Services (PSPC),Canada,canadabuys,,UNSPSC:72151200,OPEN,CHANGE_CLASSIFICATION_CHANGED; MATCH_CLASSIFICATION_PRIMARY,https://portal.us.bn.cloud.ariba.com/dashboard/public/appext/comsapsbncdiscoveryui#/RfxEvent/preview/1110016771?anId=ANONYMOUS,HEALTHY,
alert_abe65975284ed404_engineering,canadabuys:ws3790065711-doc5753663183,CLASSIFICATION_CHANGED,MEDIUM,yes,engineering,75,GOOD,E60PI-22SATL - Request for Standing Offer -RFSO- 2026-2027 - Supplemental Invitation to Commercial Satellite Imagery,Department of Public Works and Government Services (PSPC),Canada,canadabuys,,"UNSPSC:55111500,UNSPSC:81111902,UNSPSC:81151605",OPEN,CHANGE_CLASSIFICATION_CHANGED; MATCH_CLASSIFICATION_PRIMARY,https://canadabuys.canada.ca/en/tender-opportunities,HEALTHY,
alert_abe65975284ed404_infrastructure,canadabuys:ws3790065711-doc5753663183,CLASSIFICATION_CHANGED,MEDIUM,yes,infrastructure,75,GOOD,E60PI-22SATL - Request for Standing Offer -RFSO- 2026-2027 - Supplemental Invitation to Commercial Satellite Imagery,Department of Public Works and Government Services (PSPC),Canada,canadabuys,,"UNSPSC:55111500,UNSPSC:81111902,UNSPSC:81151605",OPEN,CHANGE_CLASSIFICATION_CHANGED; MATCH_CLASSIFICATION_PRIMARY,https://canadabuys.canada.ca/en/tender-opportunities,HEALTHY,
alert_ac20fa1d218ff55a_b2b-saas,canadabuys:cb-237-59677578,CLASSIFICATION_CHANGED,MEDIUM,yes,b2b-saas,75,GOOD,REQUEST FOR INFORMATION  FOR A USER TESTING AND RESEARCH PLATFORM FOR EMPLOYMENT AND SOCIAL DEVELOPMENT CANADA,Department of Employment and Social Development (ESDC),Canada,canadabuys,,"UNSPSC:43230000,UNSPSC:81162000",OPEN,CHANGE_CLASSIFICATION_CHANGED; MATCH_CLASSIFICATION_PRIMARY,https://canadabuys.canada.ca/en/tender-opportunities,HEALTHY,
alert_ac20fa1d218ff55a_engineering,canadabuys:cb-237-59677578,CLASSIFICATION_CHANGED,MEDIUM,yes,engineering,75,GOOD,REQUEST FOR INFORMATION  FOR A USER TESTING AND RESEARCH PLATFORM FOR EMPLOYMENT AND SOCIAL DEVELOPMENT CANADA,Department of Employment and Social Development (ESDC),Canada,canadabuys,,"UNSPSC:43230000,UNSPSC:81162000",OPEN,CHANGE_CLASSIFICATION_CHANGED; MATCH_CLASSIFICATION_PRIMARY,https://canadabuys.canada.ca/en/tender-opportunities,HEALTHY,
alert_ac20fa1d218ff55a_infrastructure,canadabuys:cb-237-59677578,CLASSIFICATION_CHANGED,MEDIUM,yes,infrastructure,75,GOOD,REQUEST FOR INFORMATION  FOR A USER TESTING AND RESEARCH PLATFORM FOR EMPLOYMENT AND SOCIAL DEVELOPMENT CANADA,Department of Employment and Social Development (ESDC),Canada,canadabuys,,"UNSPSC:43230000,UNSPSC:81162000",OPEN,CHANGE_CLASSIFICATION_CHANGED; MATCH_CLASSIFICATION_PRIMARY,https://canadabuys.canada.ca/en/tender-opportunities,HEALTHY,
alert_ac20fa1d218ff55a_it-software,canadabuys:cb-237-59677578,CLASSIFICATION_CHANGED,MEDIUM,yes,it-software,75,GOOD,REQUEST FOR INFORMATION  FOR A USER TESTING AND RESEARCH PLATFORM FOR EMPLOYMENT AND SOCIAL DEVELOPMENT CANADA,Department of Employment and Social Development (ESDC),Canada,canadabuys,,"UNSPSC:43230000,UNSPSC:81162000",OPEN,CHANGE_CLASSIFICATION_CHANGED; MATCH_CLASSIFICATION_PRIMARY,https://canadabuys.canada.ca/en/tender-opportunities,HEALTHY,
alert_ac20fa1d218ff55a_telecom,canadabuys:cb-237-59677578,CLASSIFICATION_CHANGED,MEDIUM,yes,telecom,75,GOOD,REQUEST FOR INFORMATION  FOR A USER TESTING AND RESEARCH PLATFORM FOR EMPLOYMENT AND SOCIAL DEVELOPMENT CANADA,Department of Employment and Social Development (ESDC),Canada,canadabuys,,"UNSPSC:43230000,UNSPSC:81162000",OPEN,CHANGE_CLASSIFICATION_CHANGED; MATCH_CLASSIFICATION_PRIMARY,https://canadabuys.canada.ca/en/tender-opportunities,HEALTHY,
alert_ad2123f09043163f_manufacturer,canadabuys:cb-787-23680884,CLASSIFICATION_CHANGED,MEDIUM,yes,manufacturer,75,GOOD,Infrared Suppression Systems,Department of National Defence (DND),Canada,canadabuys,,UNSPSC:25173700,OPEN,CHANGE_CLASSIFICATION_CHANGED; MATCH_CLASSIFICATION_PRIMARY,https://canadabuys.canada.ca/en/tender-opportunities,HEALTHY,
alert_ad28c270fe409cc1_construction,canadabuys:ws5767298087-doc5767332260,CLASSIFICATION_CHANGED,MEDIUM,yes,construction,75,GOOD,Advance Procurement Notice - National Competition to Restore Official Residence at 24 Sussex Drive,Department of Public Works and Government Services (PSPC),Canada,canadabuys,,"UNSPSC:72121400,UNSPSC:81100000,UNSPSC:81101508",OPEN,CHANGE_CLASSIFICATION_CHANGED; MATCH_CLASSIFICATION_PRIMARY,https://portal.us.bn.cloud.ariba.com/dashboard/public/appext/comsapsbncdiscoveryui#/RfxEvent/preview/1110017100?anId=ANONYMOUS,HEALTHY,
alert_ad28c270fe409cc1_engineering,canadabuys:ws5767298087-doc5767332260,CLASSIFICATION_CHANGED,MEDIUM,yes,engineering,75,GOOD,Advance Procurement Notice - National Competition to Restore Official Residence at 24 Sussex Drive,Department of Public Works and Government Services (PSPC),Canada,canadabuys,,"UNSPSC:72121400,UNSPSC:81100000,UNSPSC:81101508",OPEN,CHANGE_CLASSIFICATION_CHANGED; MATCH_CLASSIFICATION_PRIMARY,https://portal.us.bn.cloud.ariba.com/dashboard/public/appext/comsapsbncdiscoveryui#/RfxEvent/preview/1110017100?anId=ANONYMOUS,HEALTHY,
alert_ad28c270fe409cc1_infrastructure,canadabuys:ws5767298087-doc5767332260,CLASSIFICATION_CHANGED,MEDIUM,yes,infrastructure,75,GOOD,Advance Procurement Notice - National Competition to Restore Official Residence at 24 Sussex Drive,Department of Public Works and Government Services (PSPC),Canada,canadabuys,,"UNSPSC:72121400,UNSPSC:81100000,UNSPSC:81101508",OPEN,CHANGE_CLASSIFICATION_CHANGED; MATCH_CLASSIFICATION_PRIMARY,https://portal.us.bn.cloud.ariba.com/dashboard/public/appext/comsapsbncdiscoveryui#/RfxEvent/preview/1110017100?anId=ANONYMOUS,HEALTHY,
alert_ad362a18c3a31e06_construction,canadabuys:ws5792075419-doc5822113495,CLASSIFICATION_CHANGED,MEDIUM,yes,construction,75,GOOD,EB144-270339 - ITT - BIO Jetty Fender Upgrades,Department of Public Works and Government Services (PSPC),Canada,canadabuys,,UNSPSC:72141200,OPEN,CHANGE_CLASSIFICATION_CHANGED; MATCH_CLASSIFICATION_PRIMARY,https://canadabuys.canada.ca/en/tender-opportunities,HEALTHY,
alert_ad362a18c3a31e06_infrastructure,canadabuys:ws5792075419-doc5822113495,CLASSIFICATION_CHANGED,MEDIUM,yes,infrastructure,75,GOOD,EB144-270339 - ITT - BIO Jetty Fender Upgrades,Department of Public Works and Government Services (PSPC),Canada,canadabuys,,UNSPSC:72141200,OPEN,CHANGE_CLASSIFICATION_CHANGED; MATCH_CLASSIFICATION_PRIMARY,https://canadabuys.canada.ca/en/tender-opportunities,HEALTHY,
alert_ad98a5fd9b2c1b98_professional-services,canadabuys:cb-161-88729779,CLASSIFICATION_CHANGED,MEDIUM,yes,professional-services,75,GOOD,The Focus Groups for the Evaluation of the Wage Earner Protection Program requirement,Department of Employment and Social Development (ESDC),Canada,canadabuys,,UNSPSC:80101606,OPEN,CHANGE_CLASSIFICATION_CHANGED; MATCH_CLASSIFICATION_PRIMARY,https://canadabuys.canada.ca/en/tender-opportunities,HEALTHY,
alert_adc3b65b89e67db3_logistics,canadabuys:ws5711919388-doc5722100408,CLASSIFICATION_CHANGED,MEDIUM,yes,logistics,75,GOOD,Fixed-Wing Platforms,Department of Public Works and Government Services (PSPC),Canada,canadabuys,,"UNSPSC:25131509,UNSPSC:78111505",OPEN,CHANGE_CLASSIFICATION_CHANGED; MATCH_CLASSIFICATION_PRIMARY,https://portal.us.bn.cloud.ariba.com/dashboard/public/appext/comsapsbncdiscoveryui#/RfxEvent/preview/1110014773?anId=ANONYMOUS,HEALTHY,
alert_adc3b65b89e67db3_manufacturer,canadabuys:ws5711919388-doc5722100408,CLASSIFICATION_CHANGED,MEDIUM,yes,manufacturer,75,GOOD,Fixed-Wing Platforms,Department of Public Works and Government Services (PSPC),Canada,canadabuys,,"UNSPSC:25131509,UNSPSC:78111505",OPEN,CHANGE_CLASSIFICATION_CHANGED; MATCH_CLASSIFICATION_PRIMARY,https://portal.us.bn.cloud.ariba.com/dashboard/public/appext/comsapsbncdiscoveryui#/RfxEvent/preview/1110014773?anId=ANONYMOUS,HEALTHY,
alert_adcbc9f5ffd37a6a_logistics,canadabuys:cb-847-17468504,CLASSIFICATION_CHANGED,MEDIUM,yes,logistics,75,GOOD,MP Police Outfitting - Repair and Overhaul (R&O),Department of National Defence (DND),Canada,canadabuys,,UNSPSC:78181500,OPEN,CHANGE_CLASSIFICATION_CHANGED; MATCH_CLASSIFICATION_PRIMARY,https://canadabuys.canada.ca/en/tender-opportunities,HEALTHY,
alert_ade4cdd5998ee45c_construction,canadabuys:cb-622-50638386,CLASSIFICATION_CHANGED,MEDIUM,yes,construction,75,GOOD,The Replacement of Patio Slabs (HSC) Trenton,Department of National Defence (DND),Canada,canadabuys,,UNSPSC:72152700,OPEN,CHANGE_CLASSIFICATION_CHANGED; MATCH_CLASSIFICATION_PRIMARY,https://canadabuys.canada.ca/en/tender-opportunities,HEALTHY,
alert_ade4cdd5998ee45c_infrastructure,canadabuys:cb-622-50638386,CLASSIFICATION_CHANGED,MEDIUM,yes,infrastructure,75,GOOD,The Replacement of Patio Slabs (HSC) Trenton,Department of National Defence (DND),Canada,canadabuys,,UNSPSC:72152700,OPEN,CHANGE_CLASSIFICATION_CHANGED; MATCH_CLASSIFICATION_PRIMARY,https://canadabuys.canada.ca/en/tender-opportunities,HEALTHY,
alert_ae2fabbe176421b6_logistics,canadabuys:ws4467760339-doc4541154946,CLASSIFICATION_CHANGED,MEDIUM,yes,logistics,75,GOOD,E6HAL-240001 RMSA Passenger Bus Services,Department of Public Works and Government Services (PSPC),Canada,canadabuys,,UNSPSC:78111803,OPEN,CHANGE_CLASSIFICATION_CHANGED; MATCH_CLASSIFICATION_PRIMARY,https://discovery.ariba.com/rfx/19419533?extsite=MTk0MTk1MzNfQU4wMTQ4NDA1MDk5Mg==,HEALTHY,
alert_ae91d2f9a274287d_manufacturer,canadabuys:cb-698-12223984,CLASSIFICATION_CHANGED,MEDIUM,yes,manufacturer,75,GOOD,Plow Truck,Government of the Northwest Territories (GNWT),Canada,canadabuys,,UNSPSC:25101926,OPEN,CHANGE_CLASSIFICATION_CHANGED; MATCH_CLASSIFICATION_PRIMARY,https://canadabuys.canada.ca/en/tender-opportunities,HEALTHY,
alert_aea29d3bde26341d_engineering,canadabuys:cb-308-66922105,CLASSIFICATION_CHANGED,MEDIUM,yes,engineering,75,GOOD,RFSA - Provision of Hydrographic/Bathymetric production services.,Department of Fisheries and Oceans (DFO),Canada,canadabuys,,"UNSPSC:81101512,UNSPSC:81151800,UNSPSC:81151801,UNSPSC:81151802,UNSPSC:81151803,UNSPSC:81151804,UNSPSC:81151805",OPEN,CHANGE_CLASSIFICATION_CHANGED; MATCH_CLASSIFICATION_PRIMARY,https://canadabuys.canada.ca/en/tender-opportunities,HEALTHY,
alert_aea29d3bde26341d_infrastructure,canadabuys:cb-308-66922105,CLASSIFICATION_CHANGED,MEDIUM,yes,infrastructure,75,GOOD,RFSA - Provision of Hydrographic/Bathymetric production services.,Department of Fisheries and Oceans (DFO),Canada,canadabuys,,"UNSPSC:81101512,UNSPSC:81151800,UNSPSC:81151801,UNSPSC:81151802,UNSPSC:81151803,UNSPSC:81151804,UNSPSC:81151805",OPEN,CHANGE_CLASSIFICATION_CHANGED; MATCH_CLASSIFICATION_PRIMARY,https://canadabuys.canada.ca/en/tender-opportunities,HEALTHY,
alert_af118c0ac3a3a11d_engineering,canadabuys:ws5727447813-doc5780590097,CLASSIFICATION_CHANGED,MEDIUM,yes,engineering,75,GOOD,"ET025-270110 - PIDS, FAAS Integration and Installation of IDS & MDS – RFP",Department of Public Works and Government Services (PSPC),Canada,canadabuys,,"UNSPSC:81101508,UNSPSC:81101701",OPEN,CHANGE_CLASSIFICATION_CHANGED; MATCH_CLASSIFICATION_PRIMARY,https://portal.us.bn.cloud.ariba.com/dashboard/public/appext/comsapsbncdiscoveryui#/RfxEvent/preview/1110021366?anId=ANONYMOUS,HEALTHY,
alert_af118c0ac3a3a11d_infrastructure,canadabuys:ws5727447813-doc5780590097,CLASSIFICATION_CHANGED,MEDIUM,yes,infrastructure,75,GOOD,"ET025-270110 - PIDS, FAAS Integration and Installation of IDS & MDS – RFP",Department of Public Works and Government Services (PSPC),Canada,canadabuys,,"UNSPSC:81101508,UNSPSC:81101701",OPEN,CHANGE_CLASSIFICATION_CHANGED; MATCH_CLASSIFICATION_PRIMARY,https://portal.us.bn.cloud.ariba.com/dashboard/public/appext/comsapsbncdiscoveryui#/RfxEvent/preview/1110021366?anId=ANONYMOUS,HEALTHY,
alert_af484cf2065ccaec_construction,canadabuys:cb-494-88999364,CLASSIFICATION_CHANGED,MEDIUM,yes,construction,75,GOOD,"Tangle Creek Garage Design Build, Jasper National Park",Parks Canada Agency (PC),Canada,canadabuys,,"UNSPSC:72103003,UNSPSC:72120000,UNSPSC:72130000,UNSPSC:81100000,UNSPSC:81101505,UNSPSC:81101514,UNSPSC:81101600,UNSPSC:81101701",OPEN,CHANGE_CLASSIFICATION_CHANGED; MATCH_CLASSIFICATION_PRIMARY,https://canadabuys.canada.ca/en/tender-opportunities,HEALTHY,
alert_af484cf2065ccaec_engineering,canadabuys:cb-494-88999364,CLASSIFICATION_CHANGED,MEDIUM,yes,engineering,75,GOOD,"Tangle Creek Garage Design Build, Jasper National Park",Parks Canada Agency (PC),Canada,canadabuys,,"UNSPSC:72103003,UNSPSC:72120000,UNSPSC:72130000,UNSPSC:81100000,UNSPSC:81101505,UNSPSC:81101514,UNSPSC:81101600,UNSPSC:81101701",OPEN,CHANGE_CLASSIFICATION_CHANGED; MATCH_CLASSIFICATION_PRIMARY,https://canadabuys.canada.ca/en/tender-opportunities,HEALTHY,
alert_af484cf2065ccaec_infrastructure,canadabuys:cb-494-88999364,CLASSIFICATION_CHANGED,MEDIUM,yes,infrastructure,75,GOOD,"Tangle Creek Garage Design Build, Jasper National Park",Parks Canada Agency (PC),Canada,canadabuys,,"UNSPSC:72103003,UNSPSC:72120000,UNSPSC:72130000,UNSPSC:81100000,UNSPSC:81101505,UNSPSC:81101514,UNSPSC:81101600,UNSPSC:81101701",OPEN,CHANGE_CLASSIFICATION_CHANGED; MATCH_CLASSIFICATION_PRIMARY,https://canadabuys.canada.ca/en/tender-opportunities,HEALTHY,
alert_af8160211e87be13_construction,canadabuys:ws5357559463-doc5367064519,CLASSIFICATION_CHANGED,MEDIUM,yes,construction,75,GOOD,W6890-260085 Snow and Ice Control Services CFB North Bay,Department of Public Works and Government Services (PSPC),Canada,canadabuys,,UNSPSC:72102903,OPEN,CHANGE_CLASSIFICATION_CHANGED; MATCH_CLASSIFICATION_PRIMARY,https://discovery.ariba.com/rfx/23460777?extsite=MjM0NjA3NzdfQU4wMTQ4NDA1MDk5Mg==,HEALTHY,
alert_af8160211e87be13_infrastructure,canadabuys:ws5357559463-doc5367064519,CLASSIFICATION_CHANGED,MEDIUM,yes,infrastructure,75,GOOD,W6890-260085 Snow and Ice Control Services CFB North Bay,Department of Public Works and Government Services (PSPC),Canada,canadabuys,,UNSPSC:72102903,OPEN,CHANGE_CLASSIFICATION_CHANGED; MATCH_CLASSIFICATION_PRIMARY,https://discovery.ariba.com/rfx/23460777?extsite=MjM0NjA3NzdfQU4wMTQ4NDA1MDk5Mg==,HEALTHY,
alert_b03248baab4c2e02_construction,canadabuys:cb-757-77151780,CLASSIFICATION_CHANGED,MEDIUM,yes,construction,75,GOOD,Pelly Crossing Cellblock Security Renovation Construction Services,Royal Canadian Mounted Police (RCMP),Canada,canadabuys,,UNSPSC:72121400,OPEN,CHANGE_CLASSIFICATION_CHANGED; MATCH_CLASSIFICATION_PRIMARY,https://canadabuys.canada.ca/en/tender-opportunities,HEALTHY,
alert_b03248baab4c2e02_infrastructure,canadabuys:cb-757-77151780,CLASSIFICATION_CHANGED,MEDIUM,yes,infrastructure,75,GOOD,Pelly Crossing Cellblock Security Renovation Construction Services,Royal Canadian Mounted Police (RCMP),Canada,canadabuys,,UNSPSC:72121400,OPEN,CHANGE_CLASSIFICATION_CHANGED; MATCH_CLASSIFICATION_PRIMARY,https://canadabuys.canada.ca/en/tender-opportunities,HEALTHY,
alert_b037a484eec12b10_healthcare,canadabuys:cb-32-16366730,CLASSIFICATION_CHANGED,MEDIUM,yes,healthcare,75,GOOD,Psychiatric services – Donnacona Institution,Correctional Service of Canada (CSC),Canada,canadabuys,,UNSPSC:85101504,OPEN,CHANGE_CLASSIFICATION_CHANGED; MATCH_CLASSIFICATION_PRIMARY,https://canadabuys.canada.ca/en/tender-opportunities,HEALTHY,
alert_b071aa19a3960cf1_manufacturer,canadabuys:cb-673-28455415,CLASSIFICATION_CHANGED,MEDIUM,yes,manufacturer,75,GOOD,Kokyo LPB-B100NIR Laser Beam Profiler,Department of National Defence (DND),Canada,canadabuys,,UNSPSC:32130000,OPEN,CHANGE_CLASSIFICATION_CHANGED; MATCH_CLASSIFICATION_PRIMARY,https://canadabuys.canada.ca/en/tender-opportunities,HEALTHY,
alert_b08a83d0359871f0_energy,canadabuys:ws4905814851-doc4913524693,CLASSIFICATION_CHANGED,MEDIUM,yes,energy,75,GOOD,Tactical Power System (TPS),Department of Public Works and Government Services (PSPC),Canada,canadabuys,,UNSPSC:26000000,OPEN,CHANGE_CLASSIFICATION_CHANGED; MATCH_CLASSIFICATION_PRIMARY,https://discovery.ariba.com/rfx/21764928?extsite=MjE3NjQ5MjhfQU4wMTQ4NDA1MDk5Mg==,HEALTHY,
alert_b08a83d0359871f0_industrial-supplier,canadabuys:ws4905814851-doc4913524693,CLASSIFICATION_CHANGED,MEDIUM,yes,industrial-supplier,75,GOOD,Tactical Power System (TPS),Department of Public Works and Government Services (PSPC),Canada,canadabuys,,UNSPSC:26000000,OPEN,CHANGE_CLASSIFICATION_CHANGED; MATCH_CLASSIFICATION_PRIMARY,https://discovery.ariba.com/rfx/21764928?extsite=MjE3NjQ5MjhfQU4wMTQ4NDA1MDk5Mg==,HEALTHY,
alert_b08a83d0359871f0_manufacturer,canadabuys:ws4905814851-doc4913524693,CLASSIFICATION_CHANGED,MEDIUM,yes,manufacturer,75,GOOD,Tactical Power System (TPS),Department of Public Works and Government Services (PSPC),Canada,canadabuys,,UNSPSC:26000000,OPEN,CHANGE_CLASSIFICATION_CHANGED; MATCH_CLASSIFICATION_PRIMARY,https://discovery.ariba.com/rfx/21764928?extsite=MjE3NjQ5MjhfQU4wMTQ4NDA1MDk5Mg==,HEALTHY,
alert_b1812b7d92d8e041_b2b-saas,canadabuys:ws5816197032-doc5816205072,CLASSIFICATION_CHANGED,MEDIUM,yes,b2b-saas,75,GOOD,EF944-270445 - Purchase workspaces furniture under the SA for ESDC - RFP,Department of Public Works and Government Services (PSPC),Canada,canadabuys,,"UNSPSC:43212002,UNSPSC:56101530,UNSPSC:56101700,UNSPSC:56111601,UNSPSC:56111604,UNSPSC:56112204",OPEN,CHANGE_CLASSIFICATION_CHANGED; MATCH_CLASSIFICATION_PRIMARY,https://portal.us.bn.cloud.ariba.com/dashboard/public/appext/comsapsbncdiscoveryui#/RfxEvent/preview/1110020490?anId=ANONYMOUS,HEALTHY,
alert_b1812b7d92d8e041_it-software,canadabuys:ws5816197032-doc5816205072,CLASSIFICATION_CHANGED,MEDIUM,yes,it-software,75,GOOD,EF944-270445 - Purchase workspaces furniture under the SA for ESDC - RFP,Department of Public Works and Government Services (PSPC),Canada,canadabuys,,"UNSPSC:43212002,UNSPSC:56101530,UNSPSC:56101700,UNSPSC:56111601,UNSPSC:56111604,UNSPSC:56112204",OPEN,CHANGE_CLASSIFICATION_CHANGED; MATCH_CLASSIFICATION_PRIMARY,https://portal.us.bn.cloud.ariba.com/dashboard/public/appext/comsapsbncdiscoveryui#/RfxEvent/preview/1110020490?anId=ANONYMOUS,HEALTHY,
alert_b1812b7d92d8e041_telecom,canadabuys:ws5816197032-doc5816205072,CLASSIFICATION_CHANGED,MEDIUM,yes,telecom,75,GOOD,EF944-270445 - Purchase workspaces furniture under the SA for ESDC - RFP,Department of Public Works and Government Services (PSPC),Canada,canadabuys,,"UNSPSC:43212002,UNSPSC:56101530,UNSPSC:56101700,UNSPSC:56111601,UNSPSC:56111604,UNSPSC:56112204",OPEN,CHANGE_CLASSIFICATION_CHANGED; MATCH_CLASSIFICATION_PRIMARY,https://portal.us.bn.cloud.ariba.com/dashboard/public/appext/comsapsbncdiscoveryui#/RfxEvent/preview/1110020490?anId=ANONYMOUS,HEALTHY,
alert_b1d6d38d1ce2ee99_professional-services,canadabuys:cb-618-5970568,CLASSIFICATION_CHANGED,MEDIUM,yes,professional-services,75,GOOD,Immigration and Refugee Board of Canada_Designated Representative Services,Immigration and Refugee Board (IRB),Canada,canadabuys,,UNSPSC:80121900,OPEN,CHANGE_CLASSIFICATION_CHANGED; MATCH_CLASSIFICATION_PRIMARY,https://canadabuys.canada.ca/en/tender-opportunities,HEALTHY,
alert_b203b8732bdeb1c8_professional-services,canadabuys:ws5627542574-doc5715139019,CLASSIFICATION_CHANGED,MEDIUM,yes,professional-services,75,GOOD,Request for Information (RFI) – Summary of Feedback and Outcomes Report for the Supervision Modernization Program (SMP),Department of Public Works and Government Services (PSPC),Canada,canadabuys,,UNSPSC:80101507,OPEN,CHANGE_CLASSIFICATION_CHANGED; MATCH_CLASSIFICATION_PRIMARY,https://portal.us.bn.cloud.ariba.com/dashboard/public/appext/comsapsbncdiscoveryui#/RfxEvent/preview/1110014414?anId=ANONYMOUS,HEALTHY,
alert_b254679fa816b5db_industrial-supplier,canadabuys:cb-206-28160163,CLASSIFICATION_CHANGED,MEDIUM,yes,industrial-supplier,75,GOOD,Material Handling Equipment,Department of National Defence (DND),Canada,canadabuys,,UNSPSC:22100000,OPEN,CHANGE_CLASSIFICATION_CHANGED; MATCH_CLASSIFICATION_PRIMARY,https://canadabuys.canada.ca/en/tender-opportunities,HEALTHY,
alert_b29a62a3572d9c56_construction,canadabuys:ws5776322857-doc5776417410,CLASSIFICATION_CHANGED,MEDIUM,yes,construction,75,GOOD,EC015-270278 - Basin Dredging Escuminac New Brunswick,Department of Public Works and Government Services (PSPC),Canada,canadabuys,,UNSPSC:72141206,OPEN,CHANGE_CLASSIFICATION_CHANGED; MATCH_CLASSIFICATION_PRIMARY,https://portal.us.bn.cloud.ariba.com/dashboard/public/appext/comsapsbncdiscoveryui#/RfxEvent/preview/1110019227?anId=ANONYMOUS,HEALTHY,
alert_b29a62a3572d9c56_infrastructure,canadabuys:ws5776322857-doc5776417410,CLASSIFICATION_CHANGED,MEDIUM,yes,infrastructure,75,GOOD,EC015-270278 - Basin Dredging Escuminac New Brunswick,Department of Public Works and Government Services (PSPC),Canada,canadabuys,,UNSPSC:72141206,OPEN,CHANGE_CLASSIFICATION_CHANGED; MATCH_CLASSIFICATION_PRIMARY,https://portal.us.bn.cloud.ariba.com/dashboard/public/appext/comsapsbncdiscoveryui#/RfxEvent/preview/1110019227?anId=ANONYMOUS,HEALTHY,
alert_b2a9606124241e91_professional-services,canadabuys:ws5627542574-doc5782536172,CLASSIFICATION_CHANGED,MEDIUM,yes,professional-services,75,GOOD,Invitation to Qualify - Supervision Modernization Program (SMP),Department of Public Works and Government Services (PSPC),Canada,canadabuys,,UNSPSC:80101507,OPEN,CHANGE_CLASSIFICATION_CHANGED; MATCH_CLASSIFICATION_PRIMARY,https://portal.us.bn.cloud.ariba.com/dashboard/public/appext/comsapsbncdiscoveryui#/RfxEvent/preview/1110018456?anId=ANONYMOUS,HEALTHY,
alert_b30a6bd3c0eaa13a_engineering,canadabuys:ws3501721826-doc4558442914,CLASSIFICATION_CHANGED,MEDIUM,yes,engineering,75,GOOD,RFSO- W6369-22P5NW - E60PI-23SSAD - Space Situational Awareness Data (SSAD) -Germany-,Department of Public Works and Government Services (PSPC),Canada,canadabuys,,UNSPSC:81151605,OPEN,CHANGE_CLASSIFICATION_CHANGED; MATCH_CLASSIFICATION_PRIMARY,https://canadabuys.canada.ca/en/tender-opportunities,HEALTHY,
alert_b30a6bd3c0eaa13a_infrastructure,canadabuys:ws3501721826-doc4558442914,CLASSIFICATION_CHANGED,MEDIUM,yes,infrastructure,75,GOOD,RFSO- W6369-22P5NW - E60PI-23SSAD - Space Situational Awareness Data (SSAD) -Germany-,Department of Public Works and Government Services (PSPC),Canada,canadabuys,,UNSPSC:81151605,OPEN,CHANGE_CLASSIFICATION_CHANGED; MATCH_CLASSIFICATION_PRIMARY,https://canadabuys.canada.ca/en/tender-opportunities,HEALTHY,
alert_b34e50ebb1cb649c_construction,canadabuys:cb-270-35817026,CLASSIFICATION_CHANGED,MEDIUM,yes,construction,75,GOOD,Snow Removal - St. Hyacinthe Laboratory,Canadian Food Inspection Agency (CFIA),Canada,canadabuys,,UNSPSC:72102903,OPEN,CHANGE_CLASSIFICATION_CHANGED; MATCH_CLASSIFICATION_PRIMARY,https://canadabuys.canada.ca/en/tender-opportunities,HEALTHY,
alert_b34e50ebb1cb649c_infrastructure,canadabuys:cb-270-35817026,CLASSIFICATION_CHANGED,MEDIUM,yes,infrastructure,75,GOOD,Snow Removal - St. Hyacinthe Laboratory,Canadian Food Inspection Agency (CFIA),Canada,canadabuys,,UNSPSC:72102903,OPEN,CHANGE_CLASSIFICATION_CHANGED; MATCH_CLASSIFICATION_PRIMARY,https://canadabuys.canada.ca/en/tender-opportunities,HEALTHY,
alert_b3ef9f4b7e5bc1c1_manufacturer,canadabuys:ws5479629020-doc5638238036,CLASSIFICATION_CHANGED,MEDIUM,yes,manufacturer,75,GOOD,F1782-25C180 - Aluminium RHIB Cradles,Department of Public Works and Government Services (PSPC),Canada,canadabuys,,UNSPSC:25111500,OPEN,CHANGE_CLASSIFICATION_CHANGED; MATCH_CLASSIFICATION_PRIMARY,https://portal.us.bn.cloud.ariba.com/dashboard/public/appext/comsapsbncdiscoveryui#/RfxEvent/preview/1110019985?anId=ANONYMOUS,HEALTHY,
alert_b3f719f37d81abfb_engineering,canadabuys:ws5589509192-doc5780849922,CLASSIFICATION_CHANGED,MEDIUM,yes,engineering,75,GOOD,W6895-260479 Non-Destructive Testing,Department of Public Works and Government Services (PSPC),Canada,canadabuys,,"UNSPSC:78102103,UNSPSC:81141804,UNSPSC:81141807",OPEN,CHANGE_CLASSIFICATION_CHANGED; MATCH_CLASSIFICATION_PRIMARY,https://portal.us.bn.cloud.ariba.com/dashboard/public/appext/comsapsbncdiscoveryui#/RfxEvent/preview/1110017904?anId=ANONYMOUS,HEALTHY,
alert_b3f719f37d81abfb_infrastructure,canadabuys:ws5589509192-doc5780849922,CLASSIFICATION_CHANGED,MEDIUM,yes,infrastructure,75,GOOD,W6895-260479 Non-Destructive Testing,Department of Public Works and Government Services (PSPC),Canada,canadabuys,,"UNSPSC:78102103,UNSPSC:81141804,UNSPSC:81141807",OPEN,CHANGE_CLASSIFICATION_CHANGED; MATCH_CLASSIFICATION_PRIMARY,https://portal.us.bn.cloud.ariba.com/dashboard/public/appext/comsapsbncdiscoveryui#/RfxEvent/preview/1110017904?anId=ANONYMOUS,HEALTHY,
alert_b3f719f37d81abfb_logistics,canadabuys:ws5589509192-doc5780849922,CLASSIFICATION_CHANGED,MEDIUM,yes,logistics,75,GOOD,W6895-260479 Non-Destructive Testing,Department of Public Works and Government Services (PSPC),Canada,canadabuys,,"UNSPSC:78102103,UNSPSC:81141804,UNSPSC:81141807",OPEN,CHANGE_CLASSIFICATION_CHANGED; MATCH_CLASSIFICATION_PRIMARY,https://portal.us.bn.cloud.ariba.com/dashboard/public/appext/comsapsbncdiscoveryui#/RfxEvent/preview/1110017904?anId=ANONYMOUS,HEALTHY,
alert_b42028e1e90e9adc_engineering,canadabuys:cb-533-60178254,CLASSIFICATION_CHANGED,MEDIUM,yes,engineering,75,GOOD,"Prairies Staff Housing Condition Assessments, Northern Prairies Field Unit - Multiple Sites",Parks Canada Agency (PC),Canada,canadabuys,,"UNSPSC:81101513,UNSPSC:81141805",OPEN,CHANGE_CLASSIFICATION_CHANGED; MATCH_CLASSIFICATION_PRIMARY,https://canadabuys.canada.ca/en/tender-opportunities,HEALTHY,
alert_b42028e1e90e9adc_infrastructure,canadabuys:cb-533-60178254,CLASSIFICATION_CHANGED,MEDIUM,yes,infrastructure,75,GOOD,"Prairies Staff Housing Condition Assessments, Northern Prairies Field Unit - Multiple Sites",Parks Canada Agency (PC),Canada,canadabuys,,"UNSPSC:81101513,UNSPSC:81141805",OPEN,CHANGE_CLASSIFICATION_CHANGED; MATCH_CLASSIFICATION_PRIMARY,https://canadabuys.canada.ca/en/tender-opportunities,HEALTHY,
alert_b508e7136e7100d1_engineering,canadabuys:cb-988-32958014,CLASSIFICATION_CHANGED,MEDIUM,yes,engineering,75,GOOD,Installation and Configuration Services for IT Infrastructure Equipment,Courts Administration Service (CAS),Canada,canadabuys,,UNSPSC:81110000,OPEN,CHANGE_CLASSIFICATION_CHANGED; MATCH_CLASSIFICATION_PRIMARY,https://canadabuys.canada.ca/en/tender-opportunities,HEALTHY,
alert_b508e7136e7100d1_infrastructure,canadabuys:cb-988-32958014,CLASSIFICATION_CHANGED,MEDIUM,yes,infrastructure,75,GOOD,Installation and Configuration Services for IT Infrastructure Equipment,Courts Administration Service (CAS),Canada,canadabuys,,UNSPSC:81110000,OPEN,CHANGE_CLASSIFICATION_CHANGED; MATCH_CLASSIFICATION_PRIMARY,https://canadabuys.canada.ca/en/tender-opportunities,HEALTHY,
alert_b53ec9808e755f7f_professional-services,canadabuys:cb-227-10099409,CLASSIFICATION_CHANGED,MEDIUM,yes,professional-services,75,GOOD,RFP-003854-ECS and Default Real Estate Services,Canada Mortgage and Housing Corporation (CNHC),Canada,canadabuys,,"UNSPSC:80120000,UNSPSC:80121708",OPEN,CHANGE_CLASSIFICATION_CHANGED; MATCH_CLASSIFICATION_PRIMARY,https://canadabuys.canada.ca/en/tender-opportunities,HEALTHY,
alert_b555511a39d43951_engineering,canadabuys:cb-189-12731109,CLASSIFICATION_CHANGED,MEDIUM,yes,engineering,75,GOOD,Professional Services of Quality Control QC) Consultants (3) for NRC- Clinical Trial Material Facility (CTMF),National Research Council of Canada (NRC),Canada,canadabuys,,UNSPSC:81141500,OPEN,CHANGE_CLASSIFICATION_CHANGED; MATCH_CLASSIFICATION_PRIMARY,https://canadabuys.canada.ca/en/tender-opportunities,HEALTHY,
alert_b555511a39d43951_infrastructure,canadabuys:cb-189-12731109,CLASSIFICATION_CHANGED,MEDIUM,yes,infrastructure,75,GOOD,Professional Services of Quality Control QC) Consultants (3) for NRC- Clinical Trial Material Facility (CTMF),National Research Council of Canada (NRC),Canada,canadabuys,,UNSPSC:81141500,OPEN,CHANGE_CLASSIFICATION_CHANGED; MATCH_CLASSIFICATION_PRIMARY,https://canadabuys.canada.ca/en/tender-opportunities,HEALTHY,
alert_b64fc22398911970_manufacturer,canadabuys:cb-198-84382683,CLASSIFICATION_CHANGED,MEDIUM,yes,manufacturer,75,GOOD,"LOAD CELL,FORCE-WEIGHT",Department of National Defence (DND),Canada,canadabuys,,UNSPSC:25200000,OPEN,CHANGE_CLASSIFICATION_CHANGED; MATCH_CLASSIFICATION_PRIMARY,https://canadabuys.canada.ca/en/tender-opportunities,HEALTHY,
alert_b807b3247b57ebd1_manufacturer,canadabuys:ws5578985251-doc5654501596,CLASSIFICATION_CHANGED,MEDIUM,yes,manufacturer,75,GOOD,Notice for RFI for Sustainment for the Canadian Patrol Submarine,Department of Public Works and Government Services (PSPC),Canada,canadabuys,,UNSPSC:25111701,OPEN,CHANGE_CLASSIFICATION_CHANGED; MATCH_CLASSIFICATION_PRIMARY,https://portal.us.bn.cloud.ariba.com/dashboard/public/appext/comsapsbncdiscoveryui#/RfxEvent/preview/1110010842?anId=ANONYMOUS,HEALTHY,
alert_b83a207bbdea9626_professional-services,canadabuys:cb-8500-8733045,CLASSIFICATION_CHANGED,MEDIUM,yes,professional-services,75,GOOD,Solutions professional services (TSPS),Department of Public Works and Government Services (PSPC),Canada,canadabuys,,"UNSPSC:80100000,UNSPSC:80160000",OPEN,CHANGE_CLASSIFICATION_CHANGED; MATCH_CLASSIFICATION_PRIMARY,https://canadabuys.canada.ca/en/tender-opportunities,HEALTHY,
alert_b8ea710097cf7c15_engineering,canadabuys:cb-565-82273704,CLASSIFICATION_CHANGED,MEDIUM,yes,engineering,75,GOOD,SA&A Microsoft Copilot,Office of the Auditor General (OAG),Canada,canadabuys,,"UNSPSC:80101507,UNSPSC:80161604,UNSPSC:81160000",OPEN,CHANGE_CLASSIFICATION_CHANGED; MATCH_CLASSIFICATION_PRIMARY,https://canadabuys.canada.ca/en/tender-opportunities,HEALTHY,
alert_b8ea710097cf7c15_infrastructure,canadabuys:cb-565-82273704,CLASSIFICATION_CHANGED,MEDIUM,yes,infrastructure,75,GOOD,SA&A Microsoft Copilot,Office of the Auditor General (OAG),Canada,canadabuys,,"UNSPSC:80101507,UNSPSC:80161604,UNSPSC:81160000",OPEN,CHANGE_CLASSIFICATION_CHANGED; MATCH_CLASSIFICATION_PRIMARY,https://canadabuys.canada.ca/en/tender-opportunities,HEALTHY,
alert_b8ea710097cf7c15_professional-services,canadabuys:cb-565-82273704,CLASSIFICATION_CHANGED,MEDIUM,yes,professional-services,75,GOOD,SA&A Microsoft Copilot,Office of the Auditor General (OAG),Canada,canadabuys,,"UNSPSC:80101507,UNSPSC:80161604,UNSPSC:81160000",OPEN,CHANGE_CLASSIFICATION_CHANGED; MATCH_CLASSIFICATION_PRIMARY,https://canadabuys.canada.ca/en/tender-opportunities,HEALTHY,
alert_b99d81cb42341c32_construction,canadabuys:ws5778783404-doc5780849917,CLASSIFICATION_CHANGED,MEDIUM,yes,construction,75,GOOD,W6897-260093 - Emergency Restoration and Asbestos & Mold Abatement,Department of Public Works and Government Services (PSPC),Canada,canadabuys,,"UNSPSC:72101500,UNSPSC:72150000",OPEN,CHANGE_CLASSIFICATION_CHANGED; MATCH_CLASSIFICATION_PRIMARY,https://portal.us.bn.cloud.ariba.com/dashboard/public/appext/comsapsbncdiscoveryui#/RfxEvent/preview/1110020290?anId=ANONYMOUS,HEALTHY,
alert_b99d81cb42341c32_infrastructure,canadabuys:ws5778783404-doc5780849917,CLASSIFICATION_CHANGED,MEDIUM,yes,infrastructure,75,GOOD,W6897-260093 - Emergency Restoration and Asbestos & Mold Abatement,Department of Public Works and Government Services (PSPC),Canada,canadabuys,,"UNSPSC:72101500,UNSPSC:72150000",OPEN,CHANGE_CLASSIFICATION_CHANGED; MATCH_CLASSIFICATION_PRIMARY,https://portal.us.bn.cloud.ariba.com/dashboard/public/appext/comsapsbncdiscoveryui#/RfxEvent/preview/1110020290?anId=ANONYMOUS,HEALTHY,
alert_ba3710e84769d7b6_logistics,canadabuys:ws5004253210-doc5004373642,CLASSIFICATION_CHANGED,MEDIUM,yes,logistics,75,GOOD,F7044-200268 - RFSA Refresh for In-Water Vessel Cleaning with Capture,Department of Public Works and Government Services (PSPC),Canada,canadabuys,,"UNSPSC:25111500,UNSPSC:78182000",OPEN,CHANGE_CLASSIFICATION_CHANGED; MATCH_CLASSIFICATION_PRIMARY,https://discovery.ariba.com/rfx/22314627?extsite=MjIzMTQ2MjdfQU4wMTQ4NDA1MDk5Mg==,HEALTHY,
alert_ba3710e84769d7b6_manufacturer,canadabuys:ws5004253210-doc5004373642,CLASSIFICATION_CHANGED,MEDIUM,yes,manufacturer,75,GOOD,F7044-200268 - RFSA Refresh for In-Water Vessel Cleaning with Capture,Department of Public Works and Government Services (PSPC),Canada,canadabuys,,"UNSPSC:25111500,UNSPSC:78182000",OPEN,CHANGE_CLASSIFICATION_CHANGED; MATCH_CLASSIFICATION_PRIMARY,https://discovery.ariba.com/rfx/22314627?extsite=MjIzMTQ2MjdfQU4wMTQ4NDA1MDk5Mg==,HEALTHY,
alert_ba74ea58dbe76e7a_construction,canadabuys:ws5644885780-doc5644898669,CLASSIFICATION_CHANGED,MEDIUM,yes,construction,75,GOOD,W8476-267064 - Close Support Bridge Systems (CSBS),Department of Public Works and Government Services (PSPC),Canada,canadabuys,,"UNSPSC:72141107,UNSPSC:95121600,UNSPSC:95130000",OPEN,CHANGE_CLASSIFICATION_CHANGED; MATCH_CLASSIFICATION_PRIMARY,https://portal.us.bn.cloud.ariba.com/dashboard/public/appext/comsapsbncdiscoveryui#/RfxEvent/preview/1110010168?anId=ANONYMOUS,HEALTHY,
alert_ba74ea58dbe76e7a_infrastructure,canadabuys:ws5644885780-doc5644898669,CLASSIFICATION_CHANGED,MEDIUM,yes,infrastructure,75,GOOD,W8476-267064 - Close Support Bridge Systems (CSBS),Department of Public Works and Government Services (PSPC),Canada,canadabuys,,"UNSPSC:72141107,UNSPSC:95121600,UNSPSC:95130000",OPEN,CHANGE_CLASSIFICATION_CHANGED; MATCH_CLASSIFICATION_PRIMARY,https://portal.us.bn.cloud.ariba.com/dashboard/public/appext/comsapsbncdiscoveryui#/RfxEvent/preview/1110010168?anId=ANONYMOUS,HEALTHY,
alert_ba9554eb15f2407a_manufacturer,canadabuys:ws5727137371-doc5727193221,CLASSIFICATION_CHANGED,MEDIUM,yes,manufacturer,75,GOOD,RFP - F7013-260023-A - IPMS Spare parts,Department of Public Works and Government Services (PSPC),Canada,canadabuys,,UNSPSC:32000000,OPEN,CHANGE_CLASSIFICATION_CHANGED; MATCH_CLASSIFICATION_PRIMARY,https://portal.us.bn.cloud.ariba.com/dashboard/public/appext/comsapsbncdiscoveryui#/RfxEvent/preview/1110015210?anId=ANONYMOUS,HEALTHY,
alert_bad13f86a45d87c1_engineering,canadabuys:cb-500-47495041,CLASSIFICATION_CHANGED,MEDIUM,yes,engineering,75,GOOD,RFSA - Work related to airborne topographic LiDAR data,Department of Natural Resources (NRCan),Canada,canadabuys,,"UNSPSC:81151604,UNSPSC:82131601",OPEN,CHANGE_CLASSIFICATION_CHANGED; MATCH_CLASSIFICATION_PRIMARY,https://canadabuys.canada.ca/en/tender-opportunities,HEALTHY,
alert_bad13f86a45d87c1_infrastructure,canadabuys:cb-500-47495041,CLASSIFICATION_CHANGED,MEDIUM,yes,infrastructure,75,GOOD,RFSA - Work related to airborne topographic LiDAR data,Department of Natural Resources (NRCan),Canada,canadabuys,,"UNSPSC:81151604,UNSPSC:82131601",OPEN,CHANGE_CLASSIFICATION_CHANGED; MATCH_CLASSIFICATION_PRIMARY,https://canadabuys.canada.ca/en/tender-opportunities,HEALTHY,
alert_bad13f86a45d87c1_professional-services,canadabuys:cb-500-47495041,CLASSIFICATION_CHANGED,MEDIUM,yes,professional-services,75,GOOD,RFSA - Work related to airborne topographic LiDAR data,Department of Natural Resources (NRCan),Canada,canadabuys,,"UNSPSC:81151604,UNSPSC:82131601",OPEN,CHANGE_CLASSIFICATION_CHANGED; MATCH_CLASSIFICATION_PRIMARY,https://canadabuys.canada.ca/en/tender-opportunities,HEALTHY,
alert_bc183341a03fd0b4_healthcare,canadabuys:ws4117399363-doc4117431736,CLASSIFICATION_CHANGED,MEDIUM,yes,healthcare,75,GOOD,E6HAL-230009 RFI Socio-economic Catering,Department of Public Works and Government Services (PSPC),Canada,canadabuys,,"UNSPSC:73130000,UNSPSC:85150000,UNSPSC:90100000,UNSPSC:90101500,UNSPSC:90101600,UNSPSC:90101800",OPEN,CHANGE_CLASSIFICATION_CHANGED; MATCH_CLASSIFICATION_PRIMARY,https://portal.us.bn.cloud.ariba.com/dashboard/public/appext/comsapsbncdiscoveryui#/RfxEvent/preview/16986986?anId=ANONYMOUS,HEALTHY,
alert_bd2e75037b90bb21_healthcare,canadabuys:cb-81-85519710,CLASSIFICATION_CHANGED,MEDIUM,yes,healthcare,75,GOOD,Psychological Risk Assessments - Joyceville Institution,Correctional Service of Canada (CSC),Canada,canadabuys,,"UNSPSC:85101600,UNSPSC:85101700,UNSPSC:85270000,UNSPSC:86132207",OPEN,CHANGE_CLASSIFICATION_CHANGED; MATCH_CLASSIFICATION_PRIMARY,https://canadabuys.canada.ca/en/tender-opportunities,HEALTHY,
alert_bdf1ffed038a4f45_engineering,canadabuys:cb-300-2142668,CLASSIFICATION_CHANGED,MEDIUM,yes,engineering,75,GOOD,Learning and Skills Development Platform,Office of the Superintendent of Financial Institutions (OSFI),Canada,canadabuys,,UNSPSC:81162000,OPEN,CHANGE_CLASSIFICATION_CHANGED; MATCH_CLASSIFICATION_PRIMARY,https://canadabuys.canada.ca/en/tender-opportunities,HEALTHY,
alert_bdf1ffed038a4f45_infrastructure,canadabuys:cb-300-2142668,CLASSIFICATION_CHANGED,MEDIUM,yes,infrastructure,75,GOOD,Learning and Skills Development Platform,Office of the Superintendent of Financial Institutions (OSFI),Canada,canadabuys,,UNSPSC:81162000,OPEN,CHANGE_CLASSIFICATION_CHANGED; MATCH_CLASSIFICATION_PRIMARY,https://canadabuys.canada.ca/en/tender-opportunities,HEALTHY,
alert_be59af1aa647036a_manufacturer,canadabuys:cb-611-74141316,CLASSIFICATION_CHANGED,MEDIUM,yes,manufacturer,75,GOOD,"Multiple Victoria-Class Spares: Valve, O-ring, Lamp, Connector, Bush",Department of National Defence (DND),Canada,canadabuys,,"UNSPSC:31180000,UNSPSC:39110000,UNSPSC:39121000,UNSPSC:40141600,UNSPSC:40170000",OPEN,CHANGE_CLASSIFICATION_CHANGED; MATCH_CLASSIFICATION_PRIMARY,https://canadabuys.canada.ca/en/tender-opportunities,HEALTHY,
alert_bed2b3545749ec37_construction,canadabuys:cb-357-71914062,CLASSIFICATION_CHANGED,MEDIUM,yes,construction,75,GOOD,Sheet Metal Standing Offer,Department of National Defence (DND),Canada,canadabuys,,"UNSPSC:30264000,UNSPSC:30264600",OPEN,CHANGE_CLASSIFICATION_CHANGED; MATCH_CLASSIFICATION_PRIMARY,https://canadabuys.canada.ca/en/tender-opportunities,HEALTHY,
alert_bfcf0bd45b3903f6_construction,canadabuys:ws5785869257-doc5785924624,CLASSIFICATION_CHANGED,MEDIUM,yes,construction,75,GOOD,EF236-270268 Roof repair on various buildings at the Laval Complex (Phase 3 and Phase 4),Department of Public Works and Government Services (PSPC),Canada,canadabuys,,UNSPSC:72152600,OPEN,CHANGE_CLASSIFICATION_CHANGED; MATCH_CLASSIFICATION_PRIMARY,https://portal.us.bn.cloud.ariba.com/dashboard/public/appext/comsapsbncdiscoveryui#/RfxEvent/preview/1110020751?anId=ANONYMOUS,HEALTHY,
alert_bfcf0bd45b3903f6_infrastructure,canadabuys:ws5785869257-doc5785924624,CLASSIFICATION_CHANGED,MEDIUM,yes,infrastructure,75,GOOD,EF236-270268 Roof repair on various buildings at the Laval Complex (Phase 3 and Phase 4),Department of Public Works and Government Services (PSPC),Canada,canadabuys,,UNSPSC:72152600,OPEN,CHANGE_CLASSIFICATION_CHANGED; MATCH_CLASSIFICATION_PRIMARY,https://portal.us.bn.cloud.ariba.com/dashboard/public/appext/comsapsbncdiscoveryui#/RfxEvent/preview/1110020751?anId=ANONYMOUS,HEALTHY,
alert_c007737e351f866d_engineering,canadabuys:ws5434478581-doc5780196321,CLASSIFICATION_CHANGED,MEDIUM,yes,engineering,75,GOOD,Chemical Residue and Allergen Testing in and on Food Products for Canadian Food Inspection Agency (CFIA),Department of Public Works and Government Services (PSPC),Canada,canadabuys,,"UNSPSC:60104500,UNSPSC:77141501,UNSPSC:81141506,UNSPSC:85121800,UNSPSC:85410000",OPEN,CHANGE_CLASSIFICATION_CHANGED; MATCH_CLASSIFICATION_PRIMARY,https://portal.us.bn.cloud.ariba.com/dashboard/public/appext/comsapsbncdiscoveryui#/RfxEvent/preview/1110017894?anId=ANONYMOUS,HEALTHY,
alert_c007737e351f866d_healthcare,canadabuys:ws5434478581-doc5780196321,CLASSIFICATION_CHANGED,MEDIUM,yes,healthcare,75,GOOD,Chemical Residue and Allergen Testing in and on Food Products for Canadian Food Inspection Agency (CFIA),Department of Public Works and Government Services (PSPC),Canada,canadabuys,,"UNSPSC:60104500,UNSPSC:77141501,UNSPSC:81141506,UNSPSC:85121800,UNSPSC:85410000",OPEN,CHANGE_CLASSIFICATION_CHANGED; MATCH_CLASSIFICATION_PRIMARY,https://portal.us.bn.cloud.ariba.com/dashboard/public/appext/comsapsbncdiscoveryui#/RfxEvent/preview/1110017894?anId=ANONYMOUS,HEALTHY,
alert_c007737e351f866d_infrastructure,canadabuys:ws5434478581-doc5780196321,CLASSIFICATION_CHANGED,MEDIUM,yes,infrastructure,75,GOOD,Chemical Residue and Allergen Testing in and on Food Products for Canadian Food Inspection Agency (CFIA),Department of Public Works and Government Services (PSPC),Canada,canadabuys,,"UNSPSC:60104500,UNSPSC:77141501,UNSPSC:81141506,UNSPSC:85121800,UNSPSC:85410000",OPEN,CHANGE_CLASSIFICATION_CHANGED; MATCH_CLASSIFICATION_PRIMARY,https://portal.us.bn.cloud.ariba.com/dashboard/public/appext/comsapsbncdiscoveryui#/RfxEvent/preview/1110017894?anId=ANONYMOUS,HEALTHY,
alert_c04b48a0694e1c11_engineering,canadabuys:ws5821137570-doc5824105212,CLASSIFICATION_CHANGED,MEDIUM,yes,engineering,75,GOOD,RFP - Roof Replacement Design - KRDC B49 B50,Department of Public Works and Government Services (PSPC),Canada,canadabuys,,UNSPSC:81101508,OPEN,CHANGE_CLASSIFICATION_CHANGED; MATCH_CLASSIFICATION_PRIMARY,https://canadabuys.canada.ca/en/tender-opportunities,HEALTHY,
alert_c04b48a0694e1c11_infrastructure,canadabuys:ws5821137570-doc5824105212,CLASSIFICATION_CHANGED,MEDIUM,yes,infrastructure,75,GOOD,RFP - Roof Replacement Design - KRDC B49 B50,Department of Public Works and Government Services (PSPC),Canada,canadabuys,,UNSPSC:81101508,OPEN,CHANGE_CLASSIFICATION_CHANGED; MATCH_CLASSIFICATION_PRIMARY,https://canadabuys.canada.ca/en/tender-opportunities,HEALTHY,
alert_c06811f96e82e303_construction,canadabuys:cb-253-32649798,CLASSIFICATION_CHANGED,MEDIUM,yes,construction,75,GOOD,Gazebo - Pavilion,Department of National Defence (DND),Canada,canadabuys,,UNSPSC:72120000,OPEN,CHANGE_CLASSIFICATION_CHANGED; MATCH_CLASSIFICATION_PRIMARY,https://canadabuys.canada.ca/en/tender-opportunities,HEALTHY,
alert_c06811f96e82e303_infrastructure,canadabuys:cb-253-32649798,CLASSIFICATION_CHANGED,MEDIUM,yes,infrastructure,75,GOOD,Gazebo - Pavilion,Department of National Defence (DND),Canada,canadabuys,,UNSPSC:72120000,OPEN,CHANGE_CLASSIFICATION_CHANGED; MATCH_CLASSIFICATION_PRIMARY,https://canadabuys.canada.ca/en/tender-opportunities,HEALTHY,
alert_c1d426f0d5b51d84_professional-services,canadabuys:cb-561-64849632,CLASSIFICATION_CHANGED,MEDIUM,yes,professional-services,75,GOOD,2026-0027 - RP Stakeholder Experience Survey,Workers Safety and Compensation Commission (WSCC),Canada,canadabuys,,UNSPSC:80171502,OPEN,CHANGE_CLASSIFICATION_CHANGED; MATCH_CLASSIFICATION_PRIMARY,https://canadabuys.canada.ca/en/tender-opportunities,HEALTHY,
alert_c2fec6edca17d752_manufacturer,canadabuys:ws4015512721-doc4109106400,CLASSIFICATION_CHANGED,MEDIUM,yes,manufacturer,75,GOOD,M5000-234619 Enclosed Trailers,Department of Public Works and Government Services (PSPC),Canada,canadabuys,,UNSPSC:25181700,OPEN,CHANGE_CLASSIFICATION_CHANGED; MATCH_CLASSIFICATION_PRIMARY,https://portal.us.bn.cloud.ariba.com/dashboard/public/appext/comsapsbncdiscoveryui#/RfxEvent/preview/17580247?anId=ANONYMOUS,HEALTHY,
alert_c32b1d65cf796d3e_industrial-supplier,canadabuys:ws5765821402-doc5785643263,CLASSIFICATION_CHANGED,MEDIUM,yes,industrial-supplier,75,GOOD,T8080-260066 Transport Canada Churchill Airport Electric Compact Loader,Department of Public Works and Government Services (PSPC),Canada,canadabuys,,UNSPSC:22101500,OPEN,CHANGE_CLASSIFICATION_CHANGED; MATCH_CLASSIFICATION_PRIMARY,https://portal.us.bn.cloud.ariba.com/dashboard/public/appext/comsapsbncdiscoveryui#/RfxEvent/preview/1110019539?anId=ANONYMOUS,HEALTHY,
alert_c4420b5a33ff195d_construction,canadabuys:ws5555837084-doc5824311854,CLASSIFICATION_CHANGED,MEDIUM,yes,construction,75,GOOD,Patio Tent Structure (W8160-252003C),Department of Public Works and Government Services (PSPC),Canada,canadabuys,,"UNSPSC:30151900,UNSPSC:30241700,UNSPSC:95130000,UNSPSC:95131600,UNSPSC:95131700,UNSPSC:95140000,UNSPSC:95141700",OPEN,CHANGE_CLASSIFICATION_CHANGED; MATCH_CLASSIFICATION_PRIMARY,https://portal.us.bn.cloud.ariba.com/dashboard/public/appext/comsapsbncdiscoveryui#/RfxEvent/preview/1110021249?anId=ANONYMOUS,HEALTHY,
alert_c4729f6ca45d2ba4_engineering,canadabuys:ws3501721826-doc5764085266,CLASSIFICATION_CHANGED,MEDIUM,yes,engineering,75,GOOD,E60PI-23SSAD -Request for Standing -RFSO- 2026-2027 - Supplemental Invitation to Space Situational Awareness Data (SSAD) - DOMESTIC,Department of Public Works and Government Services (PSPC),Canada,canadabuys,,"UNSPSC:55111500,UNSPSC:81111902,UNSPSC:81151605",OPEN,CHANGE_CLASSIFICATION_CHANGED; MATCH_CLASSIFICATION_PRIMARY,https://canadabuys.canada.ca/en/tender-opportunities,HEALTHY,
alert_c4729f6ca45d2ba4_infrastructure,canadabuys:ws3501721826-doc5764085266,CLASSIFICATION_CHANGED,MEDIUM,yes,infrastructure,75,GOOD,E60PI-23SSAD -Request for Standing -RFSO- 2026-2027 - Supplemental Invitation to Space Situational Awareness Data (SSAD) - DOMESTIC,Department of Public Works and Government Services (PSPC),Canada,canadabuys,,"UNSPSC:55111500,UNSPSC:81111902,UNSPSC:81151605",OPEN,CHANGE_CLASSIFICATION_CHANGED; MATCH_CLASSIFICATION_PRIMARY,https://canadabuys.canada.ca/en/tender-opportunities,HEALTHY,
alert_c5faffc3175554f1_engineering,canadabuys:cb-364-13128756,CLASSIFICATION_CHANGED,MEDIUM,yes,engineering,75,GOOD,TBIPS (Task-based Informatics),Department of Public Works and Government Services (PSPC),Canada,canadabuys,,"UNSPSC:81110000,UNSPSC:81111509,UNSPSC:81111510,UNSPSC:81111706,UNSPSC:81111707,UNSPSC:81111803,UNSPSC:81111804,UNSPSC:81111808,UNSPSC:81112300",OPEN,CHANGE_CLASSIFICATION_CHANGED; MATCH_CLASSIFICATION_PRIMARY,https://canadabuys.canada.ca/en/tender-opportunities,HEALTHY,
alert_c5faffc3175554f1_infrastructure,canadabuys:cb-364-13128756,CLASSIFICATION_CHANGED,MEDIUM,yes,infrastructure,75,GOOD,TBIPS (Task-based Informatics),Department of Public Works and Government Services (PSPC),Canada,canadabuys,,"UNSPSC:81110000,UNSPSC:81111509,UNSPSC:81111510,UNSPSC:81111706,UNSPSC:81111707,UNSPSC:81111803,UNSPSC:81111804,UNSPSC:81111808,UNSPSC:81112300",OPEN,CHANGE_CLASSIFICATION_CHANGED; MATCH_CLASSIFICATION_PRIMARY,https://canadabuys.canada.ca/en/tender-opportunities,HEALTHY,
alert_c63dba67458b9c4d_manufacturer,canadabuys:cb-945-7530440,CLASSIFICATION_CHANGED,MEDIUM,yes,manufacturer,75,GOOD,"VENTILATOR, AIR CIRCULATING",Department of National Defence (DND),Canada,canadabuys,,UNSPSC:25111900,OPEN,CHANGE_CLASSIFICATION_CHANGED; MATCH_CLASSIFICATION_PRIMARY,https://canadabuys.canada.ca/en/tender-opportunities,HEALTHY,
alert_c67bcb3ab7ffbd93_logistics,canadabuys:cb-667-91516726,CLASSIFICATION_CHANGED,MEDIUM,yes,logistics,75,GOOD,Dignity Through Secure Storage Initiative,Government of the Northwest Territories (GNWT),Canada,canadabuys,,"UNSPSC:78131804,UNSPSC:80161602",OPEN,CHANGE_CLASSIFICATION_CHANGED; MATCH_CLASSIFICATION_PRIMARY,https://canadabuys.canada.ca/en/tender-opportunities,HEALTHY,
alert_c67bcb3ab7ffbd93_professional-services,canadabuys:cb-667-91516726,CLASSIFICATION_CHANGED,MEDIUM,yes,professional-services,75,GOOD,Dignity Through Secure Storage Initiative,Government of the Northwest Territories (GNWT),Canada,canadabuys,,"UNSPSC:78131804,UNSPSC:80161602",OPEN,CHANGE_CLASSIFICATION_CHANGED; MATCH_CLASSIFICATION_PRIMARY,https://canadabuys.canada.ca/en/tender-opportunities,HEALTHY,
alert_c6c229bd52ec7665_construction,canadabuys:ws5792384277-doc5794073034,CLASSIFICATION_CHANGED,MEDIUM,yes,construction,75,GOOD,EE517-270184 STANDING OFFER Underwater inspection Institut Maurice Lamontagne (IML),Department of Public Works and Government Services (PSPC),Canada,canadabuys,,"UNSPSC:72100000,UNSPSC:72101500",OPEN,CHANGE_CLASSIFICATION_CHANGED; MATCH_CLASSIFICATION_PRIMARY,https://portal.us.bn.cloud.ariba.com/dashboard/public/appext/comsapsbncdiscoveryui#/RfxEvent/preview/1110019548?anId=ANONYMOUS,HEALTHY,
alert_c6c229bd52ec7665_infrastructure,canadabuys:ws5792384277-doc5794073034,CLASSIFICATION_CHANGED,MEDIUM,yes,infrastructure,75,GOOD,EE517-270184 STANDING OFFER Underwater inspection Institut Maurice Lamontagne (IML),Department of Public Works and Government Services (PSPC),Canada,canadabuys,,"UNSPSC:72100000,UNSPSC:72101500",OPEN,CHANGE_CLASSIFICATION_CHANGED; MATCH_CLASSIFICATION_PRIMARY,https://portal.us.bn.cloud.ariba.com/dashboard/public/appext/comsapsbncdiscoveryui#/RfxEvent/preview/1110019548?anId=ANONYMOUS,HEALTHY,
alert_c73e785ac283cb4c_b2b-saas,canadabuys:cb-831-80455317,CLASSIFICATION_CHANGED,MEDIUM,yes,b2b-saas,75,GOOD,RFSA - Energy Efficiency Regulated Products Testing.,Department of Natural Resources (NRCan),Canada,canadabuys,,"UNSPSC:23153100,UNSPSC:24100000,UNSPSC:24130000,UNSPSC:24131500,UNSPSC:24131600,UNSPSC:26111700,UNSPSC:30170000,UNSPSC:30171500,UNSPSC:30171600,UNSPSC:39110000,UNSPSC:39111500,UNSPSC:39111600,UNSPSC:39120000,UNSPSC:40100000,UNSPSC:40101500,UNSPSC:40101600,UNSPSC:40101700,UNSPSC:40101800,UNSPSC:40101826,UNSPSC:43210000,UNSPSC:52140000,UNSPSC:52141500,UNSPSC:52141600,UNSPSC:52161500,UNSPSC:81100000,UNSPSC:81141501,UNSPSC:81141506",OPEN,CHANGE_CLASSIFICATION_CHANGED; MATCH_CLASSIFICATION_PRIMARY,https://canadabuys.canada.ca/en/tender-opportunities,HEALTHY,
alert_c73e785ac283cb4c_construction,canadabuys:cb-831-80455317,CLASSIFICATION_CHANGED,MEDIUM,yes,construction,75,GOOD,RFSA - Energy Efficiency Regulated Products Testing.,Department of Natural Resources (NRCan),Canada,canadabuys,,"UNSPSC:23153100,UNSPSC:24100000,UNSPSC:24130000,UNSPSC:24131500,UNSPSC:24131600,UNSPSC:26111700,UNSPSC:30170000,UNSPSC:30171500,UNSPSC:30171600,UNSPSC:39110000,UNSPSC:39111500,UNSPSC:39111600,UNSPSC:39120000,UNSPSC:40100000,UNSPSC:40101500,UNSPSC:40101600,UNSPSC:40101700,UNSPSC:40101800,UNSPSC:40101826,UNSPSC:43210000,UNSPSC:52140000,UNSPSC:52141500,UNSPSC:52141600,UNSPSC:52161500,UNSPSC:81100000,UNSPSC:81141501,UNSPSC:81141506",OPEN,CHANGE_CLASSIFICATION_CHANGED; MATCH_CLASSIFICATION_PRIMARY,https://canadabuys.canada.ca/en/tender-opportunities,HEALTHY,
alert_c73e785ac283cb4c_energy,canadabuys:cb-831-80455317,CLASSIFICATION_CHANGED,MEDIUM,yes,energy,75,GOOD,RFSA - Energy Efficiency Regulated Products Testing.,Department of Natural Resources (NRCan),Canada,canadabuys,,"UNSPSC:23153100,UNSPSC:24100000,UNSPSC:24130000,UNSPSC:24131500,UNSPSC:24131600,UNSPSC:26111700,UNSPSC:30170000,UNSPSC:30171500,UNSPSC:30171600,UNSPSC:39110000,UNSPSC:39111500,UNSPSC:39111600,UNSPSC:39120000,UNSPSC:40100000,UNSPSC:40101500,UNSPSC:40101600,UNSPSC:40101700,UNSPSC:40101800,UNSPSC:40101826,UNSPSC:43210000,UNSPSC:52140000,UNSPSC:52141500,UNSPSC:52141600,UNSPSC:52161500,UNSPSC:81100000,UNSPSC:81141501,UNSPSC:81141506",OPEN,CHANGE_CLASSIFICATION_CHANGED; MATCH_CLASSIFICATION_PRIMARY,https://canadabuys.canada.ca/en/tender-opportunities,HEALTHY,
alert_c73e785ac283cb4c_engineering,canadabuys:cb-831-80455317,CLASSIFICATION_CHANGED,MEDIUM,yes,engineering,75,GOOD,RFSA - Energy Efficiency Regulated Products Testing.,Department of Natural Resources (NRCan),Canada,canadabuys,,"UNSPSC:23153100,UNSPSC:24100000,UNSPSC:24130000,UNSPSC:24131500,UNSPSC:24131600,UNSPSC:26111700,UNSPSC:30170000,UNSPSC:30171500,UNSPSC:30171600,UNSPSC:39110000,UNSPSC:39111500,UNSPSC:39111600,UNSPSC:39120000,UNSPSC:40100000,UNSPSC:40101500,UNSPSC:40101600,UNSPSC:40101700,UNSPSC:40101800,UNSPSC:40101826,UNSPSC:43210000,UNSPSC:52140000,UNSPSC:52141500,UNSPSC:52141600,UNSPSC:52161500,UNSPSC:81100000,UNSPSC:81141501,UNSPSC:81141506",OPEN,CHANGE_CLASSIFICATION_CHANGED; MATCH_CLASSIFICATION_PRIMARY,https://canadabuys.canada.ca/en/tender-opportunities,HEALTHY,
alert_c73e785ac283cb4c_industrial-supplier,canadabuys:cb-831-80455317,CLASSIFICATION_CHANGED,MEDIUM,yes,industrial-supplier,75,GOOD,RFSA - Energy Efficiency Regulated Products Testing.,Department of Natural Resources (NRCan),Canada,canadabuys,,"UNSPSC:23153100,UNSPSC:24100000,UNSPSC:24130000,UNSPSC:24131500,UNSPSC:24131600,UNSPSC:26111700,UNSPSC:30170000,UNSPSC:30171500,UNSPSC:30171600,UNSPSC:39110000,UNSPSC:39111500,UNSPSC:39111600,UNSPSC:39120000,UNSPSC:40100000,UNSPSC:40101500,UNSPSC:40101600,UNSPSC:40101700,UNSPSC:40101800,UNSPSC:40101826,UNSPSC:43210000,UNSPSC:52140000,UNSPSC:52141500,UNSPSC:52141600,UNSPSC:52161500,UNSPSC:81100000,UNSPSC:81141501,UNSPSC:81141506",OPEN,CHANGE_CLASSIFICATION_CHANGED; MATCH_CLASSIFICATION_PRIMARY,https://canadabuys.canada.ca/en/tender-opportunities,HEALTHY,
alert_c73e785ac283cb4c_infrastructure,canadabuys:cb-831-80455317,CLASSIFICATION_CHANGED,MEDIUM,yes,infrastructure,75,GOOD,RFSA - Energy Efficiency Regulated Products Testing.,Department of Natural Resources (NRCan),Canada,canadabuys,,"UNSPSC:23153100,UNSPSC:24100000,UNSPSC:24130000,UNSPSC:24131500,UNSPSC:24131600,UNSPSC:26111700,UNSPSC:30170000,UNSPSC:30171500,UNSPSC:30171600,UNSPSC:39110000,UNSPSC:39111500,UNSPSC:39111600,UNSPSC:39120000,UNSPSC:40100000,UNSPSC:40101500,UNSPSC:40101600,UNSPSC:40101700,UNSPSC:40101800,UNSPSC:40101826,UNSPSC:43210000,UNSPSC:52140000,UNSPSC:52141500,UNSPSC:52141600,UNSPSC:52161500,UNSPSC:81100000,UNSPSC:81141501,UNSPSC:81141506",OPEN,CHANGE_CLASSIFICATION_CHANGED; MATCH_CLASSIFICATION_PRIMARY,https://canadabuys.canada.ca/en/tender-opportunities,HEALTHY,
alert_c73e785ac283cb4c_it-software,canadabuys:cb-831-80455317,CLASSIFICATION_CHANGED,MEDIUM,yes,it-software,75,GOOD,RFSA - Energy Efficiency Regulated Products Testing.,Department of Natural Resources (NRCan),Canada,canadabuys,,"UNSPSC:23153100,UNSPSC:24100000,UNSPSC:24130000,UNSPSC:24131500,UNSPSC:24131600,UNSPSC:26111700,UNSPSC:30170000,UNSPSC:30171500,UNSPSC:30171600,UNSPSC:39110000,UNSPSC:39111500,UNSPSC:39111600,UNSPSC:39120000,UNSPSC:40100000,UNSPSC:40101500,UNSPSC:40101600,UNSPSC:40101700,UNSPSC:40101800,UNSPSC:40101826,UNSPSC:43210000,UNSPSC:52140000,UNSPSC:52141500,UNSPSC:52141600,UNSPSC:52161500,UNSPSC:81100000,UNSPSC:81141501,UNSPSC:81141506",OPEN,CHANGE_CLASSIFICATION_CHANGED; MATCH_CLASSIFICATION_PRIMARY,https://canadabuys.canada.ca/en/tender-opportunities,HEALTHY,
alert_c73e785ac283cb4c_manufacturer,canadabuys:cb-831-80455317,CLASSIFICATION_CHANGED,MEDIUM,yes,manufacturer,75,GOOD,RFSA - Energy Efficiency Regulated Products Testing.,Department of Natural Resources (NRCan),Canada,canadabuys,,"UNSPSC:23153100,UNSPSC:24100000,UNSPSC:24130000,UNSPSC:24131500,UNSPSC:24131600,UNSPSC:26111700,UNSPSC:30170000,UNSPSC:30171500,UNSPSC:30171600,UNSPSC:39110000,UNSPSC:39111500,UNSPSC:39111600,UNSPSC:39120000,UNSPSC:40100000,UNSPSC:40101500,UNSPSC:40101600,UNSPSC:40101700,UNSPSC:40101800,UNSPSC:40101826,UNSPSC:43210000,UNSPSC:52140000,UNSPSC:52141500,UNSPSC:52141600,UNSPSC:52161500,UNSPSC:81100000,UNSPSC:81141501,UNSPSC:81141506",OPEN,CHANGE_CLASSIFICATION_CHANGED; MATCH_CLASSIFICATION_PRIMARY,https://canadabuys.canada.ca/en/tender-opportunities,HEALTHY,
alert_c73e785ac283cb4c_telecom,canadabuys:cb-831-80455317,CLASSIFICATION_CHANGED,MEDIUM,yes,telecom,75,GOOD,RFSA - Energy Efficiency Regulated Products Testing.,Department of Natural Resources (NRCan),Canada,canadabuys,,"UNSPSC:23153100,UNSPSC:24100000,UNSPSC:24130000,UNSPSC:24131500,UNSPSC:24131600,UNSPSC:26111700,UNSPSC:30170000,UNSPSC:30171500,UNSPSC:30171600,UNSPSC:39110000,UNSPSC:39111500,UNSPSC:39111600,UNSPSC:39120000,UNSPSC:40100000,UNSPSC:40101500,UNSPSC:40101600,UNSPSC:40101700,UNSPSC:40101800,UNSPSC:40101826,UNSPSC:43210000,UNSPSC:52140000,UNSPSC:52141500,UNSPSC:52141600,UNSPSC:52161500,UNSPSC:81100000,UNSPSC:81141501,UNSPSC:81141506",OPEN,CHANGE_CLASSIFICATION_CHANGED; MATCH_CLASSIFICATION_PRIMARY,https://canadabuys.canada.ca/en/tender-opportunities,HEALTHY,
alert_c7773a944c81c3b9_logistics,canadabuys:cb-988-85502265,CLASSIFICATION_CHANGED,MEDIUM,yes,logistics,75,GOOD,In-Service Support for the Arctic Mobility Amphibious Vehicles,Department of National Defence (DND),Canada,canadabuys,,UNSPSC:78181500,OPEN,CHANGE_CLASSIFICATION_CHANGED; MATCH_CLASSIFICATION_PRIMARY,https://canadabuys.canada.ca/en/tender-opportunities,HEALTHY,
alert_c868914b34425fec_construction,canadabuys:ws5434602427-doc5762262875,CLASSIFICATION_CHANGED,MEDIUM,yes,construction,75,GOOD,23137-260510 B - Northern Forestry Centre Fire-Rated Door Replacement,Department of Public Works and Government Services (PSPC),Canada,canadabuys,,UNSPSC:30171500,OPEN,CHANGE_CLASSIFICATION_CHANGED; MATCH_CLASSIFICATION_PRIMARY,https://canadabuys.canada.ca/en/tender-opportunities,HEALTHY,
alert_c8b84a99e2235ec5_construction,canadabuys:ws5756130126-doc5799907828,CLASSIFICATION_CHANGED,MEDIUM,yes,construction,75,GOOD,W684H-250254 Hydraulic Hoists Maintenance,Department of Public Works and Government Services (PSPC),Canada,canadabuys,,UNSPSC:72101512,OPEN,CHANGE_CLASSIFICATION_CHANGED; MATCH_CLASSIFICATION_PRIMARY,https://portal.us.bn.cloud.ariba.com/dashboard/public/appext/comsapsbncdiscoveryui#/RfxEvent/preview/1110019540?anId=ANONYMOUS,HEALTHY,
alert_c8b84a99e2235ec5_infrastructure,canadabuys:ws5756130126-doc5799907828,CLASSIFICATION_CHANGED,MEDIUM,yes,infrastructure,75,GOOD,W684H-250254 Hydraulic Hoists Maintenance,Department of Public Works and Government Services (PSPC),Canada,canadabuys,,UNSPSC:72101512,OPEN,CHANGE_CLASSIFICATION_CHANGED; MATCH_CLASSIFICATION_PRIMARY,https://portal.us.bn.cloud.ariba.com/dashboard/public/appext/comsapsbncdiscoveryui#/RfxEvent/preview/1110019540?anId=ANONYMOUS,HEALTHY,
alert_c8d1c3e82761bd93_b2b-saas,canadabuys:ws4286933967-doc4822970058,CLASSIFICATION_CHANGED,MEDIUM,yes,b2b-saas,75,GOOD,Invitation to Qualify to Artificial Intelligence Source List,Department of Public Works and Government Services (PSPC),Canada,canadabuys,,UNSPSC:43232605,OPEN,CHANGE_CLASSIFICATION_CHANGED; MATCH_CLASSIFICATION_PRIMARY,https://discovery.ariba.com/rfx/21202797?extsite=MjEyMDI3OTdfQU4wMTQ4NDA1MDk5Mg==,HEALTHY,
alert_c8d1c3e82761bd93_it-software,canadabuys:ws4286933967-doc4822970058,CLASSIFICATION_CHANGED,MEDIUM,yes,it-software,75,GOOD,Invitation to Qualify to Artificial Intelligence Source List,Department of Public Works and Government Services (PSPC),Canada,canadabuys,,UNSPSC:43232605,OPEN,CHANGE_CLASSIFICATION_CHANGED; MATCH_CLASSIFICATION_PRIMARY,https://discovery.ariba.com/rfx/21202797?extsite=MjEyMDI3OTdfQU4wMTQ4NDA1MDk5Mg==,HEALTHY,
alert_c8d1c3e82761bd93_telecom,canadabuys:ws4286933967-doc4822970058,CLASSIFICATION_CHANGED,MEDIUM,yes,telecom,75,GOOD,Invitation to Qualify to Artificial Intelligence Source List,Department of Public Works and Government Services (PSPC),Canada,canadabuys,,UNSPSC:43232605,OPEN,CHANGE_CLASSIFICATION_CHANGED; MATCH_CLASSIFICATION_PRIMARY,https://discovery.ariba.com/rfx/21202797?extsite=MjEyMDI3OTdfQU4wMTQ4NDA1MDk5Mg==,HEALTHY,
alert_cab270ca80ee9db6_construction,canadabuys:ws4128712580-doc4128852077,CLASSIFICATION_CHANGED,MEDIUM,yes,construction,75,GOOD,RFSA General Contractor and Specialty Trades Services,Department of Public Works and Government Services (PSPC),Canada,canadabuys,,"UNSPSC:27141001,UNSPSC:30171500,UNSPSC:30191500,UNSPSC:30191600,UNSPSC:72000000,UNSPSC:72120000,UNSPSC:72153400",OPEN,CHANGE_CLASSIFICATION_CHANGED; MATCH_CLASSIFICATION_PRIMARY,https://portal.us.bn.cloud.ariba.com/dashboard/public/appext/comsapsbncdiscoveryui#/RfxEvent/preview/17063969?anId=ANONYMOUS,HEALTHY,
alert_cab270ca80ee9db6_industrial-supplier,canadabuys:ws4128712580-doc4128852077,CLASSIFICATION_CHANGED,MEDIUM,yes,industrial-supplier,75,GOOD,RFSA General Contractor and Specialty Trades Services,Department of Public Works and Government Services (PSPC),Canada,canadabuys,,"UNSPSC:27141001,UNSPSC:30171500,UNSPSC:30191500,UNSPSC:30191600,UNSPSC:72000000,UNSPSC:72120000,UNSPSC:72153400",OPEN,CHANGE_CLASSIFICATION_CHANGED; MATCH_CLASSIFICATION_PRIMARY,https://portal.us.bn.cloud.ariba.com/dashboard/public/appext/comsapsbncdiscoveryui#/RfxEvent/preview/17063969?anId=ANONYMOUS,HEALTHY,
alert_cab270ca80ee9db6_infrastructure,canadabuys:ws4128712580-doc4128852077,CLASSIFICATION_CHANGED,MEDIUM,yes,infrastructure,75,GOOD,RFSA General Contractor and Specialty Trades Services,Department of Public Works and Government Services (PSPC),Canada,canadabuys,,"UNSPSC:27141001,UNSPSC:30171500,UNSPSC:30191500,UNSPSC:30191600,UNSPSC:72000000,UNSPSC:72120000,UNSPSC:72153400",OPEN,CHANGE_CLASSIFICATION_CHANGED; MATCH_CLASSIFICATION_PRIMARY,https://portal.us.bn.cloud.ariba.com/dashboard/public/appext/comsapsbncdiscoveryui#/RfxEvent/preview/17063969?anId=ANONYMOUS,HEALTHY,
alert_cb2c5620e722bcb3_engineering,canadabuys:cb-848-48753531,CLASSIFICATION_CHANGED,MEDIUM,yes,engineering,75,GOOD,"One (1) Life Cycle Management Specialist, Senior",Department of National Defence (DND),Canada,canadabuys,,UNSPSC:81141600,OPEN,CHANGE_CLASSIFICATION_CHANGED; MATCH_CLASSIFICATION_PRIMARY,https://canadabuys.canada.ca/en/tender-opportunities,HEALTHY,
alert_cb2c5620e722bcb3_infrastructure,canadabuys:cb-848-48753531,CLASSIFICATION_CHANGED,MEDIUM,yes,infrastructure,75,GOOD,"One (1) Life Cycle Management Specialist, Senior",Department of National Defence (DND),Canada,canadabuys,,UNSPSC:81141600,OPEN,CHANGE_CLASSIFICATION_CHANGED; MATCH_CLASSIFICATION_PRIMARY,https://canadabuys.canada.ca/en/tender-opportunities,HEALTHY,
alert_cb54d0f0c461f901_construction,canadabuys:ws5697878273-doc5718825485,CLASSIFICATION_CHANGED,MEDIUM,yes,construction,75,GOOD,EJ196-270060_Elevating Device Inspection_NCR,Department of Public Works and Government Services (PSPC),Canada,canadabuys,,"UNSPSC:72101506,UNSPSC:81141804",OPEN,CHANGE_CLASSIFICATION_CHANGED; MATCH_CLASSIFICATION_PRIMARY,https://portal.us.bn.cloud.ariba.com/dashboard/public/appext/comsapsbncdiscoveryui#/RfxEvent/preview/1110018441?anId=ANONYMOUS,HEALTHY,
alert_cb54d0f0c461f901_engineering,canadabuys:ws5697878273-doc5718825485,CLASSIFICATION_CHANGED,MEDIUM,yes,engineering,75,GOOD,EJ196-270060_Elevating Device Inspection_NCR,Department of Public Works and Government Services (PSPC),Canada,canadabuys,,"UNSPSC:72101506,UNSPSC:81141804",OPEN,CHANGE_CLASSIFICATION_CHANGED; MATCH_CLASSIFICATION_PRIMARY,https://portal.us.bn.cloud.ariba.com/dashboard/public/appext/comsapsbncdiscoveryui#/RfxEvent/preview/1110018441?anId=ANONYMOUS,HEALTHY,
alert_cb54d0f0c461f901_infrastructure,canadabuys:ws5697878273-doc5718825485,CLASSIFICATION_CHANGED,MEDIUM,yes,infrastructure,75,GOOD,EJ196-270060_Elevating Device Inspection_NCR,Department of Public Works and Government Services (PSPC),Canada,canadabuys,,"UNSPSC:72101506,UNSPSC:81141804",OPEN,CHANGE_CLASSIFICATION_CHANGED; MATCH_CLASSIFICATION_PRIMARY,https://portal.us.bn.cloud.ariba.com/dashboard/public/appext/comsapsbncdiscoveryui#/RfxEvent/preview/1110018441?anId=ANONYMOUS,HEALTHY,
alert_cbdd3f191b847996_industrial-supplier,canadabuys:ws3306257273-doc3306309436,CLASSIFICATION_CHANGED,MEDIUM,yes,industrial-supplier,75,GOOD,Common Heavy Equipment Replacement (CHER) project  Bundle 4 (W8476 185840 E),Department of Public Works and Government Services (PSPC),Canada,canadabuys,,UNSPSC:22101500,OPEN,CHANGE_CLASSIFICATION_CHANGED; MATCH_CLASSIFICATION_PRIMARY,http://discovery.ariba.com/rfx/12105750,HEALTHY,
alert_cd0b3c8317aefb38_manufacturer,canadabuys:ws5782226680-doc5782226745,CLASSIFICATION_CHANGED,MEDIUM,yes,manufacturer,75,GOOD,W8472-265978 - DND MARLANT Fuel Barge RFI,Department of Public Works and Government Services (PSPC),Canada,canadabuys,,UNSPSC:25111507,OPEN,CHANGE_CLASSIFICATION_CHANGED; MATCH_CLASSIFICATION_PRIMARY,https://portal.us.bn.cloud.ariba.com/dashboard/public/appext/comsapsbncdiscoveryui#/RfxEvent/preview/1110018179?anId=ANONYMOUS,HEALTHY,
alert_cd35e818fea30827_engineering,canadabuys:cb-678-87128923,CLASSIFICATION_CHANGED,MEDIUM,yes,engineering,75,GOOD,Selective Laser Sintering (SLS) 3D Printing System,National Research Council of Canada (NRC),Canada,canadabuys,,UNSPSC:81140000,OPEN,CHANGE_CLASSIFICATION_CHANGED; MATCH_CLASSIFICATION_PRIMARY,https://canadabuys.canada.ca/en/tender-opportunities,HEALTHY,
alert_cd35e818fea30827_infrastructure,canadabuys:cb-678-87128923,CLASSIFICATION_CHANGED,MEDIUM,yes,infrastructure,75,GOOD,Selective Laser Sintering (SLS) 3D Printing System,National Research Council of Canada (NRC),Canada,canadabuys,,UNSPSC:81140000,OPEN,CHANGE_CLASSIFICATION_CHANGED; MATCH_CLASSIFICATION_PRIMARY,https://canadabuys.canada.ca/en/tender-opportunities,HEALTHY,
alert_cd62fafa996e9a50_engineering,canadabuys:ws5288168519-doc5830848156,CLASSIFICATION_CHANGED,MEDIUM,yes,engineering,75,GOOD,W1941-260007-2_Forklift fleet management system,Department of Public Works and Government Services (PSPC),Canada,canadabuys,,"UNSPSC:24101629,UNSPSC:81162000",OPEN,CHANGE_CLASSIFICATION_CHANGED; MATCH_CLASSIFICATION_PRIMARY,https://portal.us.bn.cloud.ariba.com/dashboard/public/appext/comsapsbncdiscoveryui#/RfxEvent/preview/1110021397?anId=ANONYMOUS,HEALTHY,
alert_cd62fafa996e9a50_industrial-supplier,canadabuys:ws5288168519-doc5830848156,CLASSIFICATION_CHANGED,MEDIUM,yes,industrial-supplier,75,GOOD,W1941-260007-2_Forklift fleet management system,Department of Public Works and Government Services (PSPC),Canada,canadabuys,,"UNSPSC:24101629,UNSPSC:81162000",OPEN,CHANGE_CLASSIFICATION_CHANGED; MATCH_CLASSIFICATION_PRIMARY,https://portal.us.bn.cloud.ariba.com/dashboard/public/appext/comsapsbncdiscoveryui#/RfxEvent/preview/1110021397?anId=ANONYMOUS,HEALTHY,
alert_cd62fafa996e9a50_infrastructure,canadabuys:ws5288168519-doc5830848156,CLASSIFICATION_CHANGED,MEDIUM,yes,infrastructure,75,GOOD,W1941-260007-2_Forklift fleet management system,Department of Public Works and Government Services (PSPC),Canada,canadabuys,,"UNSPSC:24101629,UNSPSC:81162000",OPEN,CHANGE_CLASSIFICATION_CHANGED; MATCH_CLASSIFICATION_PRIMARY,https://portal.us.bn.cloud.ariba.com/dashboard/public/appext/comsapsbncdiscoveryui#/RfxEvent/preview/1110021397?anId=ANONYMOUS,HEALTHY,
alert_cd62fafa996e9a50_manufacturer,canadabuys:ws5288168519-doc5830848156,CLASSIFICATION_CHANGED,MEDIUM,yes,manufacturer,75,GOOD,W1941-260007-2_Forklift fleet management system,Department of Public Works and Government Services (PSPC),Canada,canadabuys,,"UNSPSC:24101629,UNSPSC:81162000",OPEN,CHANGE_CLASSIFICATION_CHANGED; MATCH_CLASSIFICATION_PRIMARY,https://portal.us.bn.cloud.ariba.com/dashboard/public/appext/comsapsbncdiscoveryui#/RfxEvent/preview/1110021397?anId=ANONYMOUS,HEALTHY,
alert_cde6d8cf9412f0b9_professional-services,canadabuys:cb-147-34999681,CLASSIFICATION_CHANGED,MEDIUM,yes,professional-services,75,GOOD,Assessment-Based Learning and Development Services,Export Development Canada (EDC),Canada,canadabuys,,"UNSPSC:80111504,UNSPSC:86111505",OPEN,CHANGE_CLASSIFICATION_CHANGED; MATCH_CLASSIFICATION_PRIMARY,https://canadabuys.canada.ca/en/tender-opportunities,HEALTHY,
alert_ce0f88683924a495_construction,canadabuys:cb-406-52094548,CLASSIFICATION_CHANGED,MEDIUM,yes,construction,75,GOOD,Stage 1 - Emerald Lake Road Rock Scaling and Ditching - Yoho National Park,Parks Canada Agency (PC),Canada,canadabuys,,UNSPSC:72140000,OPEN,CHANGE_CLASSIFICATION_CHANGED; MATCH_CLASSIFICATION_PRIMARY,https://canadabuys.canada.ca/en/tender-opportunities,HEALTHY,
alert_ce0f88683924a495_infrastructure,canadabuys:cb-406-52094548,CLASSIFICATION_CHANGED,MEDIUM,yes,infrastructure,75,GOOD,Stage 1 - Emerald Lake Road Rock Scaling and Ditching - Yoho National Park,Parks Canada Agency (PC),Canada,canadabuys,,UNSPSC:72140000,OPEN,CHANGE_CLASSIFICATION_CHANGED; MATCH_CLASSIFICATION_PRIMARY,https://canadabuys.canada.ca/en/tender-opportunities,HEALTHY,
alert_ceef4a80c28b569f_construction,canadabuys:cb-95-23116024,CLASSIFICATION_CHANGED,MEDIUM,yes,construction,75,GOOD,Roof Replacements – BC18 and BC24 – Beaver Creek Institution - Minimum,Correctional Service of Canada (CSC),Canada,canadabuys,,"UNSPSC:72101600,UNSPSC:72101601,UNSPSC:72152600",OPEN,CHANGE_CLASSIFICATION_CHANGED; MATCH_CLASSIFICATION_PRIMARY,https://canadabuys.canada.ca/en/tender-opportunities,HEALTHY,
alert_ceef4a80c28b569f_infrastructure,canadabuys:cb-95-23116024,CLASSIFICATION_CHANGED,MEDIUM,yes,infrastructure,75,GOOD,Roof Replacements – BC18 and BC24 – Beaver Creek Institution - Minimum,Correctional Service of Canada (CSC),Canada,canadabuys,,"UNSPSC:72101600,UNSPSC:72101601,UNSPSC:72152600",OPEN,CHANGE_CLASSIFICATION_CHANGED; MATCH_CLASSIFICATION_PRIMARY,https://canadabuys.canada.ca/en/tender-opportunities,HEALTHY,
alert_cf0cfe00fb97d0d6_manufacturer,canadabuys:ws5491670965-doc5790569153,CLASSIFICATION_CHANGED,MEDIUM,yes,manufacturer,75,GOOD,E60MC240001-A1 – RFSA Refresh for Small Vessels – General Industry,Department of Public Works and Government Services (PSPC),Canada,canadabuys,,"UNSPSC:25111500,UNSPSC:25111507,UNSPSC:25111511,UNSPSC:25111512,UNSPSC:25111530,UNSPSC:25111531,UNSPSC:25111534,UNSPSC:25111600,UNSPSC:25111601,UNSPSC:25111700,UNSPSC:25111714,UNSPSC:25111722,UNSPSC:25111723,UNSPSC:25111805",OPEN,CHANGE_CLASSIFICATION_CHANGED; MATCH_CLASSIFICATION_PRIMARY,https://portal.us.bn.cloud.ariba.com/dashboard/public/appext/comsapsbncdiscoveryui#/RfxEvent/preview/1110018584?anId=ANONYMOUS,HEALTHY,
alert_cf473f1da82afbc1_professional-services,canadabuys:cb-898-26415771,CLASSIFICATION_CHANGED,MEDIUM,yes,professional-services,75,GOOD,"RFSA - Exhibits: Project management, content development, design, writing, fabrication and installation services - turnkey and à la carte",Parks Canada,Canada,canadabuys,,"UNSPSC:80141900,UNSPSC:80172002",OPEN,CHANGE_CLASSIFICATION_CHANGED; MATCH_CLASSIFICATION_PRIMARY,https://canadabuys.canada.ca/en/tender-opportunities,HEALTHY,
alert_d0425577ce19143e_construction,canadabuys:ws4737881591-doc4800315803,CLASSIFICATION_CHANGED,MEDIUM,yes,construction,75,GOOD,W684H-240211 - Grass Cutting Supply Arrangement - CFB Halifax,Department of Public Works and Government Services (PSPC),Canada,canadabuys,,UNSPSC:72102902,OPEN,CHANGE_CLASSIFICATION_CHANGED; MATCH_CLASSIFICATION_PRIMARY,https://discovery.ariba.com/rfx/21074276?extsite=MjEwNzQyNzZfQU4wMTQ4NDA1MDk5Mg==,HEALTHY,
alert_d0425577ce19143e_infrastructure,canadabuys:ws4737881591-doc4800315803,CLASSIFICATION_CHANGED,MEDIUM,yes,infrastructure,75,GOOD,W684H-240211 - Grass Cutting Supply Arrangement - CFB Halifax,Department of Public Works and Government Services (PSPC),Canada,canadabuys,,UNSPSC:72102902,OPEN,CHANGE_CLASSIFICATION_CHANGED; MATCH_CLASSIFICATION_PRIMARY,https://discovery.ariba.com/rfx/21074276?extsite=MjEwNzQyNzZfQU4wMTQ4NDA1MDk5Mg==,HEALTHY,
alert_d0d6f43ac19bba57_engineering,canadabuys:cb-606-54233706,CLASSIFICATION_CHANGED,MEDIUM,yes,engineering,75,GOOD,ACAN _ Professional Services for ServiceNow,Office of the Auditor General (OAG),Canada,canadabuys,,"UNSPSC:80101507,UNSPSC:81160000",OPEN,CHANGE_CLASSIFICATION_CHANGED; MATCH_CLASSIFICATION_PRIMARY,https://canadabuys.canada.ca/en/tender-opportunities,HEALTHY,
alert_d0d6f43ac19bba57_infrastructure,canadabuys:cb-606-54233706,CLASSIFICATION_CHANGED,MEDIUM,yes,infrastructure,75,GOOD,ACAN _ Professional Services for ServiceNow,Office of the Auditor General (OAG),Canada,canadabuys,,"UNSPSC:80101507,UNSPSC:81160000",OPEN,CHANGE_CLASSIFICATION_CHANGED; MATCH_CLASSIFICATION_PRIMARY,https://canadabuys.canada.ca/en/tender-opportunities,HEALTHY,
alert_d0d6f43ac19bba57_professional-services,canadabuys:cb-606-54233706,CLASSIFICATION_CHANGED,MEDIUM,yes,professional-services,75,GOOD,ACAN _ Professional Services for ServiceNow,Office of the Auditor General (OAG),Canada,canadabuys,,"UNSPSC:80101507,UNSPSC:81160000",OPEN,CHANGE_CLASSIFICATION_CHANGED; MATCH_CLASSIFICATION_PRIMARY,https://canadabuys.canada.ca/en/tender-opportunities,HEALTHY,
alert_d1b7dc0f72a280a2_construction,canadabuys:cb-64-77064969,CLASSIFICATION_CHANGED,MEDIUM,yes,construction,75,GOOD,Ulukhaktok Airport Maintenance Garage Renovation,Government of the Northwest Territories (GNWT),Canada,canadabuys,,"UNSPSC:72102801,UNSPSC:72120000,UNSPSC:72130000",OPEN,CHANGE_CLASSIFICATION_CHANGED; MATCH_CLASSIFICATION_PRIMARY,https://canadabuys.canada.ca/en/tender-opportunities,HEALTHY,
alert_d1b7dc0f72a280a2_infrastructure,canadabuys:cb-64-77064969,CLASSIFICATION_CHANGED,MEDIUM,yes,infrastructure,75,GOOD,Ulukhaktok Airport Maintenance Garage Renovation,Government of the Northwest Territories (GNWT),Canada,canadabuys,,"UNSPSC:72102801,UNSPSC:72120000,UNSPSC:72130000",OPEN,CHANGE_CLASSIFICATION_CHANGED; MATCH_CLASSIFICATION_PRIMARY,https://canadabuys.canada.ca/en/tender-opportunities,HEALTHY,
alert_d1cbf19a2fe28a57_b2b-saas,canadabuys:cb-687-51224867,CLASSIFICATION_CHANGED,MEDIUM,yes,b2b-saas,75,GOOD,"Multiple Victoria-Class Spares: Inserter and Remover, Fuse, Display Unit, Terminal",Department of National Defence (DND),Canada,canadabuys,,"UNSPSC:27110000,UNSPSC:39121600,UNSPSC:43200000",OPEN,CHANGE_CLASSIFICATION_CHANGED; MATCH_CLASSIFICATION_PRIMARY,https://canadabuys.canada.ca/en/tender-opportunities,HEALTHY,
alert_d1cbf19a2fe28a57_industrial-supplier,canadabuys:cb-687-51224867,CLASSIFICATION_CHANGED,MEDIUM,yes,industrial-supplier,75,GOOD,"Multiple Victoria-Class Spares: Inserter and Remover, Fuse, Display Unit, Terminal",Department of National Defence (DND),Canada,canadabuys,,"UNSPSC:27110000,UNSPSC:39121600,UNSPSC:43200000",OPEN,CHANGE_CLASSIFICATION_CHANGED; MATCH_CLASSIFICATION_PRIMARY,https://canadabuys.canada.ca/en/tender-opportunities,HEALTHY,
alert_d1cbf19a2fe28a57_it-software,canadabuys:cb-687-51224867,CLASSIFICATION_CHANGED,MEDIUM,yes,it-software,75,GOOD,"Multiple Victoria-Class Spares: Inserter and Remover, Fuse, Display Unit, Terminal",Department of National Defence (DND),Canada,canadabuys,,"UNSPSC:27110000,UNSPSC:39121600,UNSPSC:43200000",OPEN,CHANGE_CLASSIFICATION_CHANGED; MATCH_CLASSIFICATION_PRIMARY,https://canadabuys.canada.ca/en/tender-opportunities,HEALTHY,
alert_d1cbf19a2fe28a57_telecom,canadabuys:cb-687-51224867,CLASSIFICATION_CHANGED,MEDIUM,yes,telecom,75,GOOD,"Multiple Victoria-Class Spares: Inserter and Remover, Fuse, Display Unit, Terminal",Department of National Defence (DND),Canada,canadabuys,,"UNSPSC:27110000,UNSPSC:39121600,UNSPSC:43200000",OPEN,CHANGE_CLASSIFICATION_CHANGED; MATCH_CLASSIFICATION_PRIMARY,https://canadabuys.canada.ca/en/tender-opportunities,HEALTHY,
alert_d20bbff1d186da11_professional-services,canadabuys:cb-934-39943528,CLASSIFICATION_CHANGED,MEDIUM,yes,professional-services,75,GOOD,TBIPS - Implementation and Deployment of Cloud Analytics Solutions,Department of National Defence (DND),Canada,canadabuys,,UNSPSC:80101507,OPEN,CHANGE_CLASSIFICATION_CHANGED; MATCH_CLASSIFICATION_PRIMARY,https://canadabuys.canada.ca/en/tender-opportunities,HEALTHY,
alert_d32262562586d72e_engineering,canadabuys:cb-205-42847188,CLASSIFICATION_CHANGED,MEDIUM,yes,engineering,75,GOOD,NWT Net-Zero Ready Building Regulations,Government of the Northwest Territories (GNWT),Canada,canadabuys,,"UNSPSC:81101500,UNSPSC:81101508",OPEN,CHANGE_CLASSIFICATION_CHANGED; MATCH_CLASSIFICATION_PRIMARY,https://canadabuys.canada.ca/en/tender-opportunities,HEALTHY,
alert_d32262562586d72e_infrastructure,canadabuys:cb-205-42847188,CLASSIFICATION_CHANGED,MEDIUM,yes,infrastructure,75,GOOD,NWT Net-Zero Ready Building Regulations,Government of the Northwest Territories (GNWT),Canada,canadabuys,,"UNSPSC:81101500,UNSPSC:81101508",OPEN,CHANGE_CLASSIFICATION_CHANGED; MATCH_CLASSIFICATION_PRIMARY,https://canadabuys.canada.ca/en/tender-opportunities,HEALTHY,
alert_d3266a2d7923d5ff_professional-services,canadabuys:ws5559023426-doc5822795940,CLASSIFICATION_CHANGED,MEDIUM,yes,professional-services,75,GOOD,RFP - W6369-25X034 DND Stocktaking and Inventory Services,Department of Public Works and Government Services (PSPC),Canada,canadabuys,,"UNSPSC:80161602,UNSPSC:84111507",OPEN,CHANGE_CLASSIFICATION_CHANGED; MATCH_CLASSIFICATION_PRIMARY,https://portal.us.bn.cloud.ariba.com/dashboard/public/appext/comsapsbncdiscoveryui#/RfxEvent/preview/1110020868?anId=ANONYMOUS,HEALTHY,
alert_d344335bb5cfd053_manufacturer,canadabuys:ws5754081785-doc5779007197,CLASSIFICATION_CHANGED,MEDIUM,yes,manufacturer,75,GOOD,RFP - 5P304-250372 Medium Duty Cab and Frame Truck,Department of Public Works and Government Services (PSPC),Canada,canadabuys,,"UNSPSC:25101602,UNSPSC:25101609,UNSPSC:25101611,UNSPSC:25101917,UNSPSC:25181600",OPEN,CHANGE_CLASSIFICATION_CHANGED; MATCH_CLASSIFICATION_PRIMARY,https://canadabuys.canada.ca/en/tender-opportunities,HEALTHY,
alert_d47433c01a1e81cf_construction,canadabuys:cb-545-3238573,CLASSIFICATION_CHANGED,MEDIUM,yes,construction,75,GOOD,Snow Removal and De-icing Services,Department of Natural Resources (NRCan),Canada,canadabuys,,"UNSPSC:72100000,UNSPSC:72102903",OPEN,CHANGE_CLASSIFICATION_CHANGED; MATCH_CLASSIFICATION_PRIMARY,https://canadabuys.canada.ca/en/tender-opportunities,HEALTHY,
alert_d47433c01a1e81cf_infrastructure,canadabuys:cb-545-3238573,CLASSIFICATION_CHANGED,MEDIUM,yes,infrastructure,75,GOOD,Snow Removal and De-icing Services,Department of Natural Resources (NRCan),Canada,canadabuys,,"UNSPSC:72100000,UNSPSC:72102903",OPEN,CHANGE_CLASSIFICATION_CHANGED; MATCH_CLASSIFICATION_PRIMARY,https://canadabuys.canada.ca/en/tender-opportunities,HEALTHY,
alert_d54321b28b57d119_engineering,canadabuys:ws5574500825-doc5574590318,CLASSIFICATION_CHANGED,MEDIUM,yes,engineering,75,GOOD,Supply Arrangement (T3PEA),Department of Public Works and Government Services (PSPC),Canada,canadabuys,,UNSPSC:81101606,OPEN,CHANGE_CLASSIFICATION_CHANGED; MATCH_CLASSIFICATION_PRIMARY,https://portal.us.bn.cloud.ariba.com/dashboard/public/appext/comsapsbncdiscoveryui#/RfxEvent/preview/1110006074?anId=ANONYMOUS,HEALTHY,
alert_d54321b28b57d119_infrastructure,canadabuys:ws5574500825-doc5574590318,CLASSIFICATION_CHANGED,MEDIUM,yes,infrastructure,75,GOOD,Supply Arrangement (T3PEA),Department of Public Works and Government Services (PSPC),Canada,canadabuys,,UNSPSC:81101606,OPEN,CHANGE_CLASSIFICATION_CHANGED; MATCH_CLASSIFICATION_PRIMARY,https://portal.us.bn.cloud.ariba.com/dashboard/public/appext/comsapsbncdiscoveryui#/RfxEvent/preview/1110006074?anId=ANONYMOUS,HEALTHY,
alert_d5ddbdb3d2be5dca_manufacturer,canadabuys:cb-661-45844552,CLASSIFICATION_CHANGED,MEDIUM,yes,manufacturer,75,GOOD,LATCH ASSEMBLY,Department of National Defence (DND),Canada,canadabuys,,UNSPSC:31160000,OPEN,CHANGE_CLASSIFICATION_CHANGED; MATCH_CLASSIFICATION_PRIMARY,https://canadabuys.canada.ca/en/tender-opportunities,HEALTHY,
alert_d6bef5c04046df1e_construction,canadabuys:cb-882-44491608,CLASSIFICATION_CHANGED,MEDIUM,yes,construction,75,GOOD,20mm and 50mm Crushed Aggregate at Km 235 Pit,Government of the Northwest Territories (GNWT),Canada,canadabuys,,UNSPSC:30111801,OPEN,CHANGE_CLASSIFICATION_CHANGED; MATCH_CLASSIFICATION_PRIMARY,https://canadabuys.canada.ca/en/tender-opportunities,HEALTHY,
alert_d74005c904668e2c_energy,canadabuys:cb-522-7344922,CLASSIFICATION_CHANGED,MEDIUM,yes,energy,75,GOOD,Universal Joint Spares for Halifax Class Deck and Hull Equipment,Department of National Defence (DND),Canada,canadabuys,,"UNSPSC:25173800,UNSPSC:26111510",OPEN,CHANGE_CLASSIFICATION_CHANGED; MATCH_CLASSIFICATION_PRIMARY,https://canadabuys.canada.ca/en/tender-opportunities,HEALTHY,
alert_d74005c904668e2c_industrial-supplier,canadabuys:cb-522-7344922,CLASSIFICATION_CHANGED,MEDIUM,yes,industrial-supplier,75,GOOD,Universal Joint Spares for Halifax Class Deck and Hull Equipment,Department of National Defence (DND),Canada,canadabuys,,"UNSPSC:25173800,UNSPSC:26111510",OPEN,CHANGE_CLASSIFICATION_CHANGED; MATCH_CLASSIFICATION_PRIMARY,https://canadabuys.canada.ca/en/tender-opportunities,HEALTHY,
alert_d74005c904668e2c_manufacturer,canadabuys:cb-522-7344922,CLASSIFICATION_CHANGED,MEDIUM,yes,manufacturer,75,GOOD,Universal Joint Spares for Halifax Class Deck and Hull Equipment,Department of National Defence (DND),Canada,canadabuys,,"UNSPSC:25173800,UNSPSC:26111510",OPEN,CHANGE_CLASSIFICATION_CHANGED; MATCH_CLASSIFICATION_PRIMARY,https://canadabuys.canada.ca/en/tender-opportunities,HEALTHY,
alert_d8568ebfba300b6d_logistics,canadabuys:cb-1-54052272,CLASSIFICATION_CHANGED,MEDIUM,yes,logistics,75,GOOD,National Moving Services - Request for Supply Arrangement (RFSA) - Wave B,Employment and Social Development Canada,Canada,canadabuys,,"UNSPSC:78101800,UNSPSC:78101801,UNSPSC:78101802",OPEN,CHANGE_CLASSIFICATION_CHANGED; MATCH_CLASSIFICATION_PRIMARY,https://canadabuys.canada.ca/en/tender-opportunities,HEALTHY,
alert_d88c572351bf048f_engineering,canadabuys:cb-667-27874195,CLASSIFICATION_CHANGED,MEDIUM,yes,engineering,75,GOOD,Board of Management Secure Online Portal,Canada Revenue Agency (CRA),Canada,canadabuys,,UNSPSC:81111901,OPEN,CHANGE_CLASSIFICATION_CHANGED; MATCH_CLASSIFICATION_PRIMARY,https://canadabuys.canada.ca/en/tender-opportunities,HEALTHY,
alert_d88c572351bf048f_infrastructure,canadabuys:cb-667-27874195,CLASSIFICATION_CHANGED,MEDIUM,yes,infrastructure,75,GOOD,Board of Management Secure Online Portal,Canada Revenue Agency (CRA),Canada,canadabuys,,UNSPSC:81111901,OPEN,CHANGE_CLASSIFICATION_CHANGED; MATCH_CLASSIFICATION_PRIMARY,https://canadabuys.canada.ca/en/tender-opportunities,HEALTHY,
alert_d88c6dea357b2418_manufacturer,canadabuys:cb-952-40140951,CLASSIFICATION_CHANGED,MEDIUM,yes,manufacturer,75,GOOD,Straight Truck with Sleeper Cab and Van Body,Department of National Defence (DND),Canada,canadabuys,,UNSPSC:25101604,OPEN,CHANGE_CLASSIFICATION_CHANGED; MATCH_CLASSIFICATION_PRIMARY,https://canadabuys.canada.ca/en/tender-opportunities,HEALTHY,
alert_d8d1664ed07c9a75_engineering,canadabuys:ws5823807633-doc5823975973,CLASSIFICATION_CHANGED,MEDIUM,yes,engineering,75,GOOD,"F3750-260002 - Marine Technical Assessment Gaspé Bay, off the coast of the Cap-aux-Os beach.",Department of Public Works and Government Services (PSPC),Canada,canadabuys,,"UNSPSC:81101506,UNSPSC:81101606",OPEN,CHANGE_CLASSIFICATION_CHANGED; MATCH_CLASSIFICATION_PRIMARY,https://portal.us.bn.cloud.ariba.com/dashboard/public/appext/comsapsbncdiscoveryui#/RfxEvent/preview/1110020974?anId=ANONYMOUS,HEALTHY,
alert_d8d1664ed07c9a75_infrastructure,canadabuys:ws5823807633-doc5823975973,CLASSIFICATION_CHANGED,MEDIUM,yes,infrastructure,75,GOOD,"F3750-260002 - Marine Technical Assessment Gaspé Bay, off the coast of the Cap-aux-Os beach.",Department of Public Works and Government Services (PSPC),Canada,canadabuys,,"UNSPSC:81101506,UNSPSC:81101606",OPEN,CHANGE_CLASSIFICATION_CHANGED; MATCH_CLASSIFICATION_PRIMARY,https://portal.us.bn.cloud.ariba.com/dashboard/public/appext/comsapsbncdiscoveryui#/RfxEvent/preview/1110020974?anId=ANONYMOUS,HEALTHY,
alert_d971dee51e5862e4_energy,canadabuys:cb-983-14670969,CLASSIFICATION_CHANGED,MEDIUM,yes,energy,75,GOOD,"Procurement of CABLE ASSEMBLY, POWER, ELECTRICAL",Department of National Defence (DND),Canada,canadabuys,,"UNSPSC:26120000,UNSPSC:26121600,UNSPSC:26121800",OPEN,CHANGE_CLASSIFICATION_CHANGED; MATCH_CLASSIFICATION_PRIMARY,https://canadabuys.canada.ca/en/tender-opportunities,HEALTHY,
alert_d971dee51e5862e4_industrial-supplier,canadabuys:cb-983-14670969,CLASSIFICATION_CHANGED,MEDIUM,yes,industrial-supplier,75,GOOD,"Procurement of CABLE ASSEMBLY, POWER, ELECTRICAL",Department of National Defence (DND),Canada,canadabuys,,"UNSPSC:26120000,UNSPSC:26121600,UNSPSC:26121800",OPEN,CHANGE_CLASSIFICATION_CHANGED; MATCH_CLASSIFICATION_PRIMARY,https://canadabuys.canada.ca/en/tender-opportunities,HEALTHY,
alert_d971dee51e5862e4_manufacturer,canadabuys:cb-983-14670969,CLASSIFICATION_CHANGED,MEDIUM,yes,manufacturer,75,GOOD,"Procurement of CABLE ASSEMBLY, POWER, ELECTRICAL",Department of National Defence (DND),Canada,canadabuys,,"UNSPSC:26120000,UNSPSC:26121600,UNSPSC:26121800",OPEN,CHANGE_CLASSIFICATION_CHANGED; MATCH_CLASSIFICATION_PRIMARY,https://canadabuys.canada.ca/en/tender-opportunities,HEALTHY,
alert_d9d673d5a9bdad2d_professional-services,canadabuys:ws4621869058-doc5751763745,CLASSIFICATION_CHANGED,MEDIUM,yes,professional-services,75,GOOD,W2282-23AA45 - Management services and operation of the RMC Saint-Jean site facilities - RFP,Department of Public Works and Government Services (PSPC),Canada,canadabuys,,"UNSPSC:80130000,UNSPSC:86120000",OPEN,CHANGE_CLASSIFICATION_CHANGED; MATCH_CLASSIFICATION_PRIMARY,https://canadabuys.canada.ca/en/tender-opportunities,HEALTHY,
alert_d9f221a347662d70_professional-services,canadabuys:ws5755455788-doc5755477337,CLASSIFICATION_CHANGED,MEDIUM,yes,professional-services,75,GOOD,RCN Promo Items 2026-27,Department of Public Works and Government Services (PSPC),Canada,canadabuys,,UNSPSC:82121505,OPEN,CHANGE_CLASSIFICATION_CHANGED; MATCH_CLASSIFICATION_PRIMARY,https://canadabuys.canada.ca/en/tender-opportunities,HEALTHY,
alert_da024f403ea6c645_industrial-supplier,canadabuys:cb-360-53923046,CLASSIFICATION_CHANGED,MEDIUM,yes,industrial-supplier,75,GOOD,Electoral Material - Coloured Plastic Bags,Elections Canada (Elections),Canada,canadabuys,,UNSPSC:24111503,OPEN,CHANGE_CLASSIFICATION_CHANGED; MATCH_CLASSIFICATION_PRIMARY,https://canadabuys.canada.ca/en/tender-opportunities,HEALTHY,
alert_da024f403ea6c645_manufacturer,canadabuys:cb-360-53923046,CLASSIFICATION_CHANGED,MEDIUM,yes,manufacturer,75,GOOD,Electoral Material - Coloured Plastic Bags,Elections Canada (Elections),Canada,canadabuys,,UNSPSC:24111503,OPEN,CHANGE_CLASSIFICATION_CHANGED; MATCH_CLASSIFICATION_PRIMARY,https://canadabuys.canada.ca/en/tender-opportunities,HEALTHY,
alert_da449c7591767b4a_construction,canadabuys:cb-899-75634138,CLASSIFICATION_CHANGED,MEDIUM,yes,construction,75,GOOD,"Heavy Duty Mechanic Services, AAFC, Lacombe Research and Development Centre",Department of Agriculture and Agri-Food (AAFC),Canada,canadabuys,,UNSPSC:72154501,OPEN,CHANGE_CLASSIFICATION_CHANGED; MATCH_CLASSIFICATION_PRIMARY,https://canadabuys.canada.ca/en/tender-opportunities,HEALTHY,
alert_da449c7591767b4a_infrastructure,canadabuys:cb-899-75634138,CLASSIFICATION_CHANGED,MEDIUM,yes,infrastructure,75,GOOD,"Heavy Duty Mechanic Services, AAFC, Lacombe Research and Development Centre",Department of Agriculture and Agri-Food (AAFC),Canada,canadabuys,,UNSPSC:72154501,OPEN,CHANGE_CLASSIFICATION_CHANGED; MATCH_CLASSIFICATION_PRIMARY,https://canadabuys.canada.ca/en/tender-opportunities,HEALTHY,
alert_da8a06aa1001baf9_construction,canadabuys:ws5810721272-doc5810910947,CLASSIFICATION_CHANGED,MEDIUM,yes,construction,75,GOOD,EC015-270056 - (Indigenous Set-Aside ) Snow Removal and Winter maintenance - JC Van Horne Bridge,Department of Public Works and Government Services (PSPC),Canada,canadabuys,,UNSPSC:72102903,OPEN,CHANGE_CLASSIFICATION_CHANGED; MATCH_CLASSIFICATION_PRIMARY,https://portal.us.bn.cloud.ariba.com/dashboard/public/appext/comsapsbncdiscoveryui#/RfxEvent/preview/1110020155?anId=ANONYMOUS,HEALTHY,
alert_da8a06aa1001baf9_infrastructure,canadabuys:ws5810721272-doc5810910947,CLASSIFICATION_CHANGED,MEDIUM,yes,infrastructure,75,GOOD,EC015-270056 - (Indigenous Set-Aside ) Snow Removal and Winter maintenance - JC Van Horne Bridge,Department of Public Works and Government Services (PSPC),Canada,canadabuys,,UNSPSC:72102903,OPEN,CHANGE_CLASSIFICATION_CHANGED; MATCH_CLASSIFICATION_PRIMARY,https://portal.us.bn.cloud.ariba.com/dashboard/public/appext/comsapsbncdiscoveryui#/RfxEvent/preview/1110020155?anId=ANONYMOUS,HEALTHY,
alert_da94a3f81e502faf_manufacturer,canadabuys:ws4417344327-doc4476792983,CLASSIFICATION_CHANGED,MEDIUM,yes,manufacturer,75,GOOD,E60HP-24CARG-A - Light Duty Cargo Trailers,Department of Public Works and Government Services (PSPC),Canada,canadabuys,,UNSPSC:25181700,OPEN,CHANGE_CLASSIFICATION_CHANGED; MATCH_CLASSIFICATION_PRIMARY,https://discovery.ariba.com/rfx/19364800?extsite=MTkzNjQ4MDBfQU4wMTQ4NDA1MDk5Mg==,HEALTHY,
alert_dabfce16ed7ffe6a_manufacturer,canadabuys:ws5642957262-doc5767055940,CLASSIFICATION_CHANGED,MEDIUM,yes,manufacturer,75,GOOD,Light Forces Enhancement,Department of Public Works and Government Services (PSPC),Canada,canadabuys,,UNSPSC:25100000,OPEN,CHANGE_CLASSIFICATION_CHANGED; MATCH_CLASSIFICATION_PRIMARY,https://portal.us.bn.cloud.ariba.com/dashboard/public/appext/comsapsbncdiscoveryui#/RfxEvent/preview/1110017091?anId=ANONYMOUS,HEALTHY,
alert_db2e53b8450f74a4_construction,canadabuys:cb-500-59707510,CLASSIFICATION_CHANGED,MEDIUM,yes,construction,75,GOOD,HVAC Removal and Replacement – 2 x Furnaces and 2 x Air Conditioning Units,Correctional Service of Canada (CSC),Canada,canadabuys,,"UNSPSC:72151200,UNSPSC:72151201,UNSPSC:72151207",OPEN,CHANGE_CLASSIFICATION_CHANGED; MATCH_CLASSIFICATION_PRIMARY,https://canadabuys.canada.ca/en/tender-opportunities,HEALTHY,
alert_db2e53b8450f74a4_infrastructure,canadabuys:cb-500-59707510,CLASSIFICATION_CHANGED,MEDIUM,yes,infrastructure,75,GOOD,HVAC Removal and Replacement – 2 x Furnaces and 2 x Air Conditioning Units,Correctional Service of Canada (CSC),Canada,canadabuys,,"UNSPSC:72151200,UNSPSC:72151201,UNSPSC:72151207",OPEN,CHANGE_CLASSIFICATION_CHANGED; MATCH_CLASSIFICATION_PRIMARY,https://canadabuys.canada.ca/en/tender-opportunities,HEALTHY,
alert_db56ce0a4d732df3_manufacturer,canadabuys:ws3306123221-doc3306308696,CLASSIFICATION_CHANGED,MEDIUM,yes,manufacturer,75,GOOD,Common Heavy Equipment Replacement (CHER) project  Bundle 5 (W8476 185840 F),Department of Public Works and Government Services (PSPC),Canada,canadabuys,,UNSPSC:25180000,OPEN,CHANGE_CLASSIFICATION_CHANGED; MATCH_CLASSIFICATION_PRIMARY,http://discovery.ariba.com/rfx/12105802,HEALTHY,
alert_dbd7e9f0f2c378ac_manufacturer,canadabuys:cb-559-81525374,CLASSIFICATION_CHANGED,MEDIUM,yes,manufacturer,75,GOOD,"60 HP Tractor with Cab and Equipment’s, Unité de gestion de la Mauricie et de l'Ouest du Québec",Parks Canada Agency (PC),Canada,canadabuys,,UNSPSC:25101901,OPEN,CHANGE_CLASSIFICATION_CHANGED; MATCH_CLASSIFICATION_PRIMARY,https://canadabuys.canada.ca/en/tender-opportunities,HEALTHY,
alert_dc5b83848ed72311_construction,canadabuys:cb-876-50781814,CLASSIFICATION_CHANGED,MEDIUM,yes,construction,75,GOOD,Consolidation of the Côte Dinan rock face – Quebec Field Unit,Parks Canada Agency (PC),Canada,canadabuys,,"UNSPSC:72152900,UNSPSC:72153700,UNSPSC:81101505",OPEN,CHANGE_CLASSIFICATION_CHANGED; MATCH_CLASSIFICATION_PRIMARY,https://canadabuys.canada.ca/en/tender-opportunities,HEALTHY,
alert_dc5b83848ed72311_engineering,canadabuys:cb-876-50781814,CLASSIFICATION_CHANGED,MEDIUM,yes,engineering,75,GOOD,Consolidation of the Côte Dinan rock face – Quebec Field Unit,Parks Canada Agency (PC),Canada,canadabuys,,"UNSPSC:72152900,UNSPSC:72153700,UNSPSC:81101505",OPEN,CHANGE_CLASSIFICATION_CHANGED; MATCH_CLASSIFICATION_PRIMARY,https://canadabuys.canada.ca/en/tender-opportunities,HEALTHY,
alert_dc5b83848ed72311_infrastructure,canadabuys:cb-876-50781814,CLASSIFICATION_CHANGED,MEDIUM,yes,infrastructure,75,GOOD,Consolidation of the Côte Dinan rock face – Quebec Field Unit,Parks Canada Agency (PC),Canada,canadabuys,,"UNSPSC:72152900,UNSPSC:72153700,UNSPSC:81101505",OPEN,CHANGE_CLASSIFICATION_CHANGED; MATCH_CLASSIFICATION_PRIMARY,https://canadabuys.canada.ca/en/tender-opportunities,HEALTHY,
alert_dcbc479027c6a9ee_engineering,canadabuys:ws5031671105-doc5032075488,CLASSIFICATION_CHANGED,MEDIUM,yes,engineering,75,GOOD,EVC01-202002D - RFSA for Marine Technical Services,Department of Public Works and Government Services (PSPC),Canada,canadabuys,,"UNSPSC:81101506,UNSPSC:81101606",OPEN,CHANGE_CLASSIFICATION_CHANGED; MATCH_CLASSIFICATION_PRIMARY,https://discovery.ariba.com/rfx/22484536?extsite=MjI0ODQ1MzZfQU4wMTQ4NDA1MDk5Mg==,HEALTHY,
alert_dcbc479027c6a9ee_infrastructure,canadabuys:ws5031671105-doc5032075488,CLASSIFICATION_CHANGED,MEDIUM,yes,infrastructure,75,GOOD,EVC01-202002D - RFSA for Marine Technical Services,Department of Public Works and Government Services (PSPC),Canada,canadabuys,,"UNSPSC:81101506,UNSPSC:81101606",OPEN,CHANGE_CLASSIFICATION_CHANGED; MATCH_CLASSIFICATION_PRIMARY,https://discovery.ariba.com/rfx/22484536?extsite=MjI0ODQ1MzZfQU4wMTQ4NDA1MDk5Mg==,HEALTHY,
alert_dd3c96ca0bef0c79_professional-services,canadabuys:cb-795-83117681,CLASSIFICATION_CHANGED,MEDIUM,yes,professional-services,75,GOOD,INVITATION TO SUBMIT AN EXPRESSION OF INTEREST (EOI) - Office Space,Department of Public Works and Government Services (PSPC),Canada,canadabuys,,UNSPSC:80131500,OPEN,CHANGE_CLASSIFICATION_CHANGED; MATCH_CLASSIFICATION_PRIMARY,https://canadabuys.canada.ca/en/tender-opportunities,HEALTHY,
alert_dd5ea1d5b05fba97_professional-services,canadabuys:cb-280-86964022,CLASSIFICATION_CHANGED,MEDIUM,yes,professional-services,75,GOOD,Printing & Reprography Services for the Department of Justice Canada (JUS) Ontario Regional Office (ORO),Department of Justice (JUS),Canada,canadabuys,,UNSPSC:82121500,OPEN,CHANGE_CLASSIFICATION_CHANGED; MATCH_CLASSIFICATION_PRIMARY,https://canadabuys.canada.ca/en/tender-opportunities,HEALTHY,
alert_dda3967838d9a227_logistics,canadabuys:cb-362-72986337,CLASSIFICATION_CHANGED,MEDIUM,yes,logistics,75,GOOD,"Medium Arctic Mobility Vehicle, (MAMV Equipment Kit, Vehicle)",Department of National Defence (DND),Canada,canadabuys,,UNSPSC:78181507,OPEN,CHANGE_CLASSIFICATION_CHANGED; MATCH_CLASSIFICATION_PRIMARY,https://canadabuys.canada.ca/en/tender-opportunities,HEALTHY,
alert_ddc6e6db28cf3efb_manufacturer,canadabuys:cb-285-95549838,CLASSIFICATION_CHANGED,MEDIUM,yes,manufacturer,75,GOOD,Refuellers and Aerial Devices Vehicles Spare Parts,Department of National Defence (DND),Canada,canadabuys,,UNSPSC:25191700,OPEN,CHANGE_CLASSIFICATION_CHANGED; MATCH_CLASSIFICATION_PRIMARY,https://canadabuys.canada.ca/en/tender-opportunities,HEALTHY,
alert_dde9343116107a1e_engineering,canadabuys:cb-459-20724008,CLASSIFICATION_CHANGED,MEDIUM,yes,engineering,75,GOOD,"Technical Assessment and Cost-Benefit Analysis on Fuel Storage Tank Systems Life Cycle (Installation, Maintenance and Removal)",Department of the Environment (ECCC ),Canada,canadabuys,,"UNSPSC:77101705,UNSPSC:80101505,UNSPSC:81100000",OPEN,CHANGE_CLASSIFICATION_CHANGED; MATCH_CLASSIFICATION_PRIMARY,https://canadabuys.canada.ca/en/tender-opportunities,HEALTHY,
alert_dde9343116107a1e_infrastructure,canadabuys:cb-459-20724008,CLASSIFICATION_CHANGED,MEDIUM,yes,infrastructure,75,GOOD,"Technical Assessment and Cost-Benefit Analysis on Fuel Storage Tank Systems Life Cycle (Installation, Maintenance and Removal)",Department of the Environment (ECCC ),Canada,canadabuys,,"UNSPSC:77101705,UNSPSC:80101505,UNSPSC:81100000",OPEN,CHANGE_CLASSIFICATION_CHANGED; MATCH_CLASSIFICATION_PRIMARY,https://canadabuys.canada.ca/en/tender-opportunities,HEALTHY,
alert_dde9343116107a1e_professional-services,canadabuys:cb-459-20724008,CLASSIFICATION_CHANGED,MEDIUM,yes,professional-services,75,GOOD,"Technical Assessment and Cost-Benefit Analysis on Fuel Storage Tank Systems Life Cycle (Installation, Maintenance and Removal)",Department of the Environment (ECCC ),Canada,canadabuys,,"UNSPSC:77101705,UNSPSC:80101505,UNSPSC:81100000",OPEN,CHANGE_CLASSIFICATION_CHANGED; MATCH_CLASSIFICATION_PRIMARY,https://canadabuys.canada.ca/en/tender-opportunities,HEALTHY,
alert_de02c12e127c2003_logistics,canadabuys:ws5794187498-doc5799596945,CLASSIFICATION_CHANGED,MEDIUM,yes,logistics,75,GOOD,W0142-26X007 Auto Glass Repairs,Department of Public Works and Government Services (PSPC),Canada,canadabuys,,UNSPSC:78181506,OPEN,CHANGE_CLASSIFICATION_CHANGED; MATCH_CLASSIFICATION_PRIMARY,https://portal.us.bn.cloud.ariba.com/dashboard/public/appext/comsapsbncdiscoveryui#/RfxEvent/preview/1110019385?anId=ANONYMOUS,HEALTHY,
alert_df45cb7175f9cf36_engineering,canadabuys:cb-790-30250402,CLASSIFICATION_CHANGED,MEDIUM,yes,engineering,75,GOOD,Taltson Expansion Transmission Line Design,Government of the Northwest Territories (GNWT),Canada,canadabuys,,UNSPSC:81100000,OPEN,CHANGE_CLASSIFICATION_CHANGED; MATCH_CLASSIFICATION_PRIMARY,https://canadabuys.canada.ca/en/tender-opportunities,HEALTHY,
alert_df45cb7175f9cf36_infrastructure,canadabuys:cb-790-30250402,CLASSIFICATION_CHANGED,MEDIUM,yes,infrastructure,75,GOOD,Taltson Expansion Transmission Line Design,Government of the Northwest Territories (GNWT),Canada,canadabuys,,UNSPSC:81100000,OPEN,CHANGE_CLASSIFICATION_CHANGED; MATCH_CLASSIFICATION_PRIMARY,https://canadabuys.canada.ca/en/tender-opportunities,HEALTHY,
alert_df6b0156458eccbd_engineering,canadabuys:cb-727-10496736,CLASSIFICATION_CHANGED,MEDIUM,yes,engineering,75,GOOD,Multi-year Rental of an Autonomous Underwater Vehicle (AUV),Department of Natural Resources (NRCan),Canada,canadabuys,,"UNSPSC:25111900,UNSPSC:78111704,UNSPSC:81151806",OPEN,CHANGE_CLASSIFICATION_CHANGED; MATCH_CLASSIFICATION_PRIMARY,https://canadabuys.canada.ca/en/tender-opportunities,HEALTHY,
alert_df6b0156458eccbd_infrastructure,canadabuys:cb-727-10496736,CLASSIFICATION_CHANGED,MEDIUM,yes,infrastructure,75,GOOD,Multi-year Rental of an Autonomous Underwater Vehicle (AUV),Department of Natural Resources (NRCan),Canada,canadabuys,,"UNSPSC:25111900,UNSPSC:78111704,UNSPSC:81151806",OPEN,CHANGE_CLASSIFICATION_CHANGED; MATCH_CLASSIFICATION_PRIMARY,https://canadabuys.canada.ca/en/tender-opportunities,HEALTHY,
alert_df6b0156458eccbd_logistics,canadabuys:cb-727-10496736,CLASSIFICATION_CHANGED,MEDIUM,yes,logistics,75,GOOD,Multi-year Rental of an Autonomous Underwater Vehicle (AUV),Department of Natural Resources (NRCan),Canada,canadabuys,,"UNSPSC:25111900,UNSPSC:78111704,UNSPSC:81151806",OPEN,CHANGE_CLASSIFICATION_CHANGED; MATCH_CLASSIFICATION_PRIMARY,https://canadabuys.canada.ca/en/tender-opportunities,HEALTHY,
alert_df6b0156458eccbd_manufacturer,canadabuys:cb-727-10496736,CLASSIFICATION_CHANGED,MEDIUM,yes,manufacturer,75,GOOD,Multi-year Rental of an Autonomous Underwater Vehicle (AUV),Department of Natural Resources (NRCan),Canada,canadabuys,,"UNSPSC:25111900,UNSPSC:78111704,UNSPSC:81151806",OPEN,CHANGE_CLASSIFICATION_CHANGED; MATCH_CLASSIFICATION_PRIMARY,https://canadabuys.canada.ca/en/tender-opportunities,HEALTHY,
alert_dfd3711849e7143a_industrial-supplier,canadabuys:ws5800738963-doc5809333553,CLASSIFICATION_CHANGED,MEDIUM,yes,industrial-supplier,75,GOOD,W0113-27CS15-Portable Laser Engraver,Department of Public Works and Government Services (PSPC),Canada,canadabuys,,UNSPSC:23290000,OPEN,CHANGE_CLASSIFICATION_CHANGED; MATCH_CLASSIFICATION_PRIMARY,https://portal.us.bn.cloud.ariba.com/dashboard/public/appext/comsapsbncdiscoveryui#/RfxEvent/preview/1110019994?anId=ANONYMOUS,HEALTHY,
alert_dfd3711849e7143a_manufacturer,canadabuys:ws5800738963-doc5809333553,CLASSIFICATION_CHANGED,MEDIUM,yes,manufacturer,75,GOOD,W0113-27CS15-Portable Laser Engraver,Department of Public Works and Government Services (PSPC),Canada,canadabuys,,UNSPSC:23290000,OPEN,CHANGE_CLASSIFICATION_CHANGED; MATCH_CLASSIFICATION_PRIMARY,https://portal.us.bn.cloud.ariba.com/dashboard/public/appext/comsapsbncdiscoveryui#/RfxEvent/preview/1110019994?anId=ANONYMOUS,HEALTHY,
alert_dfdb23945de95733_b2b-saas,canadabuys:ws5765538034-doc5766134348,CLASSIFICATION_CHANGED,MEDIUM,yes,b2b-saas,75,GOOD,Managed Web Service for Canada.ca,Department of Public Works and Government Services (PSPC),Canada,canadabuys,,UNSPSC:43230000,OPEN,CHANGE_CLASSIFICATION_CHANGED; MATCH_CLASSIFICATION_PRIMARY,https://portal.us.bn.cloud.ariba.com/dashboard/public/appext/comsapsbncdiscoveryui#/RfxEvent/preview/1110017102?anId=ANONYMOUS,HEALTHY,
alert_dfdb23945de95733_it-software,canadabuys:ws5765538034-doc5766134348,CLASSIFICATION_CHANGED,MEDIUM,yes,it-software,75,GOOD,Managed Web Service for Canada.ca,Department of Public Works and Government Services (PSPC),Canada,canadabuys,,UNSPSC:43230000,OPEN,CHANGE_CLASSIFICATION_CHANGED; MATCH_CLASSIFICATION_PRIMARY,https://portal.us.bn.cloud.ariba.com/dashboard/public/appext/comsapsbncdiscoveryui#/RfxEvent/preview/1110017102?anId=ANONYMOUS,HEALTHY,
alert_dfdb23945de95733_telecom,canadabuys:ws5765538034-doc5766134348,CLASSIFICATION_CHANGED,MEDIUM,yes,telecom,75,GOOD,Managed Web Service for Canada.ca,Department of Public Works and Government Services (PSPC),Canada,canadabuys,,UNSPSC:43230000,OPEN,CHANGE_CLASSIFICATION_CHANGED; MATCH_CLASSIFICATION_PRIMARY,https://portal.us.bn.cloud.ariba.com/dashboard/public/appext/comsapsbncdiscoveryui#/RfxEvent/preview/1110017102?anId=ANONYMOUS,HEALTHY,
alert_e04258fa31428e6c_professional-services,canadabuys:cb-209-86505128,CLASSIFICATION_CHANGED,MEDIUM,yes,professional-services,75,GOOD,Yellow Lawn Sign,Office of the Chief Electoral Officer (Elections),Canada,canadabuys,,"UNSPSC:55120000,UNSPSC:55121700,UNSPSC:55121900,UNSPSC:55121908,UNSPSC:82121500",OPEN,CHANGE_CLASSIFICATION_CHANGED; MATCH_CLASSIFICATION_PRIMARY,https://canadabuys.canada.ca/en/tender-opportunities,HEALTHY,
alert_e063ff842b417653_professional-services,canadabuys:ws4001099544-doc4001272839,CLASSIFICATION_CHANGED,MEDIUM,yes,professional-services,75,GOOD,Reissuance - Media Monitoring Services - EN578-191713,Department of Public Works and Government Services (PSPC),Canada,canadabuys,,UNSPSC:80171801,OPEN,CHANGE_CLASSIFICATION_CHANGED; MATCH_CLASSIFICATION_PRIMARY,https://portal.us.bn.cloud.ariba.com/dashboard/public/appext/comsapsbncdiscoveryui#/RfxEvent/preview/16471311?anId=ANONYMOUS,HEALTHY,
alert_e0d5a44f393f7c2b_construction,canadabuys:ws5832728561-doc5832853154,CLASSIFICATION_CHANGED,MEDIUM,yes,construction,75,GOOD,Invitation to Qualify - Bakers Point Vertical Plate Storage Racking Construction,Department of Public Works and Government Services (PSPC),Canada,canadabuys,,"UNSPSC:72120000,UNSPSC:72121000,UNSPSC:72140000,UNSPSC:72150000",OPEN,CHANGE_CLASSIFICATION_CHANGED; MATCH_CLASSIFICATION_PRIMARY,https://portal.us.bn.cloud.ariba.com/dashboard/public/appext/comsapsbncdiscoveryui#/RfxEvent/preview/1110021496?anId=ANONYMOUS,HEALTHY,
alert_e0d5a44f393f7c2b_infrastructure,canadabuys:ws5832728561-doc5832853154,CLASSIFICATION_CHANGED,MEDIUM,yes,infrastructure,75,GOOD,Invitation to Qualify - Bakers Point Vertical Plate Storage Racking Construction,Department of Public Works and Government Services (PSPC),Canada,canadabuys,,"UNSPSC:72120000,UNSPSC:72121000,UNSPSC:72140000,UNSPSC:72150000",OPEN,CHANGE_CLASSIFICATION_CHANGED; MATCH_CLASSIFICATION_PRIMARY,https://portal.us.bn.cloud.ariba.com/dashboard/public/appext/comsapsbncdiscoveryui#/RfxEvent/preview/1110021496?anId=ANONYMOUS,HEALTHY,
alert_e2ed64fd1869b4e3_manufacturer,canadabuys:ws5802684496-doc5802800603,CLASSIFICATION_CHANGED,MEDIUM,yes,manufacturer,75,GOOD,W8703-270055 Defence Drone Initiative (DDI) Marketplace,Department of Public Works and Government Services (PSPC),Canada,canadabuys,,UNSPSC:25132102,OPEN,CHANGE_CLASSIFICATION_CHANGED; MATCH_CLASSIFICATION_PRIMARY,https://portal.us.bn.cloud.ariba.com/dashboard/public/appext/comsapsbncdiscoveryui#/RfxEvent/preview/1110019561?anId=ANONYMOUS,HEALTHY,
alert_e2f589e7ce08ad28_logistics,canadabuys:cb-798-22833628,CLASSIFICATION_CHANGED,MEDIUM,yes,logistics,75,GOOD,Forklift Rental,Correctional Service of Canada (CSC),Canada,canadabuys,,UNSPSC:78121604,OPEN,CHANGE_CLASSIFICATION_CHANGED; MATCH_CLASSIFICATION_PRIMARY,https://canadabuys.canada.ca/en/tender-opportunities,HEALTHY,
alert_e371d97b0ed4f78f_manufacturer,canadabuys:ws5755793910-doc5825816942,CLASSIFICATION_CHANGED,MEDIUM,yes,manufacturer,75,GOOD,F3065-260090-2 Service Trailer,Department of Public Works and Government Services (PSPC),Canada,canadabuys,,UNSPSC:25181700,OPEN,CHANGE_CLASSIFICATION_CHANGED; MATCH_CLASSIFICATION_PRIMARY,https://portal.us.bn.cloud.ariba.com/dashboard/public/appext/comsapsbncdiscoveryui#/RfxEvent/preview/1110021124?anId=ANONYMOUS,HEALTHY,
alert_e45dbc0750db56fa_healthcare,canadabuys:cb-129-49280685,CLASSIFICATION_CHANGED,MEDIUM,yes,healthcare,75,GOOD,Laboratory Urinalysis Services (ACAN),Department of National Defence (DND),Canada,canadabuys,,UNSPSC:85121800,OPEN,CHANGE_CLASSIFICATION_CHANGED; MATCH_CLASSIFICATION_PRIMARY,https://canadabuys.canada.ca/en/tender-opportunities,HEALTHY,
alert_e48f05d3f69ffab4_engineering,canadabuys:cb-325-97268408,CLASSIFICATION_CHANGED,MEDIUM,yes,engineering,75,GOOD,Oracle Enterprise Resource Planning (ERP) Functional Analyst,Correctional Service of Canada (CSC),Canada,canadabuys,,"UNSPSC:81110000,UNSPSC:81112200",OPEN,CHANGE_CLASSIFICATION_CHANGED; MATCH_CLASSIFICATION_PRIMARY,https://canadabuys.canada.ca/en/tender-opportunities,HEALTHY,
alert_e48f05d3f69ffab4_infrastructure,canadabuys:cb-325-97268408,CLASSIFICATION_CHANGED,MEDIUM,yes,infrastructure,75,GOOD,Oracle Enterprise Resource Planning (ERP) Functional Analyst,Correctional Service of Canada (CSC),Canada,canadabuys,,"UNSPSC:81110000,UNSPSC:81112200",OPEN,CHANGE_CLASSIFICATION_CHANGED; MATCH_CLASSIFICATION_PRIMARY,https://canadabuys.canada.ca/en/tender-opportunities,HEALTHY,
alert_e68f146a1d5cfe20_professional-services,canadabuys:ws4300459433-doc4308247078,CLASSIFICATION_CHANGED,MEDIUM,yes,professional-services,75,GOOD,Request for Information (RFI) Syndicated Research Studies,Department of Public Works and Government Services (PSPC),Canada,canadabuys,,"UNSPSC:80140000,UNSPSC:80171500,UNSPSC:80171501,UNSPSC:80171502",OPEN,CHANGE_CLASSIFICATION_CHANGED; MATCH_CLASSIFICATION_PRIMARY,https://discovery.ariba.com/rfx/18028713?extsite=MTgwMjg3MTNfQU4wMTQ4NDA1MDk5Mg==,HEALTHY,
alert_e7dce46bd491d09c_energy,canadabuys:ws5795563495-doc5795603384,CLASSIFICATION_CHANGED,MEDIUM,yes,energy,75,GOOD,RFP  Pan and Tilt systems and ancillary equipment,Department of Public Works and Government Services (PSPC),Canada,canadabuys,,UNSPSC:26000000,OPEN,CHANGE_CLASSIFICATION_CHANGED; MATCH_CLASSIFICATION_PRIMARY,https://portal.us.bn.cloud.ariba.com/dashboard/public/appext/comsapsbncdiscoveryui#/RfxEvent/preview/1110019065?anId=ANONYMOUS,HEALTHY,
alert_e7dce46bd491d09c_industrial-supplier,canadabuys:ws5795563495-doc5795603384,CLASSIFICATION_CHANGED,MEDIUM,yes,industrial-supplier,75,GOOD,RFP  Pan and Tilt systems and ancillary equipment,Department of Public Works and Government Services (PSPC),Canada,canadabuys,,UNSPSC:26000000,OPEN,CHANGE_CLASSIFICATION_CHANGED; MATCH_CLASSIFICATION_PRIMARY,https://portal.us.bn.cloud.ariba.com/dashboard/public/appext/comsapsbncdiscoveryui#/RfxEvent/preview/1110019065?anId=ANONYMOUS,HEALTHY,
alert_e7dce46bd491d09c_manufacturer,canadabuys:ws5795563495-doc5795603384,CLASSIFICATION_CHANGED,MEDIUM,yes,manufacturer,75,GOOD,RFP  Pan and Tilt systems and ancillary equipment,Department of Public Works and Government Services (PSPC),Canada,canadabuys,,UNSPSC:26000000,OPEN,CHANGE_CLASSIFICATION_CHANGED; MATCH_CLASSIFICATION_PRIMARY,https://portal.us.bn.cloud.ariba.com/dashboard/public/appext/comsapsbncdiscoveryui#/RfxEvent/preview/1110019065?anId=ANONYMOUS,HEALTHY,
alert_e931a3ff209a7ae8_manufacturer,canadabuys:cb-211-20547006,CLASSIFICATION_CHANGED,MEDIUM,yes,manufacturer,75,GOOD,"Chartering an oceanographic research vessel and crew, Fall Mission – Atlantic Zone Monitoring Program (AZMP)",Department of Fisheries and Oceans (DFO),Canada,canadabuys,,UNSPSC:25111534,OPEN,CHANGE_CLASSIFICATION_CHANGED; MATCH_CLASSIFICATION_PRIMARY,https://canadabuys.canada.ca/en/tender-opportunities,HEALTHY,
alert_e9451d18c86175c5_logistics,canadabuys:cb-990-11745680,CLASSIFICATION_CHANGED,MEDIUM,yes,logistics,75,GOOD,Department of National Defence - 2025 Freight Forwarding Transportation Source Lists,Department of National Defence,Canada,canadabuys,,"UNSPSC:78100000,UNSPSC:78140000",OPEN,CHANGE_CLASSIFICATION_CHANGED; MATCH_CLASSIFICATION_PRIMARY,https://canadabuys.canada.ca/en/tender-opportunities,HEALTHY,
alert_eaa8b26db96ce294_manufacturer,canadabuys:cb-879-54867409,CLASSIFICATION_CHANGED,MEDIUM,yes,manufacturer,75,GOOD,Procurement of a Gas Exhaust System,Department of National Defence (DND),Canada,canadabuys,,UNSPSC:25173700,OPEN,CHANGE_CLASSIFICATION_CHANGED; MATCH_CLASSIFICATION_PRIMARY,https://canadabuys.canada.ca/en/tender-opportunities,HEALTHY,
alert_eacb682b1029b641_construction,canadabuys:ws5319554310-doc5683435732,CLASSIFICATION_CHANGED,MEDIUM,yes,construction,75,GOOD,RFP - FBI AAFC Lethbridge Research and Development Centre,Department of Public Works and Government Services (PSPC),Canada,canadabuys,,UNSPSC:72103300,OPEN,CHANGE_CLASSIFICATION_CHANGED; MATCH_CLASSIFICATION_PRIMARY,https://portal.us.bn.cloud.ariba.com/dashboard/public/appext/comsapsbncdiscoveryui#/RfxEvent/preview/1110012743?anId=ANONYMOUS,HEALTHY,
alert_eacb682b1029b641_infrastructure,canadabuys:ws5319554310-doc5683435732,CLASSIFICATION_CHANGED,MEDIUM,yes,infrastructure,75,GOOD,RFP - FBI AAFC Lethbridge Research and Development Centre,Department of Public Works and Government Services (PSPC),Canada,canadabuys,,UNSPSC:72103300,OPEN,CHANGE_CLASSIFICATION_CHANGED; MATCH_CLASSIFICATION_PRIMARY,https://portal.us.bn.cloud.ariba.com/dashboard/public/appext/comsapsbncdiscoveryui#/RfxEvent/preview/1110012743?anId=ANONYMOUS,HEALTHY,
alert_eb4b3e21b36e42fc_professional-services,canadabuys:cb-975-59155368,CLASSIFICATION_CHANGED,MEDIUM,yes,professional-services,75,GOOD,Stakeholder Engagement Services for the modernization of the Canada Lands Surveys Act.,Department of Natural Resources (NRCan),Canada,canadabuys,,"UNSPSC:80171903,UNSPSC:80171905",OPEN,CHANGE_CLASSIFICATION_CHANGED; MATCH_CLASSIFICATION_PRIMARY,https://canadabuys.canada.ca/en/tender-opportunities,HEALTHY,
alert_eb65f9ba310d1067_construction,canadabuys:cb-166-63712501,CLASSIFICATION_CHANGED,MEDIUM,yes,construction,75,GOOD,"Snow removal and Sanding Services at the Department of Crown-Indigenous Relations and Northern Affairs Canada (CIRNAC) Properties in Iqaluit, Nunavut",Department of Indigenous Services (ISC),Canada,canadabuys,,UNSPSC:72102903,OPEN,CHANGE_CLASSIFICATION_CHANGED; MATCH_CLASSIFICATION_PRIMARY,https://canadabuys.canada.ca/en/tender-opportunities,HEALTHY,
alert_eb65f9ba310d1067_infrastructure,canadabuys:cb-166-63712501,CLASSIFICATION_CHANGED,MEDIUM,yes,infrastructure,75,GOOD,"Snow removal and Sanding Services at the Department of Crown-Indigenous Relations and Northern Affairs Canada (CIRNAC) Properties in Iqaluit, Nunavut",Department of Indigenous Services (ISC),Canada,canadabuys,,UNSPSC:72102903,OPEN,CHANGE_CLASSIFICATION_CHANGED; MATCH_CLASSIFICATION_PRIMARY,https://canadabuys.canada.ca/en/tender-opportunities,HEALTHY,
alert_eb9e8f368c7cf4dd_engineering,canadabuys:cb-719-13916324,CLASSIFICATION_CHANGED,MEDIUM,yes,engineering,75,GOOD,Notice of Proposed Procurement (NPP) - Application Services - A.6 One (1) Programmer / Software Developer,Department of National Defence (DND),Canada,canadabuys,,UNSPSC:81110000,OPEN,CHANGE_CLASSIFICATION_CHANGED; MATCH_CLASSIFICATION_PRIMARY,https://canadabuys.canada.ca/en/tender-opportunities,HEALTHY,
alert_eb9e8f368c7cf4dd_infrastructure,canadabuys:cb-719-13916324,CLASSIFICATION_CHANGED,MEDIUM,yes,infrastructure,75,GOOD,Notice of Proposed Procurement (NPP) - Application Services - A.6 One (1) Programmer / Software Developer,Department of National Defence (DND),Canada,canadabuys,,UNSPSC:81110000,OPEN,CHANGE_CLASSIFICATION_CHANGED; MATCH_CLASSIFICATION_PRIMARY,https://canadabuys.canada.ca/en/tender-opportunities,HEALTHY,
alert_ebc1116290c614e2_b2b-saas,canadabuys:cb-852-92053835,CLASSIFICATION_CHANGED,MEDIUM,yes,b2b-saas,75,GOOD,Electro-Optical (EO) Spare Parts,Department of National Defence (DND),Canada,canadabuys,,"UNSPSC:26111900,UNSPSC:27112100,UNSPSC:31162000,UNSPSC:40171700,UNSPSC:41112100,UNSPSC:41116100,UNSPSC:43221700",OPEN,CHANGE_CLASSIFICATION_CHANGED; MATCH_CLASSIFICATION_PRIMARY,https://canadabuys.canada.ca/en/tender-opportunities,HEALTHY,
alert_ebc1116290c614e2_energy,canadabuys:cb-852-92053835,CLASSIFICATION_CHANGED,MEDIUM,yes,energy,75,GOOD,Electro-Optical (EO) Spare Parts,Department of National Defence (DND),Canada,canadabuys,,"UNSPSC:26111900,UNSPSC:27112100,UNSPSC:31162000,UNSPSC:40171700,UNSPSC:41112100,UNSPSC:41116100,UNSPSC:43221700",OPEN,CHANGE_CLASSIFICATION_CHANGED; MATCH_CLASSIFICATION_PRIMARY,https://canadabuys.canada.ca/en/tender-opportunities,HEALTHY,
alert_ebc1116290c614e2_industrial-supplier,canadabuys:cb-852-92053835,CLASSIFICATION_CHANGED,MEDIUM,yes,industrial-supplier,75,GOOD,Electro-Optical (EO) Spare Parts,Department of National Defence (DND),Canada,canadabuys,,"UNSPSC:26111900,UNSPSC:27112100,UNSPSC:31162000,UNSPSC:40171700,UNSPSC:41112100,UNSPSC:41116100,UNSPSC:43221700",OPEN,CHANGE_CLASSIFICATION_CHANGED; MATCH_CLASSIFICATION_PRIMARY,https://canadabuys.canada.ca/en/tender-opportunities,HEALTHY,
alert_ebc1116290c614e2_it-software,canadabuys:cb-852-92053835,CLASSIFICATION_CHANGED,MEDIUM,yes,it-software,75,GOOD,Electro-Optical (EO) Spare Parts,Department of National Defence (DND),Canada,canadabuys,,"UNSPSC:26111900,UNSPSC:27112100,UNSPSC:31162000,UNSPSC:40171700,UNSPSC:41112100,UNSPSC:41116100,UNSPSC:43221700",OPEN,CHANGE_CLASSIFICATION_CHANGED; MATCH_CLASSIFICATION_PRIMARY,https://canadabuys.canada.ca/en/tender-opportunities,HEALTHY,
alert_ebc1116290c614e2_manufacturer,canadabuys:cb-852-92053835,CLASSIFICATION_CHANGED,MEDIUM,yes,manufacturer,75,GOOD,Electro-Optical (EO) Spare Parts,Department of National Defence (DND),Canada,canadabuys,,"UNSPSC:26111900,UNSPSC:27112100,UNSPSC:31162000,UNSPSC:40171700,UNSPSC:41112100,UNSPSC:41116100,UNSPSC:43221700",OPEN,CHANGE_CLASSIFICATION_CHANGED; MATCH_CLASSIFICATION_PRIMARY,https://canadabuys.canada.ca/en/tender-opportunities,HEALTHY,
alert_ebc1116290c614e2_telecom,canadabuys:cb-852-92053835,CLASSIFICATION_CHANGED,MEDIUM,yes,telecom,75,GOOD,Electro-Optical (EO) Spare Parts,Department of National Defence (DND),Canada,canadabuys,,"UNSPSC:26111900,UNSPSC:27112100,UNSPSC:31162000,UNSPSC:40171700,UNSPSC:41112100,UNSPSC:41116100,UNSPSC:43221700",OPEN,CHANGE_CLASSIFICATION_CHANGED; MATCH_CLASSIFICATION_PRIMARY,https://canadabuys.canada.ca/en/tender-opportunities,HEALTHY,
alert_ec1004420630b12b_healthcare,canadabuys:cb-224-23427884,CLASSIFICATION_CHANGED,MEDIUM,yes,healthcare,75,GOOD,Civil Aviation Medicine Aviation Medical Doctors,Department of Transport (TC),Canada,canadabuys,,UNSPSC:85121600,OPEN,CHANGE_CLASSIFICATION_CHANGED; MATCH_CLASSIFICATION_PRIMARY,https://canadabuys.canada.ca/en/tender-opportunities,HEALTHY,
alert_ecb848550ca52f42_construction,canadabuys:ws5176878164-doc5803119702,CLASSIFICATION_CHANGED,MEDIUM,yes,construction,75,GOOD,Retender EQ754-251469 Burlington Lift Bridge Security Gate and Fence Installation,Department of Public Works and Government Services (PSPC),Canada,canadabuys,,UNSPSC:30172000,OPEN,CHANGE_CLASSIFICATION_CHANGED; MATCH_CLASSIFICATION_PRIMARY,https://portal.us.bn.cloud.ariba.com/dashboard/public/appext/comsapsbncdiscoveryui#/RfxEvent/preview/1110019712?anId=ANONYMOUS,HEALTHY,
alert_ed115cc2c0cb11a2_engineering,canadabuys:cb-94-51127631,CLASSIFICATION_CHANGED,MEDIUM,yes,engineering,75,GOOD,"B.10 Help Desk Specialist, Level 3, Voluntary Indigenous Set-Aside",National Research Council of Canada (NRC),Canada,canadabuys,,"UNSPSC:81111811,UNSPSC:81160000",OPEN,CHANGE_CLASSIFICATION_CHANGED; MATCH_CLASSIFICATION_PRIMARY,https://canadabuys.canada.ca/en/tender-opportunities,HEALTHY,
alert_ed115cc2c0cb11a2_infrastructure,canadabuys:cb-94-51127631,CLASSIFICATION_CHANGED,MEDIUM,yes,infrastructure,75,GOOD,"B.10 Help Desk Specialist, Level 3, Voluntary Indigenous Set-Aside",National Research Council of Canada (NRC),Canada,canadabuys,,"UNSPSC:81111811,UNSPSC:81160000",OPEN,CHANGE_CLASSIFICATION_CHANGED; MATCH_CLASSIFICATION_PRIMARY,https://canadabuys.canada.ca/en/tender-opportunities,HEALTHY,
alert_ed378cd9bdd7623c_manufacturer,canadabuys:cb-986-33656180,CLASSIFICATION_CHANGED,MEDIUM,yes,manufacturer,75,GOOD,"Truck, Deisel, 4x4 Service Body and Crane",Department of National Defence (DND),Canada,canadabuys,,UNSPSC:25101933,OPEN,CHANGE_CLASSIFICATION_CHANGED; MATCH_CLASSIFICATION_PRIMARY,https://canadabuys.canada.ca/en/tender-opportunities,HEALTHY,
alert_ed3fbebe7eaf390a_construction,canadabuys:cb-952-9003102,CLASSIFICATION_CHANGED,MEDIUM,yes,construction,75,GOOD,0620-2027-RFP1 Ottawa quiet booths,Federal Economic Development Agency for Southern Ontario (FedDev Ontario),Canada,canadabuys,,"UNSPSC:56101700,UNSPSC:72153606",OPEN,CHANGE_CLASSIFICATION_CHANGED; MATCH_CLASSIFICATION_PRIMARY,https://canadabuys.canada.ca/en/tender-opportunities,HEALTHY,
alert_ed3fbebe7eaf390a_infrastructure,canadabuys:cb-952-9003102,CLASSIFICATION_CHANGED,MEDIUM,yes,infrastructure,75,GOOD,0620-2027-RFP1 Ottawa quiet booths,Federal Economic Development Agency for Southern Ontario (FedDev Ontario),Canada,canadabuys,,"UNSPSC:56101700,UNSPSC:72153606",OPEN,CHANGE_CLASSIFICATION_CHANGED; MATCH_CLASSIFICATION_PRIMARY,https://canadabuys.canada.ca/en/tender-opportunities,HEALTHY,
alert_ed84b11a145f1f56_engineering,canadabuys:cb-241-6272193,CLASSIFICATION_CHANGED,MEDIUM,yes,engineering,75,GOOD,Squalus Lake & Leith Lake Airborne Magnetic Survey,Government of the Northwest Territories (GNWT),Canada,canadabuys,,UNSPSC:81151601,OPEN,CHANGE_CLASSIFICATION_CHANGED; MATCH_CLASSIFICATION_PRIMARY,https://canadabuys.canada.ca/en/tender-opportunities,HEALTHY,
alert_ed84b11a145f1f56_infrastructure,canadabuys:cb-241-6272193,CLASSIFICATION_CHANGED,MEDIUM,yes,infrastructure,75,GOOD,Squalus Lake & Leith Lake Airborne Magnetic Survey,Government of the Northwest Territories (GNWT),Canada,canadabuys,,UNSPSC:81151601,OPEN,CHANGE_CLASSIFICATION_CHANGED; MATCH_CLASSIFICATION_PRIMARY,https://canadabuys.canada.ca/en/tender-opportunities,HEALTHY,
alert_eda9029099a34392_manufacturer,canadabuys:cb-791-64697103,CLASSIFICATION_CHANGED,MEDIUM,yes,manufacturer,75,GOOD,Mobile Treatment Center,Department of National Defence (DND),Canada,canadabuys,,UNSPSC:25181700,OPEN,CHANGE_CLASSIFICATION_CHANGED; MATCH_CLASSIFICATION_PRIMARY,https://canadabuys.canada.ca/en/tender-opportunities,HEALTHY,
alert_ede9b16de80f0777_healthcare,canadabuys:cb-533-8261803,CLASSIFICATION_CHANGED,MEDIUM,yes,healthcare,75,GOOD,Indigenous Nursing Recruitment and Retention Guide,Department of Health (HC),Canada,canadabuys,,UNSPSC:85101703,OPEN,CHANGE_CLASSIFICATION_CHANGED; MATCH_CLASSIFICATION_PRIMARY,https://canadabuys.canada.ca/en/tender-opportunities,HEALTHY,
alert_ee2a3f10eb3afea2_b2b-saas,canadabuys:ws5764162274-doc5774554189,CLASSIFICATION_CHANGED,MEDIUM,yes,b2b-saas,75,GOOD,SPACE BASED OPTICAL CAPABILITY (SBO) - SURVEILLANCE OF SPACE 2,Department of Public Works and Government Services (PSPC),Canada,canadabuys,,"UNSPSC:25151703,UNSPSC:25151707,UNSPSC:25201606,UNSPSC:25201802,UNSPSC:31241500,UNSPSC:31242000,UNSPSC:31242100,UNSPSC:43211718,UNSPSC:43221710,UNSPSC:43221711,UNSPSC:43221712,UNSPSC:43232619,UNSPSC:45121523,UNSPSC:60104300,UNSPSC:78102001,UNSPSC:81102302,UNSPSC:81151605",OPEN,CHANGE_CLASSIFICATION_CHANGED; MATCH_CLASSIFICATION_PRIMARY,https://portal.us.bn.cloud.ariba.com/dashboard/public/appext/comsapsbncdiscoveryui#/RfxEvent/preview/1110018461?anId=ANONYMOUS,HEALTHY,
alert_ee2a3f10eb3afea2_engineering,canadabuys:ws5764162274-doc5774554189,CLASSIFICATION_CHANGED,MEDIUM,yes,engineering,75,GOOD,SPACE BASED OPTICAL CAPABILITY (SBO) - SURVEILLANCE OF SPACE 2,Department of Public Works and Government Services (PSPC),Canada,canadabuys,,"UNSPSC:25151703,UNSPSC:25151707,UNSPSC:25201606,UNSPSC:25201802,UNSPSC:31241500,UNSPSC:31242000,UNSPSC:31242100,UNSPSC:43211718,UNSPSC:43221710,UNSPSC:43221711,UNSPSC:43221712,UNSPSC:43232619,UNSPSC:45121523,UNSPSC:60104300,UNSPSC:78102001,UNSPSC:81102302,UNSPSC:81151605",OPEN,CHANGE_CLASSIFICATION_CHANGED; MATCH_CLASSIFICATION_PRIMARY,https://portal.us.bn.cloud.ariba.com/dashboard/public/appext/comsapsbncdiscoveryui#/RfxEvent/preview/1110018461?anId=ANONYMOUS,HEALTHY,
alert_ee2a3f10eb3afea2_infrastructure,canadabuys:ws5764162274-doc5774554189,CLASSIFICATION_CHANGED,MEDIUM,yes,infrastructure,75,GOOD,SPACE BASED OPTICAL CAPABILITY (SBO) - SURVEILLANCE OF SPACE 2,Department of Public Works and Government Services (PSPC),Canada,canadabuys,,"UNSPSC:25151703,UNSPSC:25151707,UNSPSC:25201606,UNSPSC:25201802,UNSPSC:31241500,UNSPSC:31242000,UNSPSC:31242100,UNSPSC:43211718,UNSPSC:43221710,UNSPSC:43221711,UNSPSC:43221712,UNSPSC:43232619,UNSPSC:45121523,UNSPSC:60104300,UNSPSC:78102001,UNSPSC:81102302,UNSPSC:81151605",OPEN,CHANGE_CLASSIFICATION_CHANGED; MATCH_CLASSIFICATION_PRIMARY,https://portal.us.bn.cloud.ariba.com/dashboard/public/appext/comsapsbncdiscoveryui#/RfxEvent/preview/1110018461?anId=ANONYMOUS,HEALTHY,
alert_ee2a3f10eb3afea2_it-software,canadabuys:ws5764162274-doc5774554189,CLASSIFICATION_CHANGED,MEDIUM,yes,it-software,75,GOOD,SPACE BASED OPTICAL CAPABILITY (SBO) - SURVEILLANCE OF SPACE 2,Department of Public Works and Government Services (PSPC),Canada,canadabuys,,"UNSPSC:25151703,UNSPSC:25151707,UNSPSC:25201606,UNSPSC:25201802,UNSPSC:31241500,UNSPSC:31242000,UNSPSC:31242100,UNSPSC:43211718,UNSPSC:43221710,UNSPSC:43221711,UNSPSC:43221712,UNSPSC:43232619,UNSPSC:45121523,UNSPSC:60104300,UNSPSC:78102001,UNSPSC:81102302,UNSPSC:81151605",OPEN,CHANGE_CLASSIFICATION_CHANGED; MATCH_CLASSIFICATION_PRIMARY,https://portal.us.bn.cloud.ariba.com/dashboard/public/appext/comsapsbncdiscoveryui#/RfxEvent/preview/1110018461?anId=ANONYMOUS,HEALTHY,
alert_ee2a3f10eb3afea2_logistics,canadabuys:ws5764162274-doc5774554189,CLASSIFICATION_CHANGED,MEDIUM,yes,logistics,75,GOOD,SPACE BASED OPTICAL CAPABILITY (SBO) - SURVEILLANCE OF SPACE 2,Department of Public Works and Government Services (PSPC),Canada,canadabuys,,"UNSPSC:25151703,UNSPSC:25151707,UNSPSC:25201606,UNSPSC:25201802,UNSPSC:31241500,UNSPSC:31242000,UNSPSC:31242100,UNSPSC:43211718,UNSPSC:43221710,UNSPSC:43221711,UNSPSC:43221712,UNSPSC:43232619,UNSPSC:45121523,UNSPSC:60104300,UNSPSC:78102001,UNSPSC:81102302,UNSPSC:81151605",OPEN,CHANGE_CLASSIFICATION_CHANGED; MATCH_CLASSIFICATION_PRIMARY,https://portal.us.bn.cloud.ariba.com/dashboard/public/appext/comsapsbncdiscoveryui#/RfxEvent/preview/1110018461?anId=ANONYMOUS,HEALTHY,
alert_ee2a3f10eb3afea2_manufacturer,canadabuys:ws5764162274-doc5774554189,CLASSIFICATION_CHANGED,MEDIUM,yes,manufacturer,75,GOOD,SPACE BASED OPTICAL CAPABILITY (SBO) - SURVEILLANCE OF SPACE 2,Department of Public Works and Government Services (PSPC),Canada,canadabuys,,"UNSPSC:25151703,UNSPSC:25151707,UNSPSC:25201606,UNSPSC:25201802,UNSPSC:31241500,UNSPSC:31242000,UNSPSC:31242100,UNSPSC:43211718,UNSPSC:43221710,UNSPSC:43221711,UNSPSC:43221712,UNSPSC:43232619,UNSPSC:45121523,UNSPSC:60104300,UNSPSC:78102001,UNSPSC:81102302,UNSPSC:81151605",OPEN,CHANGE_CLASSIFICATION_CHANGED; MATCH_CLASSIFICATION_PRIMARY,https://portal.us.bn.cloud.ariba.com/dashboard/public/appext/comsapsbncdiscoveryui#/RfxEvent/preview/1110018461?anId=ANONYMOUS,HEALTHY,
alert_ee2a3f10eb3afea2_telecom,canadabuys:ws5764162274-doc5774554189,CLASSIFICATION_CHANGED,MEDIUM,yes,telecom,75,GOOD,SPACE BASED OPTICAL CAPABILITY (SBO) - SURVEILLANCE OF SPACE 2,Department of Public Works and Government Services (PSPC),Canada,canadabuys,,"UNSPSC:25151703,UNSPSC:25151707,UNSPSC:25201606,UNSPSC:25201802,UNSPSC:31241500,UNSPSC:31242000,UNSPSC:31242100,UNSPSC:43211718,UNSPSC:43221710,UNSPSC:43221711,UNSPSC:43221712,UNSPSC:43232619,UNSPSC:45121523,UNSPSC:60104300,UNSPSC:78102001,UNSPSC:81102302,UNSPSC:81151605",OPEN,CHANGE_CLASSIFICATION_CHANGED; MATCH_CLASSIFICATION_PRIMARY,https://portal.us.bn.cloud.ariba.com/dashboard/public/appext/comsapsbncdiscoveryui#/RfxEvent/preview/1110018461?anId=ANONYMOUS,HEALTHY,
alert_eedbdac1c5ae4ac6_engineering,canadabuys:ws4790718200-doc4801625493,CLASSIFICATION_CHANGED,MEDIUM,yes,engineering,75,GOOD,JDHQSRM,Department of Public Works and Government Services (PSPC),Canada,canadabuys,,UNSPSC:81000000,OPEN,CHANGE_CLASSIFICATION_CHANGED; MATCH_CLASSIFICATION_PRIMARY,https://discovery.ariba.com/rfx/21076547,HEALTHY,
alert_eedbdac1c5ae4ac6_infrastructure,canadabuys:ws4790718200-doc4801625493,CLASSIFICATION_CHANGED,MEDIUM,yes,infrastructure,75,GOOD,JDHQSRM,Department of Public Works and Government Services (PSPC),Canada,canadabuys,,UNSPSC:81000000,OPEN,CHANGE_CLASSIFICATION_CHANGED; MATCH_CLASSIFICATION_PRIMARY,https://discovery.ariba.com/rfx/21076547,HEALTHY,
alert_ef25e3f34bc10d9e_engineering,canadabuys:ws5823858607-doc5824186941,CLASSIFICATION_CHANGED,MEDIUM,yes,engineering,75,GOOD,F3750-260004 - Marine Technical Assessment Quebec - Duke of Connaught.,Department of Public Works and Government Services (PSPC),Canada,canadabuys,,"UNSPSC:81101506,UNSPSC:81101606",OPEN,CHANGE_CLASSIFICATION_CHANGED; MATCH_CLASSIFICATION_PRIMARY,https://portal.us.bn.cloud.ariba.com/dashboard/public/appext/comsapsbncdiscoveryui#/RfxEvent/preview/1110020986?anId=ANONYMOUS,HEALTHY,
alert_ef25e3f34bc10d9e_infrastructure,canadabuys:ws5823858607-doc5824186941,CLASSIFICATION_CHANGED,MEDIUM,yes,infrastructure,75,GOOD,F3750-260004 - Marine Technical Assessment Quebec - Duke of Connaught.,Department of Public Works and Government Services (PSPC),Canada,canadabuys,,"UNSPSC:81101506,UNSPSC:81101606",OPEN,CHANGE_CLASSIFICATION_CHANGED; MATCH_CLASSIFICATION_PRIMARY,https://portal.us.bn.cloud.ariba.com/dashboard/public/appext/comsapsbncdiscoveryui#/RfxEvent/preview/1110020986?anId=ANONYMOUS,HEALTHY,
alert_ef4d11fc94ac2dd1_construction,canadabuys:cb-8405-78194265,CLASSIFICATION_CHANGED,MEDIUM,yes,construction,75,GOOD,Industry Sustainment Business Case Analysis (SBCA) Workshop,Department of Public Works and Government Services (PSPC),Canada,canadabuys,,"UNSPSC:70171501,UNSPSC:70171602,UNSPSC:72101509,UNSPSC:72101517,UNSPSC:72150000,UNSPSC:72151000,UNSPSC:72151001,UNSPSC:72151003,UNSPSC:72151004,UNSPSC:72151006,UNSPSC:72151304,UNSPSC:72151307,UNSPSC:72153600,UNSPSC:72153614,UNSPSC:72153615,UNSPSC:72154100,UNSPSC:72154200,UNSPSC:72154300,UNSPSC:72154400,UNSPSC:72154500,UNSPSC:72154501,UNSPSC:72154502,UNSPSC:73151600,UNSPSC:73151700,UNSPSC:73152100,UNSPSC:73152101,UNSPSC:73152102,UNSPSC:73152103,UNSPSC:73152105,UNSPSC:73152106,UNSPSC:73152107,UNSPSC:73152108,UNSPSC:73152112,UNSPSC:73160000,UNSPSC:73161500,UNSPSC:73170000,UNSPSC:73171500,UNSPSC:73171600,UNSPSC:73181100,UNSPSC:73181200,UNSPSC:73181300,UNSPSC:73181900,UNSPSC:76100000,UNSPSC:76101500,UNSPSC:76101600,UNSPSC:76101602,UNSPSC:76101603,UNSPSC:76101604,UNSPSC:76111505,UNSPSC:76111602,UNSPSC:76111604,UNSPSC:76111605,UNSPSC:76120000,UNSPSC:76121600,UNSPSC:76121603,UNSPSC:76121900,UNSPSC:76121902,UNSPSC:76121904,UNSPSC:76122200,UNSPSC:76122300,UNSPSC:76130000,UNSPSC:76131600,UNSPSC:76131700,UNSPSC:77101500,UNSPSC:77101501,UNSPSC:77101900,UNSPSC:77121501,UNSPSC:77131500,UNSPSC:77131501,UNSPSC:77131502,UNSPSC:77131600,UNSPSC:77131601,UNSPSC:77141501,UNSPSC:78121600,UNSPSC:78130000,UNSPSC:78141701,UNSPSC:78141802,UNSPSC:78180000,UNSPSC:78181600,UNSPSC:78181601,UNSPSC:78181701,UNSPSC:78181800,UNSPSC:78181803,UNSPSC:78181804,UNSPSC:78181805,UNSPSC:78181806,UNSPSC:78181807,UNSPSC:78181808,UNSPSC:78181809,UNSPSC:78181810,UNSPSC:78181811,UNSPSC:78181812,UNSPSC:78181813,UNSPSC:78181814,UNSPSC:78181815,UNSPSC:78181816,UNSPSC:78181817,UNSPSC:78181818,UNSPSC:78181819,UNSPSC:78181820,UNSPSC:78181821,UNSPSC:78181822,UNSPSC:78181823,UNSPSC:78181824,UNSPSC:78181825,UNSPSC:78181826,UNSPSC:78181827,UNSPSC:78181828,UNSPSC:78181829,UNSPSC:78181830,UNSPSC:78181831,UNSPSC:78181832,UNSPSC:78181833,UNSPSC:78181834,UNSPSC:78181835,UNSPSC:78181836,UNSPSC:78181837,UNSPSC:78181838,UNSPSC:78181839,UNSPSC:78181840,UNSPSC:78181841,UNSPSC:78181900,UNSPSC:78181901,UNSPSC:78182000,UNSPSC:78182001,UNSPSC:78182002,UNSPSC:80100000,UNSPSC:80101500,UNSPSC:80101508,UNSPSC:80101509,UNSPSC:80101510,UNSPSC:80101513,UNSPSC:80101600,UNSPSC:80101601,UNSPSC:80101603,UNSPSC:80101604,UNSPSC:80101607,UNSPSC:80101704,UNSPSC:80101706,UNSPSC:80161700,UNSPSC:80171903,UNSPSC:80171905,UNSPSC:80171906,UNSPSC:81100000,UNSPSC:81101502,UNSPSC:81101505,UNSPSC:81101506,UNSPSC:81101529,UNSPSC:81101600,UNSPSC:81101606,UNSPSC:81101700,UNSPSC:81101701,UNSPSC:81101703,UNSPSC:81101711,UNSPSC:81101713,UNSPSC:81102300,UNSPSC:81102301,UNSPSC:81102700,UNSPSC:81111504,UNSPSC:81111800,UNSPSC:81111801,UNSPSC:81111802,UNSPSC:81111803,UNSPSC:81111804,UNSPSC:81111805,UNSPSC:81111806,UNSPSC:81111809,UNSPSC:81111810,UNSPSC:81111811,UNSPSC:81111814,UNSPSC:81111818,UNSPSC:81111819,UNSPSC:81111820,UNSPSC:81112003,UNSPSC:81112004,UNSPSC:81112007,UNSPSC:81112010,UNSPSC:81112200,UNSPSC:81112202,UNSPSC:81112203,UNSPSC:81112216,UNSPSC:81112217,UNSPSC:81112221,UNSPSC:81112300,UNSPSC:81112304,UNSPSC:81112305,UNSPSC:81112308,UNSPSC:81112309,UNSPSC:81141500,UNSPSC:81141501,UNSPSC:81141502,UNSPSC:81141503,UNSPSC:81141504,UNSPSC:81141506,UNSPSC:81141600,UNSPSC:81141601,UNSPSC:81141606,UNSPSC:81141901,UNSPSC:81141902,UNSPSC:81160000,UNSPSC:81161500,UNSPSC:81161501,UNSPSC:81161502,UNSPSC:81161503,UNSPSC:81161900,UNSPSC:81161901,UNSPSC:81161902,UNSPSC:81161903,UNSPSC:81162000,UNSPSC:81162001,UNSPSC:81162002,UNSPSC:81162003,UNSPSC:81162004,UNSPSC:81162005,UNSPSC:81162006,UNSPSC:81162007,UNSPSC:81162008,UNSPSC:81162009,UNSPSC:81162010,UNSPSC:81162100,UNSPSC:81162101,UNSPSC:81162102,UNSPSC:81162103,UNSPSC:81162104,UNSPSC:81162200,UNSPSC:81162201,UNSPSC:81162202,UNSPSC:81162203,UNSPSC:81162204,UNSPSC:81162300,UNSPSC:81162301,UNSPSC:81162302,UNSPSC:81162303,UNSPSC:81162304,UNSPSC:81162305,UNSPSC:81162306,UNSPSC:81162307,UNSPSC:81162308,UNSPSC:81162309,UNSPSC:81162310,UNSPSC:82110000,UNSPSC:82111500,UNSPSC:82111501,UNSPSC:82111502,UNSPSC:82111503,UNSPSC:82111804,UNSPSC:83101501,UNSPSC:83101502,UNSPSC:83101503,UNSPSC:83101504,UNSPSC:83101506,UNSPSC:83101507,UNSPSC:83101510,UNSPSC:83120000,UNSPSC:86131700,UNSPSC:86132204,UNSPSC:86132205,UNSPSC:92121604",OPEN,CHANGE_CLASSIFICATION_CHANGED; MATCH_CLASSIFICATION_PRIMARY,https://canadabuys.canada.ca/en/tender-opportunities,HEALTHY,
alert_ef4d11fc94ac2dd1_engineering,canadabuys:cb-8405-78194265,CLASSIFICATION_CHANGED,MEDIUM,yes,engineering,75,GOOD,Industry Sustainment Business Case Analysis (SBCA) Workshop,Department of Public Works and Government Services (PSPC),Canada,canadabuys,,"UNSPSC:70171501,UNSPSC:70171602,UNSPSC:72101509,UNSPSC:72101517,UNSPSC:72150000,UNSPSC:72151000,UNSPSC:72151001,UNSPSC:72151003,UNSPSC:72151004,UNSPSC:72151006,UNSPSC:72151304,UNSPSC:72151307,UNSPSC:72153600,UNSPSC:72153614,UNSPSC:72153615,UNSPSC:72154100,UNSPSC:72154200,UNSPSC:72154300,UNSPSC:72154400,UNSPSC:72154500,UNSPSC:72154501,UNSPSC:72154502,UNSPSC:73151600,UNSPSC:73151700,UNSPSC:73152100,UNSPSC:73152101,UNSPSC:73152102,UNSPSC:73152103,UNSPSC:73152105,UNSPSC:73152106,UNSPSC:73152107,UNSPSC:73152108,UNSPSC:73152112,UNSPSC:73160000,UNSPSC:73161500,UNSPSC:73170000,UNSPSC:73171500,UNSPSC:73171600,UNSPSC:73181100,UNSPSC:73181200,UNSPSC:73181300,UNSPSC:73181900,UNSPSC:76100000,UNSPSC:76101500,UNSPSC:76101600,UNSPSC:76101602,UNSPSC:76101603,UNSPSC:76101604,UNSPSC:76111505,UNSPSC:76111602,UNSPSC:76111604,UNSPSC:76111605,UNSPSC:76120000,UNSPSC:76121600,UNSPSC:76121603,UNSPSC:76121900,UNSPSC:76121902,UNSPSC:76121904,UNSPSC:76122200,UNSPSC:76122300,UNSPSC:76130000,UNSPSC:76131600,UNSPSC:76131700,UNSPSC:77101500,UNSPSC:77101501,UNSPSC:77101900,UNSPSC:77121501,UNSPSC:77131500,UNSPSC:77131501,UNSPSC:77131502,UNSPSC:77131600,UNSPSC:77131601,UNSPSC:77141501,UNSPSC:78121600,UNSPSC:78130000,UNSPSC:78141701,UNSPSC:78141802,UNSPSC:78180000,UNSPSC:78181600,UNSPSC:78181601,UNSPSC:78181701,UNSPSC:78181800,UNSPSC:78181803,UNSPSC:78181804,UNSPSC:78181805,UNSPSC:78181806,UNSPSC:78181807,UNSPSC:78181808,UNSPSC:78181809,UNSPSC:78181810,UNSPSC:78181811,UNSPSC:78181812,UNSPSC:78181813,UNSPSC:78181814,UNSPSC:78181815,UNSPSC:78181816,UNSPSC:78181817,UNSPSC:78181818,UNSPSC:78181819,UNSPSC:78181820,UNSPSC:78181821,UNSPSC:78181822,UNSPSC:78181823,UNSPSC:78181824,UNSPSC:78181825,UNSPSC:78181826,UNSPSC:78181827,UNSPSC:78181828,UNSPSC:78181829,UNSPSC:78181830,UNSPSC:78181831,UNSPSC:78181832,UNSPSC:78181833,UNSPSC:78181834,UNSPSC:78181835,UNSPSC:78181836,UNSPSC:78181837,UNSPSC:78181838,UNSPSC:78181839,UNSPSC:78181840,UNSPSC:78181841,UNSPSC:78181900,UNSPSC:78181901,UNSPSC:78182000,UNSPSC:78182001,UNSPSC:78182002,UNSPSC:80100000,UNSPSC:80101500,UNSPSC:80101508,UNSPSC:80101509,UNSPSC:80101510,UNSPSC:80101513,UNSPSC:80101600,UNSPSC:80101601,UNSPSC:80101603,UNSPSC:80101604,UNSPSC:80101607,UNSPSC:80101704,UNSPSC:80101706,UNSPSC:80161700,UNSPSC:80171903,UNSPSC:80171905,UNSPSC:80171906,UNSPSC:81100000,UNSPSC:81101502,UNSPSC:81101505,UNSPSC:81101506,UNSPSC:81101529,UNSPSC:81101600,UNSPSC:81101606,UNSPSC:81101700,UNSPSC:81101701,UNSPSC:81101703,UNSPSC:81101711,UNSPSC:81101713,UNSPSC:81102300,UNSPSC:81102301,UNSPSC:81102700,UNSPSC:81111504,UNSPSC:81111800,UNSPSC:81111801,UNSPSC:81111802,UNSPSC:81111803,UNSPSC:81111804,UNSPSC:81111805,UNSPSC:81111806,UNSPSC:81111809,UNSPSC:81111810,UNSPSC:81111811,UNSPSC:81111814,UNSPSC:81111818,UNSPSC:81111819,UNSPSC:81111820,UNSPSC:81112003,UNSPSC:81112004,UNSPSC:81112007,UNSPSC:81112010,UNSPSC:81112200,UNSPSC:81112202,UNSPSC:81112203,UNSPSC:81112216,UNSPSC:81112217,UNSPSC:81112221,UNSPSC:81112300,UNSPSC:81112304,UNSPSC:81112305,UNSPSC:81112308,UNSPSC:81112309,UNSPSC:81141500,UNSPSC:81141501,UNSPSC:81141502,UNSPSC:81141503,UNSPSC:81141504,UNSPSC:81141506,UNSPSC:81141600,UNSPSC:81141601,UNSPSC:81141606,UNSPSC:81141901,UNSPSC:81141902,UNSPSC:81160000,UNSPSC:81161500,UNSPSC:81161501,UNSPSC:81161502,UNSPSC:81161503,UNSPSC:81161900,UNSPSC:81161901,UNSPSC:81161902,UNSPSC:81161903,UNSPSC:81162000,UNSPSC:81162001,UNSPSC:81162002,UNSPSC:81162003,UNSPSC:81162004,UNSPSC:81162005,UNSPSC:81162006,UNSPSC:81162007,UNSPSC:81162008,UNSPSC:81162009,UNSPSC:81162010,UNSPSC:81162100,UNSPSC:81162101,UNSPSC:81162102,UNSPSC:81162103,UNSPSC:81162104,UNSPSC:81162200,UNSPSC:81162201,UNSPSC:81162202,UNSPSC:81162203,UNSPSC:81162204,UNSPSC:81162300,UNSPSC:81162301,UNSPSC:81162302,UNSPSC:81162303,UNSPSC:81162304,UNSPSC:81162305,UNSPSC:81162306,UNSPSC:81162307,UNSPSC:81162308,UNSPSC:81162309,UNSPSC:81162310,UNSPSC:82110000,UNSPSC:82111500,UNSPSC:82111501,UNSPSC:82111502,UNSPSC:82111503,UNSPSC:82111804,UNSPSC:83101501,UNSPSC:83101502,UNSPSC:83101503,UNSPSC:83101504,UNSPSC:83101506,UNSPSC:83101507,UNSPSC:83101510,UNSPSC:83120000,UNSPSC:86131700,UNSPSC:86132204,UNSPSC:86132205,UNSPSC:92121604",OPEN,CHANGE_CLASSIFICATION_CHANGED; MATCH_CLASSIFICATION_PRIMARY,https://canadabuys.canada.ca/en/tender-opportunities,HEALTHY,
alert_ef4d11fc94ac2dd1_infrastructure,canadabuys:cb-8405-78194265,CLASSIFICATION_CHANGED,MEDIUM,yes,infrastructure,75,GOOD,Industry Sustainment Business Case Analysis (SBCA) Workshop,Department of Public Works and Government Services (PSPC),Canada,canadabuys,,"UNSPSC:70171501,UNSPSC:70171602,UNSPSC:72101509,UNSPSC:72101517,UNSPSC:72150000,UNSPSC:72151000,UNSPSC:72151001,UNSPSC:72151003,UNSPSC:72151004,UNSPSC:72151006,UNSPSC:72151304,UNSPSC:72151307,UNSPSC:72153600,UNSPSC:72153614,UNSPSC:72153615,UNSPSC:72154100,UNSPSC:72154200,UNSPSC:72154300,UNSPSC:72154400,UNSPSC:72154500,UNSPSC:72154501,UNSPSC:72154502,UNSPSC:73151600,UNSPSC:73151700,UNSPSC:73152100,UNSPSC:73152101,UNSPSC:73152102,UNSPSC:73152103,UNSPSC:73152105,UNSPSC:73152106,UNSPSC:73152107,UNSPSC:73152108,UNSPSC:73152112,UNSPSC:73160000,UNSPSC:73161500,UNSPSC:73170000,UNSPSC:73171500,UNSPSC:73171600,UNSPSC:73181100,UNSPSC:73181200,UNSPSC:73181300,UNSPSC:73181900,UNSPSC:76100000,UNSPSC:76101500,UNSPSC:76101600,UNSPSC:76101602,UNSPSC:76101603,UNSPSC:76101604,UNSPSC:76111505,UNSPSC:76111602,UNSPSC:76111604,UNSPSC:76111605,UNSPSC:76120000,UNSPSC:76121600,UNSPSC:76121603,UNSPSC:76121900,UNSPSC:76121902,UNSPSC:76121904,UNSPSC:76122200,UNSPSC:76122300,UNSPSC:76130000,UNSPSC:76131600,UNSPSC:76131700,UNSPSC:77101500,UNSPSC:77101501,UNSPSC:77101900,UNSPSC:77121501,UNSPSC:77131500,UNSPSC:77131501,UNSPSC:77131502,UNSPSC:77131600,UNSPSC:77131601,UNSPSC:77141501,UNSPSC:78121600,UNSPSC:78130000,UNSPSC:78141701,UNSPSC:78141802,UNSPSC:78180000,UNSPSC:78181600,UNSPSC:78181601,UNSPSC:78181701,UNSPSC:78181800,UNSPSC:78181803,UNSPSC:78181804,UNSPSC:78181805,UNSPSC:78181806,UNSPSC:78181807,UNSPSC:78181808,UNSPSC:78181809,UNSPSC:78181810,UNSPSC:78181811,UNSPSC:78181812,UNSPSC:78181813,UNSPSC:78181814,UNSPSC:78181815,UNSPSC:78181816,UNSPSC:78181817,UNSPSC:78181818,UNSPSC:78181819,UNSPSC:78181820,UNSPSC:78181821,UNSPSC:78181822,UNSPSC:78181823,UNSPSC:78181824,UNSPSC:78181825,UNSPSC:78181826,UNSPSC:78181827,UNSPSC:78181828,UNSPSC:78181829,UNSPSC:78181830,UNSPSC:78181831,UNSPSC:78181832,UNSPSC:78181833,UNSPSC:78181834,UNSPSC:78181835,UNSPSC:78181836,UNSPSC:78181837,UNSPSC:78181838,UNSPSC:78181839,UNSPSC:78181840,UNSPSC:78181841,UNSPSC:78181900,UNSPSC:78181901,UNSPSC:78182000,UNSPSC:78182001,UNSPSC:78182002,UNSPSC:80100000,UNSPSC:80101500,UNSPSC:80101508,UNSPSC:80101509,UNSPSC:80101510,UNSPSC:80101513,UNSPSC:80101600,UNSPSC:80101601,UNSPSC:80101603,UNSPSC:80101604,UNSPSC:80101607,UNSPSC:80101704,UNSPSC:80101706,UNSPSC:80161700,UNSPSC:80171903,UNSPSC:80171905,UNSPSC:80171906,UNSPSC:81100000,UNSPSC:81101502,UNSPSC:81101505,UNSPSC:81101506,UNSPSC:81101529,UNSPSC:81101600,UNSPSC:81101606,UNSPSC:81101700,UNSPSC:81101701,UNSPSC:81101703,UNSPSC:81101711,UNSPSC:81101713,UNSPSC:81102300,UNSPSC:81102301,UNSPSC:81102700,UNSPSC:81111504,UNSPSC:81111800,UNSPSC:81111801,UNSPSC:81111802,UNSPSC:81111803,UNSPSC:81111804,UNSPSC:81111805,UNSPSC:81111806,UNSPSC:81111809,UNSPSC:81111810,UNSPSC:81111811,UNSPSC:81111814,UNSPSC:81111818,UNSPSC:81111819,UNSPSC:81111820,UNSPSC:81112003,UNSPSC:81112004,UNSPSC:81112007,UNSPSC:81112010,UNSPSC:81112200,UNSPSC:81112202,UNSPSC:81112203,UNSPSC:81112216,UNSPSC:81112217,UNSPSC:81112221,UNSPSC:81112300,UNSPSC:81112304,UNSPSC:81112305,UNSPSC:81112308,UNSPSC:81112309,UNSPSC:81141500,UNSPSC:81141501,UNSPSC:81141502,UNSPSC:81141503,UNSPSC:81141504,UNSPSC:81141506,UNSPSC:81141600,UNSPSC:81141601,UNSPSC:81141606,UNSPSC:81141901,UNSPSC:81141902,UNSPSC:81160000,UNSPSC:81161500,UNSPSC:81161501,UNSPSC:81161502,UNSPSC:81161503,UNSPSC:81161900,UNSPSC:81161901,UNSPSC:81161902,UNSPSC:81161903,UNSPSC:81162000,UNSPSC:81162001,UNSPSC:81162002,UNSPSC:81162003,UNSPSC:81162004,UNSPSC:81162005,UNSPSC:81162006,UNSPSC:81162007,UNSPSC:81162008,UNSPSC:81162009,UNSPSC:81162010,UNSPSC:81162100,UNSPSC:81162101,UNSPSC:81162102,UNSPSC:81162103,UNSPSC:81162104,UNSPSC:81162200,UNSPSC:81162201,UNSPSC:81162202,UNSPSC:81162203,UNSPSC:81162204,UNSPSC:81162300,UNSPSC:81162301,UNSPSC:81162302,UNSPSC:81162303,UNSPSC:81162304,UNSPSC:81162305,UNSPSC:81162306,UNSPSC:81162307,UNSPSC:81162308,UNSPSC:81162309,UNSPSC:81162310,UNSPSC:82110000,UNSPSC:82111500,UNSPSC:82111501,UNSPSC:82111502,UNSPSC:82111503,UNSPSC:82111804,UNSPSC:83101501,UNSPSC:83101502,UNSPSC:83101503,UNSPSC:83101504,UNSPSC:83101506,UNSPSC:83101507,UNSPSC:83101510,UNSPSC:83120000,UNSPSC:86131700,UNSPSC:86132204,UNSPSC:86132205,UNSPSC:92121604",OPEN,CHANGE_CLASSIFICATION_CHANGED; MATCH_CLASSIFICATION_PRIMARY,https://canadabuys.canada.ca/en/tender-opportunities,HEALTHY,
alert_ef4d11fc94ac2dd1_logistics,canadabuys:cb-8405-78194265,CLASSIFICATION_CHANGED,MEDIUM,yes,logistics,75,GOOD,Industry Sustainment Business Case Analysis (SBCA) Workshop,Department of Public Works and Government Services (PSPC),Canada,canadabuys,,"UNSPSC:70171501,UNSPSC:70171602,UNSPSC:72101509,UNSPSC:72101517,UNSPSC:72150000,UNSPSC:72151000,UNSPSC:72151001,UNSPSC:72151003,UNSPSC:72151004,UNSPSC:72151006,UNSPSC:72151304,UNSPSC:72151307,UNSPSC:72153600,UNSPSC:72153614,UNSPSC:72153615,UNSPSC:72154100,UNSPSC:72154200,UNSPSC:72154300,UNSPSC:72154400,UNSPSC:72154500,UNSPSC:72154501,UNSPSC:72154502,UNSPSC:73151600,UNSPSC:73151700,UNSPSC:73152100,UNSPSC:73152101,UNSPSC:73152102,UNSPSC:73152103,UNSPSC:73152105,UNSPSC:73152106,UNSPSC:73152107,UNSPSC:73152108,UNSPSC:73152112,UNSPSC:73160000,UNSPSC:73161500,UNSPSC:73170000,UNSPSC:73171500,UNSPSC:73171600,UNSPSC:73181100,UNSPSC:73181200,UNSPSC:73181300,UNSPSC:73181900,UNSPSC:76100000,UNSPSC:76101500,UNSPSC:76101600,UNSPSC:76101602,UNSPSC:76101603,UNSPSC:76101604,UNSPSC:76111505,UNSPSC:76111602,UNSPSC:76111604,UNSPSC:76111605,UNSPSC:76120000,UNSPSC:76121600,UNSPSC:76121603,UNSPSC:76121900,UNSPSC:76121902,UNSPSC:76121904,UNSPSC:76122200,UNSPSC:76122300,UNSPSC:76130000,UNSPSC:76131600,UNSPSC:76131700,UNSPSC:77101500,UNSPSC:77101501,UNSPSC:77101900,UNSPSC:77121501,UNSPSC:77131500,UNSPSC:77131501,UNSPSC:77131502,UNSPSC:77131600,UNSPSC:77131601,UNSPSC:77141501,UNSPSC:78121600,UNSPSC:78130000,UNSPSC:78141701,UNSPSC:78141802,UNSPSC:78180000,UNSPSC:78181600,UNSPSC:78181601,UNSPSC:78181701,UNSPSC:78181800,UNSPSC:78181803,UNSPSC:78181804,UNSPSC:78181805,UNSPSC:78181806,UNSPSC:78181807,UNSPSC:78181808,UNSPSC:78181809,UNSPSC:78181810,UNSPSC:78181811,UNSPSC:78181812,UNSPSC:78181813,UNSPSC:78181814,UNSPSC:78181815,UNSPSC:78181816,UNSPSC:78181817,UNSPSC:78181818,UNSPSC:78181819,UNSPSC:78181820,UNSPSC:78181821,UNSPSC:78181822,UNSPSC:78181823,UNSPSC:78181824,UNSPSC:78181825,UNSPSC:78181826,UNSPSC:78181827,UNSPSC:78181828,UNSPSC:78181829,UNSPSC:78181830,UNSPSC:78181831,UNSPSC:78181832,UNSPSC:78181833,UNSPSC:78181834,UNSPSC:78181835,UNSPSC:78181836,UNSPSC:78181837,UNSPSC:78181838,UNSPSC:78181839,UNSPSC:78181840,UNSPSC:78181841,UNSPSC:78181900,UNSPSC:78181901,UNSPSC:78182000,UNSPSC:78182001,UNSPSC:78182002,UNSPSC:80100000,UNSPSC:80101500,UNSPSC:80101508,UNSPSC:80101509,UNSPSC:80101510,UNSPSC:80101513,UNSPSC:80101600,UNSPSC:80101601,UNSPSC:80101603,UNSPSC:80101604,UNSPSC:80101607,UNSPSC:80101704,UNSPSC:80101706,UNSPSC:80161700,UNSPSC:80171903,UNSPSC:80171905,UNSPSC:80171906,UNSPSC:81100000,UNSPSC:81101502,UNSPSC:81101505,UNSPSC:81101506,UNSPSC:81101529,UNSPSC:81101600,UNSPSC:81101606,UNSPSC:81101700,UNSPSC:81101701,UNSPSC:81101703,UNSPSC:81101711,UNSPSC:81101713,UNSPSC:81102300,UNSPSC:81102301,UNSPSC:81102700,UNSPSC:81111504,UNSPSC:81111800,UNSPSC:81111801,UNSPSC:81111802,UNSPSC:81111803,UNSPSC:81111804,UNSPSC:81111805,UNSPSC:81111806,UNSPSC:81111809,UNSPSC:81111810,UNSPSC:81111811,UNSPSC:81111814,UNSPSC:81111818,UNSPSC:81111819,UNSPSC:81111820,UNSPSC:81112003,UNSPSC:81112004,UNSPSC:81112007,UNSPSC:81112010,UNSPSC:81112200,UNSPSC:81112202,UNSPSC:81112203,UNSPSC:81112216,UNSPSC:81112217,UNSPSC:81112221,UNSPSC:81112300,UNSPSC:81112304,UNSPSC:81112305,UNSPSC:81112308,UNSPSC:81112309,UNSPSC:81141500,UNSPSC:81141501,UNSPSC:81141502,UNSPSC:81141503,UNSPSC:81141504,UNSPSC:81141506,UNSPSC:81141600,UNSPSC:81141601,UNSPSC:81141606,UNSPSC:81141901,UNSPSC:81141902,UNSPSC:81160000,UNSPSC:81161500,UNSPSC:81161501,UNSPSC:81161502,UNSPSC:81161503,UNSPSC:81161900,UNSPSC:81161901,UNSPSC:81161902,UNSPSC:81161903,UNSPSC:81162000,UNSPSC:81162001,UNSPSC:81162002,UNSPSC:81162003,UNSPSC:81162004,UNSPSC:81162005,UNSPSC:81162006,UNSPSC:81162007,UNSPSC:81162008,UNSPSC:81162009,UNSPSC:81162010,UNSPSC:81162100,UNSPSC:81162101,UNSPSC:81162102,UNSPSC:81162103,UNSPSC:81162104,UNSPSC:81162200,UNSPSC:81162201,UNSPSC:81162202,UNSPSC:81162203,UNSPSC:81162204,UNSPSC:81162300,UNSPSC:81162301,UNSPSC:81162302,UNSPSC:81162303,UNSPSC:81162304,UNSPSC:81162305,UNSPSC:81162306,UNSPSC:81162307,UNSPSC:81162308,UNSPSC:81162309,UNSPSC:81162310,UNSPSC:82110000,UNSPSC:82111500,UNSPSC:82111501,UNSPSC:82111502,UNSPSC:82111503,UNSPSC:82111804,UNSPSC:83101501,UNSPSC:83101502,UNSPSC:83101503,UNSPSC:83101504,UNSPSC:83101506,UNSPSC:83101507,UNSPSC:83101510,UNSPSC:83120000,UNSPSC:86131700,UNSPSC:86132204,UNSPSC:86132205,UNSPSC:92121604",OPEN,CHANGE_CLASSIFICATION_CHANGED; MATCH_CLASSIFICATION_PRIMARY,https://canadabuys.canada.ca/en/tender-opportunities,HEALTHY,
alert_ef4d11fc94ac2dd1_professional-services,canadabuys:cb-8405-78194265,CLASSIFICATION_CHANGED,MEDIUM,yes,professional-services,75,GOOD,Industry Sustainment Business Case Analysis (SBCA) Workshop,Department of Public Works and Government Services (PSPC),Canada,canadabuys,,"UNSPSC:70171501,UNSPSC:70171602,UNSPSC:72101509,UNSPSC:72101517,UNSPSC:72150000,UNSPSC:72151000,UNSPSC:72151001,UNSPSC:72151003,UNSPSC:72151004,UNSPSC:72151006,UNSPSC:72151304,UNSPSC:72151307,UNSPSC:72153600,UNSPSC:72153614,UNSPSC:72153615,UNSPSC:72154100,UNSPSC:72154200,UNSPSC:72154300,UNSPSC:72154400,UNSPSC:72154500,UNSPSC:72154501,UNSPSC:72154502,UNSPSC:73151600,UNSPSC:73151700,UNSPSC:73152100,UNSPSC:73152101,UNSPSC:73152102,UNSPSC:73152103,UNSPSC:73152105,UNSPSC:73152106,UNSPSC:73152107,UNSPSC:73152108,UNSPSC:73152112,UNSPSC:73160000,UNSPSC:73161500,UNSPSC:73170000,UNSPSC:73171500,UNSPSC:73171600,UNSPSC:73181100,UNSPSC:73181200,UNSPSC:73181300,UNSPSC:73181900,UNSPSC:76100000,UNSPSC:76101500,UNSPSC:76101600,UNSPSC:76101602,UNSPSC:76101603,UNSPSC:76101604,UNSPSC:76111505,UNSPSC:76111602,UNSPSC:76111604,UNSPSC:76111605,UNSPSC:76120000,UNSPSC:76121600,UNSPSC:76121603,UNSPSC:76121900,UNSPSC:76121902,UNSPSC:76121904,UNSPSC:76122200,UNSPSC:76122300,UNSPSC:76130000,UNSPSC:76131600,UNSPSC:76131700,UNSPSC:77101500,UNSPSC:77101501,UNSPSC:77101900,UNSPSC:77121501,UNSPSC:77131500,UNSPSC:77131501,UNSPSC:77131502,UNSPSC:77131600,UNSPSC:77131601,UNSPSC:77141501,UNSPSC:78121600,UNSPSC:78130000,UNSPSC:78141701,UNSPSC:78141802,UNSPSC:78180000,UNSPSC:78181600,UNSPSC:78181601,UNSPSC:78181701,UNSPSC:78181800,UNSPSC:78181803,UNSPSC:78181804,UNSPSC:78181805,UNSPSC:78181806,UNSPSC:78181807,UNSPSC:78181808,UNSPSC:78181809,UNSPSC:78181810,UNSPSC:78181811,UNSPSC:78181812,UNSPSC:78181813,UNSPSC:78181814,UNSPSC:78181815,UNSPSC:78181816,UNSPSC:78181817,UNSPSC:78181818,UNSPSC:78181819,UNSPSC:78181820,UNSPSC:78181821,UNSPSC:78181822,UNSPSC:78181823,UNSPSC:78181824,UNSPSC:78181825,UNSPSC:78181826,UNSPSC:78181827,UNSPSC:78181828,UNSPSC:78181829,UNSPSC:78181830,UNSPSC:78181831,UNSPSC:78181832,UNSPSC:78181833,UNSPSC:78181834,UNSPSC:78181835,UNSPSC:78181836,UNSPSC:78181837,UNSPSC:78181838,UNSPSC:78181839,UNSPSC:78181840,UNSPSC:78181841,UNSPSC:78181900,UNSPSC:78181901,UNSPSC:78182000,UNSPSC:78182001,UNSPSC:78182002,UNSPSC:80100000,UNSPSC:80101500,UNSPSC:80101508,UNSPSC:80101509,UNSPSC:80101510,UNSPSC:80101513,UNSPSC:80101600,UNSPSC:80101601,UNSPSC:80101603,UNSPSC:80101604,UNSPSC:80101607,UNSPSC:80101704,UNSPSC:80101706,UNSPSC:80161700,UNSPSC:80171903,UNSPSC:80171905,UNSPSC:80171906,UNSPSC:81100000,UNSPSC:81101502,UNSPSC:81101505,UNSPSC:81101506,UNSPSC:81101529,UNSPSC:81101600,UNSPSC:81101606,UNSPSC:81101700,UNSPSC:81101701,UNSPSC:81101703,UNSPSC:81101711,UNSPSC:81101713,UNSPSC:81102300,UNSPSC:81102301,UNSPSC:81102700,UNSPSC:81111504,UNSPSC:81111800,UNSPSC:81111801,UNSPSC:81111802,UNSPSC:81111803,UNSPSC:81111804,UNSPSC:81111805,UNSPSC:81111806,UNSPSC:81111809,UNSPSC:81111810,UNSPSC:81111811,UNSPSC:81111814,UNSPSC:81111818,UNSPSC:81111819,UNSPSC:81111820,UNSPSC:81112003,UNSPSC:81112004,UNSPSC:81112007,UNSPSC:81112010,UNSPSC:81112200,UNSPSC:81112202,UNSPSC:81112203,UNSPSC:81112216,UNSPSC:81112217,UNSPSC:81112221,UNSPSC:81112300,UNSPSC:81112304,UNSPSC:81112305,UNSPSC:81112308,UNSPSC:81112309,UNSPSC:81141500,UNSPSC:81141501,UNSPSC:81141502,UNSPSC:81141503,UNSPSC:81141504,UNSPSC:81141506,UNSPSC:81141600,UNSPSC:81141601,UNSPSC:81141606,UNSPSC:81141901,UNSPSC:81141902,UNSPSC:81160000,UNSPSC:81161500,UNSPSC:81161501,UNSPSC:81161502,UNSPSC:81161503,UNSPSC:81161900,UNSPSC:81161901,UNSPSC:81161902,UNSPSC:81161903,UNSPSC:81162000,UNSPSC:81162001,UNSPSC:81162002,UNSPSC:81162003,UNSPSC:81162004,UNSPSC:81162005,UNSPSC:81162006,UNSPSC:81162007,UNSPSC:81162008,UNSPSC:81162009,UNSPSC:81162010,UNSPSC:81162100,UNSPSC:81162101,UNSPSC:81162102,UNSPSC:81162103,UNSPSC:81162104,UNSPSC:81162200,UNSPSC:81162201,UNSPSC:81162202,UNSPSC:81162203,UNSPSC:81162204,UNSPSC:81162300,UNSPSC:81162301,UNSPSC:81162302,UNSPSC:81162303,UNSPSC:81162304,UNSPSC:81162305,UNSPSC:81162306,UNSPSC:81162307,UNSPSC:81162308,UNSPSC:81162309,UNSPSC:81162310,UNSPSC:82110000,UNSPSC:82111500,UNSPSC:82111501,UNSPSC:82111502,UNSPSC:82111503,UNSPSC:82111804,UNSPSC:83101501,UNSPSC:83101502,UNSPSC:83101503,UNSPSC:83101504,UNSPSC:83101506,UNSPSC:83101507,UNSPSC:83101510,UNSPSC:83120000,UNSPSC:86131700,UNSPSC:86132204,UNSPSC:86132205,UNSPSC:92121604",OPEN,CHANGE_CLASSIFICATION_CHANGED; MATCH_CLASSIFICATION_PRIMARY,https://canadabuys.canada.ca/en/tender-opportunities,HEALTHY,
alert_efeaddc0e735af1b_manufacturer,canadabuys:cb-284-50449131,CLASSIFICATION_CHANGED,MEDIUM,yes,manufacturer,75,GOOD,Oxygen Generator Assembly,Department of National Defence (DND),Canada,canadabuys,,"UNSPSC:25200000,UNSPSC:25202607,UNSPSC:47101513",OPEN,CHANGE_CLASSIFICATION_CHANGED; MATCH_CLASSIFICATION_PRIMARY,https://canadabuys.canada.ca/en/tender-opportunities,HEALTHY,
alert_effc038da9f5557d_manufacturer,canadabuys:ws5444434034-doc5447958569,CLASSIFICATION_CHANGED,MEDIUM,yes,manufacturer,75,GOOD,RFP W3027-254018 Crew Cab Truck Toppers,Department of Public Works and Government Services (PSPC),Canada,canadabuys,,"UNSPSC:25172100,UNSPSC:25172200",OPEN,CHANGE_CLASSIFICATION_CHANGED; MATCH_CLASSIFICATION_PRIMARY,https://discovery.ariba.com/rfx/23579099?extsite=MjM1NzkwOTlfQU4wMTQ4NDA1MDk5Mg==,HEALTHY,
alert_f0bfe91d6ae83e62_engineering,canadabuys:cb-815-84674557,CLASSIFICATION_CHANGED,MEDIUM,yes,engineering,75,GOOD,Retender - TSPS Customer Relationship Manager (CRM) Specialist,Canada Energy Regulator (CER),Canada,canadabuys,,UNSPSC:81112212,OPEN,CHANGE_CLASSIFICATION_CHANGED; MATCH_CLASSIFICATION_PRIMARY,https://canadabuys.canada.ca/en/tender-opportunities,HEALTHY,
alert_f0bfe91d6ae83e62_infrastructure,canadabuys:cb-815-84674557,CLASSIFICATION_CHANGED,MEDIUM,yes,infrastructure,75,GOOD,Retender - TSPS Customer Relationship Manager (CRM) Specialist,Canada Energy Regulator (CER),Canada,canadabuys,,UNSPSC:81112212,OPEN,CHANGE_CLASSIFICATION_CHANGED; MATCH_CLASSIFICATION_PRIMARY,https://canadabuys.canada.ca/en/tender-opportunities,HEALTHY,
alert_f1a75da76db4fcf4_energy,canadabuys:cb-22-69441666,CLASSIFICATION_CHANGED,MEDIUM,yes,energy,75,GOOD,"Coupling,Shaft,Flexible; Pump Unit,Rotary; Pump,Rotary",Department of National Defence (DND),Canada,canadabuys,,"UNSPSC:26111510,UNSPSC:40151500",OPEN,CHANGE_CLASSIFICATION_CHANGED; MATCH_CLASSIFICATION_PRIMARY,https://canadabuys.canada.ca/en/tender-opportunities,HEALTHY,
alert_f1a75da76db4fcf4_industrial-supplier,canadabuys:cb-22-69441666,CLASSIFICATION_CHANGED,MEDIUM,yes,industrial-supplier,75,GOOD,"Coupling,Shaft,Flexible; Pump Unit,Rotary; Pump,Rotary",Department of National Defence (DND),Canada,canadabuys,,"UNSPSC:26111510,UNSPSC:40151500",OPEN,CHANGE_CLASSIFICATION_CHANGED; MATCH_CLASSIFICATION_PRIMARY,https://canadabuys.canada.ca/en/tender-opportunities,HEALTHY,
alert_f1a75da76db4fcf4_manufacturer,canadabuys:cb-22-69441666,CLASSIFICATION_CHANGED,MEDIUM,yes,manufacturer,75,GOOD,"Coupling,Shaft,Flexible; Pump Unit,Rotary; Pump,Rotary",Department of National Defence (DND),Canada,canadabuys,,"UNSPSC:26111510,UNSPSC:40151500",OPEN,CHANGE_CLASSIFICATION_CHANGED; MATCH_CLASSIFICATION_PRIMARY,https://canadabuys.canada.ca/en/tender-opportunities,HEALTHY,
alert_f236dcf2d0099387_manufacturer,canadabuys:ws5076037717-doc5474154676,CLASSIFICATION_CHANGED,MEDIUM,yes,manufacturer,75,GOOD,VR7 ARMOURED SPORTS UTILITY VEHICLES SUPPLY ARRANGEMENT,Department of Public Works and Government Services (PSPC),Canada,canadabuys,,UNSPSC:25101510,OPEN,CHANGE_CLASSIFICATION_CHANGED; MATCH_CLASSIFICATION_PRIMARY,https://portal.us.bn.cloud.ariba.com/dashboard/public/appext/comsapsbncdiscoveryui#/RfxEvent/preview/1110012248?anId=ANONYMOUS,HEALTHY,
alert_f3c7a7f65405a52b_construction,canadabuys:ws5799436016-doc5800738925,CLASSIFICATION_CHANGED,MEDIUM,yes,construction,75,GOOD,Vehicle Scanning Facility and South Drive – Asphalt Repair,Department of Public Works and Government Services (PSPC),Canada,canadabuys,,"UNSPSC:72000000,UNSPSC:72141100",OPEN,CHANGE_CLASSIFICATION_CHANGED; MATCH_CLASSIFICATION_PRIMARY,https://canadabuys.canada.ca/en/tender-opportunities,HEALTHY,
alert_f3c7a7f65405a52b_infrastructure,canadabuys:ws5799436016-doc5800738925,CLASSIFICATION_CHANGED,MEDIUM,yes,infrastructure,75,GOOD,Vehicle Scanning Facility and South Drive – Asphalt Repair,Department of Public Works and Government Services (PSPC),Canada,canadabuys,,"UNSPSC:72000000,UNSPSC:72141100",OPEN,CHANGE_CLASSIFICATION_CHANGED; MATCH_CLASSIFICATION_PRIMARY,https://canadabuys.canada.ca/en/tender-opportunities,HEALTHY,
alert_f417bda65432da5a_energy,canadabuys:ws5481091541-doc5481343507,CLASSIFICATION_CHANGED,MEDIUM,yes,energy,75,GOOD,RFI W8476226540A Deployable Camp Infrastructure and Utilities Systems (Camp Sustain),Department of Public Works and Government Services (PSPC),Canada,canadabuys,,"UNSPSC:24110000,UNSPSC:24111803,UNSPSC:24111808,UNSPSC:24111810,UNSPSC:26000000,UNSPSC:26110000,UNSPSC:39000000,UNSPSC:40100000,UNSPSC:47121700,UNSPSC:49121503,UNSPSC:56111901,UNSPSC:56112205,UNSPSC:76121600,UNSPSC:76121701,UNSPSC:95130000,UNSPSC:95131700,UNSPSC:95140000",OPEN,CHANGE_CLASSIFICATION_CHANGED; MATCH_CLASSIFICATION_PRIMARY,https://discovery.ariba.com/rfx/23624522?extsite=MjM2MjQ1MjJfQU4wMTQ4NDA1MDk5Mg==,HEALTHY,
alert_f417bda65432da5a_industrial-supplier,canadabuys:ws5481091541-doc5481343507,CLASSIFICATION_CHANGED,MEDIUM,yes,industrial-supplier,75,GOOD,RFI W8476226540A Deployable Camp Infrastructure and Utilities Systems (Camp Sustain),Department of Public Works and Government Services (PSPC),Canada,canadabuys,,"UNSPSC:24110000,UNSPSC:24111803,UNSPSC:24111808,UNSPSC:24111810,UNSPSC:26000000,UNSPSC:26110000,UNSPSC:39000000,UNSPSC:40100000,UNSPSC:47121700,UNSPSC:49121503,UNSPSC:56111901,UNSPSC:56112205,UNSPSC:76121600,UNSPSC:76121701,UNSPSC:95130000,UNSPSC:95131700,UNSPSC:95140000",OPEN,CHANGE_CLASSIFICATION_CHANGED; MATCH_CLASSIFICATION_PRIMARY,https://discovery.ariba.com/rfx/23624522?extsite=MjM2MjQ1MjJfQU4wMTQ4NDA1MDk5Mg==,HEALTHY,
alert_f417bda65432da5a_manufacturer,canadabuys:ws5481091541-doc5481343507,CLASSIFICATION_CHANGED,MEDIUM,yes,manufacturer,75,GOOD,RFI W8476226540A Deployable Camp Infrastructure and Utilities Systems (Camp Sustain),Department of Public Works and Government Services (PSPC),Canada,canadabuys,,"UNSPSC:24110000,UNSPSC:24111803,UNSPSC:24111808,UNSPSC:24111810,UNSPSC:26000000,UNSPSC:26110000,UNSPSC:39000000,UNSPSC:40100000,UNSPSC:47121700,UNSPSC:49121503,UNSPSC:56111901,UNSPSC:56112205,UNSPSC:76121600,UNSPSC:76121701,UNSPSC:95130000,UNSPSC:95131700,UNSPSC:95140000",OPEN,CHANGE_CLASSIFICATION_CHANGED; MATCH_CLASSIFICATION_PRIMARY,https://discovery.ariba.com/rfx/23624522?extsite=MjM2MjQ1MjJfQU4wMTQ4NDA1MDk5Mg==,HEALTHY,
alert_f4895ec7326e6b0a_construction,canadabuys:ws5802826733-doc5802879901,CLASSIFICATION_CHANGED,MEDIUM,yes,construction,75,GOOD,West Escarpment Wall and Hardscaping,Department of Public Works and Government Services (PSPC),Canada,canadabuys,,UNSPSC:72000000,OPEN,CHANGE_CLASSIFICATION_CHANGED; MATCH_CLASSIFICATION_PRIMARY,https://canadabuys.canada.ca/en/tender-opportunities,HEALTHY,
alert_f4895ec7326e6b0a_infrastructure,canadabuys:ws5802826733-doc5802879901,CLASSIFICATION_CHANGED,MEDIUM,yes,infrastructure,75,GOOD,West Escarpment Wall and Hardscaping,Department of Public Works and Government Services (PSPC),Canada,canadabuys,,UNSPSC:72000000,OPEN,CHANGE_CLASSIFICATION_CHANGED; MATCH_CLASSIFICATION_PRIMARY,https://canadabuys.canada.ca/en/tender-opportunities,HEALTHY,
alert_f49d1c6fc6710c46_manufacturer,canadabuys:ws5780444212-doc5780456082,CLASSIFICATION_CHANGED,MEDIUM,yes,manufacturer,75,GOOD,W8493-260018 Repair and Overhaul of engine series PW207D PN PCE-BL0521,Department of Public Works and Government Services (PSPC),Canada,canadabuys,,UNSPSC:25200000,OPEN,CHANGE_CLASSIFICATION_CHANGED; MATCH_CLASSIFICATION_PRIMARY,https://portal.us.bn.cloud.ariba.com/dashboard/public/appext/comsapsbncdiscoveryui#/RfxEvent/preview/1110017881?anId=ANONYMOUS,HEALTHY,
alert_f522e38930967de3_construction,canadabuys:cb-673-31495565,CLASSIFICATION_CHANGED,MEDIUM,yes,construction,75,GOOD,Visitors Center Roof Replacement - Skmaqn-Port-la-Joye-Fort Amherst National Historic Site,Parks Canada Agency (PC),Canada,canadabuys,,"UNSPSC:72101601,UNSPSC:72152601",OPEN,CHANGE_CLASSIFICATION_CHANGED; MATCH_CLASSIFICATION_PRIMARY,https://canadabuys.canada.ca/en/tender-opportunities,HEALTHY,
alert_f522e38930967de3_infrastructure,canadabuys:cb-673-31495565,CLASSIFICATION_CHANGED,MEDIUM,yes,infrastructure,75,GOOD,Visitors Center Roof Replacement - Skmaqn-Port-la-Joye-Fort Amherst National Historic Site,Parks Canada Agency (PC),Canada,canadabuys,,"UNSPSC:72101601,UNSPSC:72152601",OPEN,CHANGE_CLASSIFICATION_CHANGED; MATCH_CLASSIFICATION_PRIMARY,https://canadabuys.canada.ca/en/tender-opportunities,HEALTHY,
alert_f57a1b1d7b674430_engineering,canadabuys:cb-664-33633520,CLASSIFICATION_CHANGED,MEDIUM,yes,engineering,75,GOOD,Route survey and seabed mapping services,Department of National Defence (DND),Canada,canadabuys,,"UNSPSC:70171504,UNSPSC:81151601",OPEN,CHANGE_CLASSIFICATION_CHANGED; MATCH_CLASSIFICATION_PRIMARY,https://canadabuys.canada.ca/en/tender-opportunities,HEALTHY,
alert_f57a1b1d7b674430_infrastructure,canadabuys:cb-664-33633520,CLASSIFICATION_CHANGED,MEDIUM,yes,infrastructure,75,GOOD,Route survey and seabed mapping services,Department of National Defence (DND),Canada,canadabuys,,"UNSPSC:70171504,UNSPSC:81151601",OPEN,CHANGE_CLASSIFICATION_CHANGED; MATCH_CLASSIFICATION_PRIMARY,https://canadabuys.canada.ca/en/tender-opportunities,HEALTHY,
alert_f6919284880ed9a1_b2b-saas,canadabuys:cb-482-48849231,CLASSIFICATION_CHANGED,MEDIUM,yes,b2b-saas,75,GOOD,Inverters,Royal Canadian Mounted Police (RCMP),Canada,canadabuys,,UNSPSC:43190000,OPEN,CHANGE_CLASSIFICATION_CHANGED; MATCH_CLASSIFICATION_PRIMARY,https://canadabuys.canada.ca/en/tender-opportunities,HEALTHY,
alert_f6919284880ed9a1_it-software,canadabuys:cb-482-48849231,CLASSIFICATION_CHANGED,MEDIUM,yes,it-software,75,GOOD,Inverters,Royal Canadian Mounted Police (RCMP),Canada,canadabuys,,UNSPSC:43190000,OPEN,CHANGE_CLASSIFICATION_CHANGED; MATCH_CLASSIFICATION_PRIMARY,https://canadabuys.canada.ca/en/tender-opportunities,HEALTHY,
alert_f6919284880ed9a1_telecom,canadabuys:cb-482-48849231,CLASSIFICATION_CHANGED,MEDIUM,yes,telecom,75,GOOD,Inverters,Royal Canadian Mounted Police (RCMP),Canada,canadabuys,,UNSPSC:43190000,OPEN,CHANGE_CLASSIFICATION_CHANGED; MATCH_CLASSIFICATION_PRIMARY,https://canadabuys.canada.ca/en/tender-opportunities,HEALTHY,
alert_f6b8be272574c84b_construction,canadabuys:cb-865-53597242,CLASSIFICATION_CHANGED,MEDIUM,yes,construction,75,GOOD,Installation Services – NCR – CORCAN,Correctional Service of Canada (CSC),Canada,canadabuys,,UNSPSC:72153606,OPEN,CHANGE_CLASSIFICATION_CHANGED; MATCH_CLASSIFICATION_PRIMARY,https://canadabuys.canada.ca/en/tender-opportunities,HEALTHY,
alert_f6b8be272574c84b_infrastructure,canadabuys:cb-865-53597242,CLASSIFICATION_CHANGED,MEDIUM,yes,infrastructure,75,GOOD,Installation Services – NCR – CORCAN,Correctional Service of Canada (CSC),Canada,canadabuys,,UNSPSC:72153606,OPEN,CHANGE_CLASSIFICATION_CHANGED; MATCH_CLASSIFICATION_PRIMARY,https://canadabuys.canada.ca/en/tender-opportunities,HEALTHY,
alert_f7144c1979ab2484_industrial-supplier,canadabuys:cb-916-90010998,CLASSIFICATION_CHANGED,MEDIUM,yes,industrial-supplier,75,GOOD,4 Door Secure Stackable Container,Royal Canadian Mounted Police (RCMP),Canada,canadabuys,,"UNSPSC:24112400,UNSPSC:24112800",OPEN,CHANGE_CLASSIFICATION_CHANGED; MATCH_CLASSIFICATION_PRIMARY,https://canadabuys.canada.ca/en/tender-opportunities,HEALTHY,
alert_f7144c1979ab2484_manufacturer,canadabuys:cb-916-90010998,CLASSIFICATION_CHANGED,MEDIUM,yes,manufacturer,75,GOOD,4 Door Secure Stackable Container,Royal Canadian Mounted Police (RCMP),Canada,canadabuys,,"UNSPSC:24112400,UNSPSC:24112800",OPEN,CHANGE_CLASSIFICATION_CHANGED; MATCH_CLASSIFICATION_PRIMARY,https://canadabuys.canada.ca/en/tender-opportunities,HEALTHY,
alert_f78d88f5ccd292b4_engineering,canadabuys:ws3501721826-doc5409411632,CLASSIFICATION_CHANGED,MEDIUM,yes,engineering,75,GOOD,W6369-22P5NW - E60PI-23SSAD - Space Situational Awareness Data - FRANCE,Department of Public Works and Government Services (PSPC),Canada,canadabuys,,"UNSPSC:81111902,UNSPSC:81151605",OPEN,CHANGE_CLASSIFICATION_CHANGED; MATCH_CLASSIFICATION_PRIMARY,https://canadabuys.canada.ca/en/tender-opportunities,HEALTHY,
alert_f78d88f5ccd292b4_infrastructure,canadabuys:ws3501721826-doc5409411632,CLASSIFICATION_CHANGED,MEDIUM,yes,infrastructure,75,GOOD,W6369-22P5NW - E60PI-23SSAD - Space Situational Awareness Data - FRANCE,Department of Public Works and Government Services (PSPC),Canada,canadabuys,,"UNSPSC:81111902,UNSPSC:81151605",OPEN,CHANGE_CLASSIFICATION_CHANGED; MATCH_CLASSIFICATION_PRIMARY,https://canadabuys.canada.ca/en/tender-opportunities,HEALTHY,
alert_f8f797398e53796d_manufacturer,canadabuys:ws5799392841-doc5814790768,CLASSIFICATION_CHANGED,MEDIUM,yes,manufacturer,75,GOOD,Medium Truck with Landscape Dump Body,Department of Public Works and Government Services (PSPC),Canada,canadabuys,,UNSPSC:25101601,OPEN,CHANGE_CLASSIFICATION_CHANGED; MATCH_CLASSIFICATION_PRIMARY,https://portal.us.bn.cloud.ariba.com/dashboard/public/appext/comsapsbncdiscoveryui#/RfxEvent/preview/1110020391?anId=ANONYMOUS,HEALTHY,
alert_f91898d5cbbaca18_manufacturer,canadabuys:ws4095676068-doc4095807190,CLASSIFICATION_CHANGED,MEDIUM,yes,manufacturer,75,GOOD,"Buses, Electric RFSA",Department of Public Works and Government Services (PSPC),Canada,canadabuys,,UNSPSC:25101502,OPEN,CHANGE_CLASSIFICATION_CHANGED; MATCH_CLASSIFICATION_PRIMARY,https://portal.us.bn.cloud.ariba.com/dashboard/public/appext/comsapsbncdiscoveryui#/RfxEvent/preview/16850967?anId=ANONYMOUS,HEALTHY,
alert_f94f8c2e2e552e0a_construction,canadabuys:ws5723492264-doc5725052875,CLASSIFICATION_CHANGED,MEDIUM,yes,construction,75,GOOD,"EA007-261787 - PFAS Water Treatment - Torbay, NL",Department of Public Works and Government Services (PSPC),Canada,canadabuys,,"UNSPSC:22000000,UNSPSC:30000000,UNSPSC:47100000,UNSPSC:47101500,UNSPSC:47101600,UNSPSC:72101510,UNSPSC:72110000,UNSPSC:72151100,UNSPSC:83101506",OPEN,CHANGE_CLASSIFICATION_CHANGED; MATCH_CLASSIFICATION_PRIMARY,https://portal.us.bn.cloud.ariba.com/dashboard/public/appext/comsapsbncdiscoveryui#/RfxEvent/preview/1110017519?anId=ANONYMOUS,HEALTHY,
alert_f94f8c2e2e552e0a_industrial-supplier,canadabuys:ws5723492264-doc5725052875,CLASSIFICATION_CHANGED,MEDIUM,yes,industrial-supplier,75,GOOD,"EA007-261787 - PFAS Water Treatment - Torbay, NL",Department of Public Works and Government Services (PSPC),Canada,canadabuys,,"UNSPSC:22000000,UNSPSC:30000000,UNSPSC:47100000,UNSPSC:47101500,UNSPSC:47101600,UNSPSC:72101510,UNSPSC:72110000,UNSPSC:72151100,UNSPSC:83101506",OPEN,CHANGE_CLASSIFICATION_CHANGED; MATCH_CLASSIFICATION_PRIMARY,https://portal.us.bn.cloud.ariba.com/dashboard/public/appext/comsapsbncdiscoveryui#/RfxEvent/preview/1110017519?anId=ANONYMOUS,HEALTHY,
alert_f94f8c2e2e552e0a_infrastructure,canadabuys:ws5723492264-doc5725052875,CLASSIFICATION_CHANGED,MEDIUM,yes,infrastructure,75,GOOD,"EA007-261787 - PFAS Water Treatment - Torbay, NL",Department of Public Works and Government Services (PSPC),Canada,canadabuys,,"UNSPSC:22000000,UNSPSC:30000000,UNSPSC:47100000,UNSPSC:47101500,UNSPSC:47101600,UNSPSC:72101510,UNSPSC:72110000,UNSPSC:72151100,UNSPSC:83101506",OPEN,CHANGE_CLASSIFICATION_CHANGED; MATCH_CLASSIFICATION_PRIMARY,https://portal.us.bn.cloud.ariba.com/dashboard/public/appext/comsapsbncdiscoveryui#/RfxEvent/preview/1110017519?anId=ANONYMOUS,HEALTHY,
alert_f9695f3c3ec639f8_professional-services,canadabuys:cb-12-78921757,CLASSIFICATION_CHANGED,MEDIUM,yes,professional-services,75,GOOD,"Media Relations and Public Relations Services, Business Events",Destination Canada (DC),Canada,canadabuys,,"UNSPSC:80170000,UNSPSC:80171503,UNSPSC:80171800,UNSPSC:80171802",OPEN,CHANGE_CLASSIFICATION_CHANGED; MATCH_CLASSIFICATION_PRIMARY,https://canadabuys.canada.ca/en/tender-opportunities,HEALTHY,
alert_f9ef989c855847b8_industrial-supplier,canadabuys:cb-81-38683349,CLASSIFICATION_CHANGED,MEDIUM,yes,industrial-supplier,75,GOOD,Backpacks for Cadets,Royal Canadian Mounted Police (RCMP),Canada,canadabuys,,UNSPSC:24110000,OPEN,CHANGE_CLASSIFICATION_CHANGED; MATCH_CLASSIFICATION_PRIMARY,https://canadabuys.canada.ca/en/tender-opportunities,HEALTHY,
alert_f9ef989c855847b8_manufacturer,canadabuys:cb-81-38683349,CLASSIFICATION_CHANGED,MEDIUM,yes,manufacturer,75,GOOD,Backpacks for Cadets,Royal Canadian Mounted Police (RCMP),Canada,canadabuys,,UNSPSC:24110000,OPEN,CHANGE_CLASSIFICATION_CHANGED; MATCH_CLASSIFICATION_PRIMARY,https://canadabuys.canada.ca/en/tender-opportunities,HEALTHY,
alert_fa4e54dfdc804184_construction,canadabuys:cb-746-9352283,CLASSIFICATION_CHANGED,MEDIUM,yes,construction,75,GOOD,Gravelling West Block Roads - Grasslands National Park,Parks Canada Agency (PC),Canada,canadabuys,,UNSPSC:72141106,OPEN,CHANGE_CLASSIFICATION_CHANGED; MATCH_CLASSIFICATION_PRIMARY,https://canadabuys.canada.ca/en/tender-opportunities,HEALTHY,
alert_fa4e54dfdc804184_infrastructure,canadabuys:cb-746-9352283,CLASSIFICATION_CHANGED,MEDIUM,yes,infrastructure,75,GOOD,Gravelling West Block Roads - Grasslands National Park,Parks Canada Agency (PC),Canada,canadabuys,,UNSPSC:72141106,OPEN,CHANGE_CLASSIFICATION_CHANGED; MATCH_CLASSIFICATION_PRIMARY,https://canadabuys.canada.ca/en/tender-opportunities,HEALTHY,
alert_fabd4542a7c851bb_professional-services,canadabuys:cb-843-16470489,CLASSIFICATION_CHANGED,MEDIUM,yes,professional-services,75,GOOD,One (1) Project Leader/ Executive,Department of National Defence (DND),Canada,canadabuys,,UNSPSC:80101600,OPEN,CHANGE_CLASSIFICATION_CHANGED; MATCH_CLASSIFICATION_PRIMARY,https://canadabuys.canada.ca/en/tender-opportunities,HEALTHY,
alert_fb0638648b9af81e_energy,canadabuys:ws4332350868-doc4332354230,CLASSIFICATION_CHANGED,MEDIUM,yes,energy,75,GOOD,E60HN-200ACS - Access Control Systems RFSA,Department of Public Works and Government Services (PSPC),Canada,canadabuys,,"UNSPSC:26121600,UNSPSC:32131000,UNSPSC:39121100,UNSPSC:39121300,UNSPSC:39121400,UNSPSC:39121500,UNSPSC:39121600,UNSPSC:39121700,UNSPSC:39121900,UNSPSC:39122100,UNSPSC:39122200,UNSPSC:39122300",OPEN,CHANGE_CLASSIFICATION_CHANGED; MATCH_CLASSIFICATION_PRIMARY,https://discovery.ariba.com/rfx/20079959?extsite=MjAwNzk5NTlfQU4wMTQ4NDA1MDk5Mg==,HEALTHY,
alert_fb0638648b9af81e_industrial-supplier,canadabuys:ws4332350868-doc4332354230,CLASSIFICATION_CHANGED,MEDIUM,yes,industrial-supplier,75,GOOD,E60HN-200ACS - Access Control Systems RFSA,Department of Public Works and Government Services (PSPC),Canada,canadabuys,,"UNSPSC:26121600,UNSPSC:32131000,UNSPSC:39121100,UNSPSC:39121300,UNSPSC:39121400,UNSPSC:39121500,UNSPSC:39121600,UNSPSC:39121700,UNSPSC:39121900,UNSPSC:39122100,UNSPSC:39122200,UNSPSC:39122300",OPEN,CHANGE_CLASSIFICATION_CHANGED; MATCH_CLASSIFICATION_PRIMARY,https://discovery.ariba.com/rfx/20079959?extsite=MjAwNzk5NTlfQU4wMTQ4NDA1MDk5Mg==,HEALTHY,
alert_fb0638648b9af81e_manufacturer,canadabuys:ws4332350868-doc4332354230,CLASSIFICATION_CHANGED,MEDIUM,yes,manufacturer,75,GOOD,E60HN-200ACS - Access Control Systems RFSA,Department of Public Works and Government Services (PSPC),Canada,canadabuys,,"UNSPSC:26121600,UNSPSC:32131000,UNSPSC:39121100,UNSPSC:39121300,UNSPSC:39121400,UNSPSC:39121500,UNSPSC:39121600,UNSPSC:39121700,UNSPSC:39121900,UNSPSC:39122100,UNSPSC:39122200,UNSPSC:39122300",OPEN,CHANGE_CLASSIFICATION_CHANGED; MATCH_CLASSIFICATION_PRIMARY,https://discovery.ariba.com/rfx/20079959?extsite=MjAwNzk5NTlfQU4wMTQ4NDA1MDk5Mg==,HEALTHY,
alert_fbc97b0a36698ed9_construction,canadabuys:cb-286-93846975,CLASSIFICATION_CHANGED,MEDIUM,yes,construction,75,GOOD,Repaving and curb replacement on Avenue George VI and at the Montcalm parking lot,National Battlefields Commission (NBC),Canada,canadabuys,,"UNSPSC:72141104,UNSPSC:72153700",OPEN,CHANGE_CLASSIFICATION_CHANGED; MATCH_CLASSIFICATION_PRIMARY,https://canadabuys.canada.ca/en/tender-opportunities,HEALTHY,
alert_fbc97b0a36698ed9_infrastructure,canadabuys:cb-286-93846975,CLASSIFICATION_CHANGED,MEDIUM,yes,infrastructure,75,GOOD,Repaving and curb replacement on Avenue George VI and at the Montcalm parking lot,National Battlefields Commission (NBC),Canada,canadabuys,,"UNSPSC:72141104,UNSPSC:72153700",OPEN,CHANGE_CLASSIFICATION_CHANGED; MATCH_CLASSIFICATION_PRIMARY,https://canadabuys.canada.ca/en/tender-opportunities,HEALTHY,
alert_fc0f8f927dfb996f_manufacturer,canadabuys:ws4507171452-doc4586047777,CLASSIFICATION_CHANGED,MEDIUM,yes,manufacturer,75,GOOD,Critical Incident Vehicles (CIVs),Department of Public Works and Government Services (PSPC),Canada,canadabuys,,UNSPSC:25101702,OPEN,CHANGE_CLASSIFICATION_CHANGED; MATCH_CLASSIFICATION_PRIMARY,https://discovery.ariba.com/rfx/19711090?extsite=MTk3MTEwOTBfQU4wMTQ4NDA1MDk5Mg==,HEALTHY,
alert_fc4c1d0e2ba4e18a_construction,canadabuys:cb-888-99132841,CLASSIFICATION_CHANGED,MEDIUM,yes,construction,75,GOOD,Western Region Indigenous Professional Design Services RFI,Department of Public Works and Government Services (PSPC),Canada,canadabuys,,"UNSPSC:72153612,UNSPSC:81100000,UNSPSC:81101508,UNSPSC:81101517",OPEN,CHANGE_CLASSIFICATION_CHANGED; MATCH_CLASSIFICATION_PRIMARY,https://canadabuys.canada.ca/en/tender-opportunities,HEALTHY,
alert_fc4c1d0e2ba4e18a_engineering,canadabuys:cb-888-99132841,CLASSIFICATION_CHANGED,MEDIUM,yes,engineering,75,GOOD,Western Region Indigenous Professional Design Services RFI,Department of Public Works and Government Services (PSPC),Canada,canadabuys,,"UNSPSC:72153612,UNSPSC:81100000,UNSPSC:81101508,UNSPSC:81101517",OPEN,CHANGE_CLASSIFICATION_CHANGED; MATCH_CLASSIFICATION_PRIMARY,https://canadabuys.canada.ca/en/tender-opportunities,HEALTHY,
alert_fc4c1d0e2ba4e18a_infrastructure,canadabuys:cb-888-99132841,CLASSIFICATION_CHANGED,MEDIUM,yes,infrastructure,75,GOOD,Western Region Indigenous Professional Design Services RFI,Department of Public Works and Government Services (PSPC),Canada,canadabuys,,"UNSPSC:72153612,UNSPSC:81100000,UNSPSC:81101508,UNSPSC:81101517",OPEN,CHANGE_CLASSIFICATION_CHANGED; MATCH_CLASSIFICATION_PRIMARY,https://canadabuys.canada.ca/en/tender-opportunities,HEALTHY,
alert_fc571ec41b5f7a6f_manufacturer,canadabuys:cb-324-36206770,CLASSIFICATION_CHANGED,MEDIUM,yes,manufacturer,75,GOOD,Uncrewed Aircraft System - Light,Department of National Defence (DND),Canada,canadabuys,,UNSPSC:25132102,OPEN,CHANGE_CLASSIFICATION_CHANGED; MATCH_CLASSIFICATION_PRIMARY,https://canadabuys.canada.ca/en/tender-opportunities,HEALTHY,
alert_fc68e3dfc613facd_engineering,canadabuys:cb-362-87540264,CLASSIFICATION_CHANGED,MEDIUM,yes,engineering,75,GOOD,R807.1-Labelling and Posting Literature Review,Canadian Nuclear Safety Commission (CNSC),Canada,canadabuys,,"UNSPSC:77111506,UNSPSC:81100000",OPEN,CHANGE_CLASSIFICATION_CHANGED; MATCH_CLASSIFICATION_PRIMARY,https://canadabuys.canada.ca/en/tender-opportunities,HEALTHY,
alert_fc68e3dfc613facd_infrastructure,canadabuys:cb-362-87540264,CLASSIFICATION_CHANGED,MEDIUM,yes,infrastructure,75,GOOD,R807.1-Labelling and Posting Literature Review,Canadian Nuclear Safety Commission (CNSC),Canada,canadabuys,,"UNSPSC:77111506,UNSPSC:81100000",OPEN,CHANGE_CLASSIFICATION_CHANGED; MATCH_CLASSIFICATION_PRIMARY,https://canadabuys.canada.ca/en/tender-opportunities,HEALTHY,
alert_fca86b94480c89d4_construction,canadabuys:cb-390-21610861,CLASSIFICATION_CHANGED,MEDIUM,yes,construction,75,GOOD,Mildred Hall School Gym Roof Replacement,Government of the Northwest Territories (GNWT),Canada,canadabuys,,"UNSPSC:72120000,UNSPSC:72130000",OPEN,CHANGE_CLASSIFICATION_CHANGED; MATCH_CLASSIFICATION_PRIMARY,https://canadabuys.canada.ca/en/tender-opportunities,HEALTHY,
alert_fca86b94480c89d4_infrastructure,canadabuys:cb-390-21610861,CLASSIFICATION_CHANGED,MEDIUM,yes,infrastructure,75,GOOD,Mildred Hall School Gym Roof Replacement,Government of the Northwest Territories (GNWT),Canada,canadabuys,,"UNSPSC:72120000,UNSPSC:72130000",OPEN,CHANGE_CLASSIFICATION_CHANGED; MATCH_CLASSIFICATION_PRIMARY,https://canadabuys.canada.ca/en/tender-opportunities,HEALTHY,
alert_fd8c9333471de8fb_engineering,canadabuys:cb-937-38464611,CLASSIFICATION_CHANGED,MEDIUM,yes,engineering,75,GOOD,TBIPS RFP 202701706: Digital Talent To Support The Development Of A Suite Of Digital Solutions To Support The Operations Of The Office Of The Foreign Influence Commissioner Of Canada (OFICC),Department of Public Safety and Emergency Preparedness (PS),Canada,canadabuys,,"UNSPSC:80101507,UNSPSC:80101600,UNSPSC:81111500,UNSPSC:81111600,UNSPSC:81111800",OPEN,CHANGE_CLASSIFICATION_CHANGED; MATCH_CLASSIFICATION_PRIMARY,https://canadabuys.canada.ca/en/tender-opportunities,HEALTHY,
alert_fd8c9333471de8fb_infrastructure,canadabuys:cb-937-38464611,CLASSIFICATION_CHANGED,MEDIUM,yes,infrastructure,75,GOOD,TBIPS RFP 202701706: Digital Talent To Support The Development Of A Suite Of Digital Solutions To Support The Operations Of The Office Of The Foreign Influence Commissioner Of Canada (OFICC),Department of Public Safety and Emergency Preparedness (PS),Canada,canadabuys,,"UNSPSC:80101507,UNSPSC:80101600,UNSPSC:81111500,UNSPSC:81111600,UNSPSC:81111800",OPEN,CHANGE_CLASSIFICATION_CHANGED; MATCH_CLASSIFICATION_PRIMARY,https://canadabuys.canada.ca/en/tender-opportunities,HEALTHY,
alert_fd8c9333471de8fb_professional-services,canadabuys:cb-937-38464611,CLASSIFICATION_CHANGED,MEDIUM,yes,professional-services,75,GOOD,TBIPS RFP 202701706: Digital Talent To Support The Development Of A Suite Of Digital Solutions To Support The Operations Of The Office Of The Foreign Influence Commissioner Of Canada (OFICC),Department of Public Safety and Emergency Preparedness (PS),Canada,canadabuys,,"UNSPSC:80101507,UNSPSC:80101600,UNSPSC:81111500,UNSPSC:81111600,UNSPSC:81111800",OPEN,CHANGE_CLASSIFICATION_CHANGED; MATCH_CLASSIFICATION_PRIMARY,https://canadabuys.canada.ca/en/tender-opportunities,HEALTHY,
alert_febecb2cfca623d2_manufacturer,canadabuys:ws3774799076-doc3970907905,CLASSIFICATION_CHANGED,MEDIUM,yes,manufacturer,75,GOOD,RFSA Flatbed Trailers,Department of Public Works and Government Services (PSPC),Canada,canadabuys,,"UNSPSC:25101917,UNSPSC:25181600,UNSPSC:25181700",OPEN,CHANGE_CLASSIFICATION_CHANGED; MATCH_CLASSIFICATION_PRIMARY,https://portal.us.bn.cloud.ariba.com/dashboard/public/appext/comsapsbncdiscoveryui#/RfxEvent/preview/16030490?anId=ANONYMOUS,HEALTHY,
alert_ff724cc43e37153a_professional-services,canadabuys:cb-818-67396243,CLASSIFICATION_CHANGED,MEDIUM,yes,professional-services,75,GOOD,Economic and financial analysis of a Transborder joint venture between two airlines,Department of Transport (TC),Canada,canadabuys,,"UNSPSC:80100000,UNSPSC:80101502",OPEN,CHANGE_CLASSIFICATION_CHANGED; MATCH_CLASSIFICATION_PRIMARY,https://canadabuys.canada.ca/en/tender-opportunities,HEALTHY,
alert_ffda62fc75764c98_engineering,canadabuys:cb-724-31337440,CLASSIFICATION_CHANGED,MEDIUM,yes,engineering,75,GOOD,Macroeconomic Projection Services,Canada Energy Regulator (CER),Canada,canadabuys,,"UNSPSC:81121501,UNSPSC:81121504",OPEN,CHANGE_CLASSIFICATION_CHANGED; MATCH_CLASSIFICATION_PRIMARY,https://canadabuys.canada.ca/en/tender-opportunities,HEALTHY,
alert_ffda62fc75764c98_infrastructure,canadabuys:cb-724-31337440,CLASSIFICATION_CHANGED,MEDIUM,yes,infrastructure,75,GOOD,Macroeconomic Projection Services,Canada Energy Regulator (CER),Canada,canadabuys,,"UNSPSC:81121501,UNSPSC:81121504",OPEN,CHANGE_CLASSIFICATION_CHANGED; MATCH_CLASSIFICATION_PRIMARY,https://canadabuys.canada.ca/en/tender-opportunities,HEALTHY,
