id,name,website,macro_region,subregion,country,coverage_type,coverage_area,publication_type,languages,domain_rating,domain_rating_provider,domain_rating_measured_at,link_type,link_evidence_url,publication_routes,cost_model,priority,status,last_verified,source_urls
rm-the-guardian-weekly-theguardian-com,The Guardian Weekly,https://theguardian.com/weekly,europe,northern-europe,united-kingdom,local-area,Kings Place,newspaper,en,93,Ahrefs,2026-09-01,unknown,,unknown,unknown,P1,active,2026-09-01,https://theguardian.com/weekly|https://www.wikidata.org/wiki/Q3446306
rm-los-angeles-times-latimes-com,Los Angeles Times,https://www.latimes.com,north-america,north-america,united-states,state-province,Los Angeles and California,newspaper,en,92,Ahrefs,2026-09-01,unknown,,unknown,unknown,P1,active,2026-09-01,https://www.latimes.com
rm-newsweek-newsweek-com,Newsweek,https://www.newsweek.com,north-america,north-america,united-states,metro-city,New York City,digital-news,en,91,Ahrefs,2026-09-01,unknown,,unknown,unknown,P1,active,2026-09-01,https://www.newsweek.com|https://www.wikidata.org/wiki/Q188413
rm-chicago-tribune-chicagotribune-com,Chicago Tribune,https://www.chicagotribune.com,north-america,north-america,united-states,metro-city,Chicago and northern Illinois,newspaper,en,90,Ahrefs,2026-09-01,unknown,,unknown,unknown,P1,unknown,2026-09-01,https://www.chicagotribune.com
rm-ouest-france-ouest-france-fr,Ouest-France,https://www.ouest-france.fr,europe,western-europe,france,multi-region,Western France,newspaper,fr,90,Ahrefs,2026-09-01,unknown,,unknown,unknown,P1,unknown,2026-09-01,https://www.ouest-france.fr
rm-suddeutsche-zeitung-sueddeutsche-de,Süddeutsche Zeitung,https://www.sueddeutsche.de,europe,western-europe,germany,local-area,Munich,newspaper,de,90,Ahrefs,2026-09-01,unknown,,unknown,unknown,P1,active,2026-09-01,https://www.sueddeutsche.de|https://www.wikidata.org/wiki/Q158870
rm-the-boston-globe-bostonglobe-com,The Boston Globe,https://www.bostonglobe.com,north-america,north-america,united-states,metro-city,Greater Boston and New England,newspaper,en,90,Ahrefs,2026-09-01,unknown,,unknown,unknown,P1,active,2026-09-01,https://www.bostonglobe.com
rm-the-seattle-times-seattletimes-com,The Seattle Times,https://www.seattletimes.com,north-america,north-america,united-states,state-province,Seattle and Washington State,newspaper,en,90,Ahrefs,2026-09-01,unknown,,unknown,unknown,P1,active,2026-09-01,https://www.seattletimes.com
rm-the-sydney-morning-herald-smh-com-au,The Sydney Morning Herald,https://www.smh.com.au,oceania,australia-new-zealand,australia,state-province,Sydney and New South Wales,newspaper,en,90,Ahrefs,2026-09-01,unknown,,unknown,unknown,P1,active,2026-09-01,https://www.smh.com.au
rm-evening-standard-standard-co-uk,Evening Standard,https://www.standard.co.uk,europe,northern-europe,united-kingdom,local-area,London,newspaper,en,89,Ahrefs,2026-09-01,unknown,,unknown,unknown,P1,active,2026-09-01,https://www.standard.co.uk|https://www.wikidata.org/wiki/Q666494
rm-toronto-star-thestar-com,Toronto Star,https://www.thestar.com,north-america,north-america,canada,local-area,Canada,newspaper,en,89,Ahrefs,2026-09-01,unknown,,unknown,unknown,P1,active,2026-09-01,https://www.thestar.com|https://www.wikidata.org/wiki/Q1067299
rm-der-tagesspiegel-tagesspiegel-de,Der Tagesspiegel,https://www.tagesspiegel.de,europe,western-europe,germany,region,Berlin and Brandenburg,newspaper,de,88,Ahrefs,2026-09-01,unknown,,unknown,unknown,P1,active,2026-09-01,https://www.tagesspiegel.de
rm-la-vanguardia-lavanguardia-com,La Vanguardia,https://www.lavanguardia.com,europe,southern-europe,spain,region,Barcelona and Catalonia,newspaper,es,88,Ahrefs,2026-09-01,unknown,,unknown,unknown,P1,active,2026-09-01,https://www.lavanguardia.com
rm-new-york-daily-news-nydailynews-com,New York Daily News,https://nydailynews.com,north-america,north-america,united-states,metro-city,New York City,newspaper,en,88,Ahrefs,2026-09-01,unknown,,unknown,unknown,P1,unknown,2026-09-01,https://nydailynews.com|https://www.wikidata.org/wiki/Q627827
rm-san-francisco-chronicle-sfchronicle-com,San Francisco Chronicle,https://www.sfchronicle.com,north-america,north-america,united-states,metro-city,San Francisco Bay Area,newspaper,en,88,Ahrefs,2026-09-01,unknown,,unknown,unknown,P1,active,2026-09-01,https://www.sfchronicle.com
rm-the-philadelphia-inquirer-inquirer-com,The Philadelphia Inquirer,https://www.inquirer.com,north-america,north-america,united-states,metro-city,Philadelphia metropolitan area,newspaper,en,88,Ahrefs,2026-09-01,unknown,,unknown,unknown,P1,active,2026-09-01,https://www.inquirer.com
rm-boston-com-neighborhoods-boston-com,Boston.com Neighborhoods,https://boston.com,north-america,north-america,united-states,state-province,Massachusetts,newspaper,en,87,Ahrefs,2026-09-01,unknown,,unknown,unknown,P1,active,2026-09-01,https://boston.com|https://raw.githubusercontent.com/yinleon/LocalNewsDataset/master/data/local_news_dataset_2018_for_domain_analysis.csv
rm-le-ploermelais-actu-fr,Le Ploërmelais,https://actu.fr/le-ploermelais,europe,western-europe,france,region,Ploërmel,newspaper,fr,87,Ahrefs,2026-09-01,unknown,,unknown,unknown,P1,active,2026-09-01,https://actu.fr/le-ploermelais|https://www.wikidata.org/wiki/Q3225689
rm-minnesota-star-tribune-startribune-com,Minnesota Star Tribune,https://www.startribune.com,north-america,north-america,united-states,state-province,Minneapolis-Saint Paul and Minnesota,newspaper,en,87,Ahrefs,2026-09-01,unknown,,unknown,unknown,P1,unknown,2026-09-01,https://www.startribune.com
rm-the-daily-news-newfirstsearch-oclc-org,The Daily News,https://newfirstsearch.oclc.org/dbname=BusDateline;FSIP,north-america,north-america,united-states,local-area,Longview,newspaper,en,87,Ahrefs,2026-09-01,unknown,,unknown,unknown,P1,active,2026-09-01,https://newfirstsearch.oclc.org/dbname=BusDateline;FSIP|https://www.wikidata.org/wiki/Q7728682
rm-the-dallas-morning-news-dallasnews-com,The Dallas Morning News,https://www.dallasnews.com,north-america,north-america,united-states,metro-city,Dallas-Fort Worth and North Texas,newspaper,en,87,Ahrefs,2026-09-01,unknown,,unknown,unknown,P1,active,2026-09-01,https://www.dallasnews.com
rm-the-denver-post-denverpost-com,The Denver Post,https://www.denverpost.com,north-america,north-america,united-states,state-province,Denver and Colorado,newspaper,en,87,Ahrefs,2026-09-01,unknown,,unknown,unknown,P1,active,2026-09-01,https://www.denverpost.com
rm-the-mercury-news-mercurynews-com,The Mercury News,https://mercurynews.com,north-america,north-america,united-states,local-area,San Jose,newspaper,en,87,Ahrefs,2026-09-01,unknown,,unknown,unknown,P1,active,2026-09-01,https://mercurynews.com|https://www.wikidata.org/wiki/Q575741
rm-atlanta-journal-constitution-ajc-com,Atlanta Journal-Constitution,https://www.ajc.com,north-america,north-america,united-states,state-province,Atlanta and Georgia,newspaper,en,86,Ahrefs,2026-09-01,unknown,,unknown,unknown,P1,active,2026-09-01,https://www.ajc.com
rm-la-depeche-du-midi-ladepeche-fr,La Dépêche du Midi,https://www.ladepeche.fr,europe,western-europe,france,region,Occitanie,newspaper,fr,86,Ahrefs,2026-09-01,unknown,,unknown,unknown,P1,active,2026-09-01,https://www.ladepeche.fr
rm-lebanon-express-oregonnews-uoregon-edu,Lebanon Express,https://oregonnews.uoregon.edu/lccn/sn97071028,north-america,north-america,united-states,local-area,Lebanon,newspaper,en,86,Ahrefs,2026-09-01,unknown,,unknown,unknown,P1,active,2026-09-01,https://oregonnews.uoregon.edu/lccn/sn97071028|https://www.wikidata.org/wiki/Q6511083
rm-rheinische-post-rp-online-de,Rheinische Post,https://rp-online.de,europe,western-europe,germany,region,Düsseldorf and the Rhineland,newspaper,de,86,Ahrefs,2026-09-01,unknown,,unknown,unknown,P1,active,2026-09-01,https://rp-online.de
rm-ria-novosti-ria-ru,RIA Novosti,https://ria.ru,europe,eastern-europe,russia,state-province,Moscow,digital-news,ru,86,Ahrefs,2026-09-01,unknown,,unknown,unknown,P1,active,2026-09-01,https://ria.ru|https://www.wikidata.org/wiki/Q821172
rm-the-age-theage-com-au,The Age,https://www.theage.com.au,oceania,australia-new-zealand,australia,state-province,Melbourne and Victoria,newspaper,en,86,Ahrefs,2026-09-01,unknown,,unknown,unknown,P1,active,2026-09-01,https://www.theage.com.au
rm-the-baltimore-sun-baltimoresun-com,The Baltimore Sun,https://www.baltimoresun.com,north-america,north-america,united-states,state-province,Baltimore and Maryland,newspaper,en,86,Ahrefs,2026-09-01,unknown,,unknown,unknown,P1,unknown,2026-09-01,https://www.baltimoresun.com
rm-the-oregonian-oregonlive-com,The Oregonian,https://www.oregonlive.com,north-america,north-america,united-states,state-province,Portland and Oregon,newspaper,en,86,Ahrefs,2026-09-01,unknown,,unknown,unknown,P1,unknown,2026-09-01,https://www.oregonlive.com
rm-the-san-diego-union-tribune-sandiegouniontribune-com,The San Diego Union-Tribune,https://www.sandiegouniontribune.com,north-america,north-america,united-states,county-district,San Diego County,newspaper,en,86,Ahrefs,2026-09-01,unknown,,unknown,unknown,P1,active,2026-09-01,https://www.sandiegouniontribune.com
rm-ann-arbor-news-mlive-com,Ann Arbor News,https://mlive.com,north-america,north-america,united-states,state-province,Michigan,newspaper,en,85,Ahrefs,2026-09-01,unknown,,unknown,unknown,P1,unknown,2026-09-01,https://mlive.com|https://raw.githubusercontent.com/yinleon/LocalNewsDataset/master/data/local_news_dataset_2018_for_domain_analysis.csv
rm-brnensky-denik-brnensky-denik-cz,Brněnský deník,https://brnensky.denik.cz,europe,eastern-europe,czech-republic,region,Brno and South Moravia,newspaper,cs,85,Ahrefs,2026-09-01,unknown,,unknown,unknown,P1,active,2026-09-01,https://brnensky.denik.cz
rm-chicago-sun-times-chicago-suntimes-com,Chicago Sun-Times,https://chicago.suntimes.com,north-america,north-america,united-states,local-area,Chicago,newspaper,en,85,Ahrefs,2026-09-01,unknown,,unknown,unknown,P1,active,2026-09-01,https://chicago.suntimes.com|https://www.wikidata.org/wiki/Q577417
rm-cleveland-com-cleveland-com,Cleveland.com,https://www.cleveland.com,north-america,north-america,united-states,metro-city,Cleveland and northeast Ohio,newspaper,en,85,Ahrefs,2026-09-01,unknown,,unknown,unknown,P1,unknown,2026-09-01,https://www.cleveland.com
rm-houston-chronicle-houstonchronicle-com,Houston Chronicle,https://www.houstonchronicle.com,north-america,north-america,united-states,metro-city,Houston and Southeast Texas,newspaper,en,85,Ahrefs,2026-09-01,unknown,,unknown,unknown,P1,active,2026-09-01,https://www.houstonchronicle.com
rm-munchner-merkur-merkur-de,Münchner Merkur,https://www.merkur.de,europe,western-europe,germany,region,Munich and Bavaria,newspaper,de,85,Ahrefs,2026-09-01,unknown,,unknown,unknown,P1,active,2026-09-01,https://www.merkur.de
rm-pittsburgh-post-gazette-post-gazette-com,Pittsburgh Post-Gazette,https://www.post-gazette.com,north-america,north-america,united-states,metro-city,Pittsburgh and western Pennsylvania,newspaper,en,85,Ahrefs,2026-09-01,unknown,,unknown,unknown,P1,active,2026-09-01,https://www.post-gazette.com
rm-sud-ouest-sudouest-fr,Sud Ouest,https://www.sudouest.fr,europe,western-europe,france,region,Nouvelle-Aquitaine,newspaper,fr,85,Ahrefs,2026-09-01,unknown,,unknown,unknown,P1,active,2026-09-01,https://www.sudouest.fr
rm-tampa-bay-times-tampabay-com,Tampa Bay Times,https://www.tampabay.com,north-america,north-america,united-states,metro-city,Tampa Bay and Florida,newspaper,en,85,Ahrefs,2026-09-01,unknown,,unknown,unknown,P1,active,2026-09-01,https://www.tampabay.com
rm-badische-zeitung-badische-zeitung-de,Badische Zeitung,https://www.badische-zeitung.de,europe,western-europe,germany,region,Freiburg im Breisgau,newspaper,de,84,Ahrefs,2026-09-01,unknown,,unknown,unknown,P1,active,2026-09-01,https://www.badische-zeitung.de|https://www.wikidata.org/wiki/Q799143
rm-cebu-daily-news-cebudailynews-inquirer-net,Cebu Daily News,https://cebudailynews.inquirer.net,asia,south-eastern-asia,philippines,local-area,Cebu City,newspaper,en,84,Ahrefs,2026-09-01,unknown,,unknown,unknown,P1,unknown,2026-09-01,https://cebudailynews.inquirer.net|https://www.wikidata.org/wiki/Q45185044
rm-deseret-news-deseret-com,Deseret News,https://www.deseret.com,north-america,north-america,united-states,metro-city,Salt Lake City,newspaper,en,84,Ahrefs,2026-09-01,unknown,,unknown,unknown,P1,active,2026-09-01,https://www.deseret.com|https://www.wikidata.org/wiki/Q1056889
rm-el-periodico-elperiodico-com,El Periódico,https://www.elperiodico.com,europe,southern-europe,spain,region,Barcelona and Catalonia,newspaper,es,84,Ahrefs,2026-09-01,unknown,,unknown,unknown,P1,active,2026-09-01,https://www.elperiodico.com
rm-las-vegas-review-journal-reviewjournal-com,Las Vegas Review-Journal,https://www.reviewjournal.com,north-america,north-america,united-states,metro-city,Las Vegas and southern Nevada,newspaper,en,84,Ahrefs,2026-09-01,unknown,,unknown,unknown,P1,active,2026-09-01,https://www.reviewjournal.com
rm-le-telegramme-letelegramme-fr,Le Télégramme,https://www.letelegramme.fr,europe,western-europe,france,region,Brittany,newspaper,fr,84,Ahrefs,2026-09-01,unknown,,unknown,unknown,P1,active,2026-09-01,https://www.letelegramme.fr
rm-press-register-al-com,Press-Register,https://www.al.com/press-register,north-america,north-america,united-states,local-area,Mobile,newspaper,de|en,84,Ahrefs,2026-09-01,unknown,,unknown,unknown,P1,unknown,2026-09-01,https://www.al.com/press-register|https://www.wikidata.org/wiki/Q7241596
rm-san-francisco-examiner-examiner-com,San Francisco Examiner,https://www.examiner.com,north-america,north-america,united-states,local-area,San Francisco,newspaper,en,84,Ahrefs,2026-09-01,unknown,,unknown,unknown,P1,active,2026-09-01,https://www.examiner.com|https://www.wikidata.org/wiki/Q2164240
rm-the-scotsman-scotsman-com,The Scotsman,https://www.scotsman.com,europe,northern-europe,united-kingdom,region,Scotland,newspaper,en,84,Ahrefs,2026-09-01,unknown,,unknown,unknown,P1,unknown,2026-09-01,https://www.scotsman.com
rm-the-texas-tribune-texastribune-org,The Texas Tribune,https://www.texastribune.org,north-america,north-america,united-states,state-province,Texas,newspaper,en,84,Ahrefs,2026-09-01,unknown,,unknown,unknown,P1,active,2026-09-01,https://www.texastribune.org
rm-the-times-picayune-the-new-orleans-advocate-nola-com,The Times-Picayune | The New Orleans Advocate,https://www.nola.com,north-america,north-america,united-states,local-area,New Orleans,newspaper,en,84,Ahrefs,2026-09-01,unknown,,unknown,unknown,P1,active,2026-09-01,https://www.nola.com|https://www.wikidata.org/wiki/Q116886708
rm-cape-times-iol-co-za,Cape Times,https://www.iol.co.za/capetimes,africa,southern-africa,south-africa,metro-city,Cape Town and Western Cape,newspaper,en,83,Ahrefs,2026-09-01,unknown,,unknown,unknown,P1,unknown,2026-09-01,https://www.iol.co.za/capetimes
rm-chunichi-shimbun-chunichi-co-jp,Chunichi Shimbun,https://www.chunichi.co.jp,asia,eastern-asia,japan,region,Chūbu region,newspaper,ja,83,Ahrefs,2026-09-01,unknown,,unknown,unknown,P1,active,2026-09-01,https://www.chunichi.co.jp
rm-deccan-herald-deccanherald-com,Deccan Herald,https://www.deccanherald.com,asia,southern-asia,india,state-province,Karnataka,newspaper,en,83,Ahrefs,2026-09-01,unknown,,unknown,unknown,P1,active,2026-09-01,https://www.deccanherald.com
rm-hamburger-abendblatt-abendblatt-de,Hamburger Abendblatt,https://www.abendblatt.de,europe,western-europe,germany,metro-city,Hamburg and northern Germany,newspaper,de,83,Ahrefs,2026-09-01,unknown,,unknown,unknown,P1,active,2026-09-01,https://www.abendblatt.de
rm-la-voix-du-nord-lavoixdunord-fr,La Voix du Nord,https://www.lavoixdunord.fr,europe,western-europe,france,region,Hauts-de-France,newspaper,fr,83,Ahrefs,2026-09-01,unknown,,unknown,unknown,P1,active,2026-09-01,https://www.lavoixdunord.fr
rm-st-louis-post-dispatch-stltoday-com,St. Louis Post-Dispatch,https://www.stltoday.com,north-america,north-america,united-states,metro-city,St. Louis metropolitan area,newspaper,en,83,Ahrefs,2026-09-01,unknown,,unknown,unknown,P1,active,2026-09-01,https://www.stltoday.com
rm-the-salt-lake-tribune-sltrib-com,The Salt Lake Tribune,https://www.sltrib.com,north-america,north-america,united-states,state-province,Salt Lake City and Utah,newspaper,en,83,Ahrefs,2026-09-01,unknown,,unknown,unknown,P1,active,2026-09-01,https://www.sltrib.com
rm-vancouver-sun-vancouversun-com,Vancouver Sun,https://vancouversun.com,north-america,north-america,canada,state-province,Vancouver and British Columbia,newspaper,en,83,Ahrefs,2026-09-01,unknown,,unknown,unknown,P1,active,2026-09-01,https://vancouversun.com
rm-berliner-zeitung-berliner-zeitung-de,Berliner Zeitung,https://www.berliner-zeitung.de,europe,western-europe,germany,metro-city,Berlin,newspaper,de,82,Ahrefs,2026-09-01,unknown,,unknown,unknown,P1,active,2026-09-01,https://www.berliner-zeitung.de
rm-berlingske-berlingske-dk,Berlingske,https://www.berlingske.dk,europe,northern-europe,denmark,local-area,Copenhagen,newspaper,da,82,Ahrefs,2026-09-01,unknown,,unknown,unknown,P1,active,2026-09-01,https://www.berlingske.dk|https://www.wikidata.org/wiki/Q59055
rm-crain-s-chicago-business-chicagobusiness-com,Crain's Chicago Business,https://www.chicagobusiness.com,north-america,north-america,united-states,local-area,Chicago,newspaper,en,82,Ahrefs,2026-09-01,unknown,,unknown,unknown,P1,unknown,2026-09-01,https://www.chicagobusiness.com|https://www.wikidata.org/wiki/Q5181783
rm-hochland-kurier-dresden-de,Hochland-Kurier,https://www.dresden.de/de/rathaus/stadtbezirksaemter/schoenfeld-weissig/hochlandkurier.php,europe,western-europe,germany,region,Local or regional market in Germany,newspaper,de,82,Ahrefs,2026-09-01,unknown,,unknown,unknown,P1,active,2026-09-01,https://www.dresden.de/de/rathaus/stadtbezirksaemter/schoenfeld-weissig/hochlandkurier.php|https://www.wikidata.org/wiki/Q136142061
rm-ksl-ksl-com,KSL,https://ksl.com,north-america,north-america,united-states,state-province,Utah,news-broadcaster,en,82,Ahrefs,2026-08-19,unknown,,unknown,unknown,P1,active,2026-09-01,https://ksl.com|https://raw.githubusercontent.com/yinleon/LocalNewsDataset/master/data/local_news_dataset_2018_for_domain_analysis.csv
rm-kolner-stadt-anzeiger-ksta-de,Kölner Stadt-Anzeiger,https://www.ksta.de,europe,western-europe,germany,metro-city,Cologne and North Rhine-Westphalia,newspaper,de,82,Ahrefs,2026-09-01,unknown,,unknown,unknown,P1,active,2026-09-01,https://www.ksta.de
rm-la-voz-de-galicia-lavozdegalicia-es,La Voz de Galicia,https://www.lavozdegalicia.es,europe,southern-europe,spain,region,Galicia,newspaper,es,82,Ahrefs,2026-09-01,unknown,,unknown,unknown,P1,active,2026-09-01,https://www.lavozdegalicia.es
rm-le-dauphine-libere-ledauphine-com,Le Dauphiné Libéré,https://www.ledauphine.com/pdf/editions-numeriques,europe,western-europe,france,region,Grenoble,newspaper,fr,82,Ahrefs,2026-09-01,unknown,,unknown,unknown,P1,active,2026-09-01,https://www.ledauphine.com/pdf/editions-numeriques|https://www.wikidata.org/wiki/Q2642655
rm-le-devoir-ledevoir-com,Le Devoir,https://www.ledevoir.com,north-america,north-america,canada,local-area,Montreal,newspaper,fr,82,Ahrefs,2026-09-01,unknown,,unknown,unknown,P1,active,2026-09-01,https://www.ledevoir.com|https://www.wikidata.org/wiki/Q1504424
rm-le-progres-leprogres-fr,Le Progrès,https://www.leprogres.fr,europe,western-europe,france,region,Lyon and Auvergne-Rhône-Alpes,newspaper,fr,82,Ahrefs,2026-09-01,unknown,,unknown,unknown,P1,active,2026-09-01,https://www.leprogres.fr
rm-manchester-evening-news-manchestereveningnews-co-uk,Manchester Evening News,https://www.manchestereveningnews.co.uk,europe,northern-europe,united-kingdom,metro-city,Greater Manchester,newspaper,en,82,Ahrefs,2026-09-01,unknown,,unknown,unknown,P1,active,2026-09-01,https://www.manchestereveningnews.co.uk
rm-pittsburgh-tribune-review-triblive-com,Pittsburgh Tribune-Review,https://triblive.com,north-america,north-america,united-states,local-area,Pittsburgh,newspaper,en,82,Ahrefs,2026-09-01,unknown,,unknown,unknown,P1,active,2026-09-01,https://triblive.com|https://www.wikidata.org/wiki/Q3044967
rm-the-daily-dot-dailydot-com,The Daily Dot,https://www.dailydot.com,north-america,north-america,united-states,local-area,Austin,digital-news,en,82,Ahrefs,2026-09-01,unknown,,unknown,unknown,P1,active,2026-09-01,https://www.dailydot.com|https://www.wikidata.org/wiki/Q3986493
rm-the-irish-examiner-irishexaminer-com,The Irish Examiner,https://www.irishexaminer.com,europe,northern-europe,ireland,region,Cork and southern Ireland,newspaper,en,82,Ahrefs,2026-09-01,unknown,,unknown,unknown,P1,active,2026-09-01,https://www.irishexaminer.com
rm-tokyo-shimbun-tokyo-np-co-jp,Tokyo Shimbun,https://www.tokyo-np.co.jp,asia,eastern-asia,japan,metro-city,Tokyo metropolitan area,newspaper,ja,82,Ahrefs,2026-09-01,unknown,,unknown,unknown,P1,active,2026-09-01,https://www.tokyo-np.co.jp
rm-walesonline-walesonline-co-uk,WalesOnline,https://www.walesonline.co.uk,europe,northern-europe,united-kingdom,region,Wales,newspaper,en,82,Ahrefs,2026-09-01,unknown,,unknown,unknown,P1,active,2026-09-01,https://www.walesonline.co.uk
rm-advocate-theadvocate-com,Advocate,https://theadvocate.com,north-america,north-america,united-states,state-province,Louisiana,newspaper,en,81,Ahrefs,2026-09-01,unknown,,unknown,unknown,P1,active,2026-09-01,https://raw.githubusercontent.com/yinleon/LocalNewsDataset/master/data/local_news_dataset_2018_for_domain_analysis.csv|https://theadvocate.com
rm-anchorage-daily-news-adn-com,Anchorage Daily News,https://www.adn.com,north-america,north-america,united-states,local-area,Anchorage,newspaper,en,81,Ahrefs,2026-09-01,unknown,,unknown,unknown,P1,active,2026-09-01,https://www.adn.com|https://www.wikidata.org/wiki/Q489214
rm-arizona-daily-star-tucson-com,Arizona Daily Star,https://tucson.com,north-america,north-america,united-states,state-province,Arizona,newspaper,en,81,Ahrefs,2026-09-01,unknown,,unknown,unknown,P1,active,2026-09-01,https://raw.githubusercontent.com/yinleon/LocalNewsDataset/master/data/local_news_dataset_2018_for_domain_analysis.csv|https://tucson.com
rm-boston-herald-bostonherald-com,Boston Herald,https://bostonherald.com,north-america,north-america,united-states,state-province,Massachusetts,newspaper,en,81,Ahrefs,2026-09-01,unknown,,unknown,unknown,P1,active,2026-09-01,https://bostonherald.com|https://raw.githubusercontent.com/yinleon/LocalNewsDataset/master/data/local_news_dataset_2018_for_domain_analysis.csv
rm-calgary-herald-calgaryherald-com,Calgary Herald,https://calgaryherald.com,north-america,north-america,canada,metro-city,Calgary and southern Alberta,newspaper,en,81,Ahrefs,2026-09-01,unknown,,unknown,unknown,P1,active,2026-09-01,https://calgaryherald.com
rm-calmatters-calmatters-org,CalMatters,https://calmatters.org,north-america,north-america,united-states,state-province,California,newspaper,en,81,Ahrefs,2026-09-01,unknown,,unknown,unknown,P1,active,2026-09-01,https://calmatters.org
rm-correio-braziliense-correiobraziliense-com-br,Correio Braziliense,https://www.correiobraziliense.com.br,latin-america-caribbean,south-america,brazil,state-province,Brasília and the Federal District,newspaper,pt,81,Ahrefs,2026-09-01,unknown,,unknown,unknown,P1,active,2026-09-01,https://www.correiobraziliense.com.br
rm-der-westen-derwesten-de,DER WESTEN,https://www.derwesten.de,europe,western-europe,germany,region,Berlin,digital-news,de,81,Ahrefs,2026-09-01,unknown,,unknown,unknown,P1,active,2026-09-01,https://www.derwesten.de|https://www.wikidata.org/wiki/Q26807818
rm-goteborgs-posten-gp-se,Göteborgs-Posten,https://www.gp.se,europe,northern-europe,sweden,region,Gothenburg and western Sweden,newspaper,sv,81,Ahrefs,2026-09-01,unknown,,unknown,unknown,P1,active,2026-09-01,https://www.gp.se
rm-hk01-hk01-com,HK01,https://www.hk01.com,asia,eastern-asia,china,local-area,Hong Kong,digital-news,zh,81,Ahrefs,2026-09-01,unknown,,unknown,unknown,P1,active,2026-09-01,https://www.hk01.com|https://www.wikidata.org/wiki/Q22774484
rm-maariv-hashavua-maariv-co-il,Maariv Hashavua,https://www.maariv.co.il,asia,western-asia,israel,local-area,Israel,newspaper,he,81,Ahrefs,2026-09-01,unknown,,unknown,unknown,P1,unknown,2026-09-01,https://www.maariv.co.il|https://www.wikidata.org/wiki/Q6748492
rm-schwabische-zeitung-schwaebische-de,Schwäbische Zeitung,https://www.schwaebische.de,europe,western-europe,germany,region,Ravensburg,newspaper,de,81,Ahrefs,2026-09-01,unknown,,unknown,unknown,P1,active,2026-09-01,https://www.schwaebische.de|https://www.wikidata.org/wiki/Q2258020
rm-syracuse-com-syracuse-com,Syracuse.com,https://syracuse.com,north-america,north-america,united-states,local-area,Syracuse,digital-news,en,81,Ahrefs,2026-09-01,unknown,,unknown,unknown,P1,unknown,2026-09-01,https://syracuse.com|https://www.wikidata.org/wiki/Q108842702
rm-the-buffalo-news-buffalonews-com,The Buffalo News,https://buffalonews.com,north-america,north-america,united-states,metro-city,Buffalo and western New York,newspaper,en,81,Ahrefs,2026-09-01,unknown,,unknown,unknown,P1,active,2026-09-01,https://buffalonews.com
rm-the-daily-caller-dailycaller-com,The Daily Caller,https://dailycaller.com,north-america,north-america,united-states,local-area,"Washington, D.C.",digital-news,en,81,Ahrefs,2026-09-01,unknown,,unknown,unknown,P1,active,2026-09-01,https://dailycaller.com|https://www.wikidata.org/wiki/Q7728625
rm-toronto-sun-torontosun-com,Toronto Sun,https://torontosun.com,north-america,north-america,canada,local-area,Toronto,newspaper,en,81,Ahrefs,2026-09-01,unknown,,unknown,unknown,P1,active,2026-09-01,https://torontosun.com|https://www.wikidata.org/wiki/Q2301245
rm-wjla-wjla-com,WJLA,https://wjla.com,north-america,north-america,united-states,state-province,District of Columbia,news-broadcaster,en,81,Ahrefs,2026-09-01,unknown,,unknown,unknown,P1,active,2026-09-01,https://raw.githubusercontent.com/yinleon/LocalNewsDataset/master/data/local_news_dataset_2018_for_domain_analysis.csv|https://wjla.com
rm-wrc-nbcwashington-com,WRC,https://nbcwashington.com,north-america,north-america,united-states,state-province,District of Columbia,news-broadcaster,en,81,Ahrefs,2026-09-01,unknown,,unknown,unknown,P1,active,2026-09-01,https://nbcwashington.com|https://raw.githubusercontent.com/yinleon/LocalNewsDataset/master/data/local_news_dataset_2018_for_domain_analysis.csv
rm-albuquerque-journal-abqjournal-com,Albuquerque Journal,https://abqjournal.com,north-america,north-america,united-states,local-area,Albuquerque,newspaper,en,80,Ahrefs,2026-09-01,unknown,,unknown,unknown,P1,active,2026-09-01,https://abqjournal.com|https://www.wikidata.org/wiki/Q4712813
rm-am-new-york-amny-com,AM New York,https://www.amny.com,north-america,north-america,united-states,metro-city,New York City,newspaper,en,80,Ahrefs,2026-09-01,unknown,,unknown,unknown,P1,active,2026-09-01,https://www.amny.com|https://www.wikidata.org/wiki/Q2819281
rm-bangor-daily-news-bangordailynews-com,Bangor Daily News,https://bangordailynews.com,north-america,north-america,united-states,state-province,Maine,newspaper,en,80,Ahrefs,2026-09-01,unknown,,unknown,unknown,P1,active,2026-09-01,https://bangordailynews.com|https://raw.githubusercontent.com/yinleon/LocalNewsDataset/master/data/local_news_dataset_2018_for_domain_analysis.csv
rm-belfast-telegraph-belfasttelegraph-co-uk,Belfast Telegraph,https://www.belfasttelegraph.co.uk,europe,northern-europe,united-kingdom,region,Belfast and Northern Ireland,newspaper,en,80,Ahrefs,2026-09-01,unknown,,unknown,unknown,P1,unknown,2026-09-01,https://www.belfasttelegraph.co.uk
rm-deccan-chronicle-deccanchronicle-com,Deccan Chronicle,https://www.deccanchronicle.com,asia,southern-asia,india,multi-region,Telangana and Andhra Pradesh,newspaper,en,80,Ahrefs,2026-09-01,unknown,,unknown,unknown,P1,active,2026-09-01,https://www.deccanchronicle.com
rm-gazeta-do-povo-gazetadopovo-com-br,Gazeta do Povo,https://www.gazetadopovo.com.br,latin-america-caribbean,south-america,brazil,state-province,Paraná,newspaper,pt,80,Ahrefs,2026-09-01,unknown,,unknown,unknown,P1,active,2026-09-01,https://www.gazetadopovo.com.br
rm-khnl-hawaiinewsnow-com,KHNL,https://hawaiinewsnow.com,north-america,north-america,united-states,state-province,Hawaii,news-broadcaster,en,80,Ahrefs,2026-09-01,unknown,,unknown,unknown,P1,active,2026-09-01,https://hawaiinewsnow.com|https://raw.githubusercontent.com/yinleon/LocalNewsDataset/master/data/local_news_dataset_2018_for_domain_analysis.csv
rm-l-est-republicain-estrepublicain-fr,L'Est Républicain,https://www.estrepublicain.fr,europe,western-europe,france,local-area,Nancy,newspaper,fr,80,Ahrefs,2026-09-01,unknown,,unknown,unknown,P1,active,2026-09-01,https://www.estrepublicain.fr|https://www.wikidata.org/wiki/Q3052319
rm-la-montagne-lamontagne-fr,La Montagne,https://www.lamontagne.fr,europe,western-europe,france,region,Puy-de-Dôme,newspaper,fr,80,Ahrefs,2026-09-01,unknown,,unknown,unknown,P1,unknown,2026-09-01,https://www.lamontagne.fr|https://www.wikidata.org/wiki/Q3210777
rm-liverpool-echo-liverpoolecho-co-uk,Liverpool Echo,https://www.liverpoolecho.co.uk,europe,northern-europe,united-kingdom,metro-city,Liverpool City Region,newspaper,en,80,Ahrefs,2026-09-01,unknown,,unknown,unknown,P1,active,2026-09-01,https://www.liverpoolecho.co.uk
rm-los-angeles-daily-news-dailynews-com,Los Angeles Daily News,https://www.dailynews.com,north-america,north-america,united-states,local-area,Los Angeles,newspaper,en,80,Ahrefs,2026-09-01,unknown,,unknown,unknown,P1,active,2026-09-01,https://www.dailynews.com|https://www.wikidata.org/wiki/Q499188
rm-montreal-gazette-montrealgazette-com,Montreal Gazette,https://montrealgazette.com,north-america,north-america,canada,metro-city,Montreal and Quebec,newspaper,en,80,Ahrefs,2026-09-01,unknown,,unknown,unknown,P1,active,2026-09-01,https://montrealgazette.com
rm-nice-matin-nicematin-com,Nice-Matin,https://www.nicematin.com,europe,western-europe,france,region,Nice and the French Riviera,newspaper,fr,80,Ahrefs,2026-09-01,unknown,,unknown,unknown,P1,active,2026-09-01,https://www.nicematin.com
rm-nordwest-zeitung-nwzonline-de,Nordwest-Zeitung,https://www.nwzonline.de,europe,western-europe,germany,region,Local or regional market in Germany,newspaper,de,80,Ahrefs,2026-09-01,unknown,,unknown,unknown,P1,active,2026-09-01,https://www.nwzonline.de|https://www.wikidata.org/wiki/Q1998825
rm-omaha-world-herald-omaha-com,Omaha World-Herald,https://omaha.com,north-america,north-america,united-states,local-area,Omaha,newspaper,en,80,Ahrefs,2026-09-01,unknown,,unknown,unknown,P1,active,2026-09-01,https://omaha.com|https://www.wikidata.org/wiki/Q7089470
rm-ottawa-citizen-ottawacitizen-com,Ottawa Citizen,https://ottawacitizen.com,north-america,north-america,canada,metro-city,Ottawa and eastern Ontario,newspaper,en,80,Ahrefs,2026-09-01,unknown,,unknown,unknown,P1,active,2026-09-01,https://ottawacitizen.com
rm-swp-de-swp-de,Swp.de,https://www.swp.de,europe,western-europe,germany,local-area,Ulm,digital-news,de,80,Ahrefs,2026-09-01,unknown,,unknown,unknown,P1,active,2026-09-01,https://www.swp.de|https://www.wikidata.org/wiki/Q134540463
rm-sydsvenskan-sydsvenskan-se,Sydsvenskan,https://www.sydsvenskan.se,europe,northern-europe,sweden,region,Scania,newspaper,sv,80,Ahrefs,2026-09-01,unknown,,unknown,unknown,P1,active,2026-09-01,https://www.sydsvenskan.se
rm-the-canberra-times-canberratimes-com-au,The Canberra Times,https://www.canberratimes.com.au,oceania,australia-new-zealand,australia,state-province,Canberra and the Australian Capital Territory,newspaper,en,80,Ahrefs,2026-09-01,unknown,,unknown,unknown,P1,active,2026-09-01,https://www.canberratimes.com.au
rm-the-chronicle-herald-saltwire-com,The Chronicle Herald,https://www.saltwire.com,north-america,north-america,canada,multi-region,Halifax and Atlantic Canada,newspaper,en,80,Ahrefs,2026-09-01,unknown,,unknown,unknown,P1,active,2026-09-01,https://www.saltwire.com
rm-winnipeg-free-press-winnipegfreepress-com,Winnipeg Free Press,https://www.winnipegfreepress.com,north-america,north-america,canada,state-province,Winnipeg and Manitoba,newspaper,en,80,Ahrefs,2026-09-01,unknown,,unknown,unknown,P1,active,2026-09-01,https://www.winnipegfreepress.com
rm-wisconsin-state-journal-madison-com,Wisconsin State Journal,https://madison.com,north-america,north-america,united-states,local-area,Madison,newspaper,en,80,Ahrefs,2026-09-01,unknown,,unknown,unknown,P1,active,2026-09-01,https://madison.com|https://www.wikidata.org/wiki/Q8027325
rm-arkansas-democrat-gazette-arkansasonline-com,Arkansas Democrat-Gazette,https://arkansasonline.com,north-america,north-america,united-states,local-area,Little Rock,newspaper,en,79,Ahrefs,2026-09-01,unknown,,unknown,unknown,P1,active,2026-09-01,https://arkansasonline.com|https://www.wikidata.org/wiki/Q4791763
rm-beijing-daily-bjd-com-cn,Beijing Daily,https://www.bjd.com.cn,asia,eastern-asia,china,local-area,Beijing,newspaper,zh,79,Ahrefs,2026-09-01,unknown,,unknown,unknown,P1,active,2026-09-01,https://www.bjd.com.cn|https://www.wikidata.org/wiki/Q10902324
rm-birminghamlive-birminghammail-co-uk,BirminghamLive,https://www.birminghammail.co.uk,europe,northern-europe,united-kingdom,metro-city,Birmingham and the West Midlands,newspaper,en,79,Ahrefs,2026-09-01,unknown,,unknown,unknown,P1,active,2026-09-01,https://www.birminghammail.co.uk
rm-caixin-media-caixin-com,Caixin Media,https://www.caixin.com,asia,eastern-asia,china,local-area,Beijing,digital-news,en,79,Ahrefs,2026-09-01,unknown,,unknown,unknown,P1,active,2026-09-01,https://www.caixin.com|https://www.wikidata.org/wiki/Q5017958
rm-estado-de-minas-em-com-br,Estado de Minas,https://www.em.com.br,latin-america-caribbean,south-america,brazil,state-province,Minas Gerais,newspaper,pt,79,Ahrefs,2026-09-01,unknown,,unknown,unknown,P1,active,2026-09-01,https://www.em.com.br
rm-gazet-van-antwerpen-gva-be,Gazet van Antwerpen,https://www.gva.be,europe,western-europe,belgium,region,Antwerp,newspaper,nl,79,Ahrefs,2026-09-01,unknown,,unknown,unknown,P1,unknown,2026-09-01,https://www.gva.be
rm-hannoversche-allgemeine-haz-de,Hannoversche Allgemeine,https://www.haz.de,europe,western-europe,germany,metro-city,Hanover and Lower Saxony,newspaper,de,79,Ahrefs,2026-09-01,unknown,,unknown,unknown,P1,unknown,2026-09-01,https://www.haz.de
rm-heraldo-de-aragon-heraldo-es,Heraldo de Aragón,https://www.heraldo.es,europe,southern-europe,spain,region,Aragon,newspaper,es,79,Ahrefs,2026-09-01,unknown,,unknown,unknown,P1,active,2026-09-01,https://www.heraldo.es
rm-hokkaido-shimbun-hokkaido-np-co-jp,Hokkaido Shimbun,https://www.hokkaido-np.co.jp,asia,eastern-asia,japan,region,Hokkaido,newspaper,ja,79,Ahrefs,2026-09-01,unknown,,unknown,unknown,P1,active,2026-09-01,https://www.hokkaido-np.co.jp
rm-kobe-shimbun-kobe-np-co-jp,Kobe Shimbun,https://www.kobe-np.co.jp,asia,eastern-asia,japan,region,Kobe and Hyōgo Prefecture,newspaper,ja,79,Ahrefs,2026-09-01,unknown,,unknown,unknown,P1,active,2026-09-01,https://www.kobe-np.co.jp
rm-liberal-and-democratic-jimin-jp,Liberal & Democratic,https://www.jimin.jp/involved/paper,asia,eastern-asia,japan,local-area,Nagatachō,newspaper,ja,79,Ahrefs,2026-09-01,unknown,,unknown,unknown,P1,active,2026-09-01,https://www.jimin.jp/involved/paper|https://www.wikidata.org/wiki/Q11612949
rm-lidove-noviny-lidovky-cz,Lidové noviny,https://www.lidovky.cz,europe,eastern-europe,czech-republic,local-area,Prague,newspaper,cs,79,Ahrefs,2026-09-01,unknown,,unknown,unknown,P1,active,2026-09-01,https://www.lidovky.cz|https://www.wikidata.org/wiki/Q1197747
rm-minnpost-minnpost-com,MinnPost,https://www.minnpost.com,north-america,north-america,united-states,state-province,Minnesota,newspaper,en,79,Ahrefs,2026-09-01,unknown,,unknown,unknown,P1,active,2026-09-01,https://www.minnpost.com
rm-nishinippon-shimbun-nishinippon-co-jp,Nishinippon Shimbun,https://www.nishinippon.co.jp,asia,eastern-asia,japan,region,Kyushu,newspaper,ja,79,Ahrefs,2026-09-01,unknown,,unknown,unknown,P1,active,2026-09-01,https://www.nishinippon.co.jp
rm-otago-daily-times-odt-co-nz,Otago Daily Times,https://www.odt.co.nz,oceania,australia-new-zealand,new-zealand,multi-region,Otago and Southland,newspaper,en,79,Ahrefs,2026-09-01,unknown,,unknown,unknown,P1,active,2026-09-01,https://www.odt.co.nz
rm-san-francisco-examiner-sfexaminer-com,San Francisco Examiner,https://www.sfexaminer.com,north-america,north-america,united-states,local-area,San Francisco,newspaper,en,79,Ahrefs,2026-09-01,unknown,,unknown,unknown,P1,active,2026-09-01,https://www.sfexaminer.com|https://www.wikidata.org/wiki/Q2164240
rm-stuttgarter-nachrichten-stuttgarter-nachrichten-de,Stuttgarter Nachrichten,https://www.stuttgarter-nachrichten.de,europe,western-europe,germany,metro-city,Stuttgart and Baden-Württemberg,newspaper,de,79,Ahrefs,2026-09-01,unknown,,unknown,unknown,P1,active,2026-09-01,https://www.stuttgarter-nachrichten.de
rm-sachsische-zeitung-saechsische-de,Sächsische Zeitung,https://www.saechsische.de,europe,western-europe,germany,region,Local or regional market in Germany,newspaper,de,79,Ahrefs,2026-09-01,unknown,,unknown,unknown,P1,unknown,2026-09-01,https://www.saechsische.de|https://www.wikidata.org/wiki/Q2378692
rm-the-gazette-gazette-com,The Gazette,https://gazette.com,north-america,north-america,united-states,local-area,Colorado Springs,newspaper,en,79,Ahrefs,2026-09-01,unknown,,unknown,unknown,P1,unknown,2026-09-01,https://gazette.com|https://www.wikidata.org/wiki/Q7736011
rm-the-west-australian-thewest-com-au,The West Australian,https://thewest.com.au,oceania,australia-new-zealand,australia,metro-city,"Armadale,Bassendean,Bayswater,Belmont,Cambridge,Canning,Claremont,Cockburn,East Fremantle,Fremantle,Gosnells,Joondalup,Kalamunda,Kwinana,Mandurah,Melville,Mosman Park,Mundaring,Nedlands,Peppermint Grove,Perth,Rockingham,Serpentine-Jarrahdale,South Perth,Stirling,Subiaco,Swan,Victoria Park,Vincent,Wanneroo",newspaper,en,79,Ahrefs,2026-09-01,unknown,,unknown,unknown,P1,active,2026-09-01,https://gary-dickson.com/wp-content/uploads/2026/07/2606-PIPI-Q2.zip|https://thewest.com.au
rm-the-yorkshire-post-yorkshirepost-co-uk,The Yorkshire Post,https://www.yorkshirepost.co.uk,europe,northern-europe,united-kingdom,region,Yorkshire,newspaper,en,79,Ahrefs,2026-09-01,unknown,,unknown,unknown,P1,unknown,2026-09-01,https://www.yorkshirepost.co.uk
rm-washington-city-paper-washingtoncitypaper-com,Washington City Paper,https://washingtoncitypaper.com,north-america,north-america,united-states,state-province,District of Columbia,newspaper,en,79,Ahrefs,2026-09-01,unknown,,unknown,unknown,P1,active,2026-09-01,https://raw.githubusercontent.com/yinleon/LocalNewsDataset/master/data/local_news_dataset_2018_for_domain_analysis.csv|https://washingtoncitypaper.com
rm-wttg-fox5dc-com,WTTG,https://fox5dc.com,north-america,north-america,united-states,state-province,District of Columbia,news-broadcaster,en,79,Ahrefs,2026-09-01,unknown,,unknown,unknown,P1,active,2026-09-01,https://fox5dc.com|https://raw.githubusercontent.com/yinleon/LocalNewsDataset/master/data/local_news_dataset_2018_for_domain_analysis.csv
rm-abendzeitung-abendzeitung-muenchen-de,Abendzeitung,https://www.abendzeitung-muenchen.de,europe,western-europe,germany,local-area,Munich,newspaper,de,78,Ahrefs,2026-09-01,unknown,,unknown,unknown,P1,active,2026-09-01,https://www.abendzeitung-muenchen.de|https://www.wikidata.org/wiki/Q225076
rm-alameda-journal-eastbaytimes-com,Alameda Journal,https://eastbaytimes.com,north-america,north-america,united-states,state-province,California,newspaper,en,78,Ahrefs,2026-09-01,unknown,,unknown,unknown,P1,active,2026-09-01,https://eastbaytimes.com|https://raw.githubusercontent.com/yinleon/LocalNewsDataset/master/data/local_news_dataset_2018_for_domain_analysis.csv
rm-b-z-bz-berlin-de,B.Z.,https://www.bz-berlin.de,europe,western-europe,germany,local-area,Berlin,newspaper,de,78,Ahrefs,2026-09-01,unknown,,unknown,unknown,P1,active,2026-09-01,https://www.bz-berlin.de|https://www.wikidata.org/wiki/Q10186
rm-brisbane-times-brisbanetimes-com-au,Brisbane Times,https://www.brisbanetimes.com.au,oceania,australia-new-zealand,australia,state-province,Brisbane and Queensland,newspaper,en,78,Ahrefs,2026-09-01,unknown,,unknown,unknown,P1,active,2026-09-01,https://www.brisbanetimes.com.au
rm-chattanooga-times-timesfreepress-com,Chattanooga Times,https://timesfreepress.com,north-america,north-america,united-states,state-province,Tennessee,newspaper,en,78,Ahrefs,2026-09-01,unknown,,unknown,unknown,P1,active,2026-09-01,https://raw.githubusercontent.com/yinleon/LocalNewsDataset/master/data/local_news_dataset_2018_for_domain_analysis.csv|https://timesfreepress.com
rm-chroniclelive-chroniclelive-co-uk,ChronicleLive,https://www.chroniclelive.co.uk,europe,northern-europe,united-kingdom,metro-city,Newcastle and northeast England,newspaper,en,78,Ahrefs,2026-09-01,unknown,,unknown,unknown,P1,active,2026-09-01,https://www.chroniclelive.co.uk
rm-dagblad-van-het-noorden-dvhn-nl,Dagblad van het Noorden,https://www.dvhn.nl,europe,western-europe,netherlands,multi-region,Groningen and Drenthe,newspaper,nl,78,Ahrefs,2026-09-01,unknown,,unknown,unknown,P1,unknown,2026-09-01,https://www.dvhn.nl
rm-daily-camera-dailycamera-com,Daily Camera,https://dailycamera.com,north-america,north-america,united-states,local-area,Boulder,newspaper,en,78,Ahrefs,2026-09-01,unknown,,unknown,unknown,P1,active,2026-09-01,https://dailycamera.com|https://www.wikidata.org/wiki/Q5209232
rm-dernieres-nouvelles-d-alsace-dna-fr,Dernières Nouvelles d'Alsace,https://www.dna.fr/liseuse/editions-numeriques,europe,western-europe,france,region,Strasbourg,newspaper,de|fr,78,Ahrefs,2026-09-01,unknown,,unknown,unknown,P1,active,2026-09-01,https://www.dna.fr/liseuse/editions-numeriques|https://www.wikidata.org/wiki/Q381431
rm-diario-de-sevilla-diariodesevilla-es,Diario de Sevilla,https://www.diariodesevilla.es,europe,southern-europe,spain,region,Seville and Andalusia,newspaper,es,78,Ahrefs,2026-09-01,unknown,,unknown,unknown,P1,active,2026-09-01,https://www.diariodesevilla.es
rm-die-rheinpfalz-rheinpfalz-de,Die Rheinpfalz,https://www.rheinpfalz.de,europe,western-europe,germany,region,Ludwigshafen,newspaper,de,78,Ahrefs,2026-09-01,unknown,,unknown,unknown,P1,active,2026-09-01,https://www.rheinpfalz.de|https://www.wikidata.org/wiki/Q884463
rm-edmonton-journal-edmontonjournal-com,Edmonton Journal,https://edmontonjournal.com,north-america,north-america,canada,metro-city,Edmonton and northern Alberta,newspaper,en,78,Ahrefs,2026-09-01,unknown,,unknown,unknown,P1,active,2026-09-01,https://edmontonjournal.com
rm-el-correo-elcorreo-com,El Correo,https://www.elcorreo.com,europe,southern-europe,spain,local-area,Bilbao,newspaper,es,78,Ahrefs,2026-09-01,unknown,,unknown,unknown,P1,active,2026-09-01,https://www.elcorreo.com|https://www.wikidata.org/wiki/Q1324043
rm-freie-presse-freiepresse-de,Freie Presse,https://www.freiepresse.de,europe,western-europe,germany,region,Chemnitz,newspaper,de,78,Ahrefs,2026-09-01,unknown,,unknown,unknown,P1,active,2026-09-01,https://www.freiepresse.de|https://www.wikidata.org/wiki/Q896460
rm-heti-vilaggazdasag-hvg-hu,Heti Világgazdaság,https://hvg.hu,europe,eastern-europe,hungary,local-area,Budapest,newspaper,hu,78,Ahrefs,2026-09-01,unknown,,unknown,unknown,P1,active,2026-09-01,https://hvg.hu|https://www.wikidata.org/wiki/Q545531
rm-hiller-d-posten-sn-dk,Hillerød Posten,https://sn.dk/hilleroed,europe,northern-europe,denmark,local-area,Local or regional market in Denmark,newspaper,da,78,Ahrefs,2026-09-01,unknown,,unknown,unknown,P1,active,2026-09-01,https://sn.dk/hilleroed|https://www.wikidata.org/wiki/Q84941361
rm-honolulu-star-advertiser-staradvertiser-com,Honolulu Star Advertiser,https://staradvertiser.com,north-america,north-america,united-states,state-province,Hawaii,newspaper,en,78,Ahrefs,2026-09-01,unknown,,unknown,unknown,P1,active,2026-09-01,https://raw.githubusercontent.com/yinleon/LocalNewsDataset/master/data/local_news_dataset_2018_for_domain_analysis.csv|https://staradvertiser.com
rm-kstu-fox13now-com,KSTU,https://fox13now.com,north-america,north-america,united-states,state-province,Utah,news-broadcaster,en,78,Ahrefs,2026-09-01,unknown,,unknown,unknown,P1,active,2026-09-01,https://fox13now.com|https://raw.githubusercontent.com/yinleon/LocalNewsDataset/master/data/local_news_dataset_2018_for_domain_analysis.csv
rm-la-espana-hemerotecadigital-bne-es,La España,https://hemerotecadigital.bne.es/issn/1130-8826,europe,southern-europe,spain,local-area,Madrid,newspaper,es,78,Ahrefs,2026-09-01,unknown,,unknown,unknown,P1,unknown,2026-09-01,https://hemerotecadigital.bne.es/issn/1130-8826|https://www.wikidata.org/wiki/Q26220959
rm-las-provincias-lasprovincias-es,Las Provincias,https://www.lasprovincias.es,europe,southern-europe,spain,local-area,Valencia,newspaper,es,78,Ahrefs,2026-09-01,unknown,,unknown,unknown,P1,active,2026-09-01,https://www.lasprovincias.es|https://www.wikidata.org/wiki/Q2748855
rm-levante-emv-levante-emv-com,Levante-EMV,https://www.levante-emv.com,europe,southern-europe,spain,region,Valencian Community,newspaper,es,78,Ahrefs,2026-09-01,unknown,,unknown,unknown,P1,active,2026-09-01,https://www.levante-emv.com
rm-mittelbayerische-zeitung-mittelbayerische-de,Mittelbayerische Zeitung,https://www.mittelbayerische.de,europe,western-europe,germany,local-area,Regensburg,newspaper,de,78,Ahrefs,2026-09-01,unknown,,unknown,unknown,P1,active,2026-09-01,https://www.mittelbayerische.de|https://www.wikidata.org/wiki/Q884835
rm-markische-allgemeine-maz-online-de,Märkische Allgemeine,https://www.maz-online.de,europe,western-europe,germany,region,Potsdam,newspaper,de,78,Ahrefs,2026-09-01,unknown,,unknown,unknown,P1,unknown,2026-09-01,https://www.maz-online.de|https://www.wikidata.org/wiki/Q1957433
rm-nw-de-nw-de,nw.de,https://www.nw.de,europe,western-europe,germany,region,Bielefeld,newspaper,de,78,Ahrefs,2026-09-01,unknown,,unknown,unknown,P1,active,2026-09-01,https://www.nw.de|https://www.wikidata.org/wiki/Q1313623
rm-okinawa-times-okinawatimes-co-jp,Okinawa Times,https://www.okinawatimes.co.jp,asia,eastern-asia,japan,state-province,Okinawa Prefecture,newspaper,ja,78,Ahrefs,2026-09-01,unknown,,unknown,unknown,P1,active,2026-09-01,https://www.okinawatimes.co.jp
rm-seven-days-sevendaysvt-com,Seven Days,https://sevendaysvt.com,north-america,north-america,united-states,state-province,Vermont,newspaper,en,78,Ahrefs,2026-09-01,unknown,,unknown,unknown,P1,active,2026-09-01,https://raw.githubusercontent.com/yinleon/LocalNewsDataset/master/data/local_news_dataset_2018_for_domain_analysis.csv|https://sevendaysvt.com
rm-the-hamilton-spectator-thespec-com,The Hamilton Spectator,https://www.thespec.com,north-america,north-america,canada,metro-city,Hamilton and southern Ontario,newspaper,en,78,Ahrefs,2026-09-01,unknown,,unknown,unknown,P1,active,2026-09-01,https://www.thespec.com
rm-thuringer-allgemeine-thueringer-allgemeine-de,Thüringer Allgemeine,https://www.thueringer-allgemeine.de,europe,western-europe,germany,region,Local or regional market in Germany,newspaper,de,78,Ahrefs,2026-09-01,unknown,,unknown,unknown,P1,active,2026-09-01,https://www.thueringer-allgemeine.de|https://www.wikidata.org/wiki/Q2430756
rm-times-colonist-timescolonist-com,Times Colonist,https://www.timescolonist.com,north-america,north-america,canada,region,Victoria and Vancouver Island,newspaper,en,78,Ahrefs,2026-09-01,unknown,,unknown,unknown,P1,unknown,2026-09-01,https://www.timescolonist.com
rm-trojmiasto-pl-trojmiasto-pl,Trójmiasto.pl,https://www.trojmiasto.pl,europe,eastern-europe,poland,metro-city,"Gdańsk, Gdynia and Sopot",newspaper,pl,78,Ahrefs,2026-09-01,unknown,,unknown,unknown,P1,active,2026-09-01,https://www.trojmiasto.pl
rm-elet-es-tudomany-epa-oszk-hu,Élet és Tudomány,https://epa.oszk.hu/02900/02930,europe,eastern-europe,hungary,local-area,Budapest,newspaper,hu,78,Ahrefs,2026-09-01,unknown,,unknown,unknown,P1,active,2026-09-01,https://epa.oszk.hu/02900/02930|https://www.wikidata.org/wiki/Q1470662
rm-bristol-live-bristolpost-co-uk,Bristol Live,https://www.bristolpost.co.uk,europe,northern-europe,united-kingdom,metro-city,Bristol and southwest England,newspaper,en,77,Ahrefs,2026-09-01,unknown,,unknown,unknown,P1,active,2026-09-01,https://www.bristolpost.co.uk
rm-columbian-columbian-com,Columbian,https://columbian.com,north-america,north-america,united-states,state-province,Washington,newspaper,en,77,Ahrefs,2026-09-01,unknown,,unknown,unknown,P1,unknown,2026-09-01,https://columbian.com|https://raw.githubusercontent.com/yinleon/LocalNewsDataset/master/data/local_news_dataset_2018_for_domain_analysis.csv
rm-connecticut-post-ctpost-com,Connecticut Post,https://ctpost.com,north-america,north-america,united-states,state-province,Connecticut,newspaper,en,77,Ahrefs,2026-09-01,unknown,,unknown,unknown,P1,active,2026-09-01,https://ctpost.com|https://raw.githubusercontent.com/yinleon/LocalNewsDataset/master/data/local_news_dataset_2018_for_domain_analysis.csv
rm-el-colombiano-elcolombiano-com,El Colombiano,https://www.elcolombiano.com,latin-america-caribbean,south-america,colombia,state-province,Medellín and Antioquia,newspaper,es,77,Ahrefs,2026-09-01,unknown,,unknown,unknown,P1,active,2026-09-01,https://www.elcolombiano.com
rm-honolulu-civil-beat-civilbeat-org,Honolulu Civil Beat,https://www.civilbeat.org,north-america,north-america,united-states,state-province,Honolulu and Hawaii,newspaper,en,77,Ahrefs,2026-09-01,unknown,,unknown,unknown,P1,active,2026-09-01,https://www.civilbeat.org
rm-il-mattino-ilmattino-it,Il Mattino,https://www.ilmattino.it,europe,southern-europe,italy,region,Naples and Campania,newspaper,it,77,Ahrefs,2026-09-01,unknown,,unknown,unknown,P1,active,2026-09-01,https://www.ilmattino.it
rm-il-resto-del-carlino-ilrestodelcarlino-it,Il Resto del Carlino,https://www.ilrestodelcarlino.it,europe,southern-europe,italy,multi-region,Emilia-Romagna and Marche,newspaper,it,77,Ahrefs,2026-09-01,unknown,,unknown,unknown,P1,active,2026-09-01,https://www.ilrestodelcarlino.it
rm-inforum-inforum-com,INForum,https://inforum.com,north-america,north-america,united-states,state-province,North Dakota,newspaper,en,77,Ahrefs,2026-09-01,unknown,,unknown,unknown,P1,active,2026-09-01,https://inforum.com|https://raw.githubusercontent.com/yinleon/LocalNewsDataset/master/data/local_news_dataset_2018_for_domain_analysis.csv
rm-kanagawa-shimbun-kanaloco-jp,Kanagawa Shimbun,https://www.kanaloco.jp,asia,eastern-asia,japan,local-area,Ota-machi,newspaper,ja,77,Ahrefs,2026-09-01,unknown,,unknown,unknown,P1,active,2026-09-01,https://www.kanaloco.jp|https://www.wikidata.org/wiki/Q840928
rm-khon-khon2-com,KHON,https://khon2.com,north-america,north-america,united-states,state-province,Hawaii,news-broadcaster,en,77,Ahrefs,2026-09-01,unknown,,unknown,unknown,P1,unknown,2026-09-01,https://khon2.com|https://raw.githubusercontent.com/yinleon/LocalNewsDataset/master/data/local_news_dataset_2018_for_domain_analysis.csv
rm-ksnv-news3lv-com,KSNV,https://news3lv.com,north-america,north-america,united-states,state-province,Nevada,news-broadcaster,en,77,Ahrefs,2026-09-01,unknown,,unknown,unknown,P1,active,2026-09-01,https://news3lv.com|https://raw.githubusercontent.com/yinleon/LocalNewsDataset/master/data/local_news_dataset_2018_for_domain_analysis.csv
rm-la-nazione-lanazione-it,La Nazione,https://www.lanazione.it,europe,southern-europe,italy,multi-region,Tuscany and Umbria,newspaper,it,77,Ahrefs,2026-09-01,unknown,,unknown,unknown,P1,active,2026-09-01,https://www.lanazione.it
rm-la-voz-del-interior-lavoz-com-ar,La Voz del Interior,https://www.lavoz.com.ar,latin-america-caribbean,south-america,argentina,state-province,Córdoba Province,newspaper,es,77,Ahrefs,2026-09-01,unknown,,unknown,unknown,P1,unknown,2026-09-01,https://www.lavoz.com.ar
rm-le-republicain-lorrain-republicain-lorrain-fr,Le Républicain Lorrain,https://www.republicain-lorrain.fr,europe,western-europe,france,region,Metz,newspaper,fr,77,Ahrefs,2026-09-01,unknown,,unknown,unknown,P1,active,2026-09-01,https://www.republicain-lorrain.fr|https://www.wikidata.org/wiki/Q3226748
rm-le-soleil-lesoleil-com,Le Soleil,https://www.lesoleil.com,north-america,north-america,canada,metro-city,Local or regional market in Canada,newspaper,fr,77,Ahrefs,2026-09-01,unknown,,unknown,unknown,P1,active,2026-09-01,https://www.lesoleil.com|https://www.wikidata.org/wiki/Q3227253
rm-leipziger-volkszeitung-lvz-de,Leipziger Volkszeitung,https://www.lvz.de,europe,western-europe,germany,region,Leipzig,newspaper,de,77,Ahrefs,2026-09-01,unknown,,unknown,unknown,P1,unknown,2026-09-01,https://www.lvz.de|https://www.wikidata.org/wiki/Q283347
rm-lowvelder-citizen-co-za,Lowvelder,https://www.citizen.co.za/lowvelder,africa,southern-africa,south-africa,region,Mbombela and the Lowveld,newspaper,en,77,Ahrefs,2026-09-01,unknown,,unknown,unknown,P1,unknown,2026-09-01,https://www.citizen.co.za/lowvelder
rm-o-tempo-otempo-com-br,O Tempo,https://www.otempo.com.br,latin-america-caribbean,south-america,brazil,state-province,Minas Gerais,newspaper,pt,77,Ahrefs,2026-09-01,unknown,,unknown,unknown,P1,active,2026-09-01,https://www.otempo.com.br
rm-pittsburgh-post-gazette-infoweb-newsbank-com,Pittsburgh Post-Gazette,https://infoweb.newsbank.com/?db=PPGB,north-america,north-america,united-states,local-area,Pittsburgh,newspaper,en,77,Ahrefs,2026-09-01,unknown,,unknown,unknown,P1,active,2026-09-01,https://infoweb.newsbank.com/?db=PPGB|https://www.wikidata.org/wiki/Q3063794
rm-stavanger-aftenblad-aftenbladet-no,Stavanger Aftenblad,https://www.aftenbladet.no,europe,northern-europe,norway,region,Stavanger and Rogaland,newspaper,no,77,Ahrefs,2026-09-01,unknown,,unknown,unknown,P1,active,2026-09-01,https://www.aftenbladet.no
rm-the-stage-thestage-co-uk,The Stage,https://www.thestage.co.uk,europe,northern-europe,united-kingdom,local-area,London,newspaper,en,77,Ahrefs,2026-09-01,unknown,,unknown,unknown,P1,active,2026-09-01,https://www.thestage.co.uk|https://www.wikidata.org/wiki/Q5235126
rm-ukrinform-ukrinform-ua,Ukrinform,https://www.ukrinform.ua,europe,eastern-europe,ukraine,state-province,Ukraine,digital-news,uk,77,Ahrefs,2026-09-01,unknown,,unknown,unknown,P1,active,2026-09-01,https://www.ukrinform.ua|https://www.wikidata.org/wiki/Q987030
rm-wpri-wpri-com,WPRI,https://wpri.com,north-america,north-america,united-states,state-province,Rhode Island,news-broadcaster,en,77,Ahrefs,2026-09-01,unknown,,unknown,unknown,P1,unknown,2026-09-01,https://raw.githubusercontent.com/yinleon/LocalNewsDataset/master/data/local_news_dataset_2018_for_domain_analysis.csv|https://wpri.com
rm-wprost-wprost-pl,Wprost,https://www.wprost.pl,europe,eastern-europe,poland,local-area,Warsaw,newspaper,pl,77,Ahrefs,2026-09-01,unknown,,unknown,unknown,P1,active,2026-09-01,https://www.wikidata.org/wiki/Q1465227|https://www.wprost.pl
rm-adresseavisen-adressa-no,Adresseavisen,https://www.adressa.no,europe,northern-europe,norway,region,Trondheim and Trøndelag,newspaper,no,76,Ahrefs,2026-09-01,unknown,,unknown,unknown,P1,active,2026-09-01,https://www.adressa.no
rm-bergens-tidende-bt-no,Bergens Tidende,https://www.bt.no,europe,northern-europe,norway,region,Bergen and western Norway,newspaper,no,76,Ahrefs,2026-09-01,unknown,,unknown,unknown,P1,active,2026-09-01,https://www.bt.no
rm-berkshire-eagle-berkshireeagle-com,Berkshire Eagle,https://berkshireeagle.com,north-america,north-america,united-states,state-province,Massachusetts,newspaper,en,76,Ahrefs,2026-09-01,unknown,,unknown,unknown,P1,active,2026-09-01,https://berkshireeagle.com|https://raw.githubusercontent.com/yinleon/LocalNewsDataset/master/data/local_news_dataset_2018_for_domain_analysis.csv
rm-billings-gazette-billingsgazette-com,Billings Gazette,https://billingsgazette.com,north-america,north-america,united-states,state-province,Montana,newspaper,en,76,Ahrefs,2026-09-01,unknown,,unknown,unknown,P1,active,2026-09-01,https://billingsgazette.com|https://raw.githubusercontent.com/yinleon/LocalNewsDataset/master/data/local_news_dataset_2018_for_domain_analysis.csv
rm-bozeman-daily-chronicle-lj3le7zk2e-search-serialssol,Bozeman Daily Chronicle,https://lj3le7zk2e.search.serialssolutions.com/?V=1.0&L=LJ3LE7ZK2E&S=JCs&C=BOZEDAICH&T=marc,north-america,north-america,united-states,local-area,Bozeman,newspaper,en,76,Ahrefs,2026-09-01,unknown,,unknown,unknown,P1,active,2026-09-01,https://lj3le7zk2e.search.serialssolutions.com/?V=1.0&L=LJ3LE7ZK2E&S=JCs&C=BOZEDAICH&T=marc|https://www.wikidata.org/wiki/Q4952821
rm-braunschweiger-zeitung-braunschweiger-zeitung-de,Braunschweiger Zeitung,https://www.braunschweiger-zeitung.de,europe,western-europe,germany,region,Brunswick,newspaper,de,76,Ahrefs,2026-09-01,unknown,,unknown,unknown,P1,active,2026-09-01,https://www.braunschweiger-zeitung.de|https://www.wikidata.org/wiki/Q902014
rm-daily-monitor-monitor-co-ug,Daily Monitor,https://www.monitor.co.ug,africa,eastern-africa,uganda,multi-region,Kampala and Uganda regions,newspaper,en,76,Ahrefs,2026-09-01,unknown,,unknown,unknown,P1,unknown,2026-09-01,https://www.monitor.co.ug
rm-darmstadter-echo-echo-online-de,Darmstädter Echo,https://www.echo-online.de,europe,western-europe,germany,region,Darmstadt,newspaper,de,76,Ahrefs,2026-09-01,unknown,,unknown,unknown,P1,active,2026-09-01,https://www.echo-online.de|https://www.wikidata.org/wiki/Q1166464
rm-der-freitag-freitag-de,der Freitag,https://www.freitag.de,europe,western-europe,germany,local-area,Berlin,newspaper,de,76,Ahrefs,2026-09-01,unknown,,unknown,unknown,P1,active,2026-09-01,https://www.freitag.de|https://www.wikidata.org/wiki/Q265362
rm-faro-de-vigo-farodevigo-es,Faro de Vigo,https://www.farodevigo.es,europe,southern-europe,spain,region,Vigo and Galicia,newspaper,es,76,Ahrefs,2026-09-01,unknown,,unknown,unknown,P1,active,2026-09-01,https://www.farodevigo.es
rm-het-belang-van-limburg-hbvl-be,Het Belang van Limburg,https://www.hbvl.be,europe,western-europe,belgium,region,Belgian Limburg,newspaper,nl,76,Ahrefs,2026-09-01,unknown,,unknown,unknown,P1,unknown,2026-09-01,https://www.hbvl.be
rm-libertad-digital-libertaddigital-com,Libertad Digital,https://www.libertaddigital.com,europe,southern-europe,spain,local-area,Madrid,digital-news,es,76,Ahrefs,2026-09-01,unknown,,unknown,unknown,P1,active,2026-09-01,https://www.libertaddigital.com|https://www.wikidata.org/wiki/Q3101925
rm-makor-rishon-makorrishon-co-il,Makor Rishon,https://www.makorrishon.co.il,asia,western-asia,israel,local-area,Jerusalem,newspaper,he,76,Ahrefs,2026-09-01,unknown,,unknown,unknown,P1,unknown,2026-09-01,https://www.makorrishon.co.il|https://www.wikidata.org/wiki/Q601702
rm-marianne-marianne-net,Marianne,https://www.marianne.net,europe,western-europe,france,local-area,Paris,newspaper,fr,76,Ahrefs,2026-09-01,unknown,,unknown,unknown,P1,unknown,2026-09-01,https://www.marianne.net|https://www.wikidata.org/wiki/Q3291285
rm-nottinghamshire-live-nottinghampost-com,Nottinghamshire Live,https://www.nottinghampost.com,europe,northern-europe,united-kingdom,county-district,Nottingham and Nottinghamshire,newspaper,en,76,Ahrefs,2026-09-01,unknown,,unknown,unknown,P1,active,2026-09-01,https://www.nottinghampost.com
rm-offenbach-post-op-online-de,Offenbach-Post,https://www.op-online.de,europe,western-europe,germany,region,Offenbach am Main,newspaper,de,76,Ahrefs,2026-09-01,unknown,,unknown,unknown,P1,active,2026-09-01,https://www.op-online.de|https://www.wikidata.org/wiki/Q2015475
rm-ryukyu-shimpo-ryukyushimpo-jp,Ryukyu Shimpo,https://ryukyushimpo.jp,asia,eastern-asia,japan,state-province,Okinawa Prefecture,newspaper,ja,76,Ahrefs,2026-09-01,unknown,,unknown,unknown,P1,active,2026-09-01,https://ryukyushimpo.jp
rm-the-jewish-journal-of-greater-los-angeles-jewishjournal-com,The Jewish Journal of Greater Los Angeles,https://www.jewishjournal.com,north-america,north-america,united-states,local-area,Los Angeles,newspaper,en,76,Ahrefs,2026-09-01,unknown,,unknown,unknown,P1,active,2026-09-01,https://www.jewishjournal.com|https://www.wikidata.org/wiki/Q7743221
rm-the-press-and-journal-pressandjournal-co-uk,The Press and Journal,https://www.pressandjournal.co.uk,europe,northern-europe,united-kingdom,region,Northern Scotland,newspaper,en,76,Ahrefs,2026-09-01,unknown,,unknown,unknown,P1,unknown,2026-09-01,https://www.pressandjournal.co.uk
rm-volksstimme-volksstimme-de,Volksstimme,https://www.volksstimme.de,europe,western-europe,germany,region,Magdeburg,newspaper,de,76,Ahrefs,2026-09-01,unknown,,unknown,unknown,P1,active,2026-09-01,https://www.volksstimme.de|https://www.wikidata.org/wiki/Q896616
rm-wjar-turnto10-com,WJAR,https://turnto10.com,north-america,north-america,united-states,state-province,Rhode Island,news-broadcaster,en,76,Ahrefs,2026-09-01,unknown,,unknown,unknown,P1,active,2026-09-01,https://raw.githubusercontent.com/yinleon/LocalNewsDataset/master/data/local_news_dataset_2018_for_domain_analysis.csv|https://turnto10.com
rm-beaverton-valley-times-portlandtribune-com,Beaverton Valley Times,https://portlandtribune.com,north-america,north-america,united-states,state-province,Oregon,newspaper,en,75,Ahrefs,2026-09-01,unknown,,unknown,unknown,P1,active,2026-09-01,https://portlandtribune.com|https://raw.githubusercontent.com/yinleon/LocalNewsDataset/master/data/local_news_dataset_2018_for_domain_analysis.csv
rm-brandon-news-tbo-com,Brandon News,https://tbo.com,north-america,north-america,united-states,state-province,Florida,newspaper,en,75,Ahrefs,2026-09-01,unknown,,unknown,unknown,P1,active,2026-09-01,https://raw.githubusercontent.com/yinleon/LocalNewsDataset/master/data/local_news_dataset_2018_for_domain_analysis.csv|https://tbo.com
rm-bulletin-bendbulletin-com,Bulletin,https://bendbulletin.com,north-america,north-america,united-states,state-province,Oregon,newspaper,en,75,Ahrefs,2026-09-01,unknown,,unknown,unknown,P1,active,2026-09-01,https://bendbulletin.com|https://raw.githubusercontent.com/yinleon/LocalNewsDataset/master/data/local_news_dataset_2018_for_domain_analysis.csv
rm-concord-monitor-concordmonitor-com,Concord Monitor,https://concordmonitor.com,north-america,north-america,united-states,state-province,New Hampshire,newspaper,en,75,Ahrefs,2026-09-01,unknown,,unknown,unknown,P1,active,2026-09-01,https://concordmonitor.com|https://raw.githubusercontent.com/yinleon/LocalNewsDataset/master/data/local_news_dataset_2018_for_domain_analysis.csv
rm-daily-breeze-dailybreeze-com,Daily Breeze,https://www.dailybreeze.com,north-america,north-america,united-states,local-area,Torrance,newspaper,en,75,Ahrefs,2026-09-01,unknown,,unknown,unknown,P1,active,2026-09-01,https://www.dailybreeze.com|https://www.wikidata.org/wiki/Q5209227
rm-el-pais-cali-elpais-com-co,El País Cali,https://www.elpais.com.co,latin-america-caribbean,south-america,colombia,state-province,Cali and Valle del Cauca,newspaper,es,75,Ahrefs,2026-09-01,unknown,,unknown,unknown,P1,active,2026-09-01,https://www.elpais.com.co
rm-kitv-kitv-com,KITV,https://kitv.com,north-america,north-america,united-states,state-province,Hawaii,news-broadcaster,en,75,Ahrefs,2026-09-01,unknown,,unknown,unknown,P1,unknown,2026-09-01,https://kitv.com|https://raw.githubusercontent.com/yinleon/LocalNewsDataset/master/data/local_news_dataset_2018_for_domain_analysis.csv
rm-la-republique-du-centre-larep-fr,La République du Centre,https://www.larep.fr,europe,western-europe,france,local-area,Saran,newspaper,fr,75,Ahrefs,2026-09-01,unknown,,unknown,unknown,P1,unknown,2026-09-01,https://www.larep.fr|https://www.wikidata.org/wiki/Q3212596
rm-le-bien-public-bienpublic-com,Le Bien Public,https://www.bienpublic.com/liseuse/editions-numeriques,europe,western-europe,france,region,Local or regional market in France,newspaper,fr,75,Ahrefs,2026-09-01,unknown,,unknown,unknown,P1,active,2026-09-01,https://www.bienpublic.com/liseuse/editions-numeriques|https://www.wikidata.org/wiki/Q3220437
rm-le-nouvelliste-lenouvelliste-ch,Le Nouvelliste,https://www.lenouvelliste.ch,europe,western-europe,switzerland,region,Sion,newspaper,fr,75,Ahrefs,2026-09-01,unknown,,unknown,unknown,P1,active,2026-09-01,https://www.lenouvelliste.ch|https://www.wikidata.org/wiki/Q6507379
rm-lubecker-nachrichten-ln-online-de,Lübecker Nachrichten,https://www.ln-online.de,europe,western-europe,germany,region,Lübeck,newspaper,de,75,Ahrefs,2026-09-01,unknown,,unknown,unknown,P1,unknown,2026-09-01,https://www.ln-online.de|https://www.wikidata.org/wiki/Q1880147
rm-napa-valley-register-napavalleyregister-com,Napa Valley Register,https://napavalleyregister.com,north-america,north-america,united-states,local-area,Napa,newspaper,en,75,Ahrefs,2026-09-01,unknown,,unknown,unknown,P1,active,2026-09-01,https://napavalleyregister.com|https://www.wikidata.org/wiki/Q6964800
rm-nigerian-tribune-tribuneonlineng-com,Nigerian Tribune,https://tribuneonlineng.com,africa,western-africa,nigeria,region,Ibadan and southwest Nigeria,newspaper,en,75,Ahrefs,2026-09-01,unknown,,unknown,unknown,P1,active,2026-09-01,https://tribuneonlineng.com
rm-riverfront-times-riverfronttimes-com,Riverfront Times,https://www.riverfronttimes.com,north-america,north-america,united-states,local-area,St. Louis,newspaper,en,75,Ahrefs,2026-09-01,unknown,,unknown,unknown,P1,unknown,2026-09-01,https://www.riverfronttimes.com|https://www.wikidata.org/wiki/Q7761036
rm-sunstar-sunstar-com-ph,SunStar,https://www.sunstar.com.ph,asia,south-eastern-asia,philippines,multi-region,Regional cities across the Philippines,newspaper,en,75,Ahrefs,2026-09-01,unknown,,unknown,unknown,P1,active,2026-09-01,https://www.sunstar.com.ph
rm-the-argus-theargus-co-uk,The Argus,https://www.theargus.co.uk,europe,northern-europe,united-kingdom,local-area,Local or regional market in United Kingdom,newspaper,en,75,Ahrefs,2026-09-01,unknown,,unknown,unknown,P1,active,2026-09-01,https://www.theargus.co.uk|https://www.wikidata.org/wiki/Q7714230
rm-the-aspen-times-aspentimes-com,The Aspen Times,https://www.aspentimes.com,north-america,north-america,united-states,local-area,Aspen,newspaper,en,75,Ahrefs,2026-09-01,unknown,,unknown,unknown,P1,active,2026-09-01,https://www.aspentimes.com|https://www.wikidata.org/wiki/Q4807850
rm-the-courier-thecourier-co-uk,The Courier,https://www.thecourier.co.uk,europe,northern-europe,united-kingdom,region,"Dundee, Tayside and Fife",newspaper,en,75,Ahrefs,2026-09-01,unknown,,unknown,unknown,P1,unknown,2026-09-01,https://www.thecourier.co.uk
rm-the-new-york-sun-nysun-com,The New York Sun,https://www.nysun.com,north-america,north-america,united-states,metro-city,New York City,newspaper,en,75,Ahrefs,2026-09-01,unknown,,unknown,unknown,P1,unknown,2026-09-01,https://www.nysun.com|https://www.wikidata.org/wiki/Q1519334
rm-turun-sanomat-ts-fi,Turun Sanomat,https://www.ts.fi,europe,northern-europe,finland,region,Turku and southwest Finland,newspaper,fi,75,Ahrefs,2026-09-01,unknown,,unknown,unknown,P1,active,2026-09-01,https://www.ts.fi
rm-tv-2-kosmopol-tv2kosmopol-dk,TV 2 Kosmopol,https://www.tv2kosmopol.dk,europe,northern-europe,denmark,region,Local or regional market in Denmark,digital-news,da,75,Ahrefs,2026-09-01,unknown,,unknown,unknown,P1,active,2026-09-01,https://www.tv2kosmopol.dk|https://www.wikidata.org/wiki/Q12338663
rm-waterloo-region-record-therecord-com,Waterloo Region Record,https://www.therecord.com,north-america,north-america,canada,region,Waterloo Region,newspaper,en,75,Ahrefs,2026-09-01,unknown,,unknown,unknown,P1,active,2026-09-01,https://www.therecord.com
rm-watoday-watoday-com-au,WAtoday,https://www.watoday.com.au,oceania,australia-new-zealand,australia,state-province,Perth and Western Australia,newspaper,en,75,Ahrefs,2026-09-01,unknown,,unknown,unknown,P1,active,2026-09-01,https://www.watoday.com.au
rm-advocate-stamfordadvocate-com,Advocate,https://stamfordadvocate.com,north-america,north-america,united-states,state-province,Connecticut,newspaper,en,74,Ahrefs,2026-09-01,unknown,,unknown,unknown,P2,active,2026-09-01,https://raw.githubusercontent.com/yinleon/LocalNewsDataset/master/data/local_news_dataset_2018_for_domain_analysis.csv|https://stamfordadvocate.com
rm-arkansas-times-arktimes-com,Arkansas Times,https://arktimes.com,north-america,north-america,united-states,state-province,Arkansas,newspaper,en,74,Ahrefs,2026-09-01,unknown,,unknown,unknown,P2,active,2026-09-01,https://arktimes.com|https://raw.githubusercontent.com/yinleon/LocalNewsDataset/master/data/local_news_dataset_2018_for_domain_analysis.csv
rm-army-times-armytimes-com,Army Times,https://armytimes.com,north-america,north-america,united-states,state-province,Virginia,newspaper,en,74,Ahrefs,2026-09-01,unknown,,unknown,unknown,P2,active,2026-09-01,https://armytimes.com|https://raw.githubusercontent.com/yinleon/LocalNewsDataset/master/data/local_news_dataset_2018_for_domain_analysis.csv
rm-augusta-free-press-augustafreepress-com,Augusta Free Press,https://augustafreepress.com,north-america,north-america,united-states,state-province,Virginia,newspaper,en,74,Ahrefs,2026-09-01,unknown,,unknown,unknown,P2,active,2026-09-01,https://augustafreepress.com|https://raw.githubusercontent.com/yinleon/LocalNewsDataset/master/data/local_news_dataset_2018_for_domain_analysis.csv
rm-baldwin-herald-liherald-com,Baldwin Herald,https://liherald.com,north-america,north-america,united-states,state-province,New York,newspaper,en,74,Ahrefs,2026-09-01,unknown,,unknown,unknown,P2,active,2026-09-01,https://liherald.com|https://raw.githubusercontent.com/yinleon/LocalNewsDataset/master/data/local_news_dataset_2018_for_domain_analysis.csv
rm-berliner-kurier-berliner-kurier-de,Berliner Kurier,https://www.berliner-kurier.de,europe,western-europe,germany,region,Germany,newspaper,de,74,Ahrefs,2026-09-01,unknown,,unknown,unknown,P2,active,2026-09-01,https://www.berliner-kurier.de|https://www.wikidata.org/wiki/Q10190
rm-bettendorf-news-qctimes-com,Bettendorf News,https://qctimes.com,north-america,north-america,united-states,state-province,Iowa,newspaper,en,74,Ahrefs,2026-09-01,unknown,,unknown,unknown,P2,active,2026-09-01,https://qctimes.com|https://raw.githubusercontent.com/yinleon/LocalNewsDataset/master/data/local_news_dataset_2018_for_domain_analysis.csv
rm-capital-gazette-capitalgazette-com,Capital Gazette,https://capitalgazette.com,north-america,north-america,united-states,state-province,Maryland,newspaper,en,74,Ahrefs,2026-09-01,unknown,,unknown,unknown,P2,unknown,2026-09-01,https://capitalgazette.com|https://raw.githubusercontent.com/yinleon/LocalNewsDataset/master/data/local_news_dataset_2018_for_domain_analysis.csv
rm-casper-star-tribune-trib-com,Casper Star Tribune,https://trib.com,north-america,north-america,united-states,state-province,Wyoming,newspaper,en,74,Ahrefs,2026-09-01,unknown,,unknown,unknown,P2,active,2026-09-01,https://raw.githubusercontent.com/yinleon/LocalNewsDataset/master/data/local_news_dataset_2018_for_domain_analysis.csv|https://trib.com
rm-charleston-city-paper-charlestoncitypaper-com,Charleston City Paper,https://charlestoncitypaper.com,north-america,north-america,united-states,state-province,South Carolina,newspaper,en,74,Ahrefs,2026-09-01,unknown,,unknown,unknown,P2,active,2026-09-01,https://charlestoncitypaper.com|https://raw.githubusercontent.com/yinleon/LocalNewsDataset/master/data/local_news_dataset_2018_for_domain_analysis.csv
rm-christian-today-christiantoday-com,Christian Today,https://www.christiantoday.com,europe,northern-europe,united-kingdom,local-area,London,digital-news,en,74,Ahrefs,2026-09-01,unknown,,unknown,unknown,P2,active,2026-09-01,https://www.christiantoday.com|https://www.wikidata.org/wiki/Q43261592
rm-columbia-missourian-columbiamissourian-com,Columbia Missourian,https://www.columbiamissourian.com,north-america,north-america,united-states,local-area,Columbia,newspaper,en,74,Ahrefs,2026-09-01,unknown,,unknown,unknown,P2,unknown,2026-09-01,https://www.columbiamissourian.com|https://www.wikidata.org/wiki/Q5149772
rm-daily-pennsylvanian-thedp-com,Daily Pennsylvanian,https://thedp.com,north-america,north-america,united-states,state-province,Pennsylvania,community-news,en,74,Ahrefs,2026-09-01,unknown,,unknown,unknown,P2,active,2026-09-01,https://raw.githubusercontent.com/yinleon/LocalNewsDataset/master/data/local_news_dataset_2018_for_domain_analysis.csv|https://thedp.com
rm-daily-record-thedailyrecord-com,Daily Record,https://thedailyrecord.com,north-america,north-america,united-states,state-province,Maryland,newspaper,en,74,Ahrefs,2026-09-01,unknown,,unknown,unknown,P2,unknown,2026-09-01,https://raw.githubusercontent.com/yinleon/LocalNewsDataset/master/data/local_news_dataset_2018_for_domain_analysis.csv|https://thedailyrecord.com
rm-daily-trust-dailytrust-com,Daily Trust,https://dailytrust.com,africa,western-africa,nigeria,multi-region,Northern Nigeria and Abuja,newspaper,en,74,Ahrefs,2026-09-01,unknown,,unknown,unknown,P2,active,2026-09-01,https://dailytrust.com
rm-danbury-news-times-newstimes-com,Danbury News-Times,https://newstimes.com,north-america,north-america,united-states,state-province,Connecticut,newspaper,en,74,Ahrefs,2026-09-01,unknown,,unknown,unknown,P2,active,2026-09-01,https://newstimes.com|https://raw.githubusercontent.com/yinleon/LocalNewsDataset/master/data/local_news_dataset_2018_for_domain_analysis.csv
rm-diario-do-nordeste-diariodonordeste-verdesmares,Diário do Nordeste,https://diariodonordeste.verdesmares.com.br,latin-america-caribbean,south-america,brazil,state-province,Ceará,newspaper,pt,74,Ahrefs,2026-09-01,unknown,,unknown,unknown,P2,unknown,2026-09-01,https://diariodonordeste.verdesmares.com.br
rm-dziennik-zachodni-dziennikzachodni-pl,Dziennik Zachodni,https://dziennikzachodni.pl,europe,eastern-europe,poland,region,Silesia,newspaper,pl,74,Ahrefs,2026-09-01,unknown,,unknown,unknown,P2,unknown,2026-09-01,https://dziennikzachodni.pl
rm-el-dia-eldia-es,El Día,https://www.eldia.es,europe,southern-europe,spain,local-area,Santa Cruz de Tenerife,newspaper,es,74,Ahrefs,2026-09-01,unknown,,unknown,unknown,P2,active,2026-09-01,https://www.eldia.es|https://www.wikidata.org/wiki/Q2149635
rm-el-heraldo-elheraldo-co,El Heraldo,https://www.elheraldo.co,latin-america-caribbean,south-america,colombia,region,Barranquilla and Caribbean Colombia,newspaper,es,74,Ahrefs,2026-09-01,unknown,,unknown,unknown,P2,active,2026-09-01,https://www.elheraldo.co
rm-el-informador-informador-mx,El Informador,https://www.informador.mx,latin-america-caribbean,central-america,mexico,state-province,Guadalajara and Jalisco,newspaper,es,74,Ahrefs,2026-09-01,unknown,,unknown,unknown,P2,active,2026-09-01,https://www.informador.mx
rm-fukui-shimbun-fukuishimbun-co-jp,Fukui Shimbun,https://www.fukuishimbun.co.jp,asia,eastern-asia,japan,local-area,Local or regional market in Japan,newspaper,ja,74,Ahrefs,2026-09-01,unknown,,unknown,unknown,P2,active,2026-09-01,https://www.fukuishimbun.co.jp|https://www.wikidata.org/wiki/Q11591397
rm-gazeta-krakowska-gazetakrakowska-pl,Gazeta Krakowska,https://gazetakrakowska.pl,europe,eastern-europe,poland,region,Kraków and Lesser Poland,newspaper,pl,74,Ahrefs,2026-09-01,unknown,,unknown,unknown,P2,unknown,2026-09-01,https://gazetakrakowska.pl
rm-gie-ener-allgemeine-zeitung-giessener-allgemeine-de,Gießener Allgemeine Zeitung,https://www.giessener-allgemeine.de,europe,western-europe,germany,region,Giessen,newspaper,de,74,Ahrefs,2026-09-01,unknown,,unknown,unknown,P2,active,2026-09-01,https://www.giessener-allgemeine.de|https://www.wikidata.org/wiki/Q1523455
rm-grand-forks-herald-grandforksherald-com,Grand Forks Herald,https://grandforksherald.com,north-america,north-america,united-states,state-province,North Dakota,newspaper,en,74,Ahrefs,2026-09-01,unknown,,unknown,unknown,P2,active,2026-09-01,https://grandforksherald.com|https://raw.githubusercontent.com/yinleon/LocalNewsDataset/master/data/local_news_dataset_2018_for_domain_analysis.csv
rm-graphic-online-graphic-com-gh,Graphic Online,https://www.graphic.com.gh,africa,western-africa,ghana,multi-region,Accra and Ghana regions,newspaper,en,74,Ahrefs,2026-09-01,unknown,,unknown,unknown,P2,active,2026-09-01,https://www.graphic.com.gh
rm-hufvudstadsbladet-hbl-fi,Hufvudstadsbladet,https://www.hbl.fi,europe,northern-europe,finland,local-area,Helsinki,newspaper,sv,74,Ahrefs,2026-09-01,unknown,,unknown,unknown,P2,active,2026-09-01,https://www.hbl.fi|https://www.wikidata.org/wiki/Q613979
rm-idaho-press-tribune-idahopress-com,Idaho Press-Tribune,https://idahopress.com,north-america,north-america,united-states,state-province,Idaho,newspaper,en,74,Ahrefs,2026-09-01,unknown,,unknown,unknown,P2,unknown,2026-09-01,https://idahopress.com|https://raw.githubusercontent.com/yinleon/LocalNewsDataset/master/data/local_news_dataset_2018_for_domain_analysis.csv
rm-israel-hayom-israelhayom-com,Israel Hayom,https://www.israelhayom.com,asia,western-asia,israel,local-area,Israel,newspaper,he,74,Ahrefs,2026-09-01,unknown,,unknown,unknown,P2,unknown,2026-09-01,https://www.israelhayom.com|https://www.wikidata.org/wiki/Q1632726
rm-kaleva-kaleva-fi,Kaleva,https://www.kaleva.fi,europe,northern-europe,finland,local-area,Oulu,newspaper,fi,74,Ahrefs,2026-09-01,unknown,,unknown,unknown,P2,active,2026-09-01,https://www.kaleva.fi|https://www.wikidata.org/wiki/Q3192167
rm-kelo-keloland-com,KELO,https://keloland.com,north-america,north-america,united-states,state-province,South Dakota,news-broadcaster,en,74,Ahrefs,2026-09-01,unknown,,unknown,unknown,P2,unknown,2026-09-01,https://keloland.com|https://raw.githubusercontent.com/yinleon/LocalNewsDataset/master/data/local_news_dataset_2018_for_domain_analysis.csv
rm-kolo-kolotv-com,KOLO,https://kolotv.com,north-america,north-america,united-states,state-province,Nevada,news-broadcaster,en,74,Ahrefs,2026-09-01,unknown,,unknown,unknown,P2,active,2026-09-01,https://kolotv.com|https://raw.githubusercontent.com/yinleon/LocalNewsDataset/master/data/local_news_dataset_2018_for_domain_analysis.csv
rm-kumamoto-nichinichi-shimbun-kumanichi-com,Kumamoto Nichinichi Shimbun,https://kumanichi.com,asia,eastern-asia,japan,local-area,Kumamoto,newspaper,ja,74,Ahrefs,2026-09-01,unknown,,unknown,unknown,P2,unknown,2026-09-01,https://kumanichi.com|https://www.wikidata.org/wiki/Q11568194
rm-leicestershire-live-leicestermercury-co-uk,Leicestershire Live,https://www.leicestermercury.co.uk,europe,northern-europe,united-kingdom,county-district,Leicester and Leicestershire,newspaper,en,74,Ahrefs,2026-09-01,unknown,,unknown,unknown,P2,active,2026-09-01,https://www.leicestermercury.co.uk
rm-long-island-press-longislandpress-com,Long Island Press,https://www.longislandpress.com,north-america,north-america,united-states,local-area,Garden City,newspaper,en,74,Ahrefs,2026-09-01,unknown,,unknown,unknown,P2,active,2026-09-01,https://www.longislandpress.com|https://www.wikidata.org/wiki/Q13436367
rm-mississippi-today-mississippitoday-org,Mississippi Today,https://mississippitoday.org,north-america,north-america,united-states,state-province,Mississippi,newspaper,en,74,Ahrefs,2026-09-01,unknown,,unknown,unknown,P2,active,2026-09-01,https://mississippitoday.org
rm-nordjyske-stiftstidende-nordjyske-dk,Nordjyske Stiftstidende,https://www.nordjyske.dk/nyheder,europe,northern-europe,denmark,local-area,Aalborg,newspaper,da,74,Ahrefs,2026-09-01,unknown,,unknown,unknown,P2,active,2026-09-01,https://www.nordjyske.dk/nyheder|https://www.wikidata.org/wiki/Q11991840
rm-nurnberger-nachrichten-nn-de,Nürnberger Nachrichten,https://www.nn.de,europe,western-europe,germany,region,Nuremberg and Franconia,newspaper,de,74,Ahrefs,2026-09-01,unknown,,unknown,unknown,P2,active,2026-09-01,https://www.nn.de
rm-press-telegram-presstelegram-com,Press-Telegram,https://www.presstelegram.com,north-america,north-america,united-states,local-area,Long Beach,newspaper,en,74,Ahrefs,2026-09-01,unknown,,unknown,unknown,P2,active,2026-09-01,https://www.presstelegram.com|https://www.wikidata.org/wiki/Q7241597
rm-saga-shimbun-saga-s-co-jp,Saga Shimbun,https://www.saga-s.co.jp,asia,eastern-asia,japan,local-area,Local or regional market in Japan,newspaper,ja,74,Ahrefs,2026-09-01,unknown,,unknown,unknown,P2,active,2026-09-01,https://www.saga-s.co.jp|https://www.wikidata.org/wiki/Q11384670
rm-slobodna-dalmacija-slobodnadalmacija-hr,Slobodna Dalmacija,https://slobodnadalmacija.hr,europe,southern-europe,croatia,region,Dalmatia,newspaper,hr,74,Ahrefs,2026-09-01,unknown,,unknown,unknown,P2,unknown,2026-09-01,https://slobodnadalmacija.hr
rm-the-washington-post-proquest-umi-com,The Washington Post,https://proquest.umi.com/pqdweb?RQT=318&TS=1099416399&clientId=30345&VType=PQD&VName=HNP&VInst=PROD&pmid=000048611&PageNum=1,north-america,north-america,united-states,local-area,"Washington, D.C.",newspaper,en,74,Ahrefs,2026-09-01,unknown,,unknown,unknown,P2,active,2026-09-01,https://proquest.umi.com/pqdweb?RQT=318&TS=1099416399&clientId=30345&VType=PQD&VName=HNP&VInst=PROD&pmid=000048611&PageNum=1|https://www.wikidata.org/wiki/Q166032
rm-the-west-briton-cornwalllive-com,The West Briton,https://www.cornwalllive.com,europe,northern-europe,united-kingdom,local-area,Truro,newspaper,en,74,Ahrefs,2026-09-01,unknown,,unknown,unknown,P2,active,2026-09-01,https://www.cornwalllive.com|https://www.wikidata.org/wiki/Q946617
rm-trierischer-volksfreund-volksfreund-de,Trierischer Volksfreund,https://www.volksfreund.de,europe,western-europe,germany,local-area,Trier,newspaper,de,74,Ahrefs,2026-09-01,unknown,,unknown,unknown,P2,active,2026-09-01,https://www.volksfreund.de|https://www.wikidata.org/wiki/Q2453027
rm-vail-daily-vaildaily-com,Vail Daily,https://vaildaily.com,north-america,north-america,united-states,local-area,Vail,newspaper,en,74,Ahrefs,2026-09-01,unknown,,unknown,unknown,P2,active,2026-09-01,https://vaildaily.com|https://www.wikidata.org/wiki/Q7908759
rm-windsor-star-windsorstar-com,Windsor Star,https://www.windsorstar.com,north-america,north-america,canada,local-area,Windsor,newspaper,en,74,Ahrefs,2026-09-01,unknown,,unknown,unknown,P2,active,2026-09-01,https://www.wikidata.org/wiki/Q3569304|https://www.windsorstar.com
rm-27east-com-27east-com,27east.com,https://27east.com,north-america,north-america,united-states,state-province,New York,newspaper,en,73,Ahrefs,2026-09-01,unknown,,unknown,unknown,P2,unknown,2026-09-01,https://27east.com|https://raw.githubusercontent.com/yinleon/LocalNewsDataset/master/data/local_news_dataset_2018_for_domain_analysis.csv
rm-air-force-times-airforcetimes-com,Air Force Times,https://airforcetimes.com,north-america,north-america,united-states,state-province,Virginia,newspaper,en,73,Ahrefs,2026-09-01,unknown,,unknown,unknown,P2,active,2026-09-01,https://airforcetimes.com|https://raw.githubusercontent.com/yinleon/LocalNewsDataset/master/data/local_news_dataset_2018_for_domain_analysis.csv
rm-alpharetta-neighbor-mdjonline-com,Alpharetta Neighbor,https://mdjonline.com,north-america,north-america,united-states,state-province,Georgia,newspaper,en,73,Ahrefs,2026-09-01,unknown,,unknown,unknown,P2,unknown,2026-09-01,https://mdjonline.com|https://raw.githubusercontent.com/yinleon/LocalNewsDataset/master/data/local_news_dataset_2018_for_domain_analysis.csv
rm-arizona-daily-sun-azdailysun-com,Arizona Daily Sun,https://azdailysun.com,north-america,north-america,united-states,local-area,Flagstaff,newspaper,en,73,Ahrefs,2026-09-01,unknown,,unknown,unknown,P2,unknown,2026-09-01,https://azdailysun.com|https://www.wikidata.org/wiki/Q4791285
rm-baltimore-afro-american-afro-com,Baltimore Afro American,https://afro.com,north-america,north-america,united-states,state-province,Maryland,newspaper,en,73,Ahrefs,2026-09-01,unknown,,unknown,unknown,P2,unknown,2026-09-01,https://afro.com|https://raw.githubusercontent.com/yinleon/LocalNewsDataset/master/data/local_news_dataset_2018_for_domain_analysis.csv
rm-bismarck-tribune-bismarcktribune-com,Bismarck Tribune,https://bismarcktribune.com,north-america,north-america,united-states,state-province,North Dakota,newspaper,en,73,Ahrefs,2026-09-01,unknown,,unknown,unknown,P2,unknown,2026-09-01,https://bismarcktribune.com|https://raw.githubusercontent.com/yinleon/LocalNewsDataset/master/data/local_news_dataset_2018_for_domain_analysis.csv
rm-biztimes-biztimes-com,BizTimes,https://biztimes.com,north-america,north-america,united-states,state-province,Wisconsin,newspaper,en,73,Ahrefs,2026-09-01,unknown,,unknown,unknown,P2,unknown,2026-09-01,https://biztimes.com|https://raw.githubusercontent.com/yinleon/LocalNewsDataset/master/data/local_news_dataset_2018_for_domain_analysis.csv
rm-business-observer-businessobserverfl-com,Business Observer,https://businessobserverfl.com,north-america,north-america,united-states,state-province,Florida,newspaper,en,73,Ahrefs,2026-09-01,unknown,,unknown,unknown,P2,unknown,2026-09-01,https://businessobserverfl.com|https://raw.githubusercontent.com/yinleon/LocalNewsDataset/master/data/local_news_dataset_2018_for_domain_analysis.csv
rm-capital-press-agriculture-weekly-capitalpress-com,Capital Press Agriculture Weekly,https://capitalpress.com,north-america,north-america,united-states,state-province,Oregon,newspaper,en,73,Ahrefs,2026-09-01,unknown,,unknown,unknown,P2,active,2026-09-01,https://capitalpress.com|https://raw.githubusercontent.com/yinleon/LocalNewsDataset/master/data/local_news_dataset_2018_for_domain_analysis.csv
rm-chadron-record-rapidcityjournal-com,Chadron Record,https://rapidcityjournal.com,north-america,north-america,united-states,state-province,Nebraska,newspaper,en,73,Ahrefs,2026-09-01,unknown,,unknown,unknown,P2,unknown,2026-09-01,https://rapidcityjournal.com|https://raw.githubusercontent.com/yinleon/LocalNewsDataset/master/data/local_news_dataset_2018_for_domain_analysis.csv
rm-chattanoogan-chattanoogan-com,Chattanoogan,https://chattanoogan.com,north-america,north-america,united-states,state-province,Tennessee,newspaper,en,73,Ahrefs,2026-09-01,unknown,,unknown,unknown,P2,active,2026-09-01,https://chattanoogan.com|https://raw.githubusercontent.com/yinleon/LocalNewsDataset/master/data/local_news_dataset_2018_for_domain_analysis.csv
rm-chiba-nipposha-chibanippo-co-jp,Chiba Nipposha,https://www.chibanippo.co.jp,asia,eastern-asia,japan,local-area,Local or regional market in Japan,newspaper,ja,73,Ahrefs,2026-09-01,unknown,,unknown,unknown,P2,active,2026-09-01,https://www.chibanippo.co.jp|https://www.wikidata.org/wiki/Q11406077
rm-coeur-d-alene-press-cdapress-com,Coeur d'Alene Press,https://www.cdapress.com,north-america,north-america,united-states,local-area,Coeur d'Alene,newspaper,en,73,Ahrefs,2026-09-01,unknown,,unknown,unknown,P2,unknown,2026-09-01,https://www.cdapress.com|https://www.wikidata.org/wiki/Q5140852
rm-corriere-del-ticino-cdt-ch,Corriere del Ticino,https://www.cdt.ch,europe,western-europe,switzerland,region,Switzerland,newspaper,it,73,Ahrefs,2026-09-01,unknown,,unknown,unknown,P2,active,2026-09-01,https://www.cdt.ch|https://www.wikidata.org/wiki/Q1135346
rm-ehime-shimbun-ehime-np-co-jp,Ehime Shimbun,https://www.ehime-np.co.jp,asia,eastern-asia,japan,local-area,Matsuyama,newspaper,ja,73,Ahrefs,2026-09-01,unknown,,unknown,unknown,P2,active,2026-09-01,https://www.ehime-np.co.jp|https://www.wikidata.org/wiki/Q11493542
rm-folha-vitoria-folhavitoria-com-br,Folha Vitória,https://www.folhavitoria.com.br,latin-america-caribbean,south-america,brazil,local-area,Vitória,digital-news,pt,73,Ahrefs,2026-09-01,unknown,,unknown,unknown,P2,unknown,2026-09-01,https://www.folhavitoria.com.br|https://www.wikidata.org/wiki/Q137301481
rm-f-drelandsvennen-fvn-no,Fædrelandsvennen,https://fvn.no,europe,northern-europe,norway,region,Kristiansand Municipality,newspaper,no,73,Ahrefs,2026-09-01,unknown,,unknown,unknown,P2,active,2026-09-01,https://fvn.no|https://www.wikidata.org/wiki/Q1479263
rm-gottinger-tageblatt-goettinger-tageblatt-de,Göttinger Tageblatt,https://www.goettinger-tageblatt.de,europe,western-europe,germany,local-area,Göttingen,newspaper,de,73,Ahrefs,2026-09-01,unknown,,unknown,unknown,P2,unknown,2026-09-01,https://www.goettinger-tageblatt.de|https://www.wikidata.org/wiki/Q1559832
rm-g-os-wielkopolski-gloswielkopolski-pl,Głos Wielkopolski,https://gloswielkopolski.pl,europe,eastern-europe,poland,region,Greater Poland,newspaper,pl,73,Ahrefs,2026-09-01,unknown,,unknown,unknown,P2,unknown,2026-09-01,https://gloswielkopolski.pl
rm-heilbronner-stimme-stimme-de,Heilbronner Stimme,https://www.stimme.de,europe,western-europe,germany,region,Heilbronn,newspaper,de,73,Ahrefs,2026-09-01,unknown,,unknown,unknown,P2,active,2026-09-01,https://www.stimme.de|https://www.wikidata.org/wiki/Q1594796
rm-il-secolo-xix-ilsecoloxix-it,Il Secolo XIX,https://www.ilsecoloxix.it,europe,southern-europe,italy,local-area,Genoa,newspaper,it,73,Ahrefs,2026-09-01,unknown,,unknown,unknown,P2,unknown,2026-09-01,https://www.ilsecoloxix.it|https://www.wikidata.org/wiki/Q126586
rm-jomo-shimbun-jomo-news-co-jp,Jōmō Shimbun,https://www.jomo-news.co.jp,asia,eastern-asia,japan,local-area,Local or regional market in Japan,newspaper,ja,73,Ahrefs,2026-09-01,unknown,,unknown,unknown,P2,active,2026-09-01,https://www.jomo-news.co.jp|https://www.wikidata.org/wiki/Q1546976
rm-kahoku-shimpo-kahoku-news,Kahoku Shimpo,https://kahoku.news,asia,eastern-asia,japan,region,Tōhoku region,newspaper,ja,73,Ahrefs,2026-09-01,unknown,,unknown,unknown,P2,active,2026-09-01,https://kahoku.news
rm-l-eco-di-bergamo-ecodibergamo-it,L'Eco di Bergamo,https://www.ecodibergamo.it,europe,southern-europe,italy,region,Bergamo and Lombardy,newspaper,it,73,Ahrefs,2026-09-01,unknown,,unknown,unknown,P2,active,2026-09-01,https://www.ecodibergamo.it
rm-leader-post-leaderpost-com,Leader-Post,https://leaderpost.com,north-america,north-america,canada,local-area,Regina,newspaper,en,73,Ahrefs,2026-09-01,unknown,,unknown,unknown,P2,active,2026-09-01,https://leaderpost.com|https://www.wikidata.org/wiki/Q3423475
rm-louisiana-illuminator-lailluminator-com,Louisiana Illuminator,https://lailluminator.com,north-america,north-america,united-states,state-province,Louisiana,newspaper,en,73,Ahrefs,2026-09-01,unknown,,unknown,unknown,P2,unknown,2026-09-01,https://lailluminator.com
rm-ovb-gmbh-and-co-kg-ovb-online-de,OVB GmbH & Co. KG,https://www.ovb-online.de,europe,western-europe,germany,region,Rosenheim,digital-news,de,73,Ahrefs,2026-09-01,unknown,,unknown,unknown,P2,active,2026-09-01,https://www.ovb-online.de|https://www.wikidata.org/wiki/Q138024470
rm-the-daily-memphian-dailymemphian-com,The Daily Memphian,https://dailymemphian.com,north-america,north-america,united-states,local-area,Memphis,digital-news,en,73,Ahrefs,2026-09-01,unknown,,unknown,unknown,P2,active,2026-09-01,https://dailymemphian.com|https://www.wikidata.org/wiki/Q96197149
rm-the-san-bernardino-sun-sbsun-com,The San Bernardino Sun,https://sbsun.com,north-america,north-america,united-states,local-area,San Bernardino,newspaper,en,73,Ahrefs,2026-09-01,unknown,,unknown,unknown,P2,active,2026-09-01,https://sbsun.com|https://www.wikidata.org/wiki/Q7762191
rm-toyama-shimbun-hokkoku-co-jp,Toyama Shimbun,https://www.hokkoku.co.jp/list/toyama,asia,eastern-asia,japan,local-area,Toyama,newspaper,ja,73,Ahrefs,2026-09-01,unknown,,unknown,unknown,P2,active,2026-09-01,https://www.hokkoku.co.jp/list/toyama|https://www.wikidata.org/wiki/Q11456427
rm-weekendavisen-weekendavisen-dk,Weekendavisen,https://www.weekendavisen.dk,europe,northern-europe,denmark,local-area,Copenhagen,newspaper,da,73,Ahrefs,2026-09-01,unknown,,unknown,unknown,P2,active,2026-09-01,https://www.weekendavisen.dk|https://www.wikidata.org/wiki/Q176375
rm-woz-die-wochenzeitung-woz-ch,WOZ Die Wochenzeitung,https://www.woz.ch,europe,western-europe,switzerland,local-area,Zurich,newspaper,de,73,Ahrefs,2026-09-01,unknown,,unknown,unknown,P2,active,2026-09-01,https://www.wikidata.org/wiki/Q684726|https://www.woz.ch
rm-stajerski-tednik-tednik-svet24-si,Štajerski tednik,https://tednik.svet24.si,europe,southern-europe,slovenia,local-area,Ptuj,newspaper,sl,73,Ahrefs,2026-09-01,unknown,,unknown,unknown,P2,active,2026-09-01,https://tednik.svet24.si|https://www.wikidata.org/wiki/Q132717354
rm-arizona-capitol-times-azcapitoltimes-com,Arizona Capitol Times,https://azcapitoltimes.com,north-america,north-america,united-states,state-province,Arizona,newspaper,en,72,Ahrefs,2026-09-01,unknown,,unknown,unknown,P2,active,2026-09-01,https://azcapitoltimes.com|https://raw.githubusercontent.com/yinleon/LocalNewsDataset/master/data/local_news_dataset_2018_for_domain_analysis.csv
rm-arizona-mirror-azmirror-com,Arizona Mirror,https://azmirror.com,north-america,north-america,united-states,state-province,Arizona,newspaper,en,72,Ahrefs,2026-09-01,unknown,,unknown,unknown,P2,unknown,2026-09-01,https://azmirror.com
rm-aspen-daily-news-aspendailynews-com,Aspen Daily News,https://www.aspendailynews.com,north-america,north-america,united-states,local-area,Aspen,newspaper,en,72,Ahrefs,2026-09-01,unknown,,unknown,unknown,P2,unknown,2026-09-01,https://www.aspendailynews.com|https://www.wikidata.org/wiki/Q4807807
rm-aventura-news-communitynewspapers-com,Aventura News,https://communitynewspapers.com,north-america,north-america,united-states,state-province,Florida,newspaper,en,72,Ahrefs,2026-09-01,unknown,,unknown,unknown,P2,active,2026-09-01,https://communitynewspapers.com|https://raw.githubusercontent.com/yinleon/LocalNewsDataset/master/data/local_news_dataset_2018_for_domain_analysis.csv
rm-bachelor-wabash-edu,Bachelor,https://wabash.edu,north-america,north-america,united-states,state-province,Indiana,community-news,en,72,Ahrefs,2026-09-01,unknown,,unknown,unknown,P2,active,2026-09-01,https://raw.githubusercontent.com/yinleon/LocalNewsDataset/master/data/local_news_dataset_2018_for_domain_analysis.csv|https://wabash.edu
rm-brown-daily-herald-browndailyherald-com,Brown Daily Herald,https://browndailyherald.com,north-america,north-america,united-states,state-province,Rhode Island,community-news,en,72,Ahrefs,2026-09-01,unknown,,unknown,unknown,P2,active,2026-09-01,https://browndailyherald.com|https://raw.githubusercontent.com/yinleon/LocalNewsDataset/master/data/local_news_dataset_2018_for_domain_analysis.csv
rm-cape-gazette-capegazette-com,Cape Gazette,https://capegazette.com,north-america,north-america,united-states,state-province,Delaware,newspaper,en,72,Ahrefs,2026-09-01,unknown,,unknown,unknown,P2,active,2026-09-01,https://capegazette.com|https://raw.githubusercontent.com/yinleon/LocalNewsDataset/master/data/local_news_dataset_2018_for_domain_analysis.csv
rm-el-imparcial-elimparcial-com,El Imparcial,https://www.elimparcial.com,latin-america-caribbean,central-america,mexico,multi-region,Sonora and Baja California,newspaper,es,72,Ahrefs,2026-09-01,unknown,,unknown,unknown,P2,active,2026-09-01,https://www.elimparcial.com
rm-fairfield-county-business-journal-westfaironline-com,Fairfield County Business Journal,https://westfaironline.com,north-america,north-america,united-states,state-province,Connecticut,newspaper,en,72,Ahrefs,2026-09-01,unknown,,unknown,unknown,P2,active,2026-09-01,https://raw.githubusercontent.com/yinleon/LocalNewsDataset/master/data/local_news_dataset_2018_for_domain_analysis.csv|https://westfaironline.com
rm-fukushima-minyu-shimbun-minyu-net-com,Fukushima Minyu Shimbun,https://www.minyu-net.com,asia,eastern-asia,japan,local-area,Local or regional market in Japan,newspaper,ja,72,Ahrefs,2026-09-01,unknown,,unknown,unknown,P2,active,2026-09-01,https://www.minyu-net.com|https://www.wikidata.org/wiki/Q11593163
rm-gie-ener-anzeiger-giessener-anzeiger-de,Gießener Anzeiger,https://www.giessener-anzeiger.de,europe,western-europe,germany,region,Giessen,newspaper,de,72,Ahrefs,2026-09-01,unknown,,unknown,unknown,P2,active,2026-09-01,https://www.giessener-anzeiger.de|https://www.wikidata.org/wiki/Q1523456
rm-gifu-shimbun-gifu-np-co-jp,Gifu Shimbun,https://www.gifu-np.co.jp,asia,eastern-asia,japan,local-area,Gifu,newspaper,ja,72,Ahrefs,2026-09-01,unknown,,unknown,unknown,P2,active,2026-09-01,https://www.gifu-np.co.jp|https://www.wikidata.org/wiki/Q11471399
rm-gold-coast-bulletin-goldcoastbulletin-com-au,Gold Coast Bulletin,https://www.goldcoastbulletin.com.au,oceania,australia-new-zealand,australia,local-area,Gold Coast,newspaper,en,72,Ahrefs,2026-09-01,unknown,,unknown,unknown,P2,unknown,2026-09-01,https://gary-dickson.com/wp-content/uploads/2026/07/2606-PIPI-Q2.zip|https://www.goldcoastbulletin.com.au
rm-ibaraki-shimbun-ibarakinews-jp,Ibaraki Shimbun,https://ibarakinews.jp,asia,eastern-asia,japan,local-area,Ibaraki Prefecture,newspaper,ja,72,Ahrefs,2026-09-01,unknown,,unknown,unknown,P2,active,2026-09-01,https://ibarakinews.jp|https://www.wikidata.org/wiki/Q11617316
rm-illawarra-mercury-illawarramercury-com-au,Illawarra Mercury,https://www.illawarramercury.com.au,oceania,australia-new-zealand,australia,region,Wollongong and the Illawarra,newspaper,en,72,Ahrefs,2026-09-01,unknown,,unknown,unknown,P2,active,2026-09-01,https://www.illawarramercury.com.au
rm-iowa-capital-dispatch-iowacapitaldispatch-com,Iowa Capital Dispatch,https://iowacapitaldispatch.com,north-america,north-america,united-states,state-province,Iowa,newspaper,en,72,Ahrefs,2026-09-01,unknown,,unknown,unknown,P2,unknown,2026-09-01,https://iowacapitaldispatch.com
rm-jackson-hole-news-and-guide-jhnewsandguide-com,Jackson Hole News & Guide,https://jhnewsandguide.com,north-america,north-america,united-states,state-province,Wyoming,newspaper,en,72,Ahrefs,2026-09-01,unknown,,unknown,unknown,P2,active,2026-09-01,https://jhnewsandguide.com|https://raw.githubusercontent.com/yinleon/LocalNewsDataset/master/data/local_news_dataset_2018_for_domain_analysis.csv
rm-juneau-empire-juneauempire-com,Juneau Empire,https://juneauempire.com,north-america,north-america,united-states,local-area,Juneau,newspaper,en,72,Ahrefs,2026-09-01,unknown,,unknown,unknown,P2,active,2026-09-01,https://juneauempire.com|https://www.wikidata.org/wiki/Q6312479
rm-kcsd-sdpb-org,KCSD,https://sdpb.org,north-america,north-america,united-states,state-province,South Dakota,news-broadcaster,en,72,Ahrefs,2026-09-01,unknown,,unknown,unknown,P2,active,2026-09-01,https://raw.githubusercontent.com/yinleon/LocalNewsDataset/master/data/local_news_dataset_2018_for_domain_analysis.csv|https://sdpb.org
rm-keskisuomalainen-ksml-fi,Keskisuomalainen,https://www.ksml.fi,europe,northern-europe,finland,local-area,Jyväskylä,newspaper,fi,72,Ahrefs,2026-09-01,unknown,,unknown,unknown,P2,active,2026-09-01,https://www.ksml.fi|https://www.wikidata.org/wiki/Q3195563
rm-kochi-shimbun-kochinews-co-jp,Kochi Shimbun,https://www.kochinews.co.jp,asia,eastern-asia,japan,local-area,Kōchi-shi,newspaper,ja,72,Ahrefs,2026-09-01,unknown,,unknown,unknown,P2,active,2026-09-01,https://www.kochinews.co.jp|https://www.wikidata.org/wiki/Q11672380
rm-kvly-valleynewslive-com,KVLY,https://valleynewslive.com,north-america,north-america,united-states,state-province,North Dakota,news-broadcaster,en,72,Ahrefs,2026-09-01,unknown,,unknown,unknown,P2,active,2026-09-01,https://raw.githubusercontent.com/yinleon/LocalNewsDataset/master/data/local_news_dataset_2018_for_domain_analysis.csv|https://valleynewslive.com
rm-la-capital-lacapital-com-ar,La Capital,https://www.lacapital.com.ar,latin-america-caribbean,south-america,argentina,region,Rosario and Santa Fe Province,newspaper,es,72,Ahrefs,2026-09-01,unknown,,unknown,unknown,P2,unknown,2026-09-01,https://www.lacapital.com.ar
rm-la-crosse-tribune-lacrossetribune-com,La Crosse Tribune,https://www.lacrossetribune.com,north-america,north-america,united-states,local-area,La Crosse,newspaper,en,72,Ahrefs,2026-09-01,unknown,,unknown,unknown,P2,active,2026-09-01,https://www.lacrossetribune.com|https://www.wikidata.org/wiki/Q3207983
rm-la-silla-vacia-lasillavacia-com,La Silla Vacía,https://lasillavacia.com,latin-america-caribbean,south-america,colombia,local-area,Colombia,digital-news,es,72,Ahrefs,2026-09-01,unknown,,unknown,unknown,P2,active,2026-09-01,https://lasillavacia.com|https://www.wikidata.org/wiki/Q6465288
rm-le-droit-ledroit-com,Le Droit,https://www.ledroit.com,north-america,north-america,canada,local-area,Ottawa,newspaper,fr,72,Ahrefs,2026-09-01,unknown,,unknown,unknown,P2,active,2026-09-01,https://www.ledroit.com|https://www.wikidata.org/wiki/Q3222449
rm-los-andes-losandes-com-ar,Los Andes,https://www.losandes.com.ar,latin-america-caribbean,south-america,argentina,state-province,Mendoza Province,newspaper,es,72,Ahrefs,2026-09-01,unknown,,unknown,unknown,P2,unknown,2026-09-01,https://www.losandes.com.ar
rm-newcastle-herald-newcastleherald-com-au,Newcastle Herald,https://www.newcastleherald.com.au,oceania,australia-new-zealand,australia,region,Newcastle and the Hunter Region,newspaper,en,72,Ahrefs,2026-09-01,unknown,,unknown,unknown,P2,active,2026-09-01,https://www.newcastleherald.com.au
rm-nj-spotlight-news-njspotlightnews-org,NJ Spotlight News,https://www.njspotlightnews.org,north-america,north-america,united-states,state-province,New Jersey,newspaper,en,72,Ahrefs,2026-09-01,unknown,,unknown,unknown,P2,unknown,2026-09-01,https://www.njspotlightnews.org
rm-novi-list-novilist-hr,Novi list,https://www.novilist.hr,europe,southern-europe,croatia,region,Rijeka and the northern Adriatic,newspaper,hr,72,Ahrefs,2026-09-01,unknown,,unknown,unknown,P2,active,2026-09-01,https://www.novilist.hr
rm-providence-business-news-pbn-com,Providence Business News,https://pbn.com,north-america,north-america,united-states,state-province,Rhode Island,newspaper,en,72,Ahrefs,2026-09-01,unknown,,unknown,unknown,P2,unknown,2026-09-01,https://pbn.com|https://raw.githubusercontent.com/yinleon/LocalNewsDataset/master/data/local_news_dataset_2018_for_domain_analysis.csv
rm-region-canberra-region-com-au,Region Canberra,https://region.com.au,oceania,australia-new-zealand,australia,local-area,Australian Capital Territory,digital-news,en,72,Ahrefs,2026-09-01,unknown,,unknown,unknown,P2,active,2026-09-01,https://gary-dickson.com/wp-content/uploads/2026/07/2606-PIPI-Q2.zip|https://region.com.au
rm-san-jose-spotlight-sanjosespotlight-com,San José Spotlight,https://sanjosespotlight.com,north-america,north-america,united-states,local-area,San Jose,digital-news,en,72,Ahrefs,2026-09-01,unknown,,unknown,unknown,P2,active,2026-09-01,https://sanjosespotlight.com|https://www.wikidata.org/wiki/Q127421471
rm-the-herald-zimbabwe-herald-co-zw,The Herald Zimbabwe,https://www.herald.co.zw,africa,eastern-africa,zimbabwe,region,Harare and Mashonaland,newspaper,en,72,Ahrefs,2026-09-01,unknown,,unknown,unknown,P2,unknown,2026-09-01,https://www.herald.co.zw
rm-the-pantagraph-pantagraph-com,The Pantagraph,https://www.pantagraph.com,north-america,north-america,united-states,local-area,Bloomington,newspaper,en,72,Ahrefs,2026-09-01,unknown,,unknown,unknown,P2,active,2026-09-01,https://www.pantagraph.com|https://www.wikidata.org/wiki/Q7756002
rm-tokushima-shimbun-topics-or-jp,Tokushima Shimbun,https://www.topics.or.jp,asia,eastern-asia,japan,local-area,Tokushima,newspaper,ja,72,Ahrefs,2026-09-01,unknown,,unknown,unknown,P2,active,2026-09-01,https://www.topics.or.jp|https://www.wikidata.org/wiki/Q11489835
rm-vanguardia-vanguardia-com,Vanguardia,https://www.vanguardia.com,latin-america-caribbean,south-america,colombia,state-province,Bucaramanga and Santander,newspaper,es,72,Ahrefs,2026-09-01,unknown,,unknown,unknown,P2,active,2026-09-01,https://www.vanguardia.com
rm-weta-weta-org,WETA,https://weta.org,north-america,north-america,united-states,state-province,District of Columbia,news-broadcaster,en,72,Ahrefs,2026-09-01,unknown,,unknown,unknown,P2,active,2026-09-01,https://raw.githubusercontent.com/yinleon/LocalNewsDataset/master/data/local_news_dataset_2018_for_domain_analysis.csv|https://weta.org
rm-advocate-victoriaadvocate-com,Advocate,https://victoriaadvocate.com,north-america,north-america,united-states,state-province,Texas,newspaper,en,71,Ahrefs,2026-09-01,unknown,,unknown,unknown,P2,active,2026-09-01,https://raw.githubusercontent.com/yinleon/LocalNewsDataset/master/data/local_news_dataset_2018_for_domain_analysis.csv|https://victoriaadvocate.com
rm-alaska-beacon-alaskabeacon-com,Alaska Beacon,https://alaskabeacon.com,north-america,north-america,united-states,state-province,Alaska,newspaper,en,71,Ahrefs,2026-09-01,unknown,,unknown,unknown,P2,unknown,2026-09-01,https://alaskabeacon.com
rm-allen-american-starlocalmedia-com,Allen American,https://starlocalmedia.com,north-america,north-america,united-states,state-province,Texas,newspaper,en,71,Ahrefs,2026-09-01,unknown,,unknown,unknown,P2,unknown,2026-09-01,https://raw.githubusercontent.com/yinleon/LocalNewsDataset/master/data/local_news_dataset_2018_for_domain_analysis.csv|https://starlocalmedia.com
rm-almanac-almanacnews-com,Almanac,https://almanacnews.com,north-america,north-america,united-states,state-province,California,newspaper,en,71,Ahrefs,2026-09-01,unknown,,unknown,unknown,P2,active,2026-09-01,https://almanacnews.com|https://raw.githubusercontent.com/yinleon/LocalNewsDataset/master/data/local_news_dataset_2018_for_domain_analysis.csv
rm-american-bazaar-americanbazaaronline-com,American Bazaar,https://americanbazaaronline.com,north-america,north-america,united-states,state-province,District of Columbia,newspaper,en,71,Ahrefs,2026-09-01,unknown,,unknown,unknown,P2,active,2026-09-01,https://americanbazaaronline.com|https://raw.githubusercontent.com/yinleon/LocalNewsDataset/master/data/local_news_dataset_2018_for_domain_analysis.csv
rm-arkansas-business-arkansasbusiness-com,Arkansas Business,https://arkansasbusiness.com,north-america,north-america,united-states,state-province,Arkansas,newspaper,en,71,Ahrefs,2026-09-01,unknown,,unknown,unknown,P2,unknown,2026-09-01,https://arkansasbusiness.com|https://raw.githubusercontent.com/yinleon/LocalNewsDataset/master/data/local_news_dataset_2018_for_domain_analysis.csv
rm-atlanta-voice-theatlantavoice-com,Atlanta Voice,https://theatlantavoice.com,north-america,north-america,united-states,state-province,Georgia,newspaper,en,71,Ahrefs,2026-09-01,unknown,,unknown,unknown,P2,unknown,2026-09-01,https://raw.githubusercontent.com/yinleon/LocalNewsDataset/master/data/local_news_dataset_2018_for_domain_analysis.csv|https://theatlantavoice.com
rm-birmingham-bloomfield-eagle-candgnews-com,Birmingham-Bloomfield Eagle,https://candgnews.com,north-america,north-america,united-states,state-province,Michigan,newspaper,en,71,Ahrefs,2026-09-01,unknown,,unknown,unknown,P2,active,2026-09-01,https://candgnews.com|https://raw.githubusercontent.com/yinleon/LocalNewsDataset/master/data/local_news_dataset_2018_for_domain_analysis.csv
rm-boulder-weekly-boulderweekly-com,Boulder Weekly,https://boulderweekly.com,north-america,north-america,united-states,state-province,Colorado,newspaper,en,71,Ahrefs,2026-09-01,unknown,,unknown,unknown,P2,active,2026-09-01,https://boulderweekly.com|https://raw.githubusercontent.com/yinleon/LocalNewsDataset/master/data/local_news_dataset_2018_for_domain_analysis.csv
rm-brattleboro-reformer-reformer-com,Brattleboro Reformer,https://reformer.com,north-america,north-america,united-states,state-province,Vermont,newspaper,en,71,Ahrefs,2026-09-01,unknown,,unknown,unknown,P2,active,2026-09-01,https://raw.githubusercontent.com/yinleon/LocalNewsDataset/master/data/local_news_dataset_2018_for_domain_analysis.csv|https://reformer.com
rm-budstikka-budstikka-no,Budstikka,https://budstikka.no,europe,northern-europe,norway,local-area,Sandvika,newspaper,no,71,Ahrefs,2026-09-01,unknown,,unknown,unknown,P2,active,2026-09-01,https://budstikka.no|https://www.wikidata.org/wiki/Q1759563
rm-burlington-post-insidehalton-com,Burlington Post,https://www.insidehalton.com/ontario-communities/burlington,north-america,north-america,canada,local-area,Local or regional market in Canada,newspaper,en,71,Ahrefs,2026-09-01,unknown,,unknown,unknown,P2,active,2026-09-01,https://www.insidehalton.com/ontario-communities/burlington|https://www.wikidata.org/wiki/Q4999271
rm-business-journal-businessjournaldaily-com,Business Journal,https://businessjournaldaily.com,north-america,north-america,united-states,state-province,Ohio,newspaper,en,71,Ahrefs,2026-09-01,unknown,,unknown,unknown,P2,active,2026-09-01,https://businessjournaldaily.com|https://raw.githubusercontent.com/yinleon/LocalNewsDataset/master/data/local_news_dataset_2018_for_domain_analysis.csv
rm-business-report-businessreport-com,Business Report,https://businessreport.com,north-america,north-america,united-states,state-province,Louisiana,newspaper,en,71,Ahrefs,2026-09-01,unknown,,unknown,unknown,P2,active,2026-09-01,https://businessreport.com|https://raw.githubusercontent.com/yinleon/LocalNewsDataset/master/data/local_news_dataset_2018_for_domain_analysis.csv
rm-chronicle-chronline-com,Chronicle,https://chronline.com,north-america,north-america,united-states,state-province,Washington,newspaper,en,71,Ahrefs,2026-09-01,unknown,,unknown,unknown,P2,active,2026-09-01,https://chronline.com|https://raw.githubusercontent.com/yinleon/LocalNewsDataset/master/data/local_news_dataset_2018_for_domain_analysis.csv
rm-ctxt-ctxt-es,CTXT,https://ctxt.es,europe,southern-europe,spain,local-area,Madrid,newspaper,es,71,Ahrefs,2026-09-01,unknown,,unknown,unknown,P2,unknown,2026-09-01,https://ctxt.es|https://www.wikidata.org/wiki/Q22969989
rm-daily-inter-lake-dailyinterlake-com,Daily Inter Lake,https://dailyinterlake.com,north-america,north-america,united-states,state-province,Montana,newspaper,en,71,Ahrefs,2026-09-01,unknown,,unknown,unknown,P2,unknown,2026-09-01,https://dailyinterlake.com|https://raw.githubusercontent.com/yinleon/LocalNewsDataset/master/data/local_news_dataset_2018_for_domain_analysis.csv
rm-daily-local-news-dailylocal-com,Daily Local News,https://dailylocal.com,north-america,north-america,united-states,state-province,Pennsylvania,newspaper,en,71,Ahrefs,2026-09-01,unknown,,unknown,unknown,P2,active,2026-09-01,https://dailylocal.com|https://raw.githubusercontent.com/yinleon/LocalNewsDataset/master/data/local_news_dataset_2018_for_domain_analysis.csv
rm-diario-de-yucatan-yucatan-com-mx,Diario de Yucatán,https://www.yucatan.com.mx,latin-america-caribbean,central-america,mexico,state-province,Yucatán,newspaper,es,71,Ahrefs,2026-09-01,unknown,,unknown,unknown,P2,active,2026-09-01,https://www.yucatan.com.mx
rm-el-litoral-ellitoral-com,El Litoral,https://www.ellitoral.com,latin-america-caribbean,south-america,argentina,state-province,Santa Fe Province,newspaper,es,71,Ahrefs,2026-09-01,unknown,,unknown,unknown,P2,active,2026-09-01,https://www.ellitoral.com
rm-etela-suomen-sanomat-ess-fi,Etelä-Suomen Sanomat,https://www.ess.fi,europe,northern-europe,finland,local-area,Lahti,newspaper,fi,71,Ahrefs,2026-09-01,unknown,,unknown,unknown,P2,active,2026-09-01,https://www.ess.fi|https://www.wikidata.org/wiki/Q11858930
rm-eurasia-daily-eadaily-com,EurAsia Daily,https://eadaily.com,europe,eastern-europe,russia,state-province,Local or regional market in Russia,digital-news,ru,71,Ahrefs,2026-09-01,unknown,,unknown,unknown,P2,active,2026-09-01,https://eadaily.com|https://www.wikidata.org/wiki/Q115766948
rm-fairbanks-daily-news-miner-newsminer-com,Fairbanks Daily News-Miner,https://www.newsminer.com,north-america,north-america,united-states,local-area,Fairbanks,newspaper,en,71,Ahrefs,2026-09-01,unknown,,unknown,unknown,P2,active,2026-09-01,https://www.newsminer.com|https://www.wikidata.org/wiki/Q5430011
rm-flathead-beacon-flatheadbeacon-com,Flathead Beacon,https://flatheadbeacon.com,north-america,north-america,united-states,state-province,Montana,newspaper,en,71,Ahrefs,2026-09-01,unknown,,unknown,unknown,P2,active,2026-09-01,https://flatheadbeacon.com|https://raw.githubusercontent.com/yinleon/LocalNewsDataset/master/data/local_news_dataset_2018_for_domain_analysis.csv
rm-florida-phoenix-floridaphoenix-com,Florida Phoenix,https://floridaphoenix.com,north-america,north-america,united-states,state-province,Florida,newspaper,en,71,Ahrefs,2026-09-01,unknown,,unknown,unknown,P2,unknown,2026-09-01,https://floridaphoenix.com
rm-garden-island-thegardenisland-com,Garden Island,https://thegardenisland.com,north-america,north-america,united-states,state-province,Hawaii,newspaper,en,71,Ahrefs,2026-09-01,unknown,,unknown,unknown,P2,active,2026-09-01,https://raw.githubusercontent.com/yinleon/LocalNewsDataset/master/data/local_news_dataset_2018_for_domain_analysis.csv|https://thegardenisland.com
rm-hawaii-tribune-herald-hawaiitribune-herald-com,Hawaii Tribune-Herald,https://hawaiitribune-herald.com,north-america,north-america,united-states,state-province,Hawaii,newspaper,en,71,Ahrefs,2026-09-01,unknown,,unknown,unknown,P2,active,2026-09-01,https://hawaiitribune-herald.com|https://raw.githubusercontent.com/yinleon/LocalNewsDataset/master/data/local_news_dataset_2018_for_domain_analysis.csv
rm-kristianstadsbladet-kristianstadsbladet-se,Kristianstadsbladet,https://www.kristianstadsbladet.se,europe,northern-europe,sweden,region,Sweden,newspaper,sv,71,Ahrefs,2026-09-01,unknown,,unknown,unknown,P2,active,2026-09-01,https://www.kristianstadsbladet.se|https://www.wikidata.org/wiki/Q10549217
rm-krnv-mynews4-com,KRNV,https://mynews4.com,north-america,north-america,united-states,state-province,Nevada,news-broadcaster,en,71,Ahrefs,2026-09-01,unknown,,unknown,unknown,P2,active,2026-09-01,https://mynews4.com|https://raw.githubusercontent.com/yinleon/LocalNewsDataset/master/data/local_news_dataset_2018_for_domain_analysis.csv
rm-l-arena-larena-it,L'Arena,https://www.larena.it,europe,southern-europe,italy,local-area,Verona,newspaper,it,71,Ahrefs,2026-09-01,unknown,,unknown,unknown,P2,active,2026-09-01,https://www.larena.it|https://www.wikidata.org/wiki/Q3817957
rm-morgenbladet-morgenbladet-no,Morgenbladet,https://morgenbladet.no,europe,northern-europe,norway,local-area,Oslo,newspaper,no,71,Ahrefs,2026-09-01,unknown,,unknown,unknown,P2,active,2026-09-01,https://morgenbladet.no|https://www.wikidata.org/wiki/Q1460924
rm-nerikes-allehanda-na-se,Nerikes Allehanda,https://na.se,europe,northern-europe,sweden,local-area,Örebro,newspaper,sv,71,Ahrefs,2026-09-01,unknown,,unknown,unknown,P2,active,2026-09-01,https://na.se|https://www.wikidata.org/wiki/Q1794077
rm-nevada-current-nevadacurrent-com,Nevada Current,https://nevadacurrent.com,north-america,north-america,united-states,state-province,Nevada,newspaper,en,71,Ahrefs,2026-09-01,unknown,,unknown,unknown,P2,unknown,2026-09-01,https://nevadacurrent.com
rm-pacific-daily-news-guampdn-com,Pacific Daily News,https://www.guampdn.com,north-america,north-america,united-states,local-area,Hagåtña,digital-news,en,71,Ahrefs,2026-09-01,unknown,,unknown,unknown,P2,unknown,2026-09-01,https://www.guampdn.com|https://www.wikidata.org/wiki/Q7122425
rm-satakunnan-kansa-satakunnankansa-fi,Satakunnan Kansa,https://www.satakunnankansa.fi,europe,northern-europe,finland,local-area,Pori,newspaper,fi,71,Ahrefs,2026-09-01,unknown,,unknown,unknown,P2,active,2026-09-01,https://www.satakunnankansa.fi|https://www.wikidata.org/wiki/Q6305445
rm-st-george-and-sutherland-shire-leader-theleader-com-au,St George & Sutherland Shire Leader,https://www.theleader.com.au,oceania,australia-new-zealand,australia,local-area,"Georges River,Sutherland",newspaper,en,71,Ahrefs,2026-09-01,unknown,,unknown,unknown,P2,active,2026-09-01,https://gary-dickson.com/wp-content/uploads/2026/07/2606-PIPI-Q2.zip|https://www.theleader.com.au
rm-st-albans-messenger-samessenger-com,St. Albans Messenger,https://samessenger.com,north-america,north-america,united-states,state-province,Vermont,newspaper,en,71,Ahrefs,2026-09-01,unknown,,unknown,unknown,P2,unknown,2026-09-01,https://raw.githubusercontent.com/yinleon/LocalNewsDataset/master/data/local_news_dataset_2018_for_domain_analysis.csv|https://samessenger.com
rm-sundsvalls-tidning-st-nu,Sundsvalls Tidning,https://www.st.nu,europe,northern-europe,sweden,local-area,Sundsvall,newspaper,sv,71,Ahrefs,2026-09-01,unknown,,unknown,unknown,P2,active,2026-09-01,https://www.st.nu|https://www.wikidata.org/wiki/Q3503869
rm-the-kitanippon-shimbun-webun-jp,The Kitanippon Shimbun,https://webun.jp,asia,eastern-asia,japan,local-area,Local or regional market in Japan,newspaper,ja,71,Ahrefs,2026-09-01,unknown,,unknown,unknown,P2,active,2026-09-01,https://webun.jp|https://www.wikidata.org/wiki/Q11401857
rm-viet-bao-vietbao-vn,Việt Báo,https://vietbao.vn,asia,south-eastern-asia,vietnam,local-area,Hanoi,digital-news,vi,71,Ahrefs,2026-09-01,unknown,,unknown,unknown,P2,active,2026-09-01,https://vietbao.vn|https://www.wikidata.org/wiki/Q10832592
rm-yamagata-shimbun-yamagata-np-jp,Yamagata Shimbun,https://www.yamagata-np.jp,asia,eastern-asia,japan,local-area,Yamagata,newspaper,ja,71,Ahrefs,2026-09-01,unknown,,unknown,unknown,P2,active,2026-09-01,https://www.wikidata.org/wiki/Q11468452|https://www.yamagata-np.jp
rm-bristol-herald-courier-heraldcourier-com,Bristol Herald Courier,https://heraldcourier.com,north-america,north-america,united-states,state-province,Tennessee,newspaper,en,70,Ahrefs,2026-09-01,unknown,,unknown,unknown,P2,unknown,2026-09-01,https://heraldcourier.com|https://raw.githubusercontent.com/yinleon/LocalNewsDataset/master/data/local_news_dataset_2018_for_domain_analysis.csv
rm-cash-cash-ch,Cash,https://www.cash.ch,europe,western-europe,switzerland,local-area,Switzerland,digital-news,de,70,Ahrefs,2026-09-01,unknown,,unknown,unknown,P2,active,2026-09-01,https://www.cash.ch|https://www.wikidata.org/wiki/Q1047289
rm-cherokee-county-herald-northwestgeorgianews-com,Cherokee County Herald,https://northwestgeorgianews.com,north-america,north-america,united-states,state-province,Alabama,newspaper,en,70,Ahrefs,2026-09-01,unknown,,unknown,unknown,P2,unknown,2026-09-01,https://northwestgeorgianews.com|https://raw.githubusercontent.com/yinleon/LocalNewsDataset/master/data/local_news_dataset_2018_for_domain_analysis.csv
rm-citizens-voice-citizensvoice-com,Citizens Voice,https://citizensvoice.com,north-america,north-america,united-states,state-province,Pennsylvania,newspaper,en,70,Ahrefs,2026-09-01,unknown,,unknown,unknown,P2,active,2026-09-01,https://citizensvoice.com|https://raw.githubusercontent.com/yinleon/LocalNewsDataset/master/data/local_news_dataset_2018_for_domain_analysis.csv
rm-citybusiness-neworleanscitybusiness-com,CityBusiness,https://neworleanscitybusiness.com,north-america,north-america,united-states,state-province,Louisiana,newspaper,en,70,Ahrefs,2026-09-01,unknown,,unknown,unknown,P2,unknown,2026-09-01,https://neworleanscitybusiness.com|https://raw.githubusercontent.com/yinleon/LocalNewsDataset/master/data/local_news_dataset_2018_for_domain_analysis.csv
rm-citysuntimes-citysuntimes-com,CITYSunTimes,https://citysuntimes.com,north-america,north-america,united-states,state-province,Arizona,newspaper,en,70,Ahrefs,2026-09-01,unknown,,unknown,unknown,P2,unknown,2026-09-01,https://citysuntimes.com|https://raw.githubusercontent.com/yinleon/LocalNewsDataset/master/data/local_news_dataset_2018_for_domain_analysis.csv
rm-daily-item-dailyitem-com,Daily Item,https://dailyitem.com,north-america,north-america,united-states,state-province,Pennsylvania,newspaper,en,70,Ahrefs,2026-09-01,unknown,,unknown,unknown,P2,unknown,2026-09-01,https://dailyitem.com|https://raw.githubusercontent.com/yinleon/LocalNewsDataset/master/data/local_news_dataset_2018_for_domain_analysis.csv
rm-duic-duic-nl,DUIC,https://www.duic.nl,europe,western-europe,netherlands,local-area,Utrecht,digital-news,nl,70,Ahrefs,2026-09-01,unknown,,unknown,unknown,P2,active,2026-09-01,https://www.duic.nl|https://www.wikidata.org/wiki/Q118139642
rm-delmagyarorszag-delmagyar-hu,Délmagyarország,https://www.delmagyar.hu,europe,eastern-europe,hungary,local-area,Szeged,newspaper,hu,70,Ahrefs,2026-09-01,unknown,,unknown,unknown,P2,unknown,2026-09-01,https://www.delmagyar.hu|https://www.wikidata.org/wiki/Q986828
rm-el-siglo-de-torreon-elsiglodetorreon-com-mx,El Siglo de Torreón,https://www.elsiglodetorreon.com.mx,latin-america-caribbean,central-america,mexico,region,Comarca Lagunera,newspaper,es,70,Ahrefs,2026-09-01,unknown,,unknown,unknown,P2,unknown,2026-09-01,https://www.elsiglodetorreon.com.mx
rm-fredriksstad-blad-f-b-no,Fredriksstad Blad,https://f-b.no,europe,northern-europe,norway,local-area,Fredrikstad Municipality,newspaper,no,70,Ahrefs,2026-09-01,unknown,,unknown,unknown,P2,active,2026-09-01,https://f-b.no|https://www.wikidata.org/wiki/Q1767697
rm-gw-hatchet-gwhatchet-com,GW Hatchet,https://gwhatchet.com,north-america,north-america,united-states,state-province,District of Columbia,community-news,en,70,Ahrefs,2026-09-01,unknown,,unknown,unknown,P2,active,2026-09-01,https://gwhatchet.com|https://raw.githubusercontent.com/yinleon/LocalNewsDataset/master/data/local_news_dataset_2018_for_domain_analysis.csv
rm-idaho-business-review-idahobusinessreview-com,Idaho Business Review,https://idahobusinessreview.com,north-america,north-america,united-states,state-province,Idaho,newspaper,en,70,Ahrefs,2026-09-01,unknown,,unknown,unknown,P2,active,2026-09-01,https://idahobusinessreview.com|https://raw.githubusercontent.com/yinleon/LocalNewsDataset/master/data/local_news_dataset_2018_for_domain_analysis.csv
rm-mallorca-zeitung-mallorcazeitung-es,Mallorca Zeitung,https://www.mallorcazeitung.es,europe,southern-europe,spain,local-area,Palma,newspaper,de,70,Ahrefs,2026-09-01,unknown,,unknown,unknown,P2,active,2026-09-01,https://www.mallorcazeitung.es|https://www.wikidata.org/wiki/Q1887579
rm-nara-shinbun-nara-np-co-jp,Nara Shinbun,https://www.nara-np.co.jp,asia,eastern-asia,japan,local-area,Local or regional market in Japan,newspaper,ja,70,Ahrefs,2026-09-01,unknown,,unknown,unknown,P2,active,2026-09-01,https://www.nara-np.co.jp|https://www.wikidata.org/wiki/Q11445114
rm-oberhessische-presse-op-marburg-de,Oberhessische Presse,https://www.op-marburg.de,europe,western-europe,germany,county-district,Marburg,newspaper,de,70,Ahrefs,2026-09-01,unknown,,unknown,unknown,P2,unknown,2026-09-01,https://www.op-marburg.de|https://www.wikidata.org/wiki/Q368135
rm-peninsula-daily-news-peninsuladailynews-com,Peninsula Daily News,https://www.peninsuladailynews.com,north-america,north-america,united-states,local-area,Port Angeles,newspaper,en,70,Ahrefs,2026-09-01,unknown,,unknown,unknown,P2,active,2026-09-01,https://www.peninsuladailynews.com|https://www.wikidata.org/wiki/Q7162926
rm-romerikes-blad-rb-no,Romerikes Blad,https://rb.no,europe,northern-europe,norway,local-area,Kjeller,newspaper,no,70,Ahrefs,2026-09-01,unknown,,unknown,unknown,P2,active,2026-09-01,https://rb.no|https://www.wikidata.org/wiki/Q1764501
rm-ruhr24-ruhr24-de,RUHR24,https://www.ruhr24.de,europe,western-europe,germany,local-area,Dortmund,digital-news,de,70,Ahrefs,2026-09-01,unknown,,unknown,unknown,P2,active,2026-09-01,https://www.ruhr24.de|https://www.wikidata.org/wiki/Q124634085
rm-smalandsposten-smp-se,Smålandsposten,https://www.smp.se,europe,northern-europe,sweden,local-area,Växjö,newspaper,sv,70,Ahrefs,2026-09-01,unknown,,unknown,unknown,P2,active,2026-09-01,https://www.smp.se|https://www.wikidata.org/wiki/Q10672532
rm-the-courier-ballarat-thecourier-com-au,The Courier (Ballarat),https://www.thecourier.com.au,oceania,australia-new-zealand,australia,local-area,"Ballarat,Central Goldfields,Golden Plains,Hepburn,Moorabool,Pyrenees",newspaper,en,70,Ahrefs,2026-09-01,unknown,,unknown,unknown,P2,active,2026-09-01,https://gary-dickson.com/wp-content/uploads/2026/07/2606-PIPI-Q2.zip|https://www.thecourier.com.au
rm-the-examiner-launceston-examiner-com-au,The Examiner (Launceston),https://www.examiner.com.au,oceania,australia-new-zealand,australia,local-area,"Dorset,George Town,Latrobe (Tas.),Launceston,Meander Valley,West Tamar",newspaper,en,70,Ahrefs,2026-09-01,unknown,,unknown,unknown,P2,active,2026-09-01,https://gary-dickson.com/wp-content/uploads/2026/07/2606-PIPI-Q2.zip|https://www.examiner.com.au
rm-yamanashi-nichinichi-shimbun-sannichi-co-jp,Yamanashi Nichinichi Shimbun,https://www.sannichi.co.jp,asia,eastern-asia,japan,local-area,Yamanashi Broadcasting and Press Centre,newspaper,ja,70,Ahrefs,2026-09-01,unknown,,unknown,unknown,P2,active,2026-09-01,https://www.sannichi.co.jp|https://www.wikidata.org/wiki/Q11045913
rm-ostersunds-posten-op-se,Östersunds-Posten,https://www.op.se,europe,northern-europe,sweden,local-area,Sweden,newspaper,sv,70,Ahrefs,2026-09-01,unknown,,unknown,unknown,P2,active,2026-09-01,https://www.op.se|https://www.wikidata.org/wiki/Q10728119
rm-a-tarde-atarde-com-br,A Tarde,https://atarde.com.br,latin-america-caribbean,south-america,brazil,state-province,Bahia,newspaper,pt,69,Ahrefs,2026-09-01,unknown,,unknown,unknown,P2,active,2026-09-01,https://atarde.com.br
rm-armenian-weekly-armenianweekly-com,Armenian Weekly,https://armenianweekly.com,north-america,north-america,united-states,state-province,Massachusetts,newspaper,en,69,Ahrefs,2026-09-01,unknown,,unknown,unknown,P2,active,2026-09-01,https://armenianweekly.com|https://raw.githubusercontent.com/yinleon/LocalNewsDataset/master/data/local_news_dataset_2018_for_domain_analysis.csv
rm-badger-herald-badgerherald-com,Badger Herald,https://badgerherald.com,north-america,north-america,united-states,state-province,Wisconsin,community-news,en,69,Ahrefs,2026-09-01,unknown,,unknown,unknown,P2,active,2026-09-01,https://badgerherald.com|https://raw.githubusercontent.com/yinleon/LocalNewsDataset/master/data/local_news_dataset_2018_for_domain_analysis.csv
rm-bernardsville-news-newjerseyhills-com,Bernardsville News,https://newjerseyhills.com,north-america,north-america,united-states,state-province,New Jersey,newspaper,en,69,Ahrefs,2026-09-01,unknown,,unknown,unknown,P2,unknown,2026-09-01,https://newjerseyhills.com|https://raw.githubusercontent.com/yinleon/LocalNewsDataset/master/data/local_news_dataset_2018_for_domain_analysis.csv
rm-brunswick-news-thebrunswicknews-com,Brunswick News,https://thebrunswicknews.com,north-america,north-america,united-states,state-province,Georgia,newspaper,en,69,Ahrefs,2026-09-01,unknown,,unknown,unknown,P2,unknown,2026-09-01,https://raw.githubusercontent.com/yinleon/LocalNewsDataset/master/data/local_news_dataset_2018_for_domain_analysis.csv|https://thebrunswicknews.com
rm-cairns-post-cairnspost-com-au,Cairns Post,https://www.cairnspost.com.au,oceania,australia-new-zealand,australia,local-area,"Cairns,Cassowary Coast,Douglas,Tablelands,Yarrabah",newspaper,en,69,Ahrefs,2026-09-01,unknown,,unknown,unknown,P2,active,2026-09-01,https://gary-dickson.com/wp-content/uploads/2026/07/2606-PIPI-Q2.zip|https://www.cairnspost.com.au
rm-corvallis-gazette-times-gazettetimes-com,Corvallis Gazette Times,https://gazettetimes.com,north-america,north-america,united-states,state-province,Oregon,newspaper,en,69,Ahrefs,2026-09-01,unknown,,unknown,unknown,P2,unknown,2026-09-01,https://gazettetimes.com|https://raw.githubusercontent.com/yinleon/LocalNewsDataset/master/data/local_news_dataset_2018_for_domain_analysis.csv
rm-geelong-advertiser-geelongadvertiser-com-au,Geelong Advertiser,https://www.geelongadvertiser.com.au,oceania,australia-new-zealand,australia,region,Geelong and western Victoria,newspaper,en,69,Ahrefs,2026-09-01,unknown,,unknown,unknown,P2,active,2026-09-01,https://www.geelongadvertiser.com.au
rm-guardian-liberty-voice-guardianlv-com,Guardian Liberty Voice,https://guardianlv.com,north-america,north-america,united-states,state-province,Nevada,newspaper,en,69,Ahrefs,2026-09-01,unknown,,unknown,unknown,P2,active,2026-09-01,https://guardianlv.com|https://raw.githubusercontent.com/yinleon/LocalNewsDataset/master/data/local_news_dataset_2018_for_domain_analysis.csv
rm-kait-kait8-com,KAIT,https://www.kait8.com,north-america,north-america,united-states,local-area,Jonesboro,digital-news,en,69,Ahrefs,2026-09-01,unknown,,unknown,unknown,P2,active,2026-09-01,https://www.kait8.com|https://www.wikidata.org/wiki/Q3191320
rm-kingsport-times-news-timesnews-net,Kingsport Times-News,https://timesnews.net,north-america,north-america,united-states,local-area,Kingsport,newspaper,en,69,Ahrefs,2026-09-01,unknown,,unknown,unknown,P2,active,2026-09-01,https://timesnews.net|https://www.wikidata.org/wiki/Q16852516
rm-nasha-zorya-nashazorya-ucoz-ua,Nasha Zorya,https://nashazorya.ucoz.ua,europe,eastern-europe,ukraine,local-area,Selydove,newspaper,uk,69,Ahrefs,2026-09-01,unknown,,unknown,unknown,P2,active,2026-09-01,https://nashazorya.ucoz.ua|https://www.wikidata.org/wiki/Q20909645
rm-the-daily-news-tdn-com,The Daily News,https://tdn.com,north-america,north-america,united-states,local-area,Longview,newspaper,en,69,Ahrefs,2026-09-01,unknown,,unknown,unknown,P2,active,2026-09-01,https://tdn.com|https://www.wikidata.org/wiki/Q7728682
rm-the-observer-observer-ug,The Observer,https://observer.ug,africa,eastern-africa,uganda,local-area,Kampala,newspaper,en,69,Ahrefs,2026-09-01,unknown,,unknown,unknown,P2,active,2026-09-01,https://observer.ug|https://www.wikidata.org/wiki/Q17069105
rm-vakaru-ekspresas-ve-lt,Vakarų ekspresas,https://www.ve.lt,europe,northern-europe,lithuania,region,Local or regional market in Lithuania,newspaper,lt,69,Ahrefs,2026-09-01,unknown,,unknown,unknown,P2,active,2026-09-01,https://www.ve.lt|https://www.wikidata.org/wiki/Q5764005
rm-valley-breeze-valleybreeze-com,Valley Breeze,https://valleybreeze.com,north-america,north-america,united-states,state-province,Rhode Island,newspaper,en,69,Ahrefs,2026-09-01,unknown,,unknown,unknown,P2,unknown,2026-09-01,https://raw.githubusercontent.com/yinleon/LocalNewsDataset/master/data/local_news_dataset_2018_for_domain_analysis.csv|https://valleybreeze.com
rm-anderson-herald-bulletin-heraldbulletin-com,Anderson Herald Bulletin,https://heraldbulletin.com,north-america,north-america,united-states,state-province,Indiana,newspaper,en,68,Ahrefs,2026-09-01,unknown,,unknown,unknown,P2,unknown,2026-09-01,https://heraldbulletin.com|https://raw.githubusercontent.com/yinleon/LocalNewsDataset/master/data/local_news_dataset_2018_for_domain_analysis.csv
rm-avisa-nordland-an-no,Avisa Nordland,https://an.no,europe,northern-europe,norway,region,Bodø Municipality,newspaper,no,68,Ahrefs,2026-09-01,unknown,,unknown,unknown,P2,active,2026-09-01,https://an.no|https://www.wikidata.org/wiki/Q1758295
rm-barnstable-enterprise-capenews-net,Barnstable Enterprise,https://capenews.net,north-america,north-america,united-states,state-province,Massachusetts,newspaper,en,68,Ahrefs,2026-09-01,unknown,,unknown,unknown,P2,unknown,2026-09-01,https://capenews.net|https://raw.githubusercontent.com/yinleon/LocalNewsDataset/master/data/local_news_dataset_2018_for_domain_analysis.csv
rm-bauernzeitung-bauernzeitung-ch,Bauernzeitung,https://www.bauernzeitung.ch,europe,western-europe,switzerland,local-area,Bern,newspaper,de,68,Ahrefs,2026-09-01,unknown,,unknown,unknown,P2,active,2026-09-01,https://www.bauernzeitung.ch|https://www.wikidata.org/wiki/Q105824251
rm-bennington-banner-benningtonbanner-com,Bennington Banner,https://benningtonbanner.com,north-america,north-america,united-states,state-province,Vermont,newspaper,en,68,Ahrefs,2026-09-01,unknown,,unknown,unknown,P2,active,2026-09-01,https://benningtonbanner.com|https://raw.githubusercontent.com/yinleon/LocalNewsDataset/master/data/local_news_dataset_2018_for_domain_analysis.csv
rm-birmingham-times-birminghamtimes-com,Birmingham Times,https://birminghamtimes.com,north-america,north-america,united-states,state-province,Alabama,newspaper,en,68,Ahrefs,2026-09-01,unknown,,unknown,unknown,P2,active,2026-09-01,https://birminghamtimes.com|https://raw.githubusercontent.com/yinleon/LocalNewsDataset/master/data/local_news_dataset_2018_for_domain_analysis.csv
rm-blekinge-lans-tidning-blt-se,Blekinge Läns Tidning,https://www.blt.se,europe,northern-europe,sweden,local-area,Sweden,newspaper,sv,68,Ahrefs,2026-09-01,unknown,,unknown,unknown,P2,active,2026-09-01,https://www.blt.se|https://www.wikidata.org/wiki/Q10431233
rm-canberra-city-news-citynews-com-au,Canberra City News,https://citynews.com.au,oceania,australia-new-zealand,australia,local-area,Australian Capital Territory,community-news,en,68,Ahrefs,2026-09-01,unknown,,unknown,unknown,P2,unknown,2026-09-01,https://citynews.com.au|https://gary-dickson.com/wp-content/uploads/2026/07/2606-PIPI-Q2.zip
rm-cavalier-daily-cavalierdaily-com,Cavalier Daily,https://cavalierdaily.com,north-america,north-america,united-states,state-province,Virginia,community-news,en,68,Ahrefs,2026-09-01,unknown,,unknown,unknown,P2,active,2026-09-01,https://cavalierdaily.com|https://raw.githubusercontent.com/yinleon/LocalNewsDataset/master/data/local_news_dataset_2018_for_domain_analysis.csv
rm-cranbury-press-centraljersey-com,Cranbury Press,https://centraljersey.com,north-america,north-america,united-states,state-province,New Jersey,newspaper,en,68,Ahrefs,2026-09-01,unknown,,unknown,unknown,P2,unknown,2026-09-01,https://centraljersey.com|https://raw.githubusercontent.com/yinleon/LocalNewsDataset/master/data/local_news_dataset_2018_for_domain_analysis.csv
rm-daily-astorian-dailyastorian-com,Daily Astorian,https://dailyastorian.com,north-america,north-america,united-states,state-province,Oregon,newspaper,en,68,Ahrefs,2026-09-01,unknown,,unknown,unknown,P2,active,2026-09-01,https://dailyastorian.com|https://raw.githubusercontent.com/yinleon/LocalNewsDataset/master/data/local_news_dataset_2018_for_domain_analysis.csv
rm-daily-news-tanzania-dailynews-co-tz,Daily News Tanzania,https://dailynews.co.tz,africa,eastern-africa,tanzania,multi-region,Dar es Salaam and Tanzanian regions,newspaper,en,68,Ahrefs,2026-09-01,unknown,,unknown,unknown,P2,active,2026-09-01,https://dailynews.co.tz
rm-diario-de-jerez-diariodejerez-es,Diario de Jerez,https://www.diariodejerez.es,europe,southern-europe,spain,local-area,Jerez de la Frontera,newspaper,es,68,Ahrefs,2026-09-01,unknown,,unknown,unknown,P2,active,2026-09-01,https://www.diariodejerez.es|https://www.wikidata.org/wiki/Q5805380
rm-dothan-eagle-dothaneagle-com,Dothan Eagle,https://dothaneagle.com,north-america,north-america,united-states,local-area,Dothan,newspaper,en,68,Ahrefs,2026-09-01,unknown,,unknown,unknown,P2,unknown,2026-09-01,https://dothaneagle.com|https://www.wikidata.org/wiki/Q5299433
rm-eskilstuna-kuriren-ekuriren-se,Eskilstuna-Kuriren,https://www.ekuriren.se,europe,northern-europe,sweden,local-area,Eskilstuna,newspaper,sv,68,Ahrefs,2026-09-01,unknown,,unknown,unknown,P2,active,2026-09-01,https://www.ekuriren.se|https://www.wikidata.org/wiki/Q10274833
rm-greater-kashmir-greaterkashmir-com,Greater Kashmir,https://www.greaterkashmir.com,asia,southern-asia,india,region,Jammu and Kashmir,newspaper,en,68,Ahrefs,2026-09-01,unknown,,unknown,unknown,P2,active,2026-09-01,https://www.greaterkashmir.com
rm-herald-and-review-herald-review-com,Herald & Review,https://herald-review.com,north-america,north-america,united-states,local-area,Decatur,newspaper,en,68,Ahrefs,2026-09-01,unknown,,unknown,unknown,P2,active,2026-09-01,https://herald-review.com|https://www.wikidata.org/wiki/Q5732600
rm-jungle-world-jungle-world,Jungle World,https://jungle.world,europe,western-europe,germany,local-area,Berlin,newspaper,de,68,Ahrefs,2026-09-01,unknown,,unknown,unknown,P2,active,2026-09-01,https://jungle.world|https://www.wikidata.org/wiki/Q315829
rm-karjalainen-karjalainen-fi,Karjalainen,https://www.karjalainen.fi,europe,northern-europe,finland,local-area,Joensuu,newspaper,fi,68,Ahrefs,2026-09-01,unknown,,unknown,unknown,P2,active,2026-09-01,https://www.karjalainen.fi|https://www.wikidata.org/wiki/Q3193341
rm-kasa-kasa-com,KASA,https://kasa.com,north-america,north-america,united-states,state-province,New Mexico,news-broadcaster,en,68,Ahrefs,2026-09-01,unknown,,unknown,unknown,P2,active,2026-09-01,https://kasa.com|https://raw.githubusercontent.com/yinleon/LocalNewsDataset/master/data/local_news_dataset_2018_for_domain_analysis.csv
rm-kii-minpo-agara-co-jp,Kii Minpo,https://www.agara.co.jp,asia,eastern-asia,japan,local-area,Local or regional market in Japan,newspaper,ja,68,Ahrefs,2026-09-01,unknown,,unknown,unknown,P2,active,2026-09-01,https://www.agara.co.jp|https://www.wikidata.org/wiki/Q11604962
rm-lapin-kansa-lapinkansa-fi,Lapin Kansa,https://www.lapinkansa.fi,europe,northern-europe,finland,local-area,Rovaniemi,newspaper,fi,68,Ahrefs,2026-09-01,unknown,,unknown,unknown,P2,active,2026-09-01,https://www.lapinkansa.fi|https://www.wikidata.org/wiki/Q3353533
rm-nub-news-nub-news,Nub News,https://nub.news,europe,northern-europe,united-kingdom,local-area,Crewe,digital-news,en,68,Ahrefs,2026-09-01,unknown,,unknown,unknown,P2,active,2026-09-01,https://nub.news|https://www.wikidata.org/wiki/Q116236922
rm-texarkana-gazette-texarkanagazette-com,Texarkana Gazette,https://texarkanagazette.com,north-america,north-america,united-states,local-area,Texarkana,newspaper,en,68,Ahrefs,2026-09-01,unknown,,unknown,unknown,P2,active,2026-09-01,https://texarkanagazette.com|https://www.wikidata.org/wiki/Q7707345
rm-the-press-enterprise-pressenterprise-com,The Press-Enterprise,https://pressenterprise.com,north-america,north-america,united-states,local-area,Riverside,newspaper,en,68,Ahrefs,2026-09-01,unknown,,unknown,unknown,P2,active,2026-09-01,https://pressenterprise.com|https://www.wikidata.org/wiki/Q7758089
rm-t-nsbergs-blad-tb-no,Tønsbergs Blad,https://tb.no,europe,northern-europe,norway,local-area,Tønsberg,newspaper,no,68,Ahrefs,2026-09-01,unknown,,unknown,unknown,P2,active,2026-09-01,https://tb.no|https://www.wikidata.org/wiki/Q7862380
rm-baraboo-news-republic-wiscnews-com,Baraboo News Republic,https://wiscnews.com,north-america,north-america,united-states,state-province,Wisconsin,newspaper,en,67,Ahrefs,2026-09-01,unknown,,unknown,unknown,P2,unknown,2026-09-01,https://raw.githubusercontent.com/yinleon/LocalNewsDataset/master/data/local_news_dataset_2018_for_domain_analysis.csv|https://wiscnews.com
rm-britt-news-tribune-globegazette-com,Britt News Tribune,https://globegazette.com,north-america,north-america,united-states,state-province,Iowa,newspaper,en,67,Ahrefs,2026-09-01,unknown,,unknown,unknown,P2,active,2026-09-01,https://globegazette.com|https://raw.githubusercontent.com/yinleon/LocalNewsDataset/master/data/local_news_dataset_2018_for_domain_analysis.csv
rm-ellsworth-american-ellsworthamerican-com,Ellsworth American,https://ellsworthamerican.com,north-america,north-america,united-states,state-province,Maine,newspaper,en,67,Ahrefs,2026-09-01,unknown,,unknown,unknown,P2,unknown,2026-09-01,https://ellsworthamerican.com|https://raw.githubusercontent.com/yinleon/LocalNewsDataset/master/data/local_news_dataset_2018_for_domain_analysis.csv
rm-la-voz-del-sur-lavozdelsur-es,La Voz del Sur,https://www.lavozdelsur.es,europe,southern-europe,spain,local-area,Jerez de la Frontera,newspaper,es,67,Ahrefs,2026-09-01,unknown,,unknown,unknown,P2,active,2026-09-01,https://www.lavozdelsur.es|https://www.wikidata.org/wiki/Q125389603
rm-mediacites-mediacites-fr,Mediacités,https://www.mediacites.fr,europe,western-europe,france,local-area,Local or regional market in France,digital-news,fr,67,Ahrefs,2026-09-01,unknown,,unknown,unknown,P2,active,2026-09-01,https://www.mediacites.fr|https://www.wikidata.org/wiki/Q47529515
rm-nordbayerischer-kurier-kurier-de,Nordbayerischer Kurier,https://www.kurier.de,europe,western-europe,germany,county-district,Bayreuth,newspaper,de,67,Ahrefs,2026-09-01,unknown,,unknown,unknown,P2,active,2026-09-01,https://www.kurier.de|https://www.wikidata.org/wiki/Q1616434
rm-the-chronicle-thechronicle-com-au,The Chronicle,https://www.thechronicle.com.au,oceania,australia-new-zealand,australia,local-area,Toowoomba,newspaper,en,67,Ahrefs,2026-09-01,unknown,,unknown,unknown,P2,unknown,2026-09-01,https://gary-dickson.com/wp-content/uploads/2026/07/2606-PIPI-Q2.zip|https://www.thechronicle.com.au
rm-the-daily-courier-dcourier-com,The Daily Courier,https://www.dcourier.com,north-america,north-america,united-states,county-district,Prescott,newspaper,en,67,Ahrefs,2026-09-01,unknown,,unknown,unknown,P2,unknown,2026-09-01,https://www.dcourier.com|https://www.wikidata.org/wiki/Q7728640
rm-the-mercury-news-bayarea-com,The Mercury News,https://www.bayarea.com,north-america,north-america,united-states,local-area,San Jose,newspaper,en,67,Ahrefs,2026-09-01,unknown,,unknown,unknown,P2,active,2026-09-01,https://www.bayarea.com|https://www.wikidata.org/wiki/Q575741
rm-albany-herald-albanyherald-com,Albany Herald,https://albanyherald.com,north-america,north-america,united-states,state-province,Georgia,newspaper,en,66,Ahrefs,2026-09-01,unknown,,unknown,unknown,P2,unknown,2026-09-01,https://albanyherald.com|https://raw.githubusercontent.com/yinleon/LocalNewsDataset/master/data/local_news_dataset_2018_for_domain_analysis.csv
rm-american-press-americanpress-com,American Press,https://americanpress.com,north-america,north-america,united-states,state-province,Louisiana,newspaper,en,66,Ahrefs,2026-09-01,unknown,,unknown,unknown,P2,active,2026-09-01,https://americanpress.com|https://raw.githubusercontent.com/yinleon/LocalNewsDataset/master/data/local_news_dataset_2018_for_domain_analysis.csv
rm-bendigo-advertiser-bendigoadvertiser-com-au,Bendigo Advertiser,https://www.bendigoadvertiser.com.au,oceania,australia-new-zealand,australia,local-area,"Campaspe,Greater Bendigo,Loddon",newspaper,en,66,Ahrefs,2026-09-01,unknown,,unknown,unknown,P2,active,2026-09-01,https://gary-dickson.com/wp-content/uploads/2026/07/2606-PIPI-Q2.zip|https://www.bendigoadvertiser.com.au
rm-brainerd-daily-dispatch-brainerddispatch-com,Brainerd Daily Dispatch,https://brainerddispatch.com,north-america,north-america,united-states,state-province,Minnesota,newspaper,en,66,Ahrefs,2026-09-01,unknown,,unknown,unknown,P2,active,2026-09-01,https://brainerddispatch.com|https://raw.githubusercontent.com/yinleon/LocalNewsDataset/master/data/local_news_dataset_2018_for_domain_analysis.csv
rm-enid-news-and-eagle-enidnews-com,Enid News and Eagle,https://enidnews.com,north-america,north-america,united-states,state-province,Oklahoma,newspaper,en,66,Ahrefs,2026-09-01,unknown,,unknown,unknown,P2,unknown,2026-09-01,https://enidnews.com|https://raw.githubusercontent.com/yinleon/LocalNewsDataset/master/data/local_news_dataset_2018_for_domain_analysis.csv
rm-gazzetta-di-parma-gazzettadiparma-it,Gazzetta di Parma,https://www.gazzettadiparma.it,europe,southern-europe,italy,region,Parma and Emilia-Romagna,newspaper,it,66,Ahrefs,2026-09-01,unknown,,unknown,unknown,P2,active,2026-09-01,https://www.gazzettadiparma.it
rm-idaho-mountain-express-mtexpress-com,Idaho Mountain Express,https://mtexpress.com,north-america,north-america,united-states,state-province,Idaho,newspaper,en,66,Ahrefs,2026-09-01,unknown,,unknown,unknown,P2,unknown,2026-09-01,https://mtexpress.com|https://raw.githubusercontent.com/yinleon/LocalNewsDataset/master/data/local_news_dataset_2018_for_domain_analysis.csv
rm-junge-freiheit-jungefreiheit-de,Junge Freiheit,https://jungefreiheit.de,europe,western-europe,germany,local-area,Berlin,newspaper,de,66,Ahrefs,2026-09-01,unknown,,unknown,unknown,P2,active,2026-09-01,https://jungefreiheit.de|https://www.wikidata.org/wiki/Q157948
rm-marsactu-marsactu-fr,Marsactu,https://www.marsactu.fr,europe,western-europe,france,local-area,Marseille,digital-news,fr,66,Ahrefs,2026-09-01,unknown,,unknown,unknown,P2,active,2026-09-01,https://www.marsactu.fr|https://www.wikidata.org/wiki/Q16663511
rm-moss-avis-moss-avis-no,Moss Avis,https://moss-avis.no,europe,northern-europe,norway,local-area,Moss Municipality,newspaper,no,66,Ahrefs,2026-09-01,unknown,,unknown,unknown,P2,active,2026-09-01,https://moss-avis.no|https://www.wikidata.org/wiki/Q11990068
rm-peterborough-evening-telegraph-peterboroughtoday-co-uk,Peterborough Evening Telegraph,https://www.peterboroughtoday.co.uk,europe,northern-europe,united-kingdom,local-area,Local or regional market in United Kingdom,newspaper,en,66,Ahrefs,2026-09-01,unknown,,unknown,unknown,P2,unknown,2026-09-01,https://www.peterboroughtoday.co.uk|https://www.wikidata.org/wiki/Q7178002
rm-saint-petersburg-vedomosti-spbvedomosti-ru,Saint Petersburg Vedomosti,https://spbvedomosti.ru,europe,eastern-europe,russia,local-area,Saint Petersburg,digital-news,ru,66,Ahrefs,2026-09-01,unknown,,unknown,unknown,P2,active,2026-09-01,https://spbvedomosti.ru|https://www.wikidata.org/wiki/Q124758528
rm-telegraf-news-telegraf-com-ua,Telegraf,https://news.telegraf.com.ua,europe,eastern-europe,ukraine,local-area,Ukraine,digital-news,ru|uk,66,Ahrefs,2026-09-01,unknown,,unknown,unknown,P2,active,2026-09-01,https://news.telegraf.com.ua|https://www.wikidata.org/wiki/Q119859727
rm-telegraf-telegraf-com-ua,Telegraf,https://telegraf.com.ua,europe,eastern-europe,ukraine,local-area,Ukraine,digital-news,ru|uk,66,Ahrefs,2026-09-01,unknown,,unknown,unknown,P2,active,2026-09-01,https://telegraf.com.ua|https://www.wikidata.org/wiki/Q119859727
rm-telegraf-war-telegraf-com-ua,Telegraf,https://war.telegraf.com.ua,europe,eastern-europe,ukraine,local-area,Ukraine,digital-news,ru|uk,66,Ahrefs,2026-09-01,unknown,,unknown,unknown,P2,active,2026-09-01,https://war.telegraf.com.ua|https://www.wikidata.org/wiki/Q119859727
rm-townsville-bulletin-townsvillebulletin-com-au,Townsville Bulletin,https://www.townsvillebulletin.com.au,oceania,australia-new-zealand,australia,local-area,"Burdekin,Charters Towers,Hinchinbrook,Townsville,Palm Island",newspaper,en,66,Ahrefs,2026-09-01,unknown,,unknown,unknown,P2,active,2026-09-01,https://gary-dickson.com/wp-content/uploads/2026/07/2606-PIPI-Q2.zip|https://www.townsvillebulletin.com.au
rm-anniston-star-annistonstar-com,Anniston Star,https://www.annistonstar.com,north-america,north-america,united-states,local-area,Anniston,newspaper,en,65,Ahrefs,2026-09-01,unknown,,unknown,unknown,P2,unknown,2026-09-01,https://www.annistonstar.com|https://www.wikidata.org/wiki/Q7713857
rm-atlanta-daily-world-atlantadailyworld-com,Atlanta Daily World,https://atlantadailyworld.com,north-america,north-america,united-states,state-province,Georgia,newspaper,en,65,Ahrefs,2026-09-01,unknown,,unknown,unknown,P2,unknown,2026-09-01,https://atlantadailyworld.com|https://raw.githubusercontent.com/yinleon/LocalNewsDataset/master/data/local_news_dataset_2018_for_domain_analysis.csv
rm-avisa-oslo-ao-no,Avisa Oslo,https://ao.no,europe,northern-europe,norway,local-area,Oslo,digital-news,nb,65,Ahrefs,2026-09-01,unknown,,unknown,unknown,P2,active,2026-09-01,https://ao.no|https://www.wikidata.org/wiki/Q106167943
rm-bayonne-community-news-hudsonreporter-com,Bayonne Community News,https://hudsonreporter.com,north-america,north-america,united-states,state-province,New Jersey,newspaper,en,65,Ahrefs,2026-09-01,unknown,,unknown,unknown,P2,unknown,2026-09-01,https://hudsonreporter.com|https://raw.githubusercontent.com/yinleon/LocalNewsDataset/master/data/local_news_dataset_2018_for_domain_analysis.csv
rm-daily-tohoku-daily-tohoku-news,Daily Tohoku,https://www.daily-tohoku.news,asia,eastern-asia,japan,local-area,Local or regional market in Japan,newspaper,ja,65,Ahrefs,2026-09-01,unknown,,unknown,unknown,P2,active,2026-09-01,https://www.daily-tohoku.news|https://www.wikidata.org/wiki/Q11320984
rm-decatur-daily-decaturdaily-com,Decatur Daily,https://www.decaturdaily.com,north-america,north-america,united-states,local-area,Decatur,newspaper,en,65,Ahrefs,2026-09-01,unknown,,unknown,unknown,P2,unknown,2026-09-01,https://www.decaturdaily.com|https://www.wikidata.org/wiki/Q7729492
rm-il-roma-ilroma-net,Il Roma,https://www.ilroma.net,europe,southern-europe,italy,local-area,Naples,newspaper,it,65,Ahrefs,2026-09-01,unknown,,unknown,unknown,P2,active,2026-09-01,https://www.ilroma.net|https://www.wikidata.org/wiki/Q637502
rm-kfme-prairiepublic-org,KFME,https://prairiepublic.org,north-america,north-america,united-states,state-province,North Dakota,news-broadcaster,en,65,Ahrefs,2026-09-01,unknown,,unknown,unknown,P2,active,2026-09-01,https://prairiepublic.org|https://raw.githubusercontent.com/yinleon/LocalNewsDataset/master/data/local_news_dataset_2018_for_domain_analysis.csv
rm-le-canard-enchaine-lecanardenchaine-fr,Le Canard enchaîné,https://www.lecanardenchaine.fr,europe,western-europe,france,local-area,Paris,newspaper,fr,65,Ahrefs,2026-09-01,unknown,,unknown,unknown,P2,active,2026-09-01,https://www.lecanardenchaine.fr|https://www.wikidata.org/wiki/Q13709
rm-mallorca-magazin-mallorcamagazin-com,Mallorca Magazin,https://www.mallorcamagazin.com,europe,southern-europe,spain,local-area,Palma,newspaper,de,65,Ahrefs,2026-09-01,unknown,,unknown,unknown,P2,active,2026-09-01,https://www.mallorcamagazin.com|https://www.wikidata.org/wiki/Q1887577
rm-oppland-arbeiderblad-oa-no,Oppland Arbeiderblad,https://oa.no,europe,northern-europe,norway,region,Gjøvik Municipality,newspaper,nb|no,65,Ahrefs,2026-09-01,unknown,,unknown,unknown,P2,active,2026-09-01,https://oa.no|https://www.wikidata.org/wiki/Q1764834
rm-red-deer-advocate-reddeeradvocate-com,Red Deer Advocate,https://www.reddeeradvocate.com,north-america,north-america,canada,local-area,Red Deer,newspaper,en,65,Ahrefs,2026-09-01,unknown,,unknown,unknown,P2,active,2026-09-01,https://www.reddeeradvocate.com|https://www.wikidata.org/wiki/Q7303988
rm-telemarksavisa-ta-no,Telemarksavisa,https://ta.no,europe,northern-europe,norway,region,Skien,newspaper,no,65,Ahrefs,2026-09-01,unknown,,unknown,unknown,P2,active,2026-09-01,https://ta.no|https://www.wikidata.org/wiki/Q7696338
rm-the-assam-tribune-assamtribune-com,The Assam Tribune,https://assamtribune.com,asia,southern-asia,india,region,Assam and northeast India,newspaper,en,65,Ahrefs,2026-09-01,unknown,,unknown,unknown,P2,active,2026-09-01,https://assamtribune.com
rm-the-chronicle-zimbabwe-chronicle-co-zw,The Chronicle Zimbabwe,https://www.chronicle.co.zw,africa,eastern-africa,zimbabwe,region,Bulawayo and Matabeleland,newspaper,en,65,Ahrefs,2026-09-01,unknown,,unknown,unknown,P2,unknown,2026-09-01,https://www.chronicle.co.zw
rm-the-standard-warrnambool-standard-net-au,The Standard (Warrnambool),https://www.standard.net.au,oceania,australia-new-zealand,australia,local-area,"Colac Otway,Corangamite,Glenelg,Moyne,Warrnambool",newspaper,en,65,Ahrefs,2026-09-01,unknown,,unknown,unknown,P2,active,2026-09-01,https://gary-dickson.com/wp-content/uploads/2026/07/2606-PIPI-Q2.zip|https://www.standard.net.au
rm-ziarul-de-iasi-ziaruldeiasi-ro,Ziarul de Iași,https://www.ziaruldeiasi.ro,europe,eastern-europe,romania,county-district,Iași County,newspaper,ro,65,Ahrefs,2026-09-01,unknown,,unknown,unknown,P2,unknown,2026-09-01,https://www.ziaruldeiasi.ro
rm-albert-lea-tribune-albertleatribune-com,Albert Lea Tribune,https://albertleatribune.com,north-america,north-america,united-states,state-province,Minnesota,newspaper,en,64,Ahrefs,2026-09-01,unknown,,unknown,unknown,P2,unknown,2026-09-01,https://albertleatribune.com|https://raw.githubusercontent.com/yinleon/LocalNewsDataset/master/data/local_news_dataset_2018_for_domain_analysis.csv
rm-au-authm-action-news-srpmic-nsn-gov,Au-Authm Action News,https://srpmic-nsn.gov,north-america,north-america,united-states,state-province,Arizona,newspaper,en,64,Ahrefs,2026-09-01,unknown,,unknown,unknown,P2,active,2026-09-01,https://raw.githubusercontent.com/yinleon/LocalNewsDataset/master/data/local_news_dataset_2018_for_domain_analysis.csv|https://srpmic-nsn.gov
rm-brimbank-and-north-west-star-weekly-brimbanknorthwest-starweekly,Brimbank & North West Star Weekly,https://brimbanknorthwest.starweekly.com.au,oceania,australia-new-zealand,australia,local-area,"Brimbank,Melton",newspaper,en,64,Ahrefs,2026-09-01,unknown,,unknown,unknown,P2,unknown,2026-09-01,https://brimbanknorthwest.starweekly.com.au|https://gary-dickson.com/wp-content/uploads/2026/07/2606-PIPI-Q2.zip
rm-bucks-county-herald-buckscountyherald-com,Bucks County Herald,https://buckscountyherald.com,north-america,north-america,united-states,state-province,Pennsylvania,newspaper,en,64,Ahrefs,2026-09-01,unknown,,unknown,unknown,P2,active,2026-09-01,https://buckscountyherald.com|https://raw.githubusercontent.com/yinleon/LocalNewsDataset/master/data/local_news_dataset_2018_for_domain_analysis.csv
rm-commercial-dispatch-cdispatch-com,Commercial Dispatch,https://cdispatch.com,north-america,north-america,united-states,state-province,Mississippi,newspaper,en,64,Ahrefs,2026-09-01,unknown,,unknown,unknown,P2,active,2026-09-01,https://cdispatch.com|https://raw.githubusercontent.com/yinleon/LocalNewsDataset/master/data/local_news_dataset_2018_for_domain_analysis.csv
rm-daily-republic-mitchellrepublic-com,Daily Republic,https://mitchellrepublic.com,north-america,north-america,united-states,state-province,South Dakota,newspaper,en,64,Ahrefs,2026-09-01,unknown,,unknown,unknown,P2,active,2026-09-01,https://mitchellrepublic.com|https://raw.githubusercontent.com/yinleon/LocalNewsDataset/master/data/local_news_dataset_2018_for_domain_analysis.csv
rm-first-news-firstnews-co-uk,First News,https://www.firstnews.co.uk,europe,northern-europe,united-kingdom,local-area,London,newspaper,en,64,Ahrefs,2026-09-01,unknown,,unknown,unknown,P2,active,2026-09-01,https://www.firstnews.co.uk|https://www.wikidata.org/wiki/Q5453449
rm-hoya-thehoya-com,Hoya,https://thehoya.com,north-america,north-america,united-states,state-province,District of Columbia,community-news,en,64,Ahrefs,2026-09-01,unknown,,unknown,unknown,P2,active,2026-09-01,https://raw.githubusercontent.com/yinleon/LocalNewsDataset/master/data/local_news_dataset_2018_for_domain_analysis.csv|https://thehoya.com
rm-marianas-variety-mvariety-com,Marianas Variety,https://www.mvariety.com,north-america,north-america,united-states,local-area,Saipan,newspaper,en,64,Ahrefs,2026-09-01,unknown,,unknown,unknown,P2,active,2026-09-01,https://www.mvariety.com|https://www.wikidata.org/wiki/Q5392199
rm-maribyrnong-and-hobsons-bay-star-weekly-maribyrnonghobsonsbay-starwe,Maribyrnong & Hobsons Bay Star Weekly,https://maribyrnonghobsonsbay.starweekly.com.au,oceania,australia-new-zealand,australia,local-area,"Hobsons Bay,Maribyrnong",newspaper,en,64,Ahrefs,2026-09-01,unknown,,unknown,unknown,P2,unknown,2026-09-01,https://gary-dickson.com/wp-content/uploads/2026/07/2606-PIPI-Q2.zip|https://maribyrnonghobsonsbay.starweekly.com.au
rm-melton-and-moorabool-star-weekly-meltonmoorabool-starweekly-c,Melton & Moorabool Star Weekly,https://meltonmoorabool.starweekly.com.au,oceania,australia-new-zealand,australia,local-area,"Melton,Moorabool",newspaper,en,64,Ahrefs,2026-09-01,unknown,,unknown,unknown,P2,unknown,2026-09-01,https://gary-dickson.com/wp-content/uploads/2026/07/2606-PIPI-Q2.zip|https://meltonmoorabool.starweekly.com.au
rm-noroeste-noroeste-com-mx,Noroeste,https://www.noroeste.com.mx,latin-america-caribbean,central-america,mexico,state-province,Sinaloa,newspaper,es,64,Ahrefs,2026-09-01,unknown,,unknown,unknown,P2,active,2026-09-01,https://www.noroeste.com.mx
rm-northern-star-weekly-northern-starweekly-com-au,Northern Star Weekly,https://northern.starweekly.com.au,oceania,australia-new-zealand,australia,local-area,"Hume,Whittlesea",newspaper,en,64,Ahrefs,2026-09-01,unknown,,unknown,unknown,P2,unknown,2026-09-01,https://gary-dickson.com/wp-content/uploads/2026/07/2606-PIPI-Q2.zip|https://northern.starweekly.com.au
rm-romsdals-budstikke-rbnett-no,Romsdals Budstikke,https://rbnett.no,europe,northern-europe,norway,local-area,Molde Municipality,newspaper,nb,64,Ahrefs,2026-09-01,unknown,,unknown,unknown,P2,active,2026-09-01,https://rbnett.no|https://www.wikidata.org/wiki/Q1760436
rm-sunbury-and-macedon-ranges-star-weekly-sunburymacedonranges-starwee,Sunbury & Macedon Ranges Star Weekly,https://sunburymacedonranges.starweekly.com.au,oceania,australia-new-zealand,australia,local-area,"Hume,Macedon Ranges",newspaper,en,64,Ahrefs,2026-09-01,unknown,,unknown,unknown,P2,unknown,2026-09-01,https://gary-dickson.com/wp-content/uploads/2026/07/2606-PIPI-Q2.zip|https://sunburymacedonranges.starweekly.com.au
rm-the-beacon-thebeaconnews-org,The Beacon,https://thebeaconnews.org,north-america,north-america,united-states,metro-city,Kansas City,digital-news,en,64,Ahrefs,2026-09-01,unknown,,unknown,unknown,P2,active,2026-09-01,https://thebeaconnews.org|https://www.wikidata.org/wiki/Q104880644
rm-the-border-mail-bordermail-com-au,The Border Mail,https://www.bordermail.com.au,oceania,australia-new-zealand,australia,local-area,"Albury,Federation,Greater Hume,Lockhart,Benalla,Indigo,Wangaratta,Wodonga",newspaper,en,64,Ahrefs,2026-09-01,unknown,,unknown,unknown,P2,active,2026-09-01,https://gary-dickson.com/wp-content/uploads/2026/07/2606-PIPI-Q2.zip|https://www.bordermail.com.au
rm-the-byron-shire-echo-echo-net-au,The Byron Shire Echo,https://www.echo.net.au,oceania,australia-new-zealand,australia,local-area,Byron,newspaper,en,64,Ahrefs,2026-09-01,unknown,,unknown,unknown,P2,unknown,2026-09-01,https://gary-dickson.com/wp-content/uploads/2026/07/2606-PIPI-Q2.zip|https://www.echo.net.au
rm-the-dickinson-press-thedickinsonpress-com,The Dickinson Press,https://thedickinsonpress.com,north-america,north-america,united-states,state-province,North Dakota,newspaper,en,64,Ahrefs,2026-09-01,unknown,,unknown,unknown,P2,active,2026-09-01,https://raw.githubusercontent.com/yinleon/LocalNewsDataset/master/data/local_news_dataset_2018_for_domain_analysis.csv|https://thedickinsonpress.com
rm-stlandets-blad-oblad-no,Østlandets Blad,https://oblad.no,europe,northern-europe,norway,region,Ski Municipality,newspaper,no,64,Ahrefs,2026-09-01,unknown,,unknown,unknown,P2,active,2026-09-01,https://oblad.no|https://www.wikidata.org/wiki/Q1759569
rm-stlendingen-ostlendingen-no,Østlendingen,https://ostlendingen.no,europe,northern-europe,norway,region,Elverum Municipality,newspaper,nb,64,Ahrefs,2026-09-01,unknown,,unknown,unknown,P2,active,2026-09-01,https://ostlendingen.no|https://www.wikidata.org/wiki/Q1764784
rm-agderposten-agderposten-no,Agderposten,https://agderposten.no,europe,northern-europe,norway,region,Arendal Municipality,newspaper,no,63,Ahrefs,2026-09-01,unknown,,unknown,unknown,P2,active,2026-09-01,https://agderposten.no|https://www.wikidata.org/wiki/Q1756547
rm-albany-democrat-herald-democratherald-com,Albany Democrat-Herald,https://democratherald.com,north-america,north-america,united-states,local-area,Albany,digital-news,en,63,Ahrefs,2026-09-01,unknown,,unknown,unknown,P2,unknown,2026-09-01,https://democratherald.com|https://www.wikidata.org/wiki/Q4709310
rm-anchorage-press-anchoragepress-com,Anchorage Press,https://anchoragepress.com,north-america,north-america,united-states,state-province,Alaska,newspaper,en,63,Ahrefs,2026-09-01,unknown,,unknown,unknown,P2,active,2026-09-01,https://anchoragepress.com|https://raw.githubusercontent.com/yinleon/LocalNewsDataset/master/data/local_news_dataset_2018_for_domain_analysis.csv
rm-austin-daily-herald-austindailyherald-com,Austin Daily Herald,https://austindailyherald.com,north-america,north-america,united-states,state-province,Minnesota,newspaper,en,63,Ahrefs,2026-09-01,unknown,,unknown,unknown,P2,unknown,2026-09-01,https://austindailyherald.com|https://raw.githubusercontent.com/yinleon/LocalNewsDataset/master/data/local_news_dataset_2018_for_domain_analysis.csv
rm-beol-hu-beol-hu,Beol.hu,https://www.beol.hu,europe,eastern-europe,hungary,county-district,Békés County,digital-news,hu,63,Ahrefs,2026-09-01,unknown,,unknown,unknown,P2,unknown,2026-09-01,https://www.beol.hu|https://www.wikidata.org/wiki/Q854085
rm-bradford-era-bradfordera-com,Bradford Era,https://bradfordera.com,north-america,north-america,united-states,state-province,Pennsylvania,newspaper,en,63,Ahrefs,2026-09-01,unknown,,unknown,unknown,P2,active,2026-09-01,https://bradfordera.com|https://raw.githubusercontent.com/yinleon/LocalNewsDataset/master/data/local_news_dataset_2018_for_domain_analysis.csv
rm-branford-news-zip06-com,Branford News,https://zip06.com,north-america,north-america,united-states,state-province,Connecticut,newspaper,en,63,Ahrefs,2026-09-01,unknown,,unknown,unknown,P2,active,2026-09-01,https://raw.githubusercontent.com/yinleon/LocalNewsDataset/master/data/local_news_dataset_2018_for_domain_analysis.csv|https://zip06.com
rm-business-journal-sbj-net,Business Journal,https://sbj.net,north-america,north-america,united-states,state-province,Missouri,newspaper,en,63,Ahrefs,2026-09-01,unknown,,unknown,unknown,P2,active,2026-09-01,https://raw.githubusercontent.com/yinleon/LocalNewsDataset/master/data/local_news_dataset_2018_for_domain_analysis.csv|https://sbj.net
rm-der-nordschleswiger-nordschleswiger-dk,Der Nordschleswiger,https://www.nordschleswiger.dk,europe,northern-europe,denmark,region,Aabenraa,newspaper,de,63,Ahrefs,2026-09-01,unknown,,unknown,unknown,P2,active,2026-09-01,https://www.nordschleswiger.dk|https://www.wikidata.org/wiki/Q874582
rm-elko-daily-free-press-elkodaily-com,Elko Daily Free Press,https://elkodaily.com,north-america,north-america,united-states,state-province,Nevada,newspaper,en,63,Ahrefs,2026-09-01,unknown,,unknown,unknown,P2,unknown,2026-09-01,https://elkodaily.com|https://raw.githubusercontent.com/yinleon/LocalNewsDataset/master/data/local_news_dataset_2018_for_domain_analysis.csv
rm-explore-big-sky-explorebigsky-com,Explore Big Sky,https://explorebigsky.com,north-america,north-america,united-states,state-province,Montana,newspaper,en,63,Ahrefs,2026-09-01,unknown,,unknown,unknown,P2,active,2026-09-01,https://explorebigsky.com|https://raw.githubusercontent.com/yinleon/LocalNewsDataset/master/data/local_news_dataset_2018_for_domain_analysis.csv
rm-hersfelder-zeitung-hersfelder-zeitung-de,Hersfelder Zeitung,https://www.hersfelder-zeitung.de,europe,western-europe,germany,region,Bad Hersfeld,newspaper,de,63,Ahrefs,2026-09-01,unknown,,unknown,unknown,P2,active,2026-09-01,https://www.hersfelder-zeitung.de|https://www.wikidata.org/wiki/Q1565787
rm-le-quotidien-jurassien-lqj-ch,Le Quotidien Jurassien,https://www.lqj.ch,europe,western-europe,switzerland,region,Local or regional market in Switzerland,newspaper,fr,63,Ahrefs,2026-09-01,unknown,,unknown,unknown,P2,active,2026-09-01,https://www.lqj.ch|https://www.wikidata.org/wiki/Q3226214
rm-madison365-madison365-com,Madison365,https://madison365.com,north-america,north-america,united-states,local-area,Madison,digital-news,en,63,Ahrefs,2026-09-01,unknown,,unknown,unknown,P2,active,2026-09-01,https://madison365.com|https://www.wikidata.org/wiki/Q54874580
rm-minot-daily-news-minotdailynews-com,Minot Daily News,https://minotdailynews.com,north-america,north-america,united-states,state-province,North Dakota,newspaper,en,63,Ahrefs,2026-09-01,unknown,,unknown,unknown,P2,active,2026-09-01,https://minotdailynews.com|https://raw.githubusercontent.com/yinleon/LocalNewsDataset/master/data/local_news_dataset_2018_for_domain_analysis.csv
rm-peiner-allgemeine-zeitung-paz-online-de,Peiner Allgemeine Zeitung,https://www.paz-online.de,europe,western-europe,germany,local-area,Local or regional market in Germany,newspaper,de,63,Ahrefs,2026-09-01,unknown,,unknown,unknown,P2,unknown,2026-09-01,https://www.paz-online.de|https://www.wikidata.org/wiki/Q15839899
rm-the-advocate-burnie-theadvocate-com-au,The Advocate (Burnie),https://www.theadvocate.com.au,oceania,australia-new-zealand,australia,local-area,"Burnie,Central Coast (Tas.),Circular Head,Devonport,Waratah-Wynyard,West Coast",newspaper,en,63,Ahrefs,2026-09-01,unknown,,unknown,unknown,P2,active,2026-09-01,https://gary-dickson.com/wp-content/uploads/2026/07/2606-PIPI-Q2.zip|https://www.theadvocate.com.au
rm-tr-nder-avisa-t-a-no,Trønder-Avisa,https://t-a.no,europe,northern-europe,norway,region,Steinkjer Municipality,digital-news,no,63,Ahrefs,2026-09-01,unknown,,unknown,unknown,P2,active,2026-09-01,https://t-a.no|https://www.wikidata.org/wiki/Q1764807
rm-wday-wday-com,WDAY,https://wday.com,north-america,north-america,united-states,state-province,North Dakota,news-broadcaster,en,63,Ahrefs,2026-09-01,unknown,,unknown,unknown,P2,unknown,2026-09-01,https://raw.githubusercontent.com/yinleon/LocalNewsDataset/master/data/local_news_dataset_2018_for_domain_analysis.csv|https://wday.com
rm-addison-co-independent-addisonindependent-com,Addison Co. Independent,https://addisonindependent.com,north-america,north-america,united-states,state-province,Vermont,newspaper,en,62,Ahrefs,2026-09-01,unknown,,unknown,unknown,P2,unknown,2026-09-01,https://addisonindependent.com|https://raw.githubusercontent.com/yinleon/LocalNewsDataset/master/data/local_news_dataset_2018_for_domain_analysis.csv
rm-alexandria-times-alextimes-com,Alexandria Times,https://alextimes.com,north-america,north-america,united-states,state-province,Virginia,newspaper,en,62,Ahrefs,2026-09-01,unknown,,unknown,unknown,P2,unknown,2026-09-01,https://alextimes.com|https://raw.githubusercontent.com/yinleon/LocalNewsDataset/master/data/local_news_dataset_2018_for_domain_analysis.csv
rm-armenian-mirror-spectator-mirrorspectator-com,Armenian Mirror-Spectator,https://mirrorspectator.com,north-america,north-america,united-states,local-area,Watertown,newspaper,en,62,Ahrefs,2026-09-01,unknown,,unknown,unknown,P2,active,2026-09-01,https://mirrorspectator.com|https://www.wikidata.org/wiki/Q4793197
rm-boothbay-register-boothbayregister-com,Boothbay Register,https://boothbayregister.com,north-america,north-america,united-states,state-province,Maine,newspaper,en,62,Ahrefs,2026-09-01,unknown,,unknown,unknown,P2,active,2026-09-01,https://boothbayregister.com|https://raw.githubusercontent.com/yinleon/LocalNewsDataset/master/data/local_news_dataset_2018_for_domain_analysis.csv
rm-campus-dailycampus-com,Campus,https://dailycampus.com,north-america,north-america,united-states,state-province,Connecticut,community-news,en,62,Ahrefs,2026-09-01,unknown,,unknown,unknown,P2,active,2026-09-01,https://dailycampus.com|https://raw.githubusercontent.com/yinleon/LocalNewsDataset/master/data/local_news_dataset_2018_for_domain_analysis.csv
rm-chanhassen-villager-swnewsmedia-com,Chanhassen Villager,https://swnewsmedia.com,north-america,north-america,united-states,state-province,Minnesota,newspaper,en,62,Ahrefs,2026-09-01,unknown,,unknown,unknown,P2,active,2026-09-01,https://raw.githubusercontent.com/yinleon/LocalNewsDataset/master/data/local_news_dataset_2018_for_domain_analysis.csv|https://swnewsmedia.com
rm-columbia-basin-herald-columbiabasinherald-com,Columbia Basin Herald,https://columbiabasinherald.com,north-america,north-america,united-states,state-province,Washington,newspaper,en,62,Ahrefs,2026-09-01,unknown,,unknown,unknown,P2,unknown,2026-09-01,https://columbiabasinherald.com|https://raw.githubusercontent.com/yinleon/LocalNewsDataset/master/data/local_news_dataset_2018_for_domain_analysis.csv
rm-daily-targum-dailytargum-com,Daily Targum,https://dailytargum.com,north-america,north-america,united-states,state-province,New Jersey,community-news,en,62,Ahrefs,2026-09-01,unknown,,unknown,unknown,P2,unknown,2026-09-01,https://dailytargum.com|https://raw.githubusercontent.com/yinleon/LocalNewsDataset/master/data/local_news_dataset_2018_for_domain_analysis.csv
rm-gsa-business-journal-gsabusiness-com,GSA Business Journal,https://gsabusiness.com,north-america,north-america,united-states,state-province,South Carolina,newspaper,en,62,Ahrefs,2026-09-01,unknown,,unknown,unknown,P2,unknown,2026-09-01,https://gsabusiness.com|https://raw.githubusercontent.com/yinleon/LocalNewsDataset/master/data/local_news_dataset_2018_for_domain_analysis.csv
rm-mmegi-mmegi-bw,Mmegi,https://www.mmegi.bw,africa,southern-africa,botswana,multi-region,Gaborone and Botswana regions,newspaper,en,62,Ahrefs,2026-09-01,unknown,,unknown,unknown,P2,active,2026-09-01,https://www.mmegi.bw
rm-moscow-pullman-daily-news-dnews-com,Moscow-Pullman Daily News,https://www.dnews.com,north-america,north-america,united-states,local-area,Moscow,newspaper,en,62,Ahrefs,2026-09-01,unknown,,unknown,unknown,P2,unknown,2026-09-01,https://www.dnews.com|https://www.wikidata.org/wiki/Q6915449
rm-notizie-it-ancona-ancona-notizie-it,notizie.it Ancona,https://ancona.notizie.it,europe,southern-europe,italy,local-area,Local or regional market in Italy,digital-news,it,62,Ahrefs,2026-09-01,unknown,,unknown,unknown,P2,active,2026-09-01,https://ancona.notizie.it|https://www.wikidata.org/wiki/Q139943227
rm-notizie-it-aosta-aosta-notizie-it,notizie.it Aosta,https://aosta.notizie.it,europe,southern-europe,italy,local-area,Local or regional market in Italy,digital-news,it,62,Ahrefs,2026-09-01,unknown,,unknown,unknown,P2,active,2026-09-01,https://aosta.notizie.it|https://www.wikidata.org/wiki/Q139943397
rm-notizie-it-bari-bari-notizie-it,notizie.it Bari,https://bari.notizie.it,europe,southern-europe,italy,local-area,Local or regional market in Italy,digital-news,it,62,Ahrefs,2026-09-01,unknown,,unknown,unknown,P2,active,2026-09-01,https://bari.notizie.it|https://www.wikidata.org/wiki/Q139943402
rm-notizie-it-bologna-bologna-notizie-it,notizie.it Bologna,https://bologna.notizie.it,europe,southern-europe,italy,local-area,Local or regional market in Italy,digital-news,it,62,Ahrefs,2026-09-01,unknown,,unknown,unknown,P2,active,2026-09-01,https://bologna.notizie.it|https://www.wikidata.org/wiki/Q139943216
rm-notizie-it-campobasso-campobasso-notizie-it,notizie.it Campobasso,https://campobasso.notizie.it,europe,southern-europe,italy,local-area,Local or regional market in Italy,digital-news,it,62,Ahrefs,2026-09-01,unknown,,unknown,unknown,P2,active,2026-09-01,https://campobasso.notizie.it|https://www.wikidata.org/wiki/Q139943403
rm-notizie-it-catanzaro-catanzaro-notizie-it,notizie.it Catanzaro,https://catanzaro.notizie.it,europe,southern-europe,italy,local-area,Local or regional market in Italy,digital-news,it,62,Ahrefs,2026-09-01,unknown,,unknown,unknown,P2,active,2026-09-01,https://catanzaro.notizie.it|https://www.wikidata.org/wiki/Q139943232
rm-notizie-it-florence-firenze-notizie-it,notizie.it Florence,https://firenze.notizie.it,europe,southern-europe,italy,local-area,Local or regional market in Italy,digital-news,it,62,Ahrefs,2026-09-01,unknown,,unknown,unknown,P2,active,2026-09-01,https://firenze.notizie.it|https://www.wikidata.org/wiki/Q139943217
rm-notizie-it-l-aquila-laquila-notizie-it,notizie.it L'Aquila,https://laquila.notizie.it,europe,southern-europe,italy,local-area,Local or regional market in Italy,digital-news,it,62,Ahrefs,2026-09-01,unknown,,unknown,unknown,P2,active,2026-09-01,https://laquila.notizie.it|https://www.wikidata.org/wiki/Q139943237
rm-notizie-it-perugia-perugia-notizie-it,notizie.it Perugia,https://perugia.notizie.it,europe,southern-europe,italy,local-area,Local or regional market in Italy,digital-news,it,62,Ahrefs,2026-09-01,unknown,,unknown,unknown,P2,active,2026-09-01,https://perugia.notizie.it|https://www.wikidata.org/wiki/Q139943226
rm-notizie-it-potenza-potenza-notizie-it,notizie.it Potenza,https://potenza.notizie.it,europe,southern-europe,italy,local-area,Local or regional market in Italy,digital-news,it,62,Ahrefs,2026-09-01,unknown,,unknown,unknown,P2,active,2026-09-01,https://potenza.notizie.it|https://www.wikidata.org/wiki/Q139943249
rm-notizie-it-sardinia-sardegna-notizie-it,notizie.it Sardinia,https://sardegna.notizie.it,europe,southern-europe,italy,region,Local or regional market in Italy,digital-news,it,62,Ahrefs,2026-09-01,unknown,,unknown,unknown,P2,active,2026-09-01,https://sardegna.notizie.it|https://www.wikidata.org/wiki/Q139943399
rm-notizie-it-trento-trento-notizie-it,notizie.it Trento,https://trento.notizie.it,europe,southern-europe,italy,local-area,Local or regional market in Italy,digital-news,it,62,Ahrefs,2026-09-01,unknown,,unknown,unknown,P2,active,2026-09-01,https://trento.notizie.it|https://www.wikidata.org/wiki/Q139943224
rm-notizie-it-trieste-trieste-notizie-it,notizie.it Trieste,https://trieste.notizie.it,europe,southern-europe,italy,local-area,Local or regional market in Italy,digital-news,it,62,Ahrefs,2026-09-01,unknown,,unknown,unknown,P2,active,2026-09-01,https://trieste.notizie.it|https://www.wikidata.org/wiki/Q139943222
rm-notizie-it-venice-venezia-notizie-it,notizie.it Venice,https://venezia.notizie.it,europe,southern-europe,italy,local-area,Local or regional market in Italy,digital-news,it,62,Ahrefs,2026-09-01,unknown,,unknown,unknown,P2,active,2026-09-01,https://venezia.notizie.it|https://www.wikidata.org/wiki/Q139943220
rm-opelika-auburn-news-oanow-com,Opelika-Auburn News,https://oanow.com,north-america,north-america,united-states,local-area,Opelika,newspaper,en,62,Ahrefs,2026-09-01,unknown,,unknown,unknown,P2,unknown,2026-09-01,https://oanow.com|https://www.wikidata.org/wiki/Q17072806
rm-redlands-daily-facts-redlandsdailyfacts-com,Redlands Daily Facts,https://www.redlandsdailyfacts.com,north-america,north-america,united-states,local-area,Redlands,newspaper,en,62,Ahrefs,2026-09-01,unknown,,unknown,unknown,P2,active,2026-09-01,https://www.redlandsdailyfacts.com|https://www.wikidata.org/wiki/Q7306032
rm-ringerikes-blad-ringblad-no,Ringerikes Blad,https://ringblad.no,europe,northern-europe,norway,local-area,Ringerike,newspaper,no,62,Ahrefs,2026-09-01,unknown,,unknown,unknown,P2,active,2026-09-01,https://ringblad.no|https://www.wikidata.org/wiki/Q1760411
rm-the-shillong-times-theshillongtimes-com,The Shillong Times,https://theshillongtimes.com,asia,southern-asia,india,region,Meghalaya and northeast India,newspaper,en,62,Ahrefs,2026-09-01,unknown,,unknown,unknown,P2,active,2026-09-01,https://theshillongtimes.com
rm-stlands-posten-op-no,Østlands-Posten,https://op.no,europe,northern-europe,norway,local-area,Local or regional market in Norway,newspaper,nb,62,Ahrefs,2026-09-01,unknown,,unknown,unknown,P2,active,2026-09-01,https://op.no|https://www.wikidata.org/wiki/Q1760406
rm-albion-new-era-kpcnews-com,Albion New Era,https://kpcnews.com,north-america,north-america,united-states,state-province,Indiana,newspaper,en,61,Ahrefs,2026-09-01,unknown,,unknown,unknown,P2,unknown,2026-09-01,https://kpcnews.com|https://raw.githubusercontent.com/yinleon/LocalNewsDataset/master/data/local_news_dataset_2018_for_domain_analysis.csv
rm-artvoice-artvoice-com,Artvoice,https://artvoice.com,north-america,north-america,united-states,state-province,New York,newspaper,en,61,Ahrefs,2026-09-01,unknown,,unknown,unknown,P2,active,2026-09-01,https://artvoice.com|https://raw.githubusercontent.com/yinleon/LocalNewsDataset/master/data/local_news_dataset_2018_for_domain_analysis.csv
rm-blue-mountains-gazette-bluemountainsgazette-com-au,Blue Mountains Gazette,https://www.bluemountainsgazette.com.au,oceania,australia-new-zealand,australia,local-area,Blue Mountains,newspaper,en,61,Ahrefs,2026-09-01,unknown,,unknown,unknown,P2,active,2026-09-01,https://gary-dickson.com/wp-content/uploads/2026/07/2606-PIPI-Q2.zip|https://www.bluemountainsgazette.com.au
rm-bonner-county-daily-bee-bonnercountydailybee-com,Bonner County Daily Bee,https://bonnercountydailybee.com,north-america,north-america,united-states,state-province,Idaho,newspaper,en,61,Ahrefs,2026-09-01,unknown,,unknown,unknown,P2,active,2026-09-01,https://bonnercountydailybee.com|https://raw.githubusercontent.com/yinleon/LocalNewsDataset/master/data/local_news_dataset_2018_for_domain_analysis.csv
rm-cascade-business-news-cascadebusnews-com,Cascade Business News,https://cascadebusnews.com,north-america,north-america,united-states,state-province,Oregon,newspaper,en,61,Ahrefs,2026-09-01,unknown,,unknown,unknown,P2,active,2026-09-01,https://cascadebusnews.com|https://raw.githubusercontent.com/yinleon/LocalNewsDataset/master/data/local_news_dataset_2018_for_domain_analysis.csv
rm-charlotte-post-thecharlottepost-com,Charlotte Post,https://thecharlottepost.com,north-america,north-america,united-states,state-province,North Carolina,newspaper,en,61,Ahrefs,2026-09-01,unknown,,unknown,unknown,P2,unknown,2026-09-01,https://raw.githubusercontent.com/yinleon/LocalNewsDataset/master/data/local_news_dataset_2018_for_domain_analysis.csv|https://thecharlottepost.com
rm-chippewa-herald-chippewa-com,Chippewa Herald,https://chippewa.com,north-america,north-america,united-states,state-province,Wisconsin,newspaper,en,61,Ahrefs,2026-09-01,unknown,,unknown,unknown,P2,unknown,2026-09-01,https://chippewa.com|https://raw.githubusercontent.com/yinleon/LocalNewsDataset/master/data/local_news_dataset_2018_for_domain_analysis.csv
rm-daily-kansan-kansan-com,Daily Kansan,https://kansan.com,north-america,north-america,united-states,state-province,Kansas,community-news,en,61,Ahrefs,2026-09-01,unknown,,unknown,unknown,P2,unknown,2026-09-01,https://kansan.com|https://raw.githubusercontent.com/yinleon/LocalNewsDataset/master/data/local_news_dataset_2018_for_domain_analysis.csv
rm-daily-leader-dailyleader-com,Daily Leader,https://dailyleader.com,north-america,north-america,united-states,state-province,Mississippi,newspaper,en,61,Ahrefs,2026-09-01,unknown,,unknown,unknown,P2,active,2026-09-01,https://dailyleader.com|https://raw.githubusercontent.com/yinleon/LocalNewsDataset/master/data/local_news_dataset_2018_for_domain_analysis.csv
rm-die-furche-furche-at,Die Furche,https://www.furche.at,europe,western-europe,austria,local-area,Vienna,newspaper,de,61,Ahrefs,2026-09-01,unknown,,unknown,unknown,P2,active,2026-09-01,https://www.furche.at|https://www.wikidata.org/wiki/Q1212798
rm-el-diario-de-caracas-eldiario-com,El Diario de Caracas,https://eldiario.com,latin-america-caribbean,south-america,venezuela,state-province,Caracas,newspaper,es,61,Ahrefs,2026-09-01,unknown,,unknown,unknown,P2,active,2026-09-01,https://eldiario.com|https://www.wikidata.org/wiki/Q5351144
rm-la-tribuna-de-toledo-latribunadetoledo-es,La Tribuna de Toledo,https://www.latribunadetoledo.es,europe,southern-europe,spain,local-area,Toledo,newspaper,es,61,Ahrefs,2026-09-01,unknown,,unknown,unknown,P2,active,2026-09-01,https://www.latribunadetoledo.es|https://www.wikidata.org/wiki/Q114058728
rm-peninsula-clarion-peninsulaclarion-com,Peninsula Clarion,https://www.peninsulaclarion.com,north-america,north-america,united-states,local-area,Kenai,newspaper,en,61,Ahrefs,2026-09-01,unknown,,unknown,unknown,P2,active,2026-09-01,https://www.peninsulaclarion.com|https://www.wikidata.org/wiki/Q7162921
rm-primorske-novice-primorske-si,Primorske novice,https://www.primorske.si,europe,southern-europe,slovenia,region,Koper,newspaper,sl,61,Ahrefs,2026-09-01,unknown,,unknown,unknown,P2,active,2026-09-01,https://www.primorske.si|https://www.wikidata.org/wiki/Q12799521
rm-sarpsborg-arbeiderblad-sa-no,Sarpsborg Arbeiderblad,https://sa.no,europe,northern-europe,norway,local-area,Sarpsborg,newspaper,no,61,Ahrefs,2026-09-01,unknown,,unknown,unknown,P2,active,2026-09-01,https://sa.no|https://www.wikidata.org/wiki/Q1767681
rm-the-point-thepoint-gm,The Point,https://thepoint.gm,africa,western-africa,gambia,multi-region,Banjul and the Gambia,newspaper,en,61,Ahrefs,2026-09-01,unknown,,unknown,unknown,P2,active,2026-09-01,https://thepoint.gm
rm-voice-georgetownvoice-com,Voice,https://georgetownvoice.com,north-america,north-america,united-states,state-province,District of Columbia,community-news,en,61,Ahrefs,2026-09-01,unknown,,unknown,unknown,P2,unknown,2026-09-01,https://georgetownvoice.com|https://raw.githubusercontent.com/yinleon/LocalNewsDataset/master/data/local_news_dataset_2018_for_domain_analysis.csv
rm-warwick-beacon-warwickonline-com,Warwick Beacon,https://warwickonline.com,north-america,north-america,united-states,state-province,Rhode Island,newspaper,en,61,Ahrefs,2026-09-01,unknown,,unknown,unknown,P2,unknown,2026-09-01,https://raw.githubusercontent.com/yinleon/LocalNewsDataset/master/data/local_news_dataset_2018_for_domain_analysis.csv|https://warwickonline.com
rm-al-raya-raya-com,Al Raya,https://www.raya.com,asia,western-asia,qatar,local-area,Doha,newspaper,ar,60,Ahrefs,2026-09-01,unknown,,unknown,unknown,P2,unknown,2026-09-01,https://www.raya.com|https://www.wikidata.org/wiki/Q12205246
rm-ashtabula-star-beacon-starbeacon-com,Ashtabula Star Beacon,https://starbeacon.com,north-america,north-america,united-states,state-province,Ohio,newspaper,en,60,Ahrefs,2026-09-01,unknown,,unknown,unknown,P2,unknown,2026-09-01,https://raw.githubusercontent.com/yinleon/LocalNewsDataset/master/data/local_news_dataset_2018_for_domain_analysis.csv|https://starbeacon.com
rm-baltimore-times-baltimoretimes-online-com,Baltimore Times,https://baltimoretimes-online.com,north-america,north-america,united-states,state-province,Maryland,newspaper,en,60,Ahrefs,2026-09-01,unknown,,unknown,unknown,P2,active,2026-09-01,https://baltimoretimes-online.com|https://raw.githubusercontent.com/yinleon/LocalNewsDataset/master/data/local_news_dataset_2018_for_domain_analysis.csv
rm-carolina-coast-online-carolinacoastonline-com,Carolina Coast Online,https://carolinacoastonline.com,north-america,north-america,united-states,state-province,North Carolina,newspaper,en,60,Ahrefs,2026-09-01,unknown,,unknown,unknown,P2,unknown,2026-09-01,https://carolinacoastonline.com|https://raw.githubusercontent.com/yinleon/LocalNewsDataset/master/data/local_news_dataset_2018_for_domain_analysis.csv
rm-current-argus-currentargus-com,Current-Argus,https://currentargus.com,north-america,north-america,united-states,state-province,New Mexico,newspaper,en,60,Ahrefs,2026-09-01,unknown,,unknown,unknown,P2,active,2026-09-01,https://currentargus.com|https://raw.githubusercontent.com/yinleon/LocalNewsDataset/master/data/local_news_dataset_2018_for_domain_analysis.csv
rm-flevopost-flevopost-nl,FlevoPost,https://flevopost.nl,europe,western-europe,netherlands,local-area,Local or regional market in Netherlands,newspaper,nl,60,Ahrefs,2026-09-01,unknown,,unknown,unknown,P2,unknown,2026-09-01,https://flevopost.nl|https://www.wikidata.org/wiki/Q117314261
rm-france-guyane-franceguyane-fr,France-Guyane,https://www.franceguyane.fr,europe,western-europe,france,local-area,Local or regional market in France,newspaper,fr,60,Ahrefs,2026-09-01,unknown,,unknown,unknown,P2,active,2026-09-01,https://www.franceguyane.fr|https://www.wikidata.org/wiki/Q3080539
rm-gazeta-polska-gazetapolska-pl,Gazeta Polska,https://www.gazetapolska.pl,europe,eastern-europe,poland,local-area,Warsaw,newspaper,pl,60,Ahrefs,2026-09-01,unknown,,unknown,unknown,P2,active,2026-09-01,https://www.gazetapolska.pl|https://www.wikidata.org/wiki/Q3888048
rm-glamdalen-glomdalen-no,Glåmdalen,https://glomdalen.no,europe,northern-europe,norway,local-area,Kongsvinger Municipality,newspaper,no,60,Ahrefs,2026-09-01,unknown,,unknown,unknown,P2,active,2026-09-01,https://glomdalen.no|https://www.wikidata.org/wiki/Q5305813
rm-harz-kurier-harzkurier-de,Harz Kurier,https://www.harzkurier.de,europe,western-europe,germany,region,Osterode am Harz,newspaper,de,60,Ahrefs,2026-09-01,unknown,,unknown,unknown,P2,active,2026-09-01,https://www.harzkurier.de|https://www.wikidata.org/wiki/Q48753470
rm-jm-jm-madeira-pt,JM,https://www.jm-madeira.pt,europe,southern-europe,portugal,local-area,Madeira,newspaper,pt,60,Ahrefs,2026-09-01,unknown,,unknown,unknown,P2,active,2026-09-01,https://www.jm-madeira.pt|https://www.wikidata.org/wiki/Q110256345
rm-lyon-people-lyonpeople-com,Lyon People,https://www.lyonpeople.com,europe,western-europe,france,local-area,Lyon,digital-news,fr,60,Ahrefs,2026-09-01,unknown,,unknown,unknown,P2,active,2026-09-01,https://www.lyonpeople.com|https://www.wikidata.org/wiki/Q11378873
rm-neakriti-neakriti-gr,neakriti,https://www.neakriti.gr,europe,southern-europe,greece,region,Heraklion,digital-news,el,60,Ahrefs,2026-09-01,unknown,,unknown,unknown,P2,active,2026-09-01,https://www.neakriti.gr|https://www.wikidata.org/wiki/Q56677175
rm-northern-daily-leader-northerndailyleader-com-au,Northern Daily Leader,https://www.northerndailyleader.com.au,oceania,australia-new-zealand,australia,local-area,"Gunnedah,Gwydir,Narrabri,Tamworth,Uralla",newspaper,en,60,Ahrefs,2026-09-01,unknown,,unknown,unknown,P2,active,2026-09-01,https://gary-dickson.com/wp-content/uploads/2026/07/2606-PIPI-Q2.zip|https://www.northerndailyleader.com.au
rm-portsmouth-times-eastbayri-com,Portsmouth Times,https://eastbayri.com,north-america,north-america,united-states,state-province,Rhode Island,newspaper,en,60,Ahrefs,2026-09-01,unknown,,unknown,unknown,P2,active,2026-09-01,https://eastbayri.com|https://raw.githubusercontent.com/yinleon/LocalNewsDataset/master/data/local_news_dataset_2018_for_domain_analysis.csv
rm-quotidiano-di-sicilia-qds-it,Quotidiano di Sicilia,https://www.qds.it,europe,southern-europe,italy,local-area,Catania,newspaper,it,60,Ahrefs,2026-09-01,unknown,,unknown,unknown,P2,active,2026-09-01,https://www.qds.it|https://www.wikidata.org/wiki/Q2363052
rm-rana-blad-ranablad-no,Rana Blad,https://ranablad.no,europe,northern-europe,norway,local-area,Mo i Rana,newspaper,nb,60,Ahrefs,2026-09-01,unknown,,unknown,unknown,P2,active,2026-09-01,https://ranablad.no|https://www.wikidata.org/wiki/Q1764827
rm-rue89-lyon-rue89lyon-fr,Rue89 Lyon,https://www.rue89lyon.fr,europe,western-europe,france,local-area,Lyon,digital-news,fr,60,Ahrefs,2026-09-01,unknown,,unknown,unknown,P2,active,2026-09-01,https://www.rue89lyon.fr|https://www.wikidata.org/wiki/Q121031939
rm-sandefjords-blad-sb-no,Sandefjords Blad,https://sb.no,europe,northern-europe,norway,local-area,Local or regional market in Norway,newspaper,no,60,Ahrefs,2026-09-01,unknown,,unknown,unknown,P2,active,2026-09-01,https://sb.no|https://www.wikidata.org/wiki/Q7416098
rm-shakai-shimpo-sdp-or-jp,Shakai Shimpo,https://sdp.or.jp/category/sdp-paper,asia,eastern-asia,japan,local-area,Minato,newspaper,ja,60,Ahrefs,2026-09-01,unknown,,unknown,unknown,P2,active,2026-09-01,https://sdp.or.jp/category/sdp-paper|https://www.wikidata.org/wiki/Q11588278
rm-tal-cual-talcualdigital-com,Tal Cual,https://www.talcualdigital.com,latin-america-caribbean,south-america,venezuela,local-area,Caracas,newspaper,es,60,Ahrefs,2026-09-01,unknown,,unknown,unknown,P2,active,2026-09-01,https://www.talcualdigital.com|https://www.wikidata.org/wiki/Q3514406
rm-the-daily-nonpareil-nonpareilonline-com,The Daily Nonpareil,https://nonpareilonline.com,north-america,north-america,united-states,local-area,Council Bluffs,newspaper,en,60,Ahrefs,2026-09-01,unknown,,unknown,unknown,P2,active,2026-09-01,https://nonpareilonline.com|https://www.wikidata.org/wiki/Q23073928
rm-ara-balears-arabalears-cat,ARA Balears,https://www.arabalears.cat,europe,southern-europe,spain,local-area,Palma,newspaper,ca,59,Ahrefs,2026-09-01,unknown,,unknown,unknown,P2,active,2026-09-01,https://www.arabalears.cat|https://www.wikidata.org/wiki/Q21927220
rm-baker-city-herald-bakercityherald-com,Baker City Herald,https://bakercityherald.com,north-america,north-america,united-states,state-province,Oregon,newspaper,en,59,Ahrefs,2026-09-01,unknown,,unknown,unknown,P2,active,2026-09-01,https://bakercityherald.com|https://raw.githubusercontent.com/yinleon/LocalNewsDataset/master/data/local_news_dataset_2018_for_domain_analysis.csv
rm-bauernzeitung-bauernzeitung-de,Bauernzeitung,https://bauernzeitung.de,europe,western-europe,germany,local-area,Berlin,newspaper,de,59,Ahrefs,2026-09-01,unknown,,unknown,unknown,P2,active,2026-09-01,https://bauernzeitung.de|https://www.wikidata.org/wiki/Q124038377
rm-berwick-star-news-berwicknews-starcommunity-co,Berwick Star News,https://berwicknews.starcommunity.com.au,oceania,australia-new-zealand,australia,local-area,Casey,newspaper,en,59,Ahrefs,2026-09-01,unknown,,unknown,unknown,P2,unknown,2026-09-01,https://berwicknews.starcommunity.com.au|https://gary-dickson.com/wp-content/uploads/2026/07/2606-PIPI-Q2.zip
rm-bredavandaag-bredavandaag-nl,BredaVandaag,https://www.bredavandaag.nl,europe,western-europe,netherlands,local-area,Breda,newspaper,nl,59,Ahrefs,2026-09-01,unknown,,unknown,unknown,P2,active,2026-09-01,https://www.bredavandaag.nl|https://www.wikidata.org/wiki/Q125346839
rm-canberra-weekly-canberradaily-com-au,Canberra Weekly,https://canberradaily.com.au,oceania,australia-new-zealand,australia,local-area,Australian Capital Territory,newspaper,en,59,Ahrefs,2026-09-01,unknown,,unknown,unknown,P2,active,2026-09-01,https://canberradaily.com.au|https://gary-dickson.com/wp-content/uploads/2026/07/2606-PIPI-Q2.zip
rm-chinook-observer-chinookobserver-com,Chinook Observer,https://chinookobserver.com,north-america,north-america,united-states,state-province,Washington,newspaper,en,59,Ahrefs,2026-09-01,unknown,,unknown,unknown,P2,active,2026-09-01,https://chinookobserver.com|https://raw.githubusercontent.com/yinleon/LocalNewsDataset/master/data/local_news_dataset_2018_for_domain_analysis.csv
rm-cranbourne-star-news-cranbournenews-starcommunity,Cranbourne Star News,https://cranbournenews.starcommunity.com.au,oceania,australia-new-zealand,australia,local-area,Casey,newspaper,en,59,Ahrefs,2026-09-01,unknown,,unknown,unknown,P2,unknown,2026-09-01,https://cranbournenews.starcommunity.com.au|https://gary-dickson.com/wp-content/uploads/2026/07/2606-PIPI-Q2.zip
rm-dandenong-star-journal-dandenong-starcommunity-com,Dandenong Star Journal,https://dandenong.starcommunity.com.au,oceania,australia-new-zealand,australia,local-area,Greater Dandenong,newspaper,en,59,Ahrefs,2026-09-01,unknown,,unknown,unknown,P2,unknown,2026-09-01,https://dandenong.starcommunity.com.au|https://gary-dickson.com/wp-content/uploads/2026/07/2606-PIPI-Q2.zip
rm-endeavour-hills-hallam-doveton-star-journal-endeavourhillshallamdoveton,Endeavour Hills Hallam Doveton Star Journal,https://endeavourhillshallamdoveton.starcommunity.com.au,oceania,australia-new-zealand,australia,local-area,Casey,newspaper,en,59,Ahrefs,2026-09-01,unknown,,unknown,unknown,P2,unknown,2026-09-01,https://endeavourhillshallamdoveton.starcommunity.com.au|https://gary-dickson.com/wp-content/uploads/2026/07/2606-PIPI-Q2.zip
rm-inter-mountain-theintermountain-com,Inter-Mountain,https://theintermountain.com,north-america,north-america,united-states,state-province,West Virginia,newspaper,en,59,Ahrefs,2026-09-01,unknown,,unknown,unknown,P2,active,2026-09-01,https://raw.githubusercontent.com/yinleon/LocalNewsDataset/master/data/local_news_dataset_2018_for_domain_analysis.csv|https://theintermountain.com
rm-jamestown-sun-jamestownsun-com,Jamestown Sun,https://jamestownsun.com,north-america,north-america,united-states,state-province,North Dakota,newspaper,en,59,Ahrefs,2026-09-01,unknown,,unknown,unknown,P2,active,2026-09-01,https://jamestownsun.com|https://raw.githubusercontent.com/yinleon/LocalNewsDataset/master/data/local_news_dataset_2018_for_domain_analysis.csv
rm-keskipohjanmaa-keskipohjanmaa-fi,Keskipohjanmaa,https://www.keskipohjanmaa.fi,europe,northern-europe,finland,local-area,Kokkola,newspaper,fi,59,Ahrefs,2026-09-01,unknown,,unknown,unknown,P2,active,2026-09-01,https://www.keskipohjanmaa.fi|https://www.wikidata.org/wiki/Q3080775
rm-khet-pbshawaii-org,KHET,https://pbshawaii.org,north-america,north-america,united-states,state-province,Hawaii,news-broadcaster,en,59,Ahrefs,2026-09-01,unknown,,unknown,unknown,P2,active,2026-09-01,https://pbshawaii.org|https://raw.githubusercontent.com/yinleon/LocalNewsDataset/master/data/local_news_dataset_2018_for_domain_analysis.csv
rm-krxi-foxreno-com,KRXI,https://foxreno.com,north-america,north-america,united-states,state-province,Nevada,news-broadcaster,en,59,Ahrefs,2026-09-01,unknown,,unknown,unknown,P2,active,2026-09-01,https://foxreno.com|https://raw.githubusercontent.com/yinleon/LocalNewsDataset/master/data/local_news_dataset_2018_for_domain_analysis.csv
rm-mindanews-mindanews-com,MindaNews,https://mindanews.com,asia,south-eastern-asia,philippines,region,Mindanao,newspaper,en,59,Ahrefs,2026-09-01,unknown,,unknown,unknown,P2,unknown,2026-09-01,https://mindanews.com
rm-monadnock-ledger-ledgertranscript-com,Monadnock Ledger,https://ledgertranscript.com,north-america,north-america,united-states,state-province,New Hampshire,newspaper,en,59,Ahrefs,2026-09-01,unknown,,unknown,unknown,P2,active,2026-09-01,https://ledgertranscript.com|https://raw.githubusercontent.com/yinleon/LocalNewsDataset/master/data/local_news_dataset_2018_for_domain_analysis.csv
rm-namdalsavisa-namdalsavisa-no,Namdalsavisa,https://namdalsavisa.no,europe,northern-europe,norway,local-area,Namsos Municipality,newspaper,nb,59,Ahrefs,2026-09-01,unknown,,unknown,unknown,P2,active,2026-09-01,https://namdalsavisa.no|https://www.wikidata.org/wiki/Q1764364
rm-nasha-niva-nashaniva-com,Nasha Niva,https://nashaniva.com,europe,eastern-europe,belarus,local-area,Minsk,newspaper,be|ru,59,Ahrefs,2026-09-01,unknown,,unknown,unknown,P2,active,2026-09-01,https://nashaniva.com|https://www.wikidata.org/wiki/Q1272304
rm-nguoi-viet-daily-news-nguoi-viet-com,Nguoi Viet Daily News,https://nguoi-viet.com,north-america,north-america,united-states,local-area,Westminster,newspaper,vi,59,Ahrefs,2026-09-01,unknown,,unknown,unknown,P2,unknown,2026-09-01,https://nguoi-viet.com|https://www.wikidata.org/wiki/Q7022716
rm-pakenham-berwick-gazette-pakenham-starcommunity-com-a,Pakenham Berwick Gazette,https://pakenham.starcommunity.com.au,oceania,australia-new-zealand,australia,local-area,"Cardinia,Casey",newspaper,en,59,Ahrefs,2026-09-01,unknown,,unknown,unknown,P2,unknown,2026-09-01,https://gary-dickson.com/wp-content/uploads/2026/07/2606-PIPI-Q2.zip|https://pakenham.starcommunity.com.au
rm-pakenham-officer-star-news-pakenhamnews-starcommunity-c,Pakenham Officer Star News,https://pakenhamnews.starcommunity.com.au,oceania,australia-new-zealand,australia,local-area,Cardinia,newspaper,en,59,Ahrefs,2026-09-01,unknown,,unknown,unknown,P2,unknown,2026-09-01,https://gary-dickson.com/wp-content/uploads/2026/07/2606-PIPI-Q2.zip|https://pakenhamnews.starcommunity.com.au
rm-selma-times-journal-selmatimesjournal-com,Selma Times-Journal,https://www.selmatimesjournal.com,north-america,north-america,united-states,local-area,Selma,newspaper,en,59,Ahrefs,2026-09-01,unknown,,unknown,unknown,P2,unknown,2026-09-01,https://www.selmatimesjournal.com|https://www.wikidata.org/wiki/Q7448735
rm-sunshine-coast-news-sunshinecoastnews-com-au,Sunshine Coast News,https://www.sunshinecoastnews.com.au,oceania,australia-new-zealand,australia,local-area,Sunshine Coast,digital-news,en,59,Ahrefs,2026-09-01,unknown,,unknown,unknown,P2,active,2026-09-01,https://gary-dickson.com/wp-content/uploads/2026/07/2606-PIPI-Q2.zip|https://www.sunshinecoastnews.com.au
rm-the-local-thelocal-com,The Local,https://www.thelocal.com,europe,northern-europe,sweden,region,Stockholm,digital-news,en,59,Ahrefs,2026-09-01,unknown,,unknown,unknown,P2,active,2026-09-01,https://www.thelocal.com|https://www.wikidata.org/wiki/Q3065033
rm-trelleborgs-allehanda-trelleborgsallehanda-se,Trelleborgs Allehanda,https://www.trelleborgsallehanda.se,europe,northern-europe,sweden,region,Sweden,newspaper,sv,59,Ahrefs,2026-09-01,unknown,,unknown,unknown,P2,active,2026-09-01,https://www.trelleborgsallehanda.se|https://www.wikidata.org/wiki/Q10701731
rm-about-regional-aboutregional-com-au,About Regional,https://aboutregional.com.au,oceania,australia-new-zealand,australia,local-area,Bega Valley,digital-news,en,58,Ahrefs,2026-09-01,unknown,,unknown,unknown,P2,active,2026-09-01,https://aboutregional.com.au|https://gary-dickson.com/wp-content/uploads/2026/07/2606-PIPI-Q2.zip
rm-alpena-news-thealpenanews-com,Alpena News,https://thealpenanews.com,north-america,north-america,united-states,state-province,Michigan,newspaper,en,58,Ahrefs,2026-09-01,unknown,,unknown,unknown,P2,active,2026-09-01,https://raw.githubusercontent.com/yinleon/LocalNewsDataset/master/data/local_news_dataset_2018_for_domain_analysis.csv|https://thealpenanews.com
rm-butler-eagle-butlereagle-com,Butler Eagle,https://butlereagle.com,north-america,north-america,united-states,state-province,Pennsylvania,newspaper,en,58,Ahrefs,2026-09-01,unknown,,unknown,unknown,P2,unknown,2026-09-01,https://butlereagle.com|https://raw.githubusercontent.com/yinleon/LocalNewsDataset/master/data/local_news_dataset_2018_for_domain_analysis.csv
rm-cape-may-county-herald-capemaycountyherald-com,Cape May County Herald,https://capemaycountyherald.com,north-america,north-america,united-states,state-province,New Jersey,newspaper,en,58,Ahrefs,2026-09-01,unknown,,unknown,unknown,P2,unknown,2026-09-01,https://capemaycountyherald.com|https://raw.githubusercontent.com/yinleon/LocalNewsDataset/master/data/local_news_dataset_2018_for_domain_analysis.csv
rm-columbus-telegram-columbustelegram-com,Columbus Telegram,https://columbustelegram.com,north-america,north-america,united-states,state-province,Nebraska,newspaper,en,58,Ahrefs,2026-09-01,unknown,,unknown,unknown,P2,unknown,2026-09-01,https://columbustelegram.com|https://raw.githubusercontent.com/yinleon/LocalNewsDataset/master/data/local_news_dataset_2018_for_domain_analysis.csv
rm-daily-telegram-superiortelegram-com,Daily Telegram,https://superiortelegram.com,north-america,north-america,united-states,state-province,Wisconsin,newspaper,en,58,Ahrefs,2026-09-01,unknown,,unknown,unknown,P2,active,2026-09-01,https://raw.githubusercontent.com/yinleon/LocalNewsDataset/master/data/local_news_dataset_2018_for_domain_analysis.csv|https://superiortelegram.com
rm-eagle-theeagleonline-com,Eagle,https://theeagleonline.com,north-america,north-america,united-states,state-province,District of Columbia,community-news,en,58,Ahrefs,2026-09-01,unknown,,unknown,unknown,P2,active,2026-09-01,https://raw.githubusercontent.com/yinleon/LocalNewsDataset/master/data/local_news_dataset_2018_for_domain_analysis.csv|https://theeagleonline.com
rm-firda-firda-no,Firda,https://firda.no,europe,northern-europe,norway,local-area,Sunnfjord Municipality,newspaper,nn,58,Ahrefs,2026-09-01,unknown,,unknown,unknown,P2,active,2026-09-01,https://firda.no|https://www.wikidata.org/wiki/Q1767694
rm-lansi-savo-lansi-savo-fi,Länsi-Savo,https://www.lansi-savo.fi,europe,northern-europe,finland,local-area,Mikkeli,newspaper,fi,58,Ahrefs,2026-09-01,unknown,,unknown,unknown,P2,active,2026-09-01,https://www.lansi-savo.fi|https://www.wikidata.org/wiki/Q6710872
rm-manchester-journal-manchesterjournal-com,Manchester Journal,https://manchesterjournal.com,north-america,north-america,united-states,state-province,Vermont,newspaper,en,58,Ahrefs,2026-09-01,unknown,,unknown,unknown,P2,active,2026-09-01,https://manchesterjournal.com|https://raw.githubusercontent.com/yinleon/LocalNewsDataset/master/data/local_news_dataset_2018_for_domain_analysis.csv
rm-port-macquarie-news-portnews-com-au,Port Macquarie News,https://www.portnews.com.au,oceania,australia-new-zealand,australia,local-area,Port Macquarie-Hastings,newspaper,en,58,Ahrefs,2026-09-01,unknown,,unknown,unknown,P2,active,2026-09-01,https://gary-dickson.com/wp-content/uploads/2026/07/2606-PIPI-Q2.zip|https://www.portnews.com.au
rm-serbian-telegraph-republika-rs,Serbian Telegraph,https://www.republika.rs,europe,southern-europe,serbia,local-area,Serbia,newspaper,sr,58,Ahrefs,2026-09-01,unknown,,unknown,unknown,P2,active,2026-09-01,https://www.republika.rs|https://www.wikidata.org/wiki/Q110670378
rm-sogn-avis-sognavis-no,Sogn Avis,https://sognavis.no,europe,northern-europe,norway,local-area,Sogndal Municipality,newspaper,no,58,Ahrefs,2026-09-01,unknown,,unknown,unknown,P2,active,2026-09-01,https://sognavis.no|https://www.wikidata.org/wiki/Q1759341
rm-the-cullman-times-cullmantimes-com,The Cullman Times,https://www.cullmantimes.com,north-america,north-america,united-states,local-area,Cullman,newspaper,en,58,Ahrefs,2026-09-01,unknown,,unknown,unknown,P2,active,2026-09-01,https://www.cullmantimes.com|https://www.wikidata.org/wiki/Q7728375
rm-the-daily-advertiser-dailyadvertiser-com-au,The Daily Advertiser,https://www.dailyadvertiser.com.au,oceania,australia-new-zealand,australia,local-area,"Coolamon,Junee,Lockhart,Narrandera,Snowy Valleys,Wagga Wagga",newspaper,en,58,Ahrefs,2026-09-01,unknown,,unknown,unknown,P2,active,2026-09-01,https://gary-dickson.com/wp-content/uploads/2026/07/2606-PIPI-Q2.zip|https://www.dailyadvertiser.com.au
rm-the-new-barcelona-post-thenewbarcelonapost-com,The New Barcelona Post,https://www.thenewbarcelonapost.com,europe,southern-europe,spain,local-area,Barcelona,digital-news,ca|es,58,Ahrefs,2026-09-01,unknown,,unknown,unknown,P2,active,2026-09-01,https://www.thenewbarcelonapost.com|https://www.wikidata.org/wiki/Q102121330
rm-abruzzoweb-abruzzoweb-it,AbruzzoWeb,https://abruzzoweb.it,europe,southern-europe,italy,local-area,L'Aquila,digital-news,it,57,Ahrefs,2026-09-01,unknown,,unknown,unknown,P2,active,2026-09-01,https://abruzzoweb.it|https://www.wikidata.org/wiki/Q118869332
rm-austin-weekly-news-austinweeklynews-com,Austin Weekly News,https://austinweeklynews.com,north-america,north-america,united-states,state-province,Illinois,newspaper,en,57,Ahrefs,2026-09-01,unknown,,unknown,unknown,P2,active,2026-09-01,https://austinweeklynews.com|https://raw.githubusercontent.com/yinleon/LocalNewsDataset/master/data/local_news_dataset_2018_for_domain_analysis.csv
rm-bihoreanul-ebihoreanul-ro,Bihoreanul,https://www.ebihoreanul.ro,europe,eastern-europe,romania,county-district,Bihor County,newspaper,ro,57,Ahrefs,2026-09-01,unknown,,unknown,unknown,P2,active,2026-09-01,https://www.ebihoreanul.ro
rm-bladet-vesteralen-blv-no,Bladet Vesterålen,https://blv.no,europe,northern-europe,norway,region,Sortland Municipality,newspaper,no,57,Ahrefs,2026-09-01,unknown,,unknown,unknown,P2,active,2026-09-01,https://blv.no|https://www.wikidata.org/wiki/Q1761802
rm-campus-press-camdencc-edu,Campus Press,https://camdencc.edu,north-america,north-america,united-states,state-province,New Jersey,community-news,en,57,Ahrefs,2026-09-01,unknown,,unknown,unknown,P2,active,2026-09-01,https://camdencc.edu|https://raw.githubusercontent.com/yinleon/LocalNewsDataset/master/data/local_news_dataset_2018_for_domain_analysis.csv
rm-citizen-tribune-citizentribune-com,Citizen Tribune,https://citizentribune.com,north-america,north-america,united-states,state-province,Tennessee,newspaper,en,57,Ahrefs,2026-09-01,unknown,,unknown,unknown,P2,active,2026-09-01,https://citizentribune.com|https://raw.githubusercontent.com/yinleon/LocalNewsDataset/master/data/local_news_dataset_2018_for_domain_analysis.csv
rm-daily-liberal-dailyliberal-com-au,Daily Liberal,https://www.dailyliberal.com.au,oceania,australia-new-zealand,australia,local-area,"Bogan,Dubbo,Gilgandra,Narromine",newspaper,en,57,Ahrefs,2026-09-01,unknown,,unknown,unknown,P2,active,2026-09-01,https://gary-dickson.com/wp-content/uploads/2026/07/2606-PIPI-Q2.zip|https://www.dailyliberal.com.au
rm-el-mercurio-elmercurio-com-ec,El Mercurio,https://elmercurio.com.ec,latin-america-caribbean,south-america,ecuador,state-province,Cuenca and Azuay,newspaper,es,57,Ahrefs,2026-09-01,unknown,,unknown,unknown,P2,active,2026-09-01,https://elmercurio.com.ec
rm-fremover-fremover-no,Fremover,https://fremover.no,europe,northern-europe,norway,local-area,Narvik,newspaper,nb,57,Ahrefs,2026-09-01,unknown,,unknown,unknown,P2,active,2026-09-01,https://fremover.no|https://www.wikidata.org/wiki/Q5501650
rm-glas-koncila-glas-koncila-hr,Glas Koncila,https://www.glas-koncila.hr,europe,southern-europe,croatia,local-area,Kaptol,newspaper,hr,57,Ahrefs,2026-09-01,unknown,,unknown,unknown,P2,active,2026-09-01,https://www.glas-koncila.hr|https://www.wikidata.org/wiki/Q489650
rm-hilltop-thehilltoponline-com,Hilltop,https://thehilltoponline.com,north-america,north-america,united-states,state-province,District of Columbia,community-news,en,57,Ahrefs,2026-09-01,unknown,,unknown,unknown,P2,active,2026-09-01,https://raw.githubusercontent.com/yinleon/LocalNewsDataset/master/data/local_news_dataset_2018_for_domain_analysis.csv|https://thehilltoponline.com
rm-homer-news-homernews-com,Homer News,https://homernews.com,north-america,north-america,united-states,state-province,Alaska,newspaper,en,57,Ahrefs,2026-09-01,unknown,,unknown,unknown,P2,active,2026-09-01,https://homernews.com|https://raw.githubusercontent.com/yinleon/LocalNewsDataset/master/data/local_news_dataset_2018_for_domain_analysis.csv
rm-ita-savo-ita-savo-fi,Itä-Savo,https://www.ita-savo.fi,europe,northern-europe,finland,local-area,Savonlinna,newspaper,fi,57,Ahrefs,2026-09-01,unknown,,unknown,unknown,P2,active,2026-09-01,https://www.ita-savo.fi|https://www.wikidata.org/wiki/Q5404281
rm-j-rbladet-jbl-no,Jærbladet,https://jbl.no,europe,northern-europe,norway,local-area,Bryne,newspaper,no,57,Ahrefs,2026-09-01,unknown,,unknown,unknown,P2,active,2026-09-01,https://jbl.no|https://www.wikidata.org/wiki/Q1760215
rm-kymen-sanomat-kymensanomat-fi,Kymen Sanomat,https://kymensanomat.fi,europe,northern-europe,finland,local-area,Kotka,newspaper,fi,57,Ahrefs,2026-09-01,unknown,,unknown,unknown,P2,active,2026-09-01,https://kymensanomat.fi|https://www.wikidata.org/wiki/Q3080792
rm-laagendalsposten-laagendalsposten-no,Laagendalsposten,https://laagendalsposten.no,europe,northern-europe,norway,region,Kongsberg,newspaper,nb,57,Ahrefs,2026-09-01,unknown,,unknown,unknown,P2,active,2026-09-01,https://laagendalsposten.no|https://www.wikidata.org/wiki/Q1764742
rm-mun-oulu-munoulu-fi,Mun Oulu,https://www.munoulu.fi,europe,northern-europe,finland,metro-city,Oulu,digital-news,fi,57,Ahrefs,2026-09-01,unknown,,unknown,unknown,P2,active,2026-09-01,https://www.munoulu.fi|https://www.wikidata.org/wiki/Q132125890
rm-new-mexico-in-depth-nmindepth-com,New Mexico In Depth,https://nmindepth.com,north-america,north-america,united-states,state-province,New Mexico,newspaper,en,57,Ahrefs,2026-09-01,unknown,,unknown,unknown,P2,unknown,2026-09-01,https://nmindepth.com
rm-news-record-gillettenewsrecord-com,News-Record,https://gillettenewsrecord.com,north-america,north-america,united-states,state-province,Wyoming,newspaper,en,57,Ahrefs,2026-09-01,unknown,,unknown,unknown,P2,unknown,2026-09-01,https://gillettenewsrecord.com|https://raw.githubusercontent.com/yinleon/LocalNewsDataset/master/data/local_news_dataset_2018_for_domain_analysis.csv
rm-north-west-star-northweststar-com-au,North West Star,https://www.northweststar.com.au,oceania,australia-new-zealand,australia,local-area,"Boulia,Burke,Cloncurry,Doomadgee,Mount Isa",digital-news,en,57,Ahrefs,2026-09-01,unknown,,unknown,unknown,P2,active,2026-09-01,https://gary-dickson.com/wp-content/uploads/2026/07/2606-PIPI-Q2.zip|https://www.northweststar.com.au
rm-shepparton-news-sheppnews-com-au,Shepparton News,https://www.sheppnews.com.au,oceania,australia-new-zealand,australia,local-area,Greater Shepparton,newspaper,en,57,Ahrefs,2026-09-01,unknown,,unknown,unknown,P2,active,2026-09-01,https://gary-dickson.com/wp-content/uploads/2026/07/2606-PIPI-Q2.zip|https://www.sheppnews.com.au
rm-168-ora-168-hu,168 Óra,https://168.hu,europe,eastern-europe,hungary,local-area,Budapest,newspaper,hu,56,Ahrefs,2026-09-01,unknown,,unknown,unknown,P2,unknown,2026-09-01,https://168.hu|https://www.wikidata.org/wiki/Q304369
rm-akershus-amtstidende-amta-no,Akershus Amtstidende,https://amta.no,europe,northern-europe,norway,local-area,Drøbak,newspaper,no,56,Ahrefs,2026-09-01,unknown,,unknown,unknown,P2,active,2026-09-01,https://amta.no|https://www.wikidata.org/wiki/Q1764795
rm-andalusia-star-news-andalusiastarnews-com,Andalusia Star-News,https://andalusiastarnews.com,north-america,north-america,united-states,state-province,Alabama,newspaper,en,56,Ahrefs,2026-09-01,unknown,,unknown,unknown,P2,unknown,2026-09-01,https://andalusiastarnews.com|https://raw.githubusercontent.com/yinleon/LocalNewsDataset/master/data/local_news_dataset_2018_for_domain_analysis.csv
rm-auburn-plainsman-theplainsman-com,Auburn Plainsman,https://theplainsman.com,north-america,north-america,united-states,state-province,Alabama,newspaper,en,56,Ahrefs,2026-09-01,unknown,,unknown,unknown,P2,unknown,2026-09-01,https://raw.githubusercontent.com/yinleon/LocalNewsDataset/master/data/local_news_dataset_2018_for_domain_analysis.csv|https://theplainsman.com
rm-berkeley-beacon-berkeleybeacon-com,Berkeley Beacon,https://berkeleybeacon.com,north-america,north-america,united-states,state-province,Massachusetts,community-news,en,56,Ahrefs,2026-09-01,unknown,,unknown,unknown,P2,active,2026-09-01,https://berkeleybeacon.com|https://raw.githubusercontent.com/yinleon/LocalNewsDataset/master/data/local_news_dataset_2018_for_domain_analysis.csv
rm-cugat-media-cugat-cat,Cugat mèdia,https://www.cugat.cat,europe,southern-europe,spain,local-area,Sant Cugat del Vallès,digital-news,ca,56,Ahrefs,2026-09-01,unknown,,unknown,unknown,P2,active,2026-09-01,https://www.cugat.cat|https://www.wikidata.org/wiki/Q108684558
rm-daily-beacon-utdailybeacon-com,Daily Beacon,https://utdailybeacon.com,north-america,north-america,united-states,state-province,Tennessee,community-news,en,56,Ahrefs,2026-09-01,unknown,,unknown,unknown,P2,active,2026-09-01,https://raw.githubusercontent.com/yinleon/LocalNewsDataset/master/data/local_news_dataset_2018_for_domain_analysis.csv|https://utdailybeacon.com
rm-daily-news-zimbabwe-dailynews-co-zw,Daily News Zimbabwe,https://dailynews.co.zw,africa,eastern-africa,zimbabwe,multi-region,Harare and Zimbabwean regions,newspaper,en,56,Ahrefs,2026-09-01,unknown,,unknown,unknown,P2,active,2026-09-01,https://dailynews.co.zw
rm-daily-o-collegian-ocolly-com,Daily O'Collegian,https://ocolly.com,north-america,north-america,united-states,state-province,Oklahoma,community-news,en,56,Ahrefs,2026-09-01,unknown,,unknown,unknown,P2,unknown,2026-09-01,https://ocolly.com|https://raw.githubusercontent.com/yinleon/LocalNewsDataset/master/data/local_news_dataset_2018_for_domain_analysis.csv
rm-dargo-bush-bulletin-wellington-vic-gov-au,Dargo Bush Bulletin,https://www.wellington.vic.gov.au/community/your-community,oceania,australia-new-zealand,australia,local-area,Wellington,newspaper,en,56,Ahrefs,2026-09-01,unknown,,unknown,unknown,P2,active,2026-09-01,https://gary-dickson.com/wp-content/uploads/2026/07/2606-PIPI-Q2.zip|https://www.wellington.vic.gov.au/community/your-community
rm-hadeland-hadeland-no,Hadeland,https://hadeland.no,europe,northern-europe,norway,local-area,Gran Municipality,newspaper,nb,56,Ahrefs,2026-09-01,unknown,,unknown,unknown,P2,active,2026-09-01,https://hadeland.no|https://www.wikidata.org/wiki/Q1764802
rm-hawaii-reporter-hawaiireporter-com,Hawaii Reporter,https://hawaiireporter.com,north-america,north-america,united-states,state-province,Hawaii,newspaper,en,56,Ahrefs,2026-09-01,unknown,,unknown,unknown,P2,active,2026-09-01,https://hawaiireporter.com|https://raw.githubusercontent.com/yinleon/LocalNewsDataset/master/data/local_news_dataset_2018_for_domain_analysis.csv
rm-mwananchi-mwananchi-co-tz,Mwananchi,https://www.mwananchi.co.tz,africa,eastern-africa,tanzania,multi-region,Tanzanian regions,newspaper,sw,56,Ahrefs,2026-09-01,unknown,,unknown,unknown,P2,active,2026-09-01,https://www.mwananchi.co.tz
rm-ag-alert-agalert-com,Ag Alert,https://agalert.com,north-america,north-america,united-states,state-province,California,newspaper,en,55,Ahrefs,2026-09-01,unknown,,unknown,unknown,P2,active,2026-09-01,https://agalert.com|https://raw.githubusercontent.com/yinleon/LocalNewsDataset/master/data/local_news_dataset_2018_for_domain_analysis.csv
rm-alamogordo-daily-news-alamogordonews-com,Alamogordo Daily News,https://alamogordonews.com,north-america,north-america,united-states,state-province,New Mexico,newspaper,en,55,Ahrefs,2026-09-01,unknown,,unknown,unknown,P2,active,2026-09-01,https://alamogordonews.com|https://raw.githubusercontent.com/yinleon/LocalNewsDataset/master/data/local_news_dataset_2018_for_domain_analysis.csv
rm-blue-mountain-eagle-bluemountaineagle-com,Blue Mountain Eagle,https://bluemountaineagle.com,north-america,north-america,united-states,state-province,Oregon,newspaper,en,55,Ahrefs,2026-09-01,unknown,,unknown,unknown,P2,active,2026-09-01,https://bluemountaineagle.com|https://raw.githubusercontent.com/yinleon/LocalNewsDataset/master/data/local_news_dataset_2018_for_domain_analysis.csv
rm-business-lexington-smileypete-com,Business Lexington,https://smileypete.com,north-america,north-america,united-states,state-province,Kentucky,newspaper,en,55,Ahrefs,2026-09-01,unknown,,unknown,unknown,P2,active,2026-09-01,https://raw.githubusercontent.com/yinleon/LocalNewsDataset/master/data/local_news_dataset_2018_for_domain_analysis.csv|https://smileypete.com
rm-coastal-point-coastalpoint-com,Coastal Point,https://coastalpoint.com,north-america,north-america,united-states,state-province,Delaware,newspaper,en,55,Ahrefs,2026-09-01,unknown,,unknown,unknown,P2,unknown,2026-09-01,https://coastalpoint.com|https://raw.githubusercontent.com/yinleon/LocalNewsDataset/master/data/local_news_dataset_2018_for_domain_analysis.csv
rm-collegian-kstatecollegian-com,Collegian,https://kstatecollegian.com,north-america,north-america,united-states,state-province,Kansas,community-news,en,55,Ahrefs,2026-09-01,unknown,,unknown,unknown,P2,active,2026-09-01,https://kstatecollegian.com|https://raw.githubusercontent.com/yinleon/LocalNewsDataset/master/data/local_news_dataset_2018_for_domain_analysis.csv
rm-commonwealth-times-commonwealthtimes-org,Commonwealth Times,https://commonwealthtimes.org,north-america,north-america,united-states,state-province,Virginia,community-news,en,55,Ahrefs,2026-09-01,unknown,,unknown,unknown,P2,active,2026-09-01,https://commonwealthtimes.org|https://raw.githubusercontent.com/yinleon/LocalNewsDataset/master/data/local_news_dataset_2018_for_domain_analysis.csv
rm-e-noticies-e-noticies-cat,E-Notícies,https://e-noticies.cat,europe,southern-europe,spain,local-area,Barcelona,digital-news,ca|es,55,Ahrefs,2026-09-01,unknown,,unknown,unknown,P2,active,2026-09-01,https://e-noticies.cat|https://www.wikidata.org/wiki/Q118605292
rm-messaggero-veneto-giornale-del-friuli-messaggeroveneto-it,Messaggero Veneto – Giornale del Friuli,https://www.messaggeroveneto.it,europe,southern-europe,italy,local-area,Udine,newspaper,it,55,Ahrefs,2026-09-01,unknown,,unknown,unknown,P2,active,2026-09-01,https://www.messaggeroveneto.it|https://www.wikidata.org/wiki/Q1092909
rm-o-imparcial-oimparcial-com-br,O Imparcial,https://oimparcial.com.br,latin-america-caribbean,south-america,brazil,local-area,São Luís,newspaper,pt,55,Ahrefs,2026-09-01,unknown,,unknown,unknown,P2,active,2026-09-01,https://oimparcial.com.br|https://www.wikidata.org/wiki/Q10339258
rm-south-coast-register-southcoastregister-com-au,South Coast Register,https://www.southcoastregister.com.au,oceania,australia-new-zealand,australia,local-area,Shoalhaven,newspaper,en,55,Ahrefs,2026-09-01,unknown,,unknown,unknown,P2,active,2026-09-01,https://gary-dickson.com/wp-content/uploads/2026/07/2606-PIPI-Q2.zip|https://www.southcoastregister.com.au
rm-southern-highland-news-southernhighlandnews-com-au,Southern Highland News,https://www.southernhighlandnews.com.au,oceania,australia-new-zealand,australia,local-area,Wingecarribee,newspaper,en,55,Ahrefs,2026-09-01,unknown,,unknown,unknown,P2,active,2026-09-01,https://gary-dickson.com/wp-content/uploads/2026/07/2606-PIPI-Q2.zip|https://www.southernhighlandnews.com.au
rm-svalbardposten-svalbardposten-no,Svalbardposten,https://svalbardposten.no,europe,northern-europe,norway,local-area,Longyearbyen,newspaper,no,55,Ahrefs,2026-09-01,unknown,,unknown,unknown,P2,active,2026-09-01,https://svalbardposten.no|https://www.wikidata.org/wiki/Q1535994
rm-ashland-daily-tidings-dailytidings-com,Ashland Daily Tidings,https://dailytidings.com,north-america,north-america,united-states,state-province,Oregon,newspaper,en,54,Ahrefs,2026-09-01,unknown,,unknown,unknown,P3,active,2026-09-01,https://dailytidings.com|https://raw.githubusercontent.com/yinleon/LocalNewsDataset/master/data/local_news_dataset_2018_for_domain_analysis.csv
rm-athens-news-courier-enewscourier-com,Athens News Courier,https://enewscourier.com,north-america,north-america,united-states,state-province,Alabama,newspaper,en,54,Ahrefs,2026-09-01,unknown,,unknown,unknown,P3,active,2026-09-01,https://enewscourier.com|https://raw.githubusercontent.com/yinleon/LocalNewsDataset/master/data/local_news_dataset_2018_for_domain_analysis.csv
rm-azerbaycan-newspaper-1992-azerbaijan-news-az,"Azerbaycan (newspaper, 1992)",https://www.azerbaijan-news.az/az,asia,western-asia,azerbaijan,state-province,Baku,newspaper,az,54,Ahrefs,2026-09-01,unknown,,unknown,unknown,P3,active,2026-09-01,https://www.azerbaijan-news.az/az|https://www.wikidata.org/wiki/Q121188976
rm-baldwinsville-messenger-eaglenewsonline-com,Baldwinsville Messenger,https://eaglenewsonline.com,north-america,north-america,united-states,state-province,New York,newspaper,en,54,Ahrefs,2026-09-01,unknown,,unknown,unknown,P3,unknown,2026-09-01,https://eaglenewsonline.com|https://raw.githubusercontent.com/yinleon/LocalNewsDataset/master/data/local_news_dataset_2018_for_domain_analysis.csv
rm-bega-district-news-begadistrictnews-com-au,Bega District News,https://www.begadistrictnews.com.au,oceania,australia-new-zealand,australia,local-area,Bega Valley,newspaper,en,54,Ahrefs,2026-09-01,unknown,,unknown,unknown,P3,active,2026-09-01,https://gary-dickson.com/wp-content/uploads/2026/07/2606-PIPI-Q2.zip|https://www.begadistrictnews.com.au
rm-bland-county-messenger-swvatoday-com,Bland County Messenger,https://swvatoday.com,north-america,north-america,united-states,state-province,Virginia,newspaper,en,54,Ahrefs,2026-09-01,unknown,,unknown,unknown,P3,unknown,2026-09-01,https://raw.githubusercontent.com/yinleon/LocalNewsDataset/master/data/local_news_dataset_2018_for_domain_analysis.csv|https://swvatoday.com
rm-bowdoin-orient-bowdoinorient-com,Bowdoin Orient,https://bowdoinorient.com,north-america,north-america,united-states,state-province,Maine,community-news,en,54,Ahrefs,2026-09-01,unknown,,unknown,unknown,P3,active,2026-09-01,https://bowdoinorient.com|https://raw.githubusercontent.com/yinleon/LocalNewsDataset/master/data/local_news_dataset_2018_for_domain_analysis.csv
rm-cleveland-daily-banner-clevelandbanner-com,Cleveland Daily Banner,https://clevelandbanner.com,north-america,north-america,united-states,state-province,Tennessee,newspaper,en,54,Ahrefs,2026-09-01,unknown,,unknown,unknown,P3,unknown,2026-09-01,https://clevelandbanner.com|https://raw.githubusercontent.com/yinleon/LocalNewsDataset/master/data/local_news_dataset_2018_for_domain_analysis.csv
rm-coast-community-news-coastcommunitynews-com-au,Coast Community News,https://coastcommunitynews.com.au,oceania,australia-new-zealand,australia,local-area,Central Coast (NSW),newspaper,en,54,Ahrefs,2026-09-01,unknown,,unknown,unknown,P3,unknown,2026-09-01,https://coastcommunitynews.com.au|https://gary-dickson.com/wp-content/uploads/2026/07/2606-PIPI-Q2.zip
rm-diari-de-terrassa-diarideterrassa-com,Diari de Terrassa,https://www.diarideterrassa.com,europe,southern-europe,spain,local-area,Terrassa,newspaper,ca,54,Ahrefs,2026-09-01,unknown,,unknown,unknown,P3,active,2026-09-01,https://www.diarideterrassa.com|https://www.wikidata.org/wiki/Q11917100
rm-essex-news-daily-essexnewsdaily-com,Essex News Daily,https://essexnewsdaily.com,north-america,north-america,united-states,state-province,New Jersey,newspaper,en,54,Ahrefs,2026-09-01,unknown,,unknown,unknown,P3,active,2026-09-01,https://essexnewsdaily.com|https://raw.githubusercontent.com/yinleon/LocalNewsDataset/master/data/local_news_dataset_2018_for_domain_analysis.csv
rm-ferntree-gully-belgrave-star-mail-ferntreegully-mailcommunity,Ferntree Gully Belgrave Star Mail,https://ferntreegully.mailcommunity.com.au,oceania,australia-new-zealand,australia,local-area,Knox,newspaper,en,54,Ahrefs,2026-09-01,unknown,,unknown,unknown,P3,unknown,2026-09-01,https://ferntreegully.mailcommunity.com.au|https://gary-dickson.com/wp-content/uploads/2026/07/2606-PIPI-Q2.zip
rm-firdaposten-firdaposten-no,Firdaposten,https://firdaposten.no,europe,northern-europe,norway,local-area,Kinn Municipality,newspaper,no,54,Ahrefs,2026-09-01,unknown,,unknown,unknown,P3,active,2026-09-01,https://firdaposten.no|https://www.wikidata.org/wiki/Q1767426
rm-fort-morgan-times-fortmorgantimes-com,Fort Morgan Times,https://www.fortmorgantimes.com,north-america,north-america,united-states,local-area,Fort Morgan,newspaper,en,54,Ahrefs,2026-09-01,unknown,,unknown,unknown,P3,active,2026-09-01,https://www.fortmorgantimes.com|https://www.wikidata.org/wiki/Q5471712
rm-herald-of-randolph-ourherald-com,Herald of Randolph,https://ourherald.com,north-america,north-america,united-states,state-province,Vermont,newspaper,en,54,Ahrefs,2026-09-01,unknown,,unknown,unknown,P3,active,2026-09-01,https://ourherald.com|https://raw.githubusercontent.com/yinleon/LocalNewsDataset/master/data/local_news_dataset_2018_for_domain_analysis.csv
rm-ilpescara-ilpescara-it,IlPescara,https://www.ilpescara.it,europe,southern-europe,italy,local-area,Local or regional market in Italy,digital-news,it,54,Ahrefs,2026-09-01,unknown,,unknown,unknown,P3,active,2026-09-01,https://www.ilpescara.it|https://www.wikidata.org/wiki/Q119098329
rm-izu-shimbun-digital-izu-np-co-jp,Izu Shimbun,https://digital.izu-np.co.jp,asia,eastern-asia,japan,local-area,Local or regional market in Japan,newspaper,ja,54,Ahrefs,2026-09-01,unknown,,unknown,unknown,P3,active,2026-09-01,https://digital.izu-np.co.jp|https://www.wikidata.org/wiki/Q11380576
rm-kjzz-kjzz-com,KJZZ,https://kjzz.com,north-america,north-america,united-states,state-province,Utah,news-broadcaster,en,54,Ahrefs,2026-09-01,unknown,,unknown,unknown,P3,active,2026-09-01,https://kjzz.com|https://raw.githubusercontent.com/yinleon/LocalNewsDataset/master/data/local_news_dataset_2018_for_domain_analysis.csv
rm-lahaina-news-lahainanews-com,Lahaina News,https://lahainanews.com,north-america,north-america,united-states,state-province,Hawaii,newspaper,en,54,Ahrefs,2026-09-01,unknown,,unknown,unknown,P3,active,2026-09-01,https://lahainanews.com|https://raw.githubusercontent.com/yinleon/LocalNewsDataset/master/data/local_news_dataset_2018_for_domain_analysis.csv
rm-lilydale-star-mail-lilydale-mailcommunity-com-a,Lilydale Star Mail,https://lilydale.mailcommunity.com.au,oceania,australia-new-zealand,australia,local-area,Yarra Ranges,newspaper,en,54,Ahrefs,2026-09-01,unknown,,unknown,unknown,P3,unknown,2026-09-01,https://gary-dickson.com/wp-content/uploads/2026/07/2606-PIPI-Q2.zip|https://lilydale.mailcommunity.com.au
rm-medyabar-medyabar-com,Medyabar,https://medyabar.com,asia,western-asia,turkey,local-area,Sakarya,digital-news,tr,54,Ahrefs,2026-09-01,unknown,,unknown,unknown,P3,unknown,2026-09-01,https://medyabar.com|https://www.wikidata.org/wiki/Q124759824
rm-mount-evelyn-star-mail-mountevelyn-mailcommunity-co,Mount Evelyn Star Mail,https://mountevelyn.mailcommunity.com.au,oceania,australia-new-zealand,australia,local-area,Yarra Ranges,newspaper,en,54,Ahrefs,2026-09-01,unknown,,unknown,unknown,P3,unknown,2026-09-01,https://gary-dickson.com/wp-content/uploads/2026/07/2606-PIPI-Q2.zip|https://mountevelyn.mailcommunity.com.au
rm-mountain-views-star-mail-mountainviews-mailcommunity,Mountain Views Star Mail,https://mountainviews.mailcommunity.com.au,oceania,australia-new-zealand,australia,local-area,"Murrindindi,Yarra Ranges",newspaper,en,54,Ahrefs,2026-09-01,unknown,,unknown,unknown,P3,unknown,2026-09-01,https://gary-dickson.com/wp-content/uploads/2026/07/2606-PIPI-Q2.zip|https://mountainviews.mailcommunity.com.au
rm-newark-post-newarkpostonline-com,Newark Post,https://newarkpostonline.com,north-america,north-america,united-states,state-province,Delaware,newspaper,en,54,Ahrefs,2026-09-01,unknown,,unknown,unknown,P3,unknown,2026-09-01,https://newarkpostonline.com|https://raw.githubusercontent.com/yinleon/LocalNewsDataset/master/data/local_news_dataset_2018_for_domain_analysis.csv
rm-plataforma-plataformamedia-com,Plataforma,https://www.plataformamedia.com,asia,eastern-asia,china,local-area,Macau,newspaper,pt|zh,54,Ahrefs,2026-09-01,unknown,,unknown,unknown,P3,active,2026-09-01,https://www.plataformamedia.com|https://www.wikidata.org/wiki/Q126617603
rm-ranges-trader-star-mail-rangestrader-mailcommunity-c,Ranges Trader Star Mail,https://rangestrader.mailcommunity.com.au,oceania,australia-new-zealand,australia,local-area,Yarra Ranges,newspaper,en,54,Ahrefs,2026-09-01,unknown,,unknown,unknown,P3,unknown,2026-09-01,https://gary-dickson.com/wp-content/uploads/2026/07/2606-PIPI-Q2.zip|https://rangestrader.mailcommunity.com.au
rm-the-villages-daily-sun-thevillagesdailysun-com,The Villages Daily Sun,https://www.thevillagesdailysun.com,north-america,north-america,united-states,local-area,The Villages,newspaper,en,54,Ahrefs,2026-09-01,unknown,,unknown,unknown,P3,unknown,2026-09-01,https://www.thevillagesdailysun.com|https://www.wikidata.org/wiki/Q48861344
rm-upper-yarra-star-mail-upperyarra-mailcommunity-com,Upper Yarra Star Mail,https://upperyarra.mailcommunity.com.au,oceania,australia-new-zealand,australia,local-area,Yarra Ranges,newspaper,en,54,Ahrefs,2026-09-01,unknown,,unknown,unknown,P3,unknown,2026-09-01,https://gary-dickson.com/wp-content/uploads/2026/07/2606-PIPI-Q2.zip|https://upperyarra.mailcommunity.com.au
rm-yenialanya-com-yenialanya-com,yenialanya.com,https://www.yenialanya.com,asia,western-asia,turkey,local-area,Alanya,digital-news,tr,54,Ahrefs,2026-09-01,unknown,,unknown,unknown,P3,active,2026-09-01,https://www.wikidata.org/wiki/Q134405382|https://www.yenialanya.com
rm-aamuposti-aamuposti-fi,Aamuposti,https://www.aamuposti.fi,europe,northern-europe,finland,local-area,Hyvinkää,newspaper,fi,53,Ahrefs,2026-09-01,unknown,,unknown,unknown,P3,active,2026-09-01,https://www.aamuposti.fi|https://www.wikidata.org/wiki/Q2820006
rm-akron-com-akron-com,Akron.com,https://akron.com,north-america,north-america,united-states,state-province,Ohio,newspaper,en,53,Ahrefs,2026-09-01,unknown,,unknown,unknown,P3,active,2026-09-01,https://akron.com|https://raw.githubusercontent.com/yinleon/LocalNewsDataset/master/data/local_news_dataset_2018_for_domain_analysis.csv
rm-broomfield-enterprise-broomfieldenterprise-com,Broomfield Enterprise,https://broomfieldenterprise.com,north-america,north-america,united-states,state-province,Colorado,newspaper,en,53,Ahrefs,2026-09-01,unknown,,unknown,unknown,P3,active,2026-09-01,https://broomfieldenterprise.com|https://raw.githubusercontent.com/yinleon/LocalNewsDataset/master/data/local_news_dataset_2018_for_domain_analysis.csv
rm-camden-haven-news-of-the-area-camdenhaven-newsofthearea-co,Camden Haven News of the Area,https://camdenhaven.newsofthearea.com.au,oceania,australia-new-zealand,australia,local-area,Port Macquarie-Hastings,newspaper,en,53,Ahrefs,2026-09-01,unknown,,unknown,unknown,P3,active,2026-09-01,https://camdenhaven.newsofthearea.com.au|https://gary-dickson.com/wp-content/uploads/2026/07/2606-PIPI-Q2.zip
rm-coffs-coast-news-of-the-area-coffscoast-newsofthearea-com,Coffs Coast News of the Area,https://coffscoast.newsofthearea.com.au,oceania,australia-new-zealand,australia,local-area,"Bellingen,Coffs Harbour",newspaper,en,53,Ahrefs,2026-09-01,unknown,,unknown,unknown,P3,active,2026-09-01,https://coffscoast.newsofthearea.com.au|https://gary-dickson.com/wp-content/uploads/2026/07/2606-PIPI-Q2.zip
rm-dalane-tidende-dalane-tidende-no,Dalane Tidende,https://dalane-tidende.no,europe,northern-europe,norway,local-area,Eigersund Municipality,newspaper,no,53,Ahrefs,2026-09-01,unknown,,unknown,unknown,P3,active,2026-09-01,https://dalane-tidende.no|https://www.wikidata.org/wiki/Q1760445
rm-dungog-shire-news-of-the-area-dungogshire-newsofthearea-co,Dungog Shire News of the Area,https://dungogshire.newsofthearea.com.au,oceania,australia-new-zealand,australia,local-area,Dungog,newspaper,en,53,Ahrefs,2026-09-01,unknown,,unknown,unknown,P3,active,2026-09-01,https://dungogshire.newsofthearea.com.au|https://gary-dickson.com/wp-content/uploads/2026/07/2606-PIPI-Q2.zip
rm-gloucester-district-news-of-the-area-gloucesterdistrict-newsofthe,Gloucester District News of the Area,https://gloucesterdistrict.newsofthearea.com.au,oceania,australia-new-zealand,australia,local-area,Mid-Coast,newspaper,en,53,Ahrefs,2026-09-01,unknown,,unknown,unknown,P3,active,2026-09-01,https://gary-dickson.com/wp-content/uploads/2026/07/2606-PIPI-Q2.zip|https://gloucesterdistrict.newsofthearea.com.au
rm-goulburn-post-goulburnpost-com-au,Goulburn Post,https://www.goulburnpost.com.au,oceania,australia-new-zealand,australia,local-area,Goulburn Mulwaree,newspaper,en,53,Ahrefs,2026-09-01,unknown,,unknown,unknown,P3,active,2026-09-01,https://gary-dickson.com/wp-content/uploads/2026/07/2606-PIPI-Q2.zip|https://www.goulburnpost.com.au
rm-kosice-dnes-kosicednes-sk,KOŠICE:DNES,https://kosicednes.sk,europe,eastern-europe,slovakia,local-area,Košice,newspaper,sk,53,Ahrefs,2026-09-01,unknown,,unknown,unknown,P3,active,2026-09-01,https://kosicednes.sk|https://www.wikidata.org/wiki/Q96483996
rm-myall-coast-news-of-the-area-myallcoast-newsofthearea-com,Myall Coast News of the Area,https://myallcoast.newsofthearea.com.au,oceania,australia-new-zealand,australia,local-area,"Mid-Coast,Port Stephens",newspaper,en,53,Ahrefs,2026-09-01,unknown,,unknown,unknown,P3,active,2026-09-01,https://gary-dickson.com/wp-content/uploads/2026/07/2606-PIPI-Q2.zip|https://myallcoast.newsofthearea.com.au
rm-nambucca-valley-news-of-the-area-nambuccavalley-newsofthearea,Nambucca Valley News of the Area,https://nambuccavalley.newsofthearea.com.au,oceania,australia-new-zealand,australia,local-area,"Nambucca Valley,Kempsey",newspaper,en,53,Ahrefs,2026-09-01,unknown,,unknown,unknown,P3,active,2026-09-01,https://gary-dickson.com/wp-content/uploads/2026/07/2606-PIPI-Q2.zip|https://nambuccavalley.newsofthearea.com.au
rm-newcastle-weekly-newcastleweekly-com-au,Newcastle Weekly,https://newcastleweekly.com.au,oceania,australia-new-zealand,australia,local-area,"Lake Macquarie,Maitland,Newcastle,Port Stephens",community-news,en,53,Ahrefs,2026-09-01,unknown,,unknown,unknown,P3,active,2026-09-01,https://gary-dickson.com/wp-content/uploads/2026/07/2606-PIPI-Q2.zip|https://newcastleweekly.com.au
rm-news38-news38-de,News38,https://www.news38.de,europe,western-europe,germany,region,Berlin,digital-news,de,53,Ahrefs,2026-09-01,unknown,,unknown,unknown,P3,active,2026-09-01,https://www.news38.de|https://www.wikidata.org/wiki/Q133502665
rm-nikvesti-nikvesti-com,NikVesti,https://nikvesti.com,europe,eastern-europe,ukraine,local-area,Mykolaiv,digital-news,en|ru|uk,53,Ahrefs,2026-09-01,unknown,,unknown,unknown,P3,active,2026-09-01,https://nikvesti.com|https://www.wikidata.org/wiki/Q55608783
rm-nordhordland-nordhordland-no,Nordhordland,https://nordhordland.no,europe,northern-europe,norway,local-area,Knarvik,newspaper,nn,53,Ahrefs,2026-09-01,unknown,,unknown,unknown,P3,active,2026-09-01,https://nordhordland.no|https://www.wikidata.org/wiki/Q1761972
rm-port-macquarie-news-of-the-area-portmacquarie-newsofthearea,Port Macquarie News of the Area,https://portmacquarie.newsofthearea.com.au,oceania,australia-new-zealand,australia,local-area,Port Macquarie-Hastings,newspaper,en,53,Ahrefs,2026-09-01,unknown,,unknown,unknown,P3,active,2026-09-01,https://gary-dickson.com/wp-content/uploads/2026/07/2606-PIPI-Q2.zip|https://portmacquarie.newsofthearea.com.au
rm-port-stephens-news-of-the-area-portstephens-newsofthearea-c,Port Stephens News of the Area,https://portstephens.newsofthearea.com.au,oceania,australia-new-zealand,australia,local-area,Port Stephens,newspaper,en,53,Ahrefs,2026-09-01,unknown,,unknown,unknown,P3,active,2026-09-01,https://gary-dickson.com/wp-content/uploads/2026/07/2606-PIPI-Q2.zip|https://portstephens.newsofthearea.com.au
rm-sunnhordland-sunnhordland-no,Sunnhordland,https://sunnhordland.no,europe,northern-europe,norway,local-area,Stord Municipality,newspaper,no,53,Ahrefs,2026-09-01,unknown,,unknown,unknown,P3,active,2026-09-01,https://sunnhordland.no|https://www.wikidata.org/wiki/Q12713817
rm-the-macleay-argus-macleayargus-com-au,The Macleay Argus,https://www.macleayargus.com.au,oceania,australia-new-zealand,australia,local-area,Kempsey,newspaper,en,53,Ahrefs,2026-09-01,unknown,,unknown,unknown,P3,active,2026-09-01,https://gary-dickson.com/wp-content/uploads/2026/07/2606-PIPI-Q2.zip|https://www.macleayargus.com.au
rm-the-maitland-mercury-maitlandmercury-com-au,The Maitland Mercury,https://www.maitlandmercury.com.au,oceania,australia-new-zealand,australia,local-area,Maitland,newspaper,en,53,Ahrefs,2026-09-01,unknown,,unknown,unknown,P3,active,2026-09-01,https://gary-dickson.com/wp-content/uploads/2026/07/2606-PIPI-Q2.zip|https://www.maitlandmercury.com.au
rm-the-witness-witness-co-za,The Witness,https://witness.co.za,africa,southern-africa,south-africa,region,Pietermaritzburg and KwaZulu-Natal,newspaper,en,53,Ahrefs,2026-09-01,unknown,,unknown,unknown,P3,active,2026-09-01,https://witness.co.za
rm-advertiser-tribune-advertiser-tribune-com,Advertiser-Tribune,https://advertiser-tribune.com,north-america,north-america,united-states,state-province,Ohio,newspaper,en,52,Ahrefs,2026-09-01,unknown,,unknown,unknown,P3,active,2026-09-01,https://advertiser-tribune.com|https://raw.githubusercontent.com/yinleon/LocalNewsDataset/master/data/local_news_dataset_2018_for_domain_analysis.csv
rm-agder-flekkefjords-tidende-avisenagder-no,Agder Flekkefjords Tidende,https://avisenagder.no,europe,northern-europe,norway,local-area,Flekkefjord Municipality,newspaper,no,52,Ahrefs,2026-09-01,unknown,,unknown,unknown,P3,active,2026-09-01,https://avisenagder.no|https://www.wikidata.org/wiki/Q392094
rm-aurora-aurora-israel-co-il,Aurora,https://aurora-israel.co.il,asia,western-asia,israel,local-area,Tel Aviv,newspaper,es,52,Ahrefs,2026-09-01,unknown,,unknown,unknown,P3,unknown,2026-09-01,https://aurora-israel.co.il|https://www.wikidata.org/wiki/Q6124655
rm-baxter-bulletin-baxterbulletin-com,Baxter Bulletin,https://baxterbulletin.com,north-america,north-america,united-states,state-province,Arkansas,newspaper,en,52,Ahrefs,2026-09-01,unknown,,unknown,unknown,P3,active,2026-09-01,https://baxterbulletin.com|https://raw.githubusercontent.com/yinleon/LocalNewsDataset/master/data/local_news_dataset_2018_for_domain_analysis.csv
rm-cagdas-kocaeli-cagdaskocaeli-com-tr,Cagdas Kocaeli,https://cagdaskocaeli.com.tr,asia,western-asia,turkey,local-area,Kocaeli Province,digital-news,tr,52,Ahrefs,2026-09-01,unknown,,unknown,unknown,P3,active,2026-09-01,https://cagdaskocaeli.com.tr|https://www.wikidata.org/wiki/Q138610686
rm-camas-washougal-post-record-camaspostrecord-com,Camas-Washougal Post-Record,https://camaspostrecord.com,north-america,north-america,united-states,state-province,Washington,newspaper,en,52,Ahrefs,2026-09-01,unknown,,unknown,unknown,P3,unknown,2026-09-01,https://camaspostrecord.com|https://raw.githubusercontent.com/yinleon/LocalNewsDataset/master/data/local_news_dataset_2018_for_domain_analysis.csv
rm-claremont-eagle-times-eagletimes-com,Claremont Eagle Times,https://eagletimes.com,north-america,north-america,united-states,state-province,New Hampshire,newspaper,en,52,Ahrefs,2026-09-01,unknown,,unknown,unknown,P3,active,2026-09-01,https://eagletimes.com|https://raw.githubusercontent.com/yinleon/LocalNewsDataset/master/data/local_news_dataset_2018_for_domain_analysis.csv
rm-columbia-star-thecolumbiastar-com,Columbia Star,https://thecolumbiastar.com,north-america,north-america,united-states,state-province,South Carolina,newspaper,en,52,Ahrefs,2026-09-01,unknown,,unknown,unknown,P3,active,2026-09-01,https://raw.githubusercontent.com/yinleon/LocalNewsDataset/master/data/local_news_dataset_2018_for_domain_analysis.csv|https://thecolumbiastar.com
rm-deming-headlight-demingheadlight-com,Deming Headlight,https://demingheadlight.com,north-america,north-america,united-states,state-province,New Mexico,newspaper,en,52,Ahrefs,2026-09-01,unknown,,unknown,unknown,P3,active,2026-09-01,https://demingheadlight.com|https://raw.githubusercontent.com/yinleon/LocalNewsDataset/master/data/local_news_dataset_2018_for_domain_analysis.csv
rm-forssan-lehti-forssanlehti-fi,Forssan Lehti,https://www.forssanlehti.fi,europe,northern-europe,finland,local-area,Forssa,newspaper,fi,52,Ahrefs,2026-09-01,unknown,,unknown,unknown,P3,active,2026-09-01,https://www.forssanlehti.fi|https://www.wikidata.org/wiki/Q11859825
rm-harian-terbit-harianterbit-com,Harian Terbit,https://www.harianterbit.com,asia,south-eastern-asia,indonesia,local-area,Jakarta,newspaper,id,52,Ahrefs,2026-09-01,unknown,,unknown,unknown,P3,active,2026-09-01,https://www.harianterbit.com|https://www.wikidata.org/wiki/Q136566598
rm-houten-nieuws-houtensnieuws-nl,Houten Nieuws,https://www.houtensnieuws.nl,europe,western-europe,netherlands,local-area,Local or regional market in Netherlands,newspaper,nl,52,Ahrefs,2026-09-01,unknown,,unknown,unknown,P3,active,2026-09-01,https://www.houtensnieuws.nl|https://www.wikidata.org/wiki/Q123470682
rm-kotimaa-kotimaa-fi,Kotimaa,https://www.kotimaa.fi,europe,northern-europe,finland,local-area,Helsinki,newspaper,fi,52,Ahrefs,2026-09-01,unknown,,unknown,unknown,P3,active,2026-09-01,https://www.kotimaa.fi|https://www.wikidata.org/wiki/Q11872819
rm-pulse-tasmania-pulsetasmania-com-au,Pulse Tasmania,https://pulsetasmania.com.au,oceania,australia-new-zealand,australia,local-area,"Break O'Day,Brighton,Burnie,Central Coast (Tas.),Central Highlands (Tas.),Circular Head,Clarence,Derwent Valley,Devonport,Dorset,Flinders (Tas.),George Town,Glamorgan-Spring Bay,Glenorchy,Hobart,Huon Valley,Kentish,King Island,Kingborough,Latrobe (Tas.),Launceston,Meander Valley,Northern Midlands,Sorell,Southern Midlands,Tasman,Waratah-Wynyard,West Coast,West Tamar",digital-news,en,52,Ahrefs,2026-09-01,unknown,,unknown,unknown,P3,active,2026-09-01,https://gary-dickson.com/wp-content/uploads/2026/07/2606-PIPI-Q2.zip|https://pulsetasmania.com.au
rm-smalanningen-smalanningen-se,Smålänningen,https://www.smalanningen.se,europe,northern-europe,sweden,county-district,Ljungby,newspaper,sv,52,Ahrefs,2026-09-01,unknown,,unknown,unknown,P3,active,2026-09-01,https://www.smalanningen.se|https://www.wikidata.org/wiki/Q10672537
rm-telen-telen-no,Telen,https://telen.no,europe,northern-europe,norway,local-area,Notodden Municipality,newspaper,no,52,Ahrefs,2026-09-01,unknown,,unknown,unknown,P3,active,2026-09-01,https://telen.no|https://www.wikidata.org/wiki/Q1764461
rm-the-phnom-penh-post-postkhmer-com,The Phnom Penh Post,https://www.postkhmer.com,asia,south-eastern-asia,cambodia,local-area,Phnom Penh,newspaper,en|km,52,Ahrefs,2026-09-01,unknown,,unknown,unknown,P3,unknown,2026-09-01,https://www.postkhmer.com|https://www.wikidata.org/wiki/Q921095
rm-times-record-times-online-com,Times-Record,https://times-online.com,north-america,north-america,united-states,state-province,North Dakota,newspaper,en,52,Ahrefs,2026-09-01,unknown,,unknown,unknown,P3,unknown,2026-09-01,https://raw.githubusercontent.com/yinleon/LocalNewsDataset/master/data/local_news_dataset_2018_for_domain_analysis.csv|https://times-online.com
rm-yenigun-gazeteyenigun-com-tr,Yenigun,https://www.gazeteyenigun.com.tr,asia,western-asia,turkey,local-area,İzmir,digital-news,tr,52,Ahrefs,2026-09-01,unknown,,unknown,unknown,P3,active,2026-09-01,https://www.gazeteyenigun.com.tr|https://www.wikidata.org/wiki/Q135649565
rm-beacon-hill-times-beaconhilltimes-com,Beacon Hill Times,https://beaconhilltimes.com,north-america,north-america,united-states,state-province,Massachusetts,newspaper,en,51,Ahrefs,2026-09-01,unknown,,unknown,unknown,P3,active,2026-09-01,https://beaconhilltimes.com|https://raw.githubusercontent.com/yinleon/LocalNewsDataset/master/data/local_news_dataset_2018_for_domain_analysis.csv
rm-bladet-bladet-no,Bladet,https://bladet.no,europe,northern-europe,norway,local-area,Stjørdal Municipality,newspaper,no,51,Ahrefs,2026-09-01,unknown,,unknown,unknown,P3,active,2026-09-01,https://bladet.no|https://www.wikidata.org/wiki/Q47505853
rm-brookings-register-brookingsregister-com,Brookings Register,https://brookingsregister.com,north-america,north-america,united-states,state-province,South Dakota,newspaper,en,51,Ahrefs,2026-09-01,unknown,,unknown,unknown,P3,active,2026-09-01,https://brookingsregister.com|https://raw.githubusercontent.com/yinleon/LocalNewsDataset/master/data/local_news_dataset_2018_for_domain_analysis.csv
rm-cordova-times-thecordovatimes-com,Cordova Times,https://thecordovatimes.com,north-america,north-america,united-states,state-province,Alaska,newspaper,en,51,Ahrefs,2026-09-01,unknown,,unknown,unknown,P3,active,2026-09-01,https://raw.githubusercontent.com/yinleon/LocalNewsDataset/master/data/local_news_dataset_2018_for_domain_analysis.csv|https://thecordovatimes.com
rm-de-brug-brugnieuws-nl,De Brug,https://www.brugnieuws.nl,europe,western-europe,netherlands,local-area,Local or regional market in Netherlands,newspaper,nl,51,Ahrefs,2026-09-01,unknown,,unknown,unknown,P3,active,2026-09-01,https://www.brugnieuws.nl|https://www.wikidata.org/wiki/Q126718256
rm-fanaposten-fanaposten-no,Fanaposten,https://fanaposten.no,europe,northern-europe,norway,local-area,Bergen,newspaper,no,51,Ahrefs,2026-09-01,unknown,,unknown,unknown,P3,active,2026-09-01,https://fanaposten.no|https://www.wikidata.org/wiki/Q11968466
rm-george-herald-georgeherald-com,George Herald,https://www.georgeherald.com,africa,southern-africa,south-africa,region,George and the Garden Route,newspaper,en,51,Ahrefs,2026-09-01,unknown,,unknown,unknown,P3,active,2026-09-01,https://www.georgeherald.com
rm-koori-mail-koorimail-com,Koori Mail,https://koorimail.com,oceania,australia-new-zealand,australia,local-area,"Aurukun,Cook,Hope Vale,Kowanyama,Lockhart River,Mapoon,Napranum,Northern Peninsula Area,Pormpuraaw,Torres,Torres Strait Island",newspaper,en,51,Ahrefs,2026-09-01,unknown,,unknown,unknown,P3,active,2026-09-01,https://gary-dickson.com/wp-content/uploads/2026/07/2606-PIPI-Q2.zip|https://koorimail.com
rm-leineblitz-leineblitz-de,LeineBlitz,https://www.leineblitz.de,europe,western-europe,germany,region,Pattensen,digital-news,de,51,Ahrefs,2026-09-01,unknown,,unknown,unknown,P3,active,2026-09-01,https://www.leineblitz.de|https://www.wikidata.org/wiki/Q140129536
rm-nuevo-diario-de-santiago-del-estero-nuevodiarioweb-com-ar,Nuevo Diario de Santiago del Estero,https://nuevodiarioweb.com.ar,latin-america-caribbean,south-america,argentina,local-area,Santiago del Estero,digital-news,es,51,Ahrefs,2026-09-01,unknown,,unknown,unknown,P3,active,2026-09-01,https://nuevodiarioweb.com.ar|https://www.wikidata.org/wiki/Q125889180
rm-the-review-udreview-com,The Review,https://udreview.com,north-america,north-america,united-states,state-province,Delaware,community-news,en,51,Ahrefs,2026-09-01,unknown,,unknown,unknown,P3,active,2026-09-01,https://raw.githubusercontent.com/yinleon/LocalNewsDataset/master/data/local_news_dataset_2018_for_domain_analysis.csv|https://udreview.com
rm-tp24-tp24-it,Tp24,https://www.tp24.it,europe,southern-europe,italy,local-area,Marsala,digital-news,it,51,Ahrefs,2026-09-01,unknown,,unknown,unknown,P3,active,2026-09-01,https://www.tp24.it|https://www.wikidata.org/wiki/Q138464356
rm-andover-townsman-andovertownsman-com,Andover Townsman,https://andovertownsman.com,north-america,north-america,united-states,state-province,Massachusetts,newspaper,en,50,Ahrefs,2026-09-01,unknown,,unknown,unknown,P3,unknown,2026-09-01,https://andovertownsman.com|https://raw.githubusercontent.com/yinleon/LocalNewsDataset/master/data/local_news_dataset_2018_for_domain_analysis.csv
rm-bitterroot-star-bitterrootstar-com,Bitterroot Star,https://bitterrootstar.com,north-america,north-america,united-states,state-province,Montana,newspaper,en,50,Ahrefs,2026-09-01,unknown,,unknown,unknown,P3,active,2026-09-01,https://bitterrootstar.com|https://raw.githubusercontent.com/yinleon/LocalNewsDataset/master/data/local_news_dataset_2018_for_domain_analysis.csv
rm-char-koosta-news-charkoosta-com,Char-Koosta News,https://charkoosta.com,north-america,north-america,united-states,state-province,Montana,newspaper,en,50,Ahrefs,2026-09-01,unknown,,unknown,unknown,P3,unknown,2026-09-01,https://charkoosta.com|https://raw.githubusercontent.com/yinleon/LocalNewsDataset/master/data/local_news_dataset_2018_for_domain_analysis.csv
rm-courier-herald-courierherald-com,Courier-Herald,https://courierherald.com,north-america,north-america,united-states,state-province,Washington,newspaper,en,50,Ahrefs,2026-09-01,unknown,,unknown,unknown,P3,active,2026-09-01,https://courierherald.com|https://raw.githubusercontent.com/yinleon/LocalNewsDataset/master/data/local_news_dataset_2018_for_domain_analysis.csv
rm-crossville-chronicle-crossville-chronicle-com,Crossville Chronicle,https://crossville-chronicle.com,north-america,north-america,united-states,state-province,Tennessee,newspaper,en,50,Ahrefs,2026-09-01,unknown,,unknown,unknown,P3,unknown,2026-09-01,https://crossville-chronicle.com|https://raw.githubusercontent.com/yinleon/LocalNewsDataset/master/data/local_news_dataset_2018_for_domain_analysis.csv
rm-iisalmen-sanomat-iisalmensanomat-fi,Iisalmen Sanomat,https://www.iisalmensanomat.fi,europe,northern-europe,finland,local-area,Iisalmi,newspaper,fi,50,Ahrefs,2026-09-01,unknown,,unknown,unknown,P3,active,2026-09-01,https://www.iisalmensanomat.fi|https://www.wikidata.org/wiki/Q18659300
rm-jamestown-press-jamestownpress-com,Jamestown Press,https://jamestownpress.com,north-america,north-america,united-states,state-province,Rhode Island,newspaper,en,50,Ahrefs,2026-09-01,unknown,,unknown,unknown,P3,active,2026-09-01,https://jamestownpress.com|https://raw.githubusercontent.com/yinleon/LocalNewsDataset/master/data/local_news_dataset_2018_for_domain_analysis.csv
rm-maravi-post-maravipost-com,Maravi Post,https://www.maravipost.com,africa,eastern-africa,malawi,multi-region,Malawi regions,newspaper,en,50,Ahrefs,2026-09-01,unknown,,unknown,unknown,P3,active,2026-09-01,https://www.maravipost.com
rm-noosa-today-noosatoday-com-au,Noosa Today,https://noosatoday.com.au,oceania,australia-new-zealand,australia,local-area,Noosa,newspaper,en,50,Ahrefs,2026-09-01,unknown,,unknown,unknown,P3,unknown,2026-09-01,https://gary-dickson.com/wp-content/uploads/2026/07/2606-PIPI-Q2.zip|https://noosatoday.com.au
rm-region-illawarra-regionillawarra-com-au,Region Illawarra,https://regionillawarra.com.au,oceania,australia-new-zealand,australia,local-area,"Kiama,Shellharbour,Wollongong",digital-news,en,50,Ahrefs,2026-09-01,unknown,,unknown,unknown,P3,active,2026-09-01,https://gary-dickson.com/wp-content/uploads/2026/07/2606-PIPI-Q2.zip|https://regionillawarra.com.au
rm-r-yken-og-hurums-avis-rha-no,Røyken og Hurums Avis,https://rha.no,europe,northern-europe,norway,local-area,Slemmestad,newspaper,no,50,Ahrefs,2026-09-01,unknown,,unknown,unknown,P3,active,2026-09-01,https://rha.no|https://www.wikidata.org/wiki/Q11027887
rm-sunraysia-daily-sunraysiadaily-com-au,Sunraysia Daily,https://www.sunraysiadaily.com.au,oceania,australia-new-zealand,australia,local-area,"Wentworth,Mildura",newspaper,en,50,Ahrefs,2026-09-01,unknown,,unknown,unknown,P3,unknown,2026-09-01,https://gary-dickson.com/wp-content/uploads/2026/07/2606-PIPI-Q2.zip|https://www.sunraysiadaily.com.au
rm-the-mill-manchestermill-co-uk,The Mill,https://manchestermill.co.uk,europe,northern-europe,united-kingdom,local-area,Manchester,newspaper,en,50,Ahrefs,2026-09-01,unknown,,unknown,unknown,P3,active,2026-09-01,https://manchestermill.co.uk|https://www.wikidata.org/wiki/Q108319640
rm-arbiter-arbiteronline-com,Arbiter,https://arbiteronline.com,north-america,north-america,united-states,state-province,Idaho,community-news,en,49,Ahrefs,2026-09-01,unknown,,unknown,unknown,P3,active,2026-09-01,https://arbiteronline.com|https://raw.githubusercontent.com/yinleon/LocalNewsDataset/master/data/local_news_dataset_2018_for_domain_analysis.csv
rm-argus-press-daily-argus-press-com,Argus-Press Daily,https://argus-press.com,north-america,north-america,united-states,state-province,Michigan,newspaper,en,49,Ahrefs,2026-09-01,unknown,,unknown,unknown,P3,unknown,2026-09-01,https://argus-press.com|https://raw.githubusercontent.com/yinleon/LocalNewsDataset/master/data/local_news_dataset_2018_for_domain_analysis.csv
rm-boulder-city-review-bouldercityreview-com,Boulder City Review,https://bouldercityreview.com,north-america,north-america,united-states,state-province,Nevada,newspaper,en,49,Ahrefs,2026-09-01,unknown,,unknown,unknown,P3,active,2026-09-01,https://bouldercityreview.com|https://raw.githubusercontent.com/yinleon/LocalNewsDataset/master/data/local_news_dataset_2018_for_domain_analysis.csv
rm-br-nn-ysunds-avis-banett-no,Brønnøysunds Avis,https://banett.no,europe,northern-europe,norway,local-area,Brønnøysund,newspaper,no,49,Ahrefs,2026-09-01,unknown,,unknown,unknown,P3,active,2026-09-01,https://banett.no|https://www.wikidata.org/wiki/Q1761908
rm-cbd-news-cbdnews-com-au,CBD News,https://cbdnews.com.au,oceania,australia-new-zealand,australia,local-area,Melbourne,newspaper,en,49,Ahrefs,2026-09-01,unknown,,unknown,unknown,P3,active,2026-09-01,https://cbdnews.com.au|https://gary-dickson.com/wp-content/uploads/2026/07/2606-PIPI-Q2.zip
rm-clark-fork-valley-press-vp-mi-com,Clark Fork Valley Press,https://vp-mi.com,north-america,north-america,united-states,state-province,Montana,newspaper,en,49,Ahrefs,2026-09-01,unknown,,unknown,unknown,P3,active,2026-09-01,https://raw.githubusercontent.com/yinleon/LocalNewsDataset/master/data/local_news_dataset_2018_for_domain_analysis.csv|https://vp-mi.com
rm-coast-star-starnewsgroup-com,Coast Star,https://starnewsgroup.com,north-america,north-america,united-states,state-province,New Jersey,newspaper,en,49,Ahrefs,2026-09-01,unknown,,unknown,unknown,P3,unknown,2026-09-01,https://raw.githubusercontent.com/yinleon/LocalNewsDataset/master/data/local_news_dataset_2018_for_domain_analysis.csv|https://starnewsgroup.com
rm-college-heights-herald-wkuherald-com,College Heights Herald,https://wkuherald.com,north-america,north-america,united-states,state-province,Kentucky,community-news,en,49,Ahrefs,2026-09-01,unknown,,unknown,unknown,P3,unknown,2026-09-01,https://raw.githubusercontent.com/yinleon/LocalNewsDataset/master/data/local_news_dataset_2018_for_domain_analysis.csv|https://wkuherald.com
rm-fjordenes-tidende-fjt-no,Fjordenes Tidende,https://fjt.no,europe,northern-europe,norway,local-area,Local or regional market in Norway,newspaper,no,49,Ahrefs,2026-09-01,unknown,,unknown,unknown,P3,active,2026-09-01,https://fjt.no|https://www.wikidata.org/wiki/Q1767434
rm-lindesnes-l-a-no,Lindesnes,https://l-a.no,europe,northern-europe,norway,local-area,Mandal Municipality,newspaper,no,49,Ahrefs,2026-09-01,unknown,,unknown,unknown,P3,active,2026-09-01,https://l-a.no|https://www.wikidata.org/wiki/Q643171
rm-manning-river-times-manningrivertimes-com-au,Manning River Times,https://www.manningrivertimes.com.au,oceania,australia-new-zealand,australia,local-area,Mid-Coast,newspaper,en,49,Ahrefs,2026-09-01,unknown,,unknown,unknown,P3,active,2026-09-01,https://gary-dickson.com/wp-content/uploads/2026/07/2606-PIPI-Q2.zip|https://www.manningrivertimes.com.au
rm-riverine-herald-riverineherald-com-au,Riverine Herald,https://www.riverineherald.com.au,oceania,australia-new-zealand,australia,local-area,Campaspe,newspaper,en,49,Ahrefs,2026-09-01,unknown,,unknown,unknown,P3,active,2026-09-01,https://gary-dickson.com/wp-content/uploads/2026/07/2606-PIPI-Q2.zip|https://www.riverineherald.com.au
rm-silver-city-daily-press-scdailypress-com,Silver City Daily Press,https://scdailypress.com,north-america,north-america,united-states,metro-city,Silver City,newspaper,en,49,Ahrefs,2026-09-01,unknown,,unknown,unknown,P3,active,2026-09-01,https://scdailypress.com|https://www.wikidata.org/wiki/Q7515908
rm-the-armidale-express-armidaleexpress-com-au,The Armidale Express,https://www.armidaleexpress.com.au,oceania,australia-new-zealand,australia,local-area,Armidale,newspaper,en,49,Ahrefs,2026-09-01,unknown,,unknown,unknown,P3,active,2026-09-01,https://gary-dickson.com/wp-content/uploads/2026/07/2606-PIPI-Q2.zip|https://www.armidaleexpress.com.au
rm-the-socialist-socialistparty-org-uk,The Socialist,https://www.socialistparty.org.uk/main/The_Socialist,europe,northern-europe,united-kingdom,local-area,London,newspaper,en,49,Ahrefs,2026-09-01,unknown,,unknown,unknown,P3,unknown,2026-09-01,https://www.socialistparty.org.uk/main/The_Socialist|https://www.wikidata.org/wiki/Q7765085
rm-the-will-thewillnews-com,The Will,https://thewillnews.com,africa,western-africa,nigeria,local-area,Lagos State,newspaper,en,49,Ahrefs,2026-09-01,unknown,,unknown,unknown,P3,active,2026-09-01,https://thewillnews.com|https://www.wikidata.org/wiki/Q107547953
rm-thessalia-e-thessalia-gr,Thessalia,https://e-thessalia.gr,europe,southern-europe,greece,local-area,Volos,newspaper,el,49,Ahrefs,2026-09-01,unknown,,unknown,unknown,P3,active,2026-09-01,https://e-thessalia.gr|https://www.wikidata.org/wiki/Q16737679
rm-voz-das-comunidades-vozdascomunidades-com-br,Voz das Comunidades,https://www.vozdascomunidades.com.br,latin-america-caribbean,south-america,brazil,local-area,Complexo do Alemão,community-news,pt,49,Ahrefs,2026-09-01,unknown,,unknown,unknown,P3,active,2026-09-01,https://www.vozdascomunidades.com.br|https://www.wikidata.org/wiki/Q65161582
rm-bainbridge-post-searchlight-thepostsearchlight-com,Bainbridge Post-Searchlight,https://thepostsearchlight.com,north-america,north-america,united-states,state-province,Georgia,newspaper,en,48,Ahrefs,2026-09-01,unknown,,unknown,unknown,P3,active,2026-09-01,https://raw.githubusercontent.com/yinleon/LocalNewsDataset/master/data/local_news_dataset_2018_for_domain_analysis.csv|https://thepostsearchlight.com
rm-business-business-ua,Business,https://www.business.ua,europe,eastern-europe,ukraine,local-area,Kyiv,newspaper,uk,48,Ahrefs,2026-09-01,unknown,,unknown,unknown,P3,active,2026-09-01,https://www.business.ua|https://www.wikidata.org/wiki/Q4086508
rm-claremore-daily-progress-claremoreprogress-com,Claremore Daily Progress,https://claremoreprogress.com,north-america,north-america,united-states,state-province,Oklahoma,newspaper,en,48,Ahrefs,2026-09-01,unknown,,unknown,unknown,P3,unknown,2026-09-01,https://claremoreprogress.com|https://raw.githubusercontent.com/yinleon/LocalNewsDataset/master/data/local_news_dataset_2018_for_domain_analysis.csv
rm-clay-center-dispatch-ccenterdispatch-com,Clay Center Dispatch,https://ccenterdispatch.com,north-america,north-america,united-states,state-province,Kansas,newspaper,en,48,Ahrefs,2026-09-01,unknown,,unknown,unknown,P3,unknown,2026-09-01,https://ccenterdispatch.com|https://raw.githubusercontent.com/yinleon/LocalNewsDataset/master/data/local_news_dataset_2018_for_domain_analysis.csv
rm-fairfield-sun-times-fairfieldsuntimes-com,Fairfield Sun Times,https://fairfieldsuntimes.com,north-america,north-america,united-states,state-province,Montana,newspaper,en,48,Ahrefs,2026-09-01,unknown,,unknown,unknown,P3,active,2026-09-01,https://fairfieldsuntimes.com|https://raw.githubusercontent.com/yinleon/LocalNewsDataset/master/data/local_news_dataset_2018_for_domain_analysis.csv
rm-falkopings-tidning-falkopingstidning-se,Falköpings Tidning,https://www.falkopingstidning.se,europe,northern-europe,sweden,local-area,Sweden,newspaper,sv,48,Ahrefs,2026-09-01,unknown,,unknown,unknown,P3,active,2026-09-01,https://www.falkopingstidning.se|https://www.wikidata.org/wiki/Q10493759
rm-gunebak-s-gunebakis-com-tr,Günebakış,https://www.gunebakis.com.tr,asia,western-asia,turkey,local-area,Trabzon,digital-news,tr,48,Ahrefs,2026-09-01,unknown,,unknown,unknown,P3,active,2026-09-01,https://www.gunebakis.com.tr|https://www.wikidata.org/wiki/Q135416520
rm-il-t-quotidiano-iltquotidiano-it,Il T Quotidiano,https://www.iltquotidiano.it,europe,southern-europe,italy,local-area,Trentino,newspaper,it,48,Ahrefs,2026-09-01,unknown,,unknown,unknown,P3,active,2026-09-01,https://www.iltquotidiano.it|https://www.wikidata.org/wiki/Q124081064
rm-jornal-grande-bahia-jornalgrandebahia-com-br,Jornal Grande Bahia,https://www.jornalgrandebahia.com.br,latin-america-caribbean,south-america,brazil,local-area,Feira de Santana,digital-news,pt,48,Ahrefs,2026-09-01,unknown,,unknown,unknown,P3,active,2026-09-01,https://www.jornalgrandebahia.com.br|https://www.wikidata.org/wiki/Q107344615
rm-koillissanomat-koillissanomat-fi,Koillissanomat,https://www.koillissanomat.fi,europe,northern-europe,finland,local-area,Kuusamo,newspaper,fi,48,Ahrefs,2026-09-01,unknown,,unknown,unknown,P3,active,2026-09-01,https://www.koillissanomat.fi|https://www.wikidata.org/wiki/Q18660105
rm-missouri-business-alert-missouribusinessalert-com,Missouri Business Alert,https://www.missouribusinessalert.com,north-america,north-america,united-states,local-area,Columbia,digital-news,en,48,Ahrefs,2026-09-01,unknown,,unknown,unknown,P3,unknown,2026-09-01,https://www.missouribusinessalert.com|https://www.wikidata.org/wiki/Q109188936
rm-posavski-obzornik-posavskiobzornik-si,Posavski obzornik,https://www.posavskiobzornik.si,europe,southern-europe,slovenia,region,Local or regional market in Slovenia,newspaper,sl,48,Ahrefs,2026-09-01,unknown,,unknown,unknown,P3,active,2026-09-01,https://www.posavskiobzornik.si|https://www.wikidata.org/wiki/Q19936006
rm-the-islander-theislanderonline-com-au,The Islander,https://theislanderonline.com.au,oceania,australia-new-zealand,australia,local-area,Kangaroo Island,newspaper,en,48,Ahrefs,2026-09-01,unknown,,unknown,unknown,P3,unknown,2026-09-01,https://gary-dickson.com/wp-content/uploads/2026/07/2606-PIPI-Q2.zip|https://theislanderonline.com.au
rm-toutmontpellier-fr-toutmontpellier-fr,toutmontpellier.fr,https://toutmontpellier.fr,europe,western-europe,france,local-area,Local or regional market in France,digital-news,fr,48,Ahrefs,2026-09-01,unknown,,unknown,unknown,P3,active,2026-09-01,https://toutmontpellier.fr|https://www.wikidata.org/wiki/Q141104147
rm-akron-legal-news-akronlegalnews-com,Akron Legal News,https://akronlegalnews.com,north-america,north-america,united-states,state-province,Ohio,newspaper,en,47,Ahrefs,2026-09-01,unknown,,unknown,unknown,P3,active,2026-09-01,https://akronlegalnews.com|https://raw.githubusercontent.com/yinleon/LocalNewsDataset/master/data/local_news_dataset_2018_for_domain_analysis.csv
rm-boca-beacon-bocabeacon-com,Boca Beacon,https://bocabeacon.com,north-america,north-america,united-states,state-province,Florida,newspaper,en,47,Ahrefs,2026-09-01,unknown,,unknown,unknown,P3,active,2026-09-01,https://bocabeacon.com|https://raw.githubusercontent.com/yinleon/LocalNewsDataset/master/data/local_news_dataset_2018_for_domain_analysis.csv
rm-busselton-dunsborough-mail-busseltonmail-com-au,Busselton-Dunsborough Mail,https://www.busseltonmail.com.au,oceania,australia-new-zealand,australia,local-area,"Busselton,Donnybrook-Balingup,Nannup",newspaper,en,47,Ahrefs,2026-09-01,unknown,,unknown,unknown,P3,active,2026-09-01,https://gary-dickson.com/wp-content/uploads/2026/07/2606-PIPI-Q2.zip|https://www.busseltonmail.com.au
rm-clanton-advertiser-clantonadvertiser-com,Clanton Advertiser,https://clantonadvertiser.com,north-america,north-america,united-states,state-province,Alabama,newspaper,en,47,Ahrefs,2026-09-01,unknown,,unknown,unknown,P3,unknown,2026-09-01,https://clantonadvertiser.com|https://raw.githubusercontent.com/yinleon/LocalNewsDataset/master/data/local_news_dataset_2018_for_domain_analysis.csv
rm-clinton-courier-theclintoncourier-net,Clinton Courier,https://theclintoncourier.net,north-america,north-america,united-states,state-province,Mississippi,newspaper,en,47,Ahrefs,2026-09-01,unknown,,unknown,unknown,P3,active,2026-09-01,https://raw.githubusercontent.com/yinleon/LocalNewsDataset/master/data/local_news_dataset_2018_for_domain_analysis.csv|https://theclintoncourier.net
rm-excalibur-publications-excal-on-ca,Excalibur Publications,https://www.excal.on.ca,north-america,north-america,canada,local-area,Local or regional market in Canada,community-news,en,47,Ahrefs,2026-09-01,unknown,,unknown,unknown,P3,active,2026-09-01,https://www.excal.on.ca|https://www.wikidata.org/wiki/Q5419353
rm-fjordingen-fjordingen-no,Fjordingen,https://fjordingen.no,europe,northern-europe,norway,local-area,Local or regional market in Norway,newspaper,no,47,Ahrefs,2026-09-01,unknown,,unknown,unknown,P3,active,2026-09-01,https://fjordingen.no|https://www.wikidata.org/wiki/Q1769094
rm-katherine-times-katherinetimes-com-au,Katherine Times,https://www.katherinetimes.com.au,oceania,australia-new-zealand,australia,local-area,Katherine,newspaper,en,47,Ahrefs,2026-09-01,unknown,,unknown,unknown,P3,active,2026-09-01,https://gary-dickson.com/wp-content/uploads/2026/07/2606-PIPI-Q2.zip|https://www.katherinetimes.com.au
rm-kildare-nationalist-kildare-nationalist-ie,Kildare Nationalist,https://kildare-nationalist.ie,europe,northern-europe,ireland,region,Local or regional market in Ireland,newspaper,en,47,Ahrefs,2026-09-01,unknown,,unknown,unknown,P3,active,2026-09-01,https://kildare-nationalist.ie|https://www.wikidata.org/wiki/Q97578016
rm-le-regional-leregional-ch,Le Régional,https://www.leregional.ch,europe,western-europe,switzerland,local-area,Local or regional market in Switzerland,newspaper,fr,47,Ahrefs,2026-09-01,unknown,,unknown,unknown,P3,active,2026-09-01,https://www.leregional.ch|https://www.wikidata.org/wiki/Q3226738
rm-manly-observer-manlyobserver-com-au,Manly Observer,https://manlyobserver.com.au,oceania,australia-new-zealand,australia,local-area,Northern Beaches,digital-news,en,47,Ahrefs,2026-09-01,unknown,,unknown,unknown,P3,active,2026-09-01,https://gary-dickson.com/wp-content/uploads/2026/07/2606-PIPI-Q2.zip|https://manlyobserver.com.au
rm-mudgee-guardian-mudgeeguardian-com-au,Mudgee Guardian,https://www.mudgeeguardian.com.au,oceania,australia-new-zealand,australia,local-area,Mid-Western,newspaper,en,47,Ahrefs,2026-09-01,unknown,,unknown,unknown,P3,active,2026-09-01,https://gary-dickson.com/wp-content/uploads/2026/07/2606-PIPI-Q2.zip|https://www.mudgeeguardian.com.au
rm-olaymedya-com-olaymedya-com,olaymedya.com,https://www.olaymedya.com,asia,western-asia,turkey,local-area,Gaziantep,digital-news,tr,47,Ahrefs,2026-09-01,unknown,,unknown,unknown,P3,active,2026-09-01,https://www.olaymedya.com|https://www.wikidata.org/wiki/Q131161202
rm-port-lincoln-times-portlincolntimes-com-au,Port Lincoln Times,https://portlincolntimes.com.au,oceania,australia-new-zealand,australia,local-area,"Cleve,Lower Eyre Peninsula,Port Lincoln,Streaky Bay,Tumby Bay",newspaper,en,47,Ahrefs,2026-09-01,unknown,,unknown,unknown,P3,unknown,2026-09-01,https://gary-dickson.com/wp-content/uploads/2026/07/2606-PIPI-Q2.zip|https://portlincolntimes.com.au
rm-saltenposten-saltenposten-no,Saltenposten,https://saltenposten.no,europe,northern-europe,norway,local-area,Fauske Municipality,newspaper,no,47,Ahrefs,2026-09-01,unknown,,unknown,unknown,P3,active,2026-09-01,https://saltenposten.no|https://www.wikidata.org/wiki/Q11999207
rm-strilen-strilen-no,Strilen,https://strilen.no,europe,northern-europe,norway,local-area,Knarvik,newspaper,nn,47,Ahrefs,2026-09-01,unknown,,unknown,unknown,P3,active,2026-09-01,https://strilen.no|https://www.wikidata.org/wiki/Q1760425
rm-valencia-fruits-valenciafruits-com,Valencia-fruits,https://valenciafruits.com,europe,southern-europe,spain,local-area,Valencia,newspaper,es,47,Ahrefs,2026-09-01,unknown,,unknown,unknown,P3,active,2026-09-01,https://valenciafruits.com|https://www.wikidata.org/wiki/Q125378184
rm-asane-tidende-aasanetidende-no,Åsane Tidende,https://aasanetidende.no,europe,northern-europe,norway,local-area,Nyborg,newspaper,no,47,Ahrefs,2026-09-01,unknown,,unknown,unknown,P3,active,2026-09-01,https://aasanetidende.no|https://www.wikidata.org/wiki/Q19399177
rm-alice-springs-news-alicespringsnews-com-au,Alice Springs News,https://alicespringsnews.com.au,oceania,australia-new-zealand,australia,local-area,Alice Springs,digital-news,en,46,Ahrefs,2026-09-01,unknown,,unknown,unknown,P3,active,2026-09-01,https://alicespringsnews.com.au|https://gary-dickson.com/wp-content/uploads/2026/07/2606-PIPI-Q2.zip
rm-amherst-bulletin-amherstbulletin-com,Amherst Bulletin,https://amherstbulletin.com,north-america,north-america,united-states,state-province,Massachusetts,newspaper,en,46,Ahrefs,2026-09-01,unknown,,unknown,unknown,P3,active,2026-09-01,https://amherstbulletin.com|https://raw.githubusercontent.com/yinleon/LocalNewsDataset/master/data/local_news_dataset_2018_for_domain_analysis.csv
rm-capitol-hill-times-capitolhilltimes-com,Capitol Hill Times,https://capitolhilltimes.com,north-america,north-america,united-states,state-province,Washington,newspaper,en,46,Ahrefs,2026-09-01,unknown,,unknown,unknown,P3,unknown,2026-09-01,https://capitolhilltimes.com|https://raw.githubusercontent.com/yinleon/LocalNewsDataset/master/data/local_news_dataset_2018_for_domain_analysis.csv
rm-cluj24-cluj24-ro,Cluj24,https://cluj24.ro,europe,eastern-europe,romania,county-district,Cluj County,newspaper,ro,46,Ahrefs,2026-09-01,unknown,,unknown,unknown,P3,active,2026-09-01,https://cluj24.ro
rm-driva-driva-no,Driva,https://driva.no,europe,northern-europe,norway,local-area,Local or regional market in Norway,newspaper,nn,46,Ahrefs,2026-09-01,unknown,,unknown,unknown,P3,active,2026-09-01,https://driva.no|https://www.wikidata.org/wiki/Q11966080
rm-el-defensor-chieftain-dchieftain-com,El Defensor Chieftain,https://dchieftain.com,north-america,north-america,united-states,state-province,New Mexico,newspaper,en,46,Ahrefs,2026-09-01,unknown,,unknown,unknown,P3,active,2026-09-01,https://dchieftain.com|https://raw.githubusercontent.com/yinleon/LocalNewsDataset/master/data/local_news_dataset_2018_for_domain_analysis.csv
rm-hargita-nepe-hargitanepe-ro,Hargita Népe,https://hargitanepe.ro,europe,eastern-europe,romania,local-area,Romania,newspaper,hu,46,Ahrefs,2026-09-01,unknown,,unknown,unknown,P3,active,2026-09-01,https://hargitanepe.ro|https://www.wikidata.org/wiki/Q1033948
rm-illawarra-flame-theillawarraflame-com-au,Illawarra Flame,https://www.theillawarraflame.com.au,oceania,australia-new-zealand,australia,local-area,Wollongong,community-news,en,46,Ahrefs,2026-09-01,unknown,,unknown,unknown,P3,active,2026-09-01,https://gary-dickson.com/wp-content/uploads/2026/07/2606-PIPI-Q2.zip|https://www.theillawarraflame.com.au
rm-independent-suindependent-com,Independent,https://suindependent.com,north-america,north-america,united-states,state-province,Utah,newspaper,en,46,Ahrefs,2026-09-01,unknown,,unknown,unknown,P3,unknown,2026-09-01,https://raw.githubusercontent.com/yinleon/LocalNewsDataset/master/data/local_news_dataset_2018_for_domain_analysis.csv|https://suindependent.com
rm-lister-lister24-no,Lister,https://www.lister24.no,europe,northern-europe,norway,local-area,Farsund Municipality,newspaper,nb,46,Ahrefs,2026-09-01,unknown,,unknown,unknown,P3,active,2026-09-01,https://www.lister24.no|https://www.wikidata.org/wiki/Q643177
rm-moin-de-moin-de,moin.de,https://www.moin.de,europe,western-europe,germany,metro-city,Berlin,digital-news,de,46,Ahrefs,2026-09-01,unknown,,unknown,unknown,P3,active,2026-09-01,https://www.moin.de|https://www.wikidata.org/wiki/Q133276039
rm-port-stephens-examiner-portstephensexaminer-com-au,Port Stephens Examiner,https://www.portstephensexaminer.com.au,oceania,australia-new-zealand,australia,local-area,Port Stephens,newspaper,en,46,Ahrefs,2026-09-01,unknown,,unknown,unknown,P3,active,2026-09-01,https://gary-dickson.com/wp-content/uploads/2026/07/2606-PIPI-Q2.zip|https://www.portstephensexaminer.com.au
rm-primorski-dnevnik-primorski-eu,Primorski dnevnik,https://www.primorski.eu,europe,southern-europe,italy,region,Trieste,newspaper,sl,46,Ahrefs,2026-09-01,unknown,,unknown,unknown,P3,active,2026-09-01,https://www.primorski.eu|https://www.wikidata.org/wiki/Q1513049
rm-the-area-news-areanews-com-au,The Area News,https://www.areanews.com.au,oceania,australia-new-zealand,australia,local-area,"Carrathool,Griffith",newspaper,en,46,Ahrefs,2026-09-01,unknown,,unknown,unknown,P3,active,2026-09-01,https://gary-dickson.com/wp-content/uploads/2026/07/2606-PIPI-Q2.zip|https://www.areanews.com.au
rm-the-guardian-swan-hill-theguardian-com-au,The Guardian (Swan Hill),https://www.theguardian.com.au,oceania,australia-new-zealand,australia,local-area,"Balranald,Swan Hill",newspaper,en,46,Ahrefs,2026-09-01,unknown,,unknown,unknown,P3,unknown,2026-09-01,https://gary-dickson.com/wp-content/uploads/2026/07/2606-PIPI-Q2.zip|https://www.theguardian.com.au
rm-the-londoner-the-londoner-co-uk,The Londoner,https://www.the-londoner.co.uk,europe,northern-europe,united-kingdom,local-area,Local or regional market in United Kingdom,newspaper,en,46,Ahrefs,2026-09-01,unknown,,unknown,unknown,P3,active,2026-09-01,https://www.the-londoner.co.uk|https://www.wikidata.org/wiki/Q133458755
rm-vestnytt-vestnytt-no,VestNytt,https://vestnytt.no,europe,northern-europe,norway,local-area,Straume,newspaper,no,46,Ahrefs,2026-09-01,unknown,,unknown,unknown,P3,active,2026-09-01,https://vestnytt.no|https://www.wikidata.org/wiki/Q1760188
rm-7-jours-a-clermont-7joursaclermont-fr,7 Jours à Clermont,https://www.7joursaclermont.fr,europe,western-europe,france,local-area,Local or regional market in France,digital-news,fr,45,Ahrefs,2026-09-01,unknown,,unknown,unknown,P3,active,2026-09-01,https://www.7joursaclermont.fr|https://www.wikidata.org/wiki/Q127784340
rm-al-jamahir-jamahir-alwehda-gov-sy,Al-Jamahir,https://jamahir.alwehda.gov.sy,asia,western-asia,syria,local-area,Aleppo Governorate,newspaper,ar,45,Ahrefs,2026-09-01,unknown,,unknown,unknown,P3,active,2026-09-01,https://jamahir.alwehda.gov.sy|https://www.wikidata.org/wiki/Q12219828
rm-el-buho-elbuho-pe,El Búho,https://elbuho.pe,latin-america-caribbean,south-america,peru,region,Arequipa and southern Peru,newspaper,es,45,Ahrefs,2026-09-01,unknown,,unknown,unknown,P3,active,2026-09-01,https://elbuho.pe
rm-idaho-county-free-press-idahocountyfreepress-com,Idaho County Free Press,https://idahocountyfreepress.com,north-america,north-america,united-states,state-province,Idaho,newspaper,en,45,Ahrefs,2026-09-01,unknown,,unknown,unknown,P3,unknown,2026-09-01,https://idahocountyfreepress.com|https://raw.githubusercontent.com/yinleon/LocalNewsDataset/master/data/local_news_dataset_2018_for_domain_analysis.csv
rm-l-economic-leconomic-cat,L'Econòmic,https://www.leconomic.cat,europe,southern-europe,spain,local-area,Girona,newspaper,ca,45,Ahrefs,2026-09-01,unknown,,unknown,unknown,P3,active,2026-09-01,https://www.leconomic.cat|https://www.wikidata.org/wiki/Q11930080
rm-latrobe-valley-express-latrobevalleyexpress-com-au,Latrobe Valley Express,https://latrobevalleyexpress.com.au,oceania,australia-new-zealand,australia,local-area,Latrobe (Vic.),newspaper,en,45,Ahrefs,2026-09-01,unknown,,unknown,unknown,P3,active,2026-09-01,https://gary-dickson.com/wp-content/uploads/2026/07/2606-PIPI-Q2.zip|https://latrobevalleyexpress.com.au
rm-riot-pixels-riotpixels-com,Riot Pixels,https://riotpixels.com,europe,eastern-europe,russia,local-area,Russia,digital-news,ru,45,Ahrefs,2026-09-01,unknown,,unknown,unknown,P3,unknown,2026-09-01,https://riotpixels.com|https://www.wikidata.org/wiki/Q19612893
rm-strandbuen-strandbuen-no,Strandbuen,https://strandbuen.no,europe,northern-europe,norway,local-area,Strand Municipality,newspaper,nb,45,Ahrefs,2026-09-01,unknown,,unknown,unknown,P3,active,2026-09-01,https://strandbuen.no|https://www.wikidata.org/wiki/Q1761560
rm-the-singleton-argus-singletonargus-com-au,The Singleton Argus,https://www.singletonargus.com.au,oceania,australia-new-zealand,australia,local-area,Singleton,newspaper,en,45,Ahrefs,2026-09-01,unknown,,unknown,unknown,P3,active,2026-09-01,https://gary-dickson.com/wp-content/uploads/2026/07/2606-PIPI-Q2.zip|https://www.singletonargus.com.au
rm-ttu-ttu-fr,Ttu,https://www.ttu.fr,europe,western-europe,france,local-area,Paris,newspaper,fr,45,Ahrefs,2026-09-01,unknown,,unknown,unknown,P3,active,2026-09-01,https://www.ttu.fr|https://www.wikidata.org/wiki/Q3541704
rm-anna-maria-island-sun-amisun-com,Anna Maria Island Sun,https://amisun.com,north-america,north-america,united-states,state-province,Florida,newspaper,en,44,Ahrefs,2026-09-01,unknown,,unknown,unknown,P3,active,2026-09-01,https://amisun.com|https://raw.githubusercontent.com/yinleon/LocalNewsDataset/master/data/local_news_dataset_2018_for_domain_analysis.csv
rm-atmore-advance-atmoreadvance-com,Atmore Advance,https://atmoreadvance.com,north-america,north-america,united-states,state-province,Alabama,newspaper,en,44,Ahrefs,2026-09-01,unknown,,unknown,unknown,P3,unknown,2026-09-01,https://atmoreadvance.com|https://raw.githubusercontent.com/yinleon/LocalNewsDataset/master/data/local_news_dataset_2018_for_domain_analysis.csv
rm-bay-post-batemansbaypost-com-au,Bay Post,https://www.batemansbaypost.com.au,oceania,australia-new-zealand,australia,local-area,Eurobodalla,newspaper,en,44,Ahrefs,2026-09-01,unknown,,unknown,unknown,P3,active,2026-09-01,https://gary-dickson.com/wp-content/uploads/2026/07/2606-PIPI-Q2.zip|https://www.batemansbaypost.com.au
rm-beacon-senior-newspaper-beaconseniornews-com,Beacon Senior Newspaper,https://beaconseniornews.com,north-america,north-america,united-states,state-province,Colorado,newspaper,en,44,Ahrefs,2026-09-01,unknown,,unknown,unknown,P3,active,2026-09-01,https://beaconseniornews.com|https://raw.githubusercontent.com/yinleon/LocalNewsDataset/master/data/local_news_dataset_2018_for_domain_analysis.csv
rm-bunbury-mail-bunburymail-com-au,Bunbury Mail,https://www.bunburymail.com.au,oceania,australia-new-zealand,australia,local-area,Bunbury,newspaper,en,44,Ahrefs,2026-09-01,unknown,,unknown,unknown,P3,active,2026-09-01,https://www.bunburymail.com.au|https://www.wikidata.org/wiki/Q106702101
rm-chilkat-valley-news-chilkatvalleynews-com,Chilkat Valley News,https://chilkatvalleynews.com,north-america,north-america,united-states,state-province,Alaska,newspaper,en,44,Ahrefs,2026-09-01,unknown,,unknown,unknown,P3,active,2026-09-01,https://chilkatvalleynews.com|https://raw.githubusercontent.com/yinleon/LocalNewsDataset/master/data/local_news_dataset_2018_for_domain_analysis.csv
rm-ciudad-ccs-ciudadccs-info,Ciudad CCS,https://www.ciudadccs.info,latin-america-caribbean,south-america,venezuela,state-province,Caracas,newspaper,es,44,Ahrefs,2026-09-01,unknown,,unknown,unknown,P3,active,2026-09-01,https://www.ciudadccs.info|https://www.wikidata.org/wiki/Q5124137
rm-community-voice-communityvoiceks-com,Community Voice,https://communityvoiceks.com,north-america,north-america,united-states,state-province,Kansas,newspaper,en,44,Ahrefs,2026-09-01,unknown,,unknown,unknown,P3,active,2026-09-01,https://communityvoiceks.com|https://raw.githubusercontent.com/yinleon/LocalNewsDataset/master/data/local_news_dataset_2018_for_domain_analysis.csv
rm-countryman-countryman-com-au,Countryman,https://www.countryman.com.au,oceania,australia-new-zealand,australia,local-area,"Beverley,Boddington,Brookton,Bruce Rock,Chittering,Corrigin,Cuballing,Cunderdin,Dalwallinu,Dowerin,Dumbleyung,Gingin,Goomalling,Kellerberrin,Kondinin,Koorda,Kulin,Lake Grace,Merredin,Moora,Mount Marshall,Mukinbudin,Mundaring,Narembeen,Northam,Nungarin,Pingelly,Quairading,Tammin,Toodyay,Trayning,Victoria Plains,Wagin,Wandering,West Arthur,Westonia,Wickepin,Williams,Wongan-Ballidu,Wyalkatchem,Yilgarn,York",newspaper,en,44,Ahrefs,2026-09-01,unknown,,unknown,unknown,P3,active,2026-09-01,https://gary-dickson.com/wp-content/uploads/2026/07/2606-PIPI-Q2.zip|https://www.countryman.com.au
rm-el1-el1digital-com-ar,El1,https://www.el1digital.com.ar,latin-america-caribbean,south-america,argentina,local-area,"San Justo (Buenos Aires, Argentina)",newspaper,es,44,Ahrefs,2026-09-01,unknown,,unknown,unknown,P3,active,2026-09-01,https://www.el1digital.com.ar|https://www.wikidata.org/wiki/Q127413247
rm-forbes-advocate-forbesadvocate-com-au,Forbes Advocate,https://www.forbesadvocate.com.au,oceania,australia-new-zealand,australia,local-area,Forbes,newspaper,en,44,Ahrefs,2026-09-01,unknown,,unknown,unknown,P3,active,2026-09-01,https://gary-dickson.com/wp-content/uploads/2026/07/2606-PIPI-Q2.zip|https://www.forbesadvocate.com.au
rm-geelong-independent-geelongindy-com-au,Geelong Independent,https://geelongindy.com.au,oceania,australia-new-zealand,australia,local-area,"Greater Geelong,Surf Coast",newspaper,en,44,Ahrefs,2026-09-01,unknown,,unknown,unknown,P3,unknown,2026-09-01,https://gary-dickson.com/wp-content/uploads/2026/07/2606-PIPI-Q2.zip|https://geelongindy.com.au
rm-gippsland-times-and-maffra-spectator-gippslandtimes-com-au,Gippsland Times & Maffra Spectator,https://www.gippslandtimes.com.au,oceania,australia-new-zealand,australia,local-area,Wellington,newspaper,en,44,Ahrefs,2026-09-01,unknown,,unknown,unknown,P3,active,2026-09-01,https://gary-dickson.com/wp-content/uploads/2026/07/2606-PIPI-Q2.zip|https://www.gippslandtimes.com.au
rm-green-fire-times-greenfiretimes-com,Green Fire Times,https://greenfiretimes.com,north-america,north-america,united-states,state-province,New Mexico,newspaper,en,44,Ahrefs,2026-09-01,unknown,,unknown,unknown,P3,active,2026-09-01,https://greenfiretimes.com|https://raw.githubusercontent.com/yinleon/LocalNewsDataset/master/data/local_news_dataset_2018_for_domain_analysis.csv
rm-il-reggino-ilreggino-it,Il Reggino,https://www.ilreggino.it,europe,southern-europe,italy,local-area,Reggio Calabria,digital-news,it,44,Ahrefs,2026-09-01,unknown,,unknown,unknown,P3,active,2026-09-01,https://www.ilreggino.it|https://www.wikidata.org/wiki/Q140984447
rm-il-telegrafo-iltelegrafolivorno-it,Il Telegrafo,https://www.iltelegrafolivorno.it,europe,southern-europe,italy,local-area,Livorno,newspaper,it,44,Ahrefs,2026-09-01,unknown,,unknown,unknown,P3,active,2026-09-01,https://www.iltelegrafolivorno.it|https://www.wikidata.org/wiki/Q3792973
rm-ka-leo-o-hawaii-kaleo-org,Ka Leo O Hawaii,https://kaleo.org,north-america,north-america,united-states,state-province,Hawaii,community-news,en,44,Ahrefs,2026-09-01,unknown,,unknown,unknown,P3,unknown,2026-09-01,https://kaleo.org|https://raw.githubusercontent.com/yinleon/LocalNewsDataset/master/data/local_news_dataset_2018_for_domain_analysis.csv
rm-karpatinfo-hetilap-karpatinfo-net,Kárpátinfo hetilap,https://www.karpatinfo.net,europe,eastern-europe,ukraine,local-area,Berehove,newspaper,hu,44,Ahrefs,2026-09-01,unknown,,unknown,unknown,P3,active,2026-09-01,https://www.karpatinfo.net|https://www.wikidata.org/wiki/Q1123637
rm-logan-banner-loganbanner-com,Logan Banner,https://loganbanner.com,north-america,north-america,united-states,state-province,West Virginia,newspaper,en,44,Ahrefs,2026-09-01,unknown,,unknown,unknown,P3,unknown,2026-09-01,https://loganbanner.com|https://raw.githubusercontent.com/yinleon/LocalNewsDataset/master/data/local_news_dataset_2018_for_domain_analysis.csv
rm-pittwater-online-news-pittwateronlinenews-com,Pittwater Online News,https://www.pittwateronlinenews.com,oceania,australia-new-zealand,australia,local-area,Northern Beaches,digital-news,en,44,Ahrefs,2026-09-01,unknown,,unknown,unknown,P3,active,2026-09-01,https://gary-dickson.com/wp-content/uploads/2026/07/2606-PIPI-Q2.zip|https://www.pittwateronlinenews.com
rm-portal-n10-portaln10-com-br,Portal N10,https://portaln10.com.br,latin-america-caribbean,south-america,brazil,local-area,Natal,digital-news,pt,44,Ahrefs,2026-09-01,unknown,,unknown,unknown,P3,active,2026-09-01,https://portaln10.com.br|https://www.wikidata.org/wiki/Q140314541
rm-south-gippsland-sentinel-times-sgst-com-au,South Gippsland Sentinel-Times,https://sgst.com.au,oceania,australia-new-zealand,australia,local-area,"Bass Coast,South Gippsland",newspaper,en,44,Ahrefs,2026-09-01,unknown,,unknown,unknown,P3,active,2026-09-01,https://gary-dickson.com/wp-content/uploads/2026/07/2606-PIPI-Q2.zip|https://sgst.com.au
rm-the-murray-valley-standard-murrayvalleystandard-com-au,The Murray Valley Standard,https://murrayvalleystandard.com.au,oceania,australia-new-zealand,australia,local-area,"Alexandrina,Karoonda East Murray,Mid Murray,Murray Bridge,Coorong",newspaper,en,44,Ahrefs,2026-09-01,unknown,,unknown,unknown,P3,unknown,2026-09-01,https://gary-dickson.com/wp-content/uploads/2026/07/2606-PIPI-Q2.zip|https://murrayvalleystandard.com.au
rm-argonaut-uiargonaut-com,Argonaut,https://uiargonaut.com,north-america,north-america,united-states,state-province,Idaho,community-news,en,43,Ahrefs,2026-09-01,unknown,,unknown,unknown,P3,active,2026-09-01,https://raw.githubusercontent.com/yinleon/LocalNewsDataset/master/data/local_news_dataset_2018_for_domain_analysis.csv|https://uiargonaut.com
rm-baltimore-chronicle-baltimorechronicle-com,Baltimore Chronicle,https://baltimorechronicle.com,north-america,north-america,united-states,state-province,Maryland,newspaper,en,43,Ahrefs,2026-09-01,unknown,,unknown,unknown,P3,active,2026-09-01,https://baltimorechronicle.com|https://raw.githubusercontent.com/yinleon/LocalNewsDataset/master/data/local_news_dataset_2018_for_domain_analysis.csv
rm-beacon-thebeacon-net,Beacon,https://thebeacon.net,north-america,north-america,united-states,state-province,Ohio,newspaper,en,43,Ahrefs,2026-09-01,unknown,,unknown,unknown,P3,active,2026-09-01,https://raw.githubusercontent.com/yinleon/LocalNewsDataset/master/data/local_news_dataset_2018_for_domain_analysis.csv|https://thebeacon.net
rm-benton-county-enterprise-bentoncountyenterprise-com,Benton County Enterprise,https://bentoncountyenterprise.com,north-america,north-america,united-states,state-province,Missouri,newspaper,en,43,Ahrefs,2026-09-01,unknown,,unknown,unknown,P3,active,2026-09-01,https://bentoncountyenterprise.com|https://raw.githubusercontent.com/yinleon/LocalNewsDataset/master/data/local_news_dataset_2018_for_domain_analysis.csv
rm-brewton-standard-brewtonstandard-com,Brewton Standard,https://brewtonstandard.com,north-america,north-america,united-states,state-province,Alabama,newspaper,en,43,Ahrefs,2026-09-01,unknown,,unknown,unknown,P3,unknown,2026-09-01,https://brewtonstandard.com|https://raw.githubusercontent.com/yinleon/LocalNewsDataset/master/data/local_news_dataset_2018_for_domain_analysis.csv
rm-docklands-news-docklandsnews-com-au,Docklands News,https://www.docklandsnews.com.au,oceania,australia-new-zealand,australia,local-area,Melbourne,newspaper,en,43,Ahrefs,2026-09-01,unknown,,unknown,unknown,P3,active,2026-09-01,https://gary-dickson.com/wp-content/uploads/2026/07/2606-PIPI-Q2.zip|https://www.docklandsnews.com.au
rm-gjesdalbuen-gbnett-no,Gjesdalbuen,https://gbnett.no,europe,northern-europe,norway,local-area,Gjesdal Municipality,newspaper,no,43,Ahrefs,2026-09-01,unknown,,unknown,unknown,P3,active,2026-09-01,https://gbnett.no|https://www.wikidata.org/wiki/Q11972115
rm-great-lakes-advocate-greatlakesadvocate-com-au,Great Lakes Advocate,https://www.greatlakesadvocate.com.au,oceania,australia-new-zealand,australia,local-area,Mid-Coast,newspaper,en,43,Ahrefs,2026-09-01,unknown,,unknown,unknown,P3,active,2026-09-01,https://gary-dickson.com/wp-content/uploads/2026/07/2606-PIPI-Q2.zip|https://www.greatlakesadvocate.com.au
rm-hills-to-hawkesbury-community-news-hillstohawkesbury-com-au,Hills to Hawkesbury Community News,https://hillstohawkesbury.com.au,oceania,australia-new-zealand,australia,local-area,"Hawkesbury,The Hills",newspaper,en,43,Ahrefs,2026-09-01,unknown,,unknown,unknown,P3,unknown,2026-09-01,https://gary-dickson.com/wp-content/uploads/2026/07/2606-PIPI-Q2.zip|https://hillstohawkesbury.com.au
rm-jamsan-seutu-jamsanseutu-fi,Jämsän Seutu,https://www.jamsanseutu.fi,europe,northern-europe,finland,local-area,Jämsä,newspaper,fi,43,Ahrefs,2026-09-01,unknown,,unknown,unknown,P3,active,2026-09-01,https://www.jamsanseutu.fi|https://www.wikidata.org/wiki/Q11868322
rm-m-re-nytt-morenytt-no,Møre-Nytt,https://morenytt.no,europe,northern-europe,norway,local-area,Ørsta Municipality,newspaper,nn,43,Ahrefs,2026-09-01,unknown,,unknown,unknown,P3,active,2026-09-01,https://morenytt.no|https://www.wikidata.org/wiki/Q12717069
rm-oppegard-avis-oavis-no,Oppegård Avis,https://www.oavis.no,europe,northern-europe,norway,region,Oppegård Municipality,digital-news,nb|no,43,Ahrefs,2026-09-01,unknown,,unknown,unknown,P3,active,2026-09-01,https://www.oavis.no|https://www.wikidata.org/wiki/Q113740251
rm-passion-times-passiontimes-hk,Passion Times,https://www.passiontimes.hk,asia,eastern-asia,china,local-area,Hong Kong,digital-news,zh,43,Ahrefs,2026-09-01,unknown,,unknown,unknown,P3,active,2026-09-01,https://www.passiontimes.hk|https://www.wikidata.org/wiki/Q15904208
rm-region-riverina-regionriverina-com-au,Region Riverina,https://regionriverina.com.au,oceania,australia-new-zealand,australia,local-area,"Coolamon,Cootamundra-Gundagai,Griffith,Hay,Junee,Leeton,Murrumbidgee,Narrandera,Snowy Valleys,Temora,Wagga Wagga",digital-news,en,43,Ahrefs,2026-09-01,unknown,,unknown,unknown,P3,active,2026-09-01,https://gary-dickson.com/wp-content/uploads/2026/07/2606-PIPI-Q2.zip|https://regionriverina.com.au
rm-source-of-the-spring-sourceofthespring-com,Source of the Spring,https://www.sourceofthespring.com,north-america,north-america,united-states,local-area,Local or regional market in United States,newspaper,en,43,Ahrefs,2026-09-01,unknown,,unknown,unknown,P3,unknown,2026-09-01,https://www.sourceofthespring.com|https://www.wikidata.org/wiki/Q138848325
rm-south-sydney-herald-southsydneyherald-com-au,South Sydney Herald,https://southsydneyherald.com.au,oceania,australia-new-zealand,australia,local-area,Sydney,newspaper,en,43,Ahrefs,2026-09-01,unknown,,unknown,unknown,P3,active,2026-09-01,https://gary-dickson.com/wp-content/uploads/2026/07/2606-PIPI-Q2.zip|https://southsydneyherald.com.au
rm-steinkjer-avisa-steinkjer-avisa-no,Steinkjer-Avisa,https://steinkjer-avisa.no,europe,northern-europe,norway,local-area,Steinkjer Municipality,newspaper,no,43,Ahrefs,2026-09-01,unknown,,unknown,unknown,P3,active,2026-09-01,https://steinkjer-avisa.no|https://www.wikidata.org/wiki/Q7606903
rm-the-avondhu-avondhupress-ie,The Avondhu,https://avondhupress.ie,europe,northern-europe,ireland,region,Local or regional market in Ireland,newspaper,en,43,Ahrefs,2026-09-01,unknown,,unknown,unknown,P3,active,2026-09-01,https://avondhupress.ie|https://www.wikidata.org/wiki/Q99430062
rm-ayer-news-nashobavalleyvoice-com,Ayer News,https://nashobavalleyvoice.com,north-america,north-america,united-states,state-province,Massachusetts,newspaper,en,42,Ahrefs,2026-09-01,unknown,,unknown,unknown,P3,active,2026-09-01,https://nashobavalleyvoice.com|https://raw.githubusercontent.com/yinleon/LocalNewsDataset/master/data/local_news_dataset_2018_for_domain_analysis.csv
rm-bladen-journal-bladenjournal-com,Bladen Journal,https://bladenjournal.com,north-america,north-america,united-states,state-province,North Carolina,newspaper,en,42,Ahrefs,2026-09-01,unknown,,unknown,unknown,P3,active,2026-09-01,https://bladenjournal.com|https://raw.githubusercontent.com/yinleon/LocalNewsDataset/master/data/local_news_dataset_2018_for_domain_analysis.csv
rm-butler-collegian-thebutlercollegian-com,Butler Collegian,https://thebutlercollegian.com,north-america,north-america,united-states,state-province,Indiana,community-news,en,42,Ahrefs,2026-09-01,unknown,,unknown,unknown,P3,active,2026-09-01,https://raw.githubusercontent.com/yinleon/LocalNewsDataset/master/data/local_news_dataset_2018_for_domain_analysis.csv|https://thebutlercollegian.com
rm-daily-helmsman-dailyhelmsman-com,Daily Helmsman,https://dailyhelmsman.com,north-america,north-america,united-states,state-province,Tennessee,community-news,en,42,Ahrefs,2026-09-01,unknown,,unknown,unknown,P3,unknown,2026-09-01,https://dailyhelmsman.com|https://raw.githubusercontent.com/yinleon/LocalNewsDataset/master/data/local_news_dataset_2018_for_domain_analysis.csv
rm-dolomiten-dolomiten-it,Dolomiten,https://www.dolomiten.it,europe,southern-europe,italy,local-area,Bolzano,newspaper,de,42,Ahrefs,2026-09-01,unknown,,unknown,unknown,P3,active,2026-09-01,https://www.dolomiten.it|https://www.wikidata.org/wiki/Q1236300
rm-kalgoorlie-miner-kalminer-com-au,Kalgoorlie Miner,https://www.kalminer.com.au,oceania,australia-new-zealand,australia,local-area,"Coolgardie,Dundas,Esperance,Kalgoorlie-Boulder,Laverton,Leonora,Menzies,Ngaanyatjarraku,Ravensthorpe",newspaper,en,42,Ahrefs,2026-09-01,unknown,,unknown,unknown,P3,active,2026-09-01,https://gary-dickson.com/wp-content/uploads/2026/07/2606-PIPI-Q2.zip|https://www.kalminer.com.au
rm-morgan-messenger-morganmessenger-com,Morgan Messenger,https://morganmessenger.com,north-america,north-america,united-states,state-province,West Virginia,newspaper,en,42,Ahrefs,2026-09-01,unknown,,unknown,unknown,P3,active,2026-09-01,https://morganmessenger.com|https://raw.githubusercontent.com/yinleon/LocalNewsDataset/master/data/local_news_dataset_2018_for_domain_analysis.csv
rm-newsport-newsport-com-au,Newsport,https://www.newsport.com.au,oceania,australia-new-zealand,australia,local-area,Douglas,digital-news,en,42,Ahrefs,2026-09-01,unknown,,unknown,unknown,P3,active,2026-09-01,https://gary-dickson.com/wp-content/uploads/2026/07/2606-PIPI-Q2.zip|https://www.newsport.com.au
rm-park-bugle-parkbugle-org,Park Bugle,https://www.parkbugle.org,north-america,north-america,united-states,local-area,Saint Paul,newspaper,en,42,Ahrefs,2026-09-01,unknown,,unknown,unknown,P3,active,2026-09-01,https://www.parkbugle.org|https://www.wikidata.org/wiki/Q56795957
rm-pitajanuutiset-pitajanuutiset-fi,Pitäjänuutiset,https://www.pitajanuutiset.fi,europe,northern-europe,finland,local-area,Local or regional market in Finland,newspaper,fi,42,Ahrefs,2026-09-01,unknown,,unknown,unknown,P3,active,2026-09-01,https://www.pitajanuutiset.fi|https://www.wikidata.org/wiki/Q11888339
rm-southbank-news-southbanklocalnews-com-au,Southbank News,https://www.southbanklocalnews.com.au,oceania,australia-new-zealand,australia,local-area,Melbourne,community-news,en,42,Ahrefs,2026-09-01,unknown,,unknown,unknown,P3,active,2026-09-01,https://gary-dickson.com/wp-content/uploads/2026/07/2606-PIPI-Q2.zip|https://www.southbanklocalnews.com.au
rm-stj-rdals-nytt-s-n-no,Stjørdals-Nytt,https://s-n.no,europe,northern-europe,norway,local-area,Stjørdal Municipality,newspaper,nb,42,Ahrefs,2026-09-01,unknown,,unknown,unknown,P3,active,2026-09-01,https://s-n.no|https://www.wikidata.org/wiki/Q12003302
rm-s-r-varanger-avis-sva-no,Sør-Varanger Avis,https://sva.no,europe,northern-europe,norway,local-area,Sør-Varanger Municipality,newspaper,no,42,Ahrefs,2026-09-01,unknown,,unknown,unknown,P3,active,2026-09-01,https://sva.no|https://www.wikidata.org/wiki/Q12004816
rm-the-geraldton-guardian-geraldtonguardian-com-au,The Geraldton Guardian,https://www.geraldtonguardian.com.au,oceania,australia-new-zealand,australia,local-area,Greater Geraldton,newspaper,en,42,Ahrefs,2026-09-01,unknown,,unknown,unknown,P3,active,2026-09-01,https://gary-dickson.com/wp-content/uploads/2026/07/2606-PIPI-Q2.zip|https://www.geraldtonguardian.com.au
rm-the-laois-nationalist-laois-nationalist-ie,The Laois Nationalist,https://laois-nationalist.ie,europe,northern-europe,ireland,region,Local or regional market in Ireland,newspaper,en,42,Ahrefs,2026-09-01,unknown,,unknown,unknown,P3,active,2026-09-01,https://laois-nationalist.ie|https://www.wikidata.org/wiki/Q97578177
rm-the-midland-express-midlandexpress-com-au,The Midland Express,https://midlandexpress.com.au,oceania,australia-new-zealand,australia,local-area,Macedon Ranges,newspaper,en,42,Ahrefs,2026-09-01,unknown,,unknown,unknown,P3,active,2026-09-01,https://gary-dickson.com/wp-content/uploads/2026/07/2606-PIPI-Q2.zip|https://midlandexpress.com.au
rm-the-times-victor-harbor-victorharbortimes-com-au,The Times (Victor Harbor),https://victorharbortimes.com.au,oceania,australia-new-zealand,australia,local-area,"Alexandrina,Victor Harbor,Yankalilla",newspaper,en,42,Ahrefs,2026-09-01,unknown,,unknown,unknown,P3,unknown,2026-09-01,https://gary-dickson.com/wp-content/uploads/2026/07/2606-PIPI-Q2.zip|https://victorharbortimes.com.au
rm-the-weekly-advertiser-horsham-theweeklyadvertiser-com-au,The Weekly Advertiser (Horsham),https://theweeklyadvertiser.com.au,oceania,australia-new-zealand,australia,local-area,"Ararat,Hindmarsh,Horsham,Northern Grampians,West Wimmera,Yarriambiack",newspaper,en,42,Ahrefs,2026-09-01,unknown,,unknown,unknown,P3,active,2026-09-01,https://gary-dickson.com/wp-content/uploads/2026/07/2606-PIPI-Q2.zip|https://theweeklyadvertiser.com.au
rm-vest-telemark-blad-vtb-no,Vest-Telemark blad,https://vtb.no,europe,northern-europe,norway,local-area,Kviteseid,newspaper,nn,42,Ahrefs,2026-09-01,unknown,,unknown,unknown,P3,active,2026-09-01,https://vtb.no|https://www.wikidata.org/wiki/Q12719396
rm-arizona-range-news-willcoxrangenews-com,Arizona Range News,https://willcoxrangenews.com,north-america,north-america,united-states,state-province,Arizona,newspaper,en,41,Ahrefs,2026-09-01,unknown,,unknown,unknown,P3,unknown,2026-09-01,https://raw.githubusercontent.com/yinleon/LocalNewsDataset/master/data/local_news_dataset_2018_for_domain_analysis.csv|https://willcoxrangenews.com
rm-bedford-journal-cabinet-com,Bedford Journal,https://cabinet.com,north-america,north-america,united-states,state-province,New Hampshire,newspaper,en,41,Ahrefs,2026-09-01,unknown,,unknown,unknown,P3,active,2026-09-01,https://cabinet.com|https://raw.githubusercontent.com/yinleon/LocalNewsDataset/master/data/local_news_dataset_2018_for_domain_analysis.csv
rm-boston-irish-reporter-bostonirish-com,Boston Irish Reporter,https://bostonirish.com,north-america,north-america,united-states,state-province,Massachusetts,newspaper,en,41,Ahrefs,2026-09-01,unknown,,unknown,unknown,P3,active,2026-09-01,https://bostonirish.com|https://raw.githubusercontent.com/yinleon/LocalNewsDataset/master/data/local_news_dataset_2018_for_domain_analysis.csv
rm-cyrustimes-cyrustimes-com,Cyrustimes,https://cyrustimes.com,asia,south-eastern-asia,indonesia,local-area,Local or regional market in Indonesia,digital-news,id,41,Ahrefs,2026-09-01,unknown,,unknown,unknown,P3,active,2026-09-01,https://cyrustimes.com|https://www.wikidata.org/wiki/Q139827156
rm-daily-courier-dailycourier-com,Daily Courier,https://dailycourier.com,north-america,north-america,united-states,state-province,Pennsylvania,newspaper,en,41,Ahrefs,2026-09-01,unknown,,unknown,unknown,P3,unknown,2026-09-01,https://dailycourier.com|https://raw.githubusercontent.com/yinleon/LocalNewsDataset/master/data/local_news_dataset_2018_for_domain_analysis.csv
rm-diario-de-los-andes-diariodelosandes-com,Diario de los Andes,https://www.diariodelosandes.com,latin-america-caribbean,south-america,venezuela,state-province,Mérida,newspaper,es,41,Ahrefs,2026-09-01,unknown,,unknown,unknown,P3,active,2026-09-01,https://www.diariodelosandes.com|https://www.wikidata.org/wiki/Q16979942
rm-ermeloo-s-weekblad-ermelosweekblad-nl,Ermeloo's Weekblad,https://www.ermelosweekblad.nl,europe,western-europe,netherlands,local-area,Barneveld,newspaper,nl,41,Ahrefs,2026-09-01,unknown,,unknown,unknown,P3,active,2026-09-01,https://www.ermelosweekblad.nl|https://www.wikidata.org/wiki/Q135196857
rm-kocaelikoz-com-kocaelikoz-com,Kocaelikoz.com,https://www.kocaelikoz.com,asia,western-asia,turkey,local-area,Kocaeli Province,digital-news,tr,41,Ahrefs,2026-09-01,unknown,,unknown,unknown,P3,active,2026-09-01,https://www.kocaelikoz.com|https://www.wikidata.org/wiki/Q132895128
rm-le-journal-de-joliette-lejournaldejoliette-ca,Le Journal de Joliette,https://www.lejournaldejoliette.ca,north-america,north-america,canada,region,Local or regional market in Canada,newspaper,fr,41,Ahrefs,2026-09-01,unknown,,unknown,unknown,P3,active,2026-09-01,https://www.lejournaldejoliette.ca|https://www.wikidata.org/wiki/Q107501510
rm-rantalakeus-rantalakeus-fi,Rantalakeus,https://www.rantalakeus.fi,europe,northern-europe,finland,local-area,Liminka,newspaper,fi,41,Ahrefs,2026-09-01,unknown,,unknown,unknown,P3,active,2026-09-01,https://www.rantalakeus.fi|https://www.wikidata.org/wiki/Q11890068
rm-wnti-wnti-ch,WNTI,https://wnti.ch,europe,western-europe,switzerland,local-area,Winterthur,newspaper,de,41,Ahrefs,2026-09-01,unknown,,unknown,unknown,P3,active,2026-09-01,https://wnti.ch|https://www.wikidata.org/wiki/Q140007302
rm-ahora-ahora-cu,¡Ahora!,https://www.ahora.cu,latin-america-caribbean,caribbean,cuba,local-area,Holguin,newspaper,es,41,Ahrefs,2026-09-01,unknown,,unknown,unknown,P3,active,2026-09-01,https://www.ahora.cu|https://www.wikidata.org/wiki/Q4696289
rm-advance-titan-advancetitan-com,Advance-Titan,https://advancetitan.com,north-america,north-america,united-states,state-province,Wisconsin,community-news,en,40,Ahrefs,2026-09-01,unknown,,unknown,unknown,P3,active,2026-09-01,https://advancetitan.com|https://raw.githubusercontent.com/yinleon/LocalNewsDataset/master/data/local_news_dataset_2018_for_domain_analysis.csv
rm-alexandria-gazette-packet-alexandriagazette-com,Alexandria Gazette Packet,https://alexandriagazette.com,north-america,north-america,united-states,state-province,Virginia,newspaper,en,40,Ahrefs,2026-09-01,unknown,,unknown,unknown,P3,active,2026-09-01,https://alexandriagazette.com|https://raw.githubusercontent.com/yinleon/LocalNewsDataset/master/data/local_news_dataset_2018_for_domain_analysis.csv
rm-ask-yv-ringen-av-avis-no,Askøyværingen,https://av-avis.no,europe,northern-europe,norway,local-area,Straume,newspaper,nb,40,Ahrefs,2026-09-01,unknown,,unknown,unknown,P3,active,2026-09-01,https://av-avis.no|https://www.wikidata.org/wiki/Q1759546
rm-augusta-margaret-river-mail-margaretrivermail-com-au,Augusta-Margaret River Mail,https://margaretrivermail.com.au,oceania,australia-new-zealand,australia,local-area,Augusta Margaret River,newspaper,en,40,Ahrefs,2026-09-01,unknown,,unknown,unknown,P3,active,2026-09-01,https://gary-dickson.com/wp-content/uploads/2026/07/2606-PIPI-Q2.zip|https://margaretrivermail.com.au
rm-brown-county-democrat-bcdemocrat-com,Brown County Democrat,https://bcdemocrat.com,north-america,north-america,united-states,state-province,Indiana,newspaper,en,40,Ahrefs,2026-09-01,unknown,,unknown,unknown,P3,unknown,2026-09-01,https://bcdemocrat.com|https://raw.githubusercontent.com/yinleon/LocalNewsDataset/master/data/local_news_dataset_2018_for_domain_analysis.csv
rm-central-virginian-news-thecentralvirginian-com,Central Virginian News,https://thecentralvirginian.com,north-america,north-america,united-states,state-province,Virginia,newspaper,en,40,Ahrefs,2026-09-01,unknown,,unknown,unknown,P3,active,2026-09-01,https://raw.githubusercontent.com/yinleon/LocalNewsDataset/master/data/local_news_dataset_2018_for_domain_analysis.csv|https://thecentralvirginian.com
rm-echo-news-echonewspaper-com-au,Echo News,https://echonewspaper.com.au,oceania,australia-new-zealand,australia,local-area,"Bassendean,Kalamunda,Mundaring,Northam,Swan,Toodyay,York",newspaper,en,40,Ahrefs,2026-09-01,unknown,,unknown,unknown,P3,active,2026-09-01,https://echonewspaper.com.au|https://gary-dickson.com/wp-content/uploads/2026/07/2606-PIPI-Q2.zip
rm-express-star-chickashanews-com,Express-Star,https://chickashanews.com,north-america,north-america,united-states,state-province,Oklahoma,newspaper,en,40,Ahrefs,2026-09-01,unknown,,unknown,unknown,P3,unknown,2026-09-01,https://chickashanews.com|https://raw.githubusercontent.com/yinleon/LocalNewsDataset/master/data/local_news_dataset_2018_for_domain_analysis.csv
rm-harderwijkse-zaken-harderwijksezaken-nl,Harderwijkse Zaken,https://www.harderwijksezaken.nl,europe,western-europe,netherlands,local-area,Hierden,digital-news,nl,40,Ahrefs,2026-09-01,unknown,,unknown,unknown,P3,active,2026-09-01,https://www.harderwijksezaken.nl|https://www.wikidata.org/wiki/Q135196901
rm-ishinomaki-hibi-shinbun-hibishinbun-com,Ishinomaki Hibi Shinbun,https://hibishinbun.com,asia,eastern-asia,japan,local-area,Ishinomaki,newspaper,ja,40,Ahrefs,2026-09-01,unknown,,unknown,unknown,P3,active,2026-09-01,https://hibishinbun.com|https://www.wikidata.org/wiki/Q11586480
rm-karpatalja-karpataljalap-net,Kárpátalja,https://karpataljalap.net,europe,eastern-europe,ukraine,local-area,Berehove,newspaper,hu,40,Ahrefs,2026-09-01,unknown,,unknown,unknown,P3,active,2026-09-01,https://karpataljalap.net|https://www.wikidata.org/wiki/Q114005528
rm-lieksan-lehti-lieksanlehti-fi,Lieksan Lehti,https://www.lieksanlehti.fi,europe,northern-europe,finland,local-area,Lieksa,newspaper,fi,40,Ahrefs,2026-09-01,unknown,,unknown,unknown,P3,active,2026-09-01,https://www.lieksanlehti.fi|https://www.wikidata.org/wiki/Q11875728
rm-post-newspapers-postnewspapers-com-au,Post Newspapers,https://www.postnewspapers.com.au,oceania,australia-new-zealand,australia,local-area,Perth,community-news,en,40,Ahrefs,2026-09-01,unknown,,unknown,unknown,P3,active,2026-09-01,https://www.postnewspapers.com.au|https://www.wikidata.org/wiki/Q17023122
rm-sipoon-sanomat-sipoonsanomat-fi,Sipoon Sanomat,https://www.sipoonsanomat.fi,europe,northern-europe,finland,local-area,Local or regional market in Finland,newspaper,fi,40,Ahrefs,2026-09-01,unknown,,unknown,unknown,P3,active,2026-09-01,https://www.sipoonsanomat.fi|https://www.wikidata.org/wiki/Q124847938
rm-south-western-times-swtimes-com-au,South Western Times,https://www.swtimes.com.au,oceania,australia-new-zealand,australia,local-area,"Bunbury,Capel,Collie,Dardanup,Donnybrook-Balingup,Harvey",newspaper,en,40,Ahrefs,2026-09-01,unknown,,unknown,unknown,P3,active,2026-09-01,https://gary-dickson.com/wp-content/uploads/2026/07/2606-PIPI-Q2.zip|https://www.swtimes.com.au
rm-the-journalist-new7-com-tw,The Journalist,https://www.new7.com.tw,asia,eastern-asia,taiwan,local-area,Taipei,newspaper,zh,40,Ahrefs,2026-09-01,unknown,,unknown,unknown,P3,unknown,2026-09-01,https://www.new7.com.tw|https://www.wikidata.org/wiki/Q11082804
rm-workers-press-prensaobrera-com,Workers' Press,https://prensaobrera.com,latin-america-caribbean,south-america,argentina,local-area,Buenos Aires,newspaper,es,40,Ahrefs,2026-09-01,unknown,,unknown,unknown,P3,active,2026-09-01,https://prensaobrera.com|https://www.wikidata.org/wiki/Q6085235
rm-amityville-record-amityvillerecord-com,Amityville Record,https://amityvillerecord.com,north-america,north-america,united-states,state-province,New York,newspaper,en,39,Ahrefs,2026-09-01,unknown,,unknown,unknown,P3,active,2026-09-01,https://amityvillerecord.com|https://raw.githubusercontent.com/yinleon/LocalNewsDataset/master/data/local_news_dataset_2018_for_domain_analysis.csv
rm-ballard-news-tribune-ballardnewstribune-com,Ballard News-Tribune,https://ballardnewstribune.com,north-america,north-america,united-states,state-province,Washington,newspaper,en,39,Ahrefs,2026-09-01,unknown,,unknown,unknown,P3,active,2026-09-01,https://ballardnewstribune.com|https://raw.githubusercontent.com/yinleon/LocalNewsDataset/master/data/local_news_dataset_2018_for_domain_analysis.csv
rm-banner-news-magnoliabannernews-com,Banner-News,https://magnoliabannernews.com,north-america,north-america,united-states,state-province,Arkansas,newspaper,en,39,Ahrefs,2026-09-01,unknown,,unknown,unknown,P3,active,2026-09-01,https://magnoliabannernews.com|https://raw.githubusercontent.com/yinleon/LocalNewsDataset/master/data/local_news_dataset_2018_for_domain_analysis.csv
rm-bonners-ferry-herald-bonnersferryherald-com,Bonners Ferry Herald,https://bonnersferryherald.com,north-america,north-america,united-states,state-province,Idaho,newspaper,en,39,Ahrefs,2026-09-01,unknown,,unknown,unknown,P3,active,2026-09-01,https://bonnersferryherald.com|https://raw.githubusercontent.com/yinleon/LocalNewsDataset/master/data/local_news_dataset_2018_for_domain_analysis.csv
rm-county-chronicle-omakchronicle-com,County Chronicle,https://omakchronicle.com,north-america,north-america,united-states,state-province,Washington,newspaper,en,39,Ahrefs,2026-09-01,unknown,,unknown,unknown,P3,active,2026-09-01,https://omakchronicle.com|https://raw.githubusercontent.com/yinleon/LocalNewsDataset/master/data/local_news_dataset_2018_for_domain_analysis.csv
rm-devils-lake-journal-devilslakejournal-com,Devils Lake Journal,https://devilslakejournal.com,north-america,north-america,united-states,state-province,North Dakota,newspaper,en,39,Ahrefs,2026-09-01,unknown,,unknown,unknown,P3,active,2026-09-01,https://devilslakejournal.com|https://raw.githubusercontent.com/yinleon/LocalNewsDataset/master/data/local_news_dataset_2018_for_domain_analysis.csv
rm-draper-journal-draperjournal-com,Draper Journal,https://draperjournal.com,north-america,north-america,united-states,state-province,Utah,newspaper,en,39,Ahrefs,2026-09-01,unknown,,unknown,unknown,P3,unknown,2026-09-01,https://draperjournal.com|https://raw.githubusercontent.com/yinleon/LocalNewsDataset/master/data/local_news_dataset_2018_for_domain_analysis.csv
rm-ely-daily-times-elynews-com,Ely Daily Times,https://elynews.com,north-america,north-america,united-states,state-province,Nevada,newspaper,en,39,Ahrefs,2026-09-01,unknown,,unknown,unknown,P3,active,2026-09-01,https://elynews.com|https://raw.githubusercontent.com/yinleon/LocalNewsDataset/master/data/local_news_dataset_2018_for_domain_analysis.csv
rm-fjordabladet-fjordabladet-no,Fjordabladet,https://fjordabladet.no,europe,northern-europe,norway,local-area,Local or regional market in Norway,newspaper,no,39,Ahrefs,2026-09-01,unknown,,unknown,unknown,P3,active,2026-09-01,https://fjordabladet.no|https://www.wikidata.org/wiki/Q1767454
rm-fjuken-fjuken-no,Fjuken,https://fjuken.no,europe,northern-europe,norway,local-area,Local or regional market in Norway,newspaper,no,39,Ahrefs,2026-09-01,unknown,,unknown,unknown,P3,active,2026-09-01,https://fjuken.no|https://www.wikidata.org/wiki/Q1766687
rm-gallup-independent-gallupindependent-com,Gallup Independent,https://gallupindependent.com,north-america,north-america,united-states,state-province,New Mexico,newspaper,en,39,Ahrefs,2026-09-01,unknown,,unknown,unknown,P3,active,2026-09-01,https://gallupindependent.com|https://raw.githubusercontent.com/yinleon/LocalNewsDataset/master/data/local_news_dataset_2018_for_domain_analysis.csv
rm-keskilaakso-keskilaakso-fi,Keskilaakso,https://www.keskilaakso.fi,europe,northern-europe,finland,local-area,Kouvola,newspaper,fi,39,Ahrefs,2026-09-01,unknown,,unknown,unknown,P3,active,2026-09-01,https://www.keskilaakso.fi|https://www.wikidata.org/wiki/Q11871103
rm-kmyu-kmyu-tv,KMYU,https://kmyu.tv,north-america,north-america,united-states,state-province,Utah,news-broadcaster,en,39,Ahrefs,2026-09-01,unknown,,unknown,unknown,P3,active,2026-09-01,https://kmyu.tv|https://raw.githubusercontent.com/yinleon/LocalNewsDataset/master/data/local_news_dataset_2018_for_domain_analysis.csv
rm-northern-wyoming-daily-news-wyodaily-com,Northern Wyoming Daily News,https://wyodaily.com,north-america,north-america,united-states,state-province,Wyoming,newspaper,en,39,Ahrefs,2026-09-01,unknown,,unknown,unknown,P3,unknown,2026-09-01,https://raw.githubusercontent.com/yinleon/LocalNewsDataset/master/data/local_news_dataset_2018_for_domain_analysis.csv|https://wyodaily.com
rm-pmg-ua-pmg-ua,PMG.ua,https://pmg.ua,europe,eastern-europe,ukraine,region,Mukachevo,digital-news,uk,39,Ahrefs,2026-09-01,unknown,,unknown,unknown,P3,active,2026-09-01,https://pmg.ua|https://www.wikidata.org/wiki/Q137286278
rm-stord24-stord24-no,Stord24,https://stord24.no,europe,northern-europe,norway,local-area,Stord Municipality,newspaper,no,39,Ahrefs,2026-09-01,unknown,,unknown,unknown,P3,active,2026-09-01,https://stord24.no|https://www.wikidata.org/wiki/Q61359708
rm-viladeroses-cat-viladeroses-cat,ViladeRoses.cat,https://www.viladeroses.cat,europe,southern-europe,spain,metro-city,Local or regional market in Spain,digital-news,ca,39,Ahrefs,2026-09-01,unknown,,unknown,unknown,P3,active,2026-09-01,https://www.viladeroses.cat|https://www.wikidata.org/wiki/Q97961732
rm-asbury-college-collegian-theasburycollegian-com,Asbury College Collegian,https://theasburycollegian.com,north-america,north-america,united-states,state-province,Kentucky,community-news,en,38,Ahrefs,2026-09-01,unknown,,unknown,unknown,P3,active,2026-09-01,https://raw.githubusercontent.com/yinleon/LocalNewsDataset/master/data/local_news_dataset_2018_for_domain_analysis.csv|https://theasburycollegian.com
rm-bay-city-tribune-baycitytribune-com,Bay City Tribune,https://baycitytribune.com,north-america,north-america,united-states,state-province,Texas,newspaper,en,38,Ahrefs,2026-09-01,unknown,,unknown,unknown,P3,active,2026-09-01,https://baycitytribune.com|https://raw.githubusercontent.com/yinleon/LocalNewsDataset/master/data/local_news_dataset_2018_for_domain_analysis.csv
rm-cardinal-louisvillecardinal-com,Cardinal,https://louisvillecardinal.com,north-america,north-america,united-states,state-province,Kentucky,community-news,en,38,Ahrefs,2026-09-01,unknown,,unknown,unknown,P3,active,2026-09-01,https://louisvillecardinal.com|https://raw.githubusercontent.com/yinleon/LocalNewsDataset/master/data/local_news_dataset_2018_for_domain_analysis.csv
rm-cheney-free-press-cheneyfreepress-com,Cheney Free Press,https://cheneyfreepress.com,north-america,north-america,united-states,state-province,Washington,newspaper,en,38,Ahrefs,2026-09-01,unknown,,unknown,unknown,P3,unknown,2026-09-01,https://cheneyfreepress.com|https://raw.githubusercontent.com/yinleon/LocalNewsDataset/master/data/local_news_dataset_2018_for_domain_analysis.csv
rm-hokuu-shimpo-hokuu-co-jp,Hokuu Shimpō,https://www.hokuu.co.jp,asia,eastern-asia,japan,local-area,Local or regional market in Japan,newspaper,ja,38,Ahrefs,2026-09-01,unknown,,unknown,unknown,P3,unknown,2026-09-01,https://www.hokuu.co.jp|https://www.wikidata.org/wiki/Q11403950
rm-m-re-mre-no,Møre,https://mre.no,europe,northern-europe,norway,local-area,Volda Municipality,newspaper,nn,38,Ahrefs,2026-09-01,unknown,,unknown,unknown,P3,active,2026-09-01,https://mre.no|https://www.wikidata.org/wiki/Q11990470
rm-remiremontvallees-com-remiremontvallees-com,Remiremontvallées.com,https://remiremontvallees.com,europe,western-europe,france,local-area,Local or regional market in France,digital-news,fr,38,Ahrefs,2026-09-01,unknown,,unknown,unknown,P3,active,2026-09-01,https://remiremontvallees.com|https://www.wikidata.org/wiki/Q110618925
rm-soisalon-seutu-soisalonseutu-fi,Soisalon Seutu,https://www.soisalonseutu.fi,europe,northern-europe,finland,local-area,Leppävirta,newspaper,fi,38,Ahrefs,2026-09-01,unknown,,unknown,unknown,P3,active,2026-09-01,https://www.soisalonseutu.fi|https://www.wikidata.org/wiki/Q26723867
rm-elet-es-tudomany-eletestudomany-hu,Élet és Tudomány,https://www.eletestudomany.hu/rolunk,europe,eastern-europe,hungary,local-area,Budapest,newspaper,hu,38,Ahrefs,2026-09-01,unknown,,unknown,unknown,P3,active,2026-09-01,https://www.eletestudomany.hu/rolunk|https://www.wikidata.org/wiki/Q1470662
rm-camp-verde-journal-journalaz-com,Camp Verde Journal,https://journalaz.com,north-america,north-america,united-states,state-province,Arizona,newspaper,en,37,Ahrefs,2026-09-01,unknown,,unknown,unknown,P3,active,2026-09-01,https://journalaz.com|https://raw.githubusercontent.com/yinleon/LocalNewsDataset/master/data/local_news_dataset_2018_for_domain_analysis.csv
rm-choteau-acantha-choteauacantha-com,Choteau Acantha,https://choteauacantha.com,north-america,north-america,united-states,state-province,Montana,newspaper,en,37,Ahrefs,2026-09-01,unknown,,unknown,unknown,P3,unknown,2026-09-01,https://choteauacantha.com|https://raw.githubusercontent.com/yinleon/LocalNewsDataset/master/data/local_news_dataset_2018_for_domain_analysis.csv
rm-cottage-grove-sentinel-cgsentinel-com,Cottage Grove Sentinel,https://cgsentinel.com,north-america,north-america,united-states,state-province,Oregon,newspaper,en,37,Ahrefs,2026-09-01,unknown,,unknown,unknown,P3,unknown,2026-09-01,https://cgsentinel.com|https://raw.githubusercontent.com/yinleon/LocalNewsDataset/master/data/local_news_dataset_2018_for_domain_analysis.csv
rm-daily-press-artesianews-com,Daily Press,https://artesianews.com,north-america,north-america,united-states,state-province,New Mexico,newspaper,en,37,Ahrefs,2026-09-01,unknown,,unknown,unknown,P3,active,2026-09-01,https://artesianews.com|https://raw.githubusercontent.com/yinleon/LocalNewsDataset/master/data/local_news_dataset_2018_for_domain_analysis.csv
rm-davis-county-clipper-davisclipper-com,Davis County Clipper,https://davisclipper.com,north-america,north-america,united-states,state-province,Utah,newspaper,en,37,Ahrefs,2026-09-01,unknown,,unknown,unknown,P3,unknown,2026-09-01,https://davisclipper.com|https://raw.githubusercontent.com/yinleon/LocalNewsDataset/master/data/local_news_dataset_2018_for_domain_analysis.csv
rm-ilevanger-ilevanger-no,ILevanger,https://ilevanger.no,europe,northern-europe,norway,local-area,Levanger,newspaper,no,37,Ahrefs,2026-09-01,unknown,,unknown,unknown,P3,active,2026-09-01,https://ilevanger.no|https://www.wikidata.org/wiki/Q112275762
rm-pirmasenser-zeitung-pirmasenser-zeitung-de,Pirmasenser Zeitung,https://www.pirmasenser-zeitung.de,europe,western-europe,germany,local-area,Pirmasens,newspaper,de,37,Ahrefs,2026-09-01,unknown,,unknown,unknown,P3,active,2026-09-01,https://www.pirmasenser-zeitung.de|https://www.wikidata.org/wiki/Q2096794
rm-pitajalainen-pitajalainen-fi,Pitäjäläinen,https://www.pitajalainen.fi,europe,northern-europe,finland,local-area,Nilsiä,newspaper,fi,37,Ahrefs,2026-09-01,unknown,,unknown,unknown,P3,active,2026-09-01,https://www.pitajalainen.fi|https://www.wikidata.org/wiki/Q11888335
rm-seevetal-aktuell-de-seevetal-aktuell-de,seevetal-aktuell.de,https://seevetal-aktuell.de,europe,western-europe,germany,local-area,Local or regional market in Germany,digital-news,de,37,Ahrefs,2026-09-01,unknown,,unknown,unknown,P3,active,2026-09-01,https://seevetal-aktuell.de|https://www.wikidata.org/wiki/Q136490216
rm-the-north-shore-leader-thenorthshoreleader-com,The North Shore Leader,https://www.thenorthshoreleader.com,north-america,north-america,united-states,local-area,Locust Valley,newspaper,en,37,Ahrefs,2026-09-01,unknown,,unknown,unknown,P3,active,2026-09-01,https://www.thenorthshoreleader.com|https://www.wikidata.org/wiki/Q116021351
rm-voz-da-bahia-vozdabahia-com-br,Voz da Bahia,https://vozdabahia.com.br,latin-america-caribbean,south-america,brazil,local-area,Salvador,digital-news,pt,37,Ahrefs,2026-09-01,unknown,,unknown,unknown,P3,active,2026-09-01,https://vozdabahia.com.br|https://www.wikidata.org/wiki/Q107843931
rm-actu44-fr-actu44-fr,Actu44.fr,https://www.actu44.fr,europe,western-europe,france,local-area,Châteaubriant,digital-news,fr,36,Ahrefs,2026-09-01,unknown,,unknown,unknown,P3,active,2026-09-01,https://www.actu44.fr|https://www.wikidata.org/wiki/Q139068510
rm-bigfork-eagle-bigforkeagle-com,Bigfork Eagle,https://bigforkeagle.com,north-america,north-america,united-states,state-province,Montana,newspaper,en,36,Ahrefs,2026-09-01,unknown,,unknown,unknown,P3,active,2026-09-01,https://bigforkeagle.com|https://raw.githubusercontent.com/yinleon/LocalNewsDataset/master/data/local_news_dataset_2018_for_domain_analysis.csv
rm-carthage-courier-carthagecourier-com,Carthage Courier,https://carthagecourier.com,north-america,north-america,united-states,state-province,Tennessee,newspaper,en,36,Ahrefs,2026-09-01,unknown,,unknown,unknown,P3,active,2026-09-01,https://carthagecourier.com|https://raw.githubusercontent.com/yinleon/LocalNewsDataset/master/data/local_news_dataset_2018_for_domain_analysis.csv
rm-douglas-budget-douglas-budget-com,Douglas Budget,https://douglas-budget.com,north-america,north-america,united-states,state-province,Wyoming,newspaper,en,36,Ahrefs,2026-09-01,unknown,,unknown,unknown,P3,active,2026-09-01,https://douglas-budget.com|https://raw.githubusercontent.com/yinleon/LocalNewsDataset/master/data/local_news_dataset_2018_for_domain_analysis.csv
rm-hobbs-news-sun-hobbsnews-com,Hobbs News-Sun,https://hobbsnews.com,north-america,north-america,united-states,state-province,New Mexico,newspaper,en,36,Ahrefs,2026-09-01,unknown,,unknown,unknown,P3,active,2026-09-01,https://hobbsnews.com|https://raw.githubusercontent.com/yinleon/LocalNewsDataset/master/data/local_news_dataset_2018_for_domain_analysis.csv
rm-jarviseudun-sanomat-jarviseudunsanomat-fi,Järviseudun Sanomat,https://www.jarviseudunsanomat.fi,europe,northern-europe,finland,local-area,Lappajärvi parish village,newspaper,fi,36,Ahrefs,2026-09-01,unknown,,unknown,unknown,P3,unknown,2026-09-01,https://www.jarviseudunsanomat.fi|https://www.wikidata.org/wiki/Q11868391
rm-marmarismanset-com-marmarismanset-com,marmarismanset.com,https://marmarismanset.com,asia,western-asia,turkey,local-area,Marmaris,digital-news,tr,36,Ahrefs,2026-09-01,unknown,,unknown,unknown,P3,active,2026-09-01,https://marmarismanset.com|https://www.wikidata.org/wiki/Q131462551
rm-the-patriot-on-sunday-thepatriot-co-bw,The Patriot on Sunday,https://www.thepatriot.co.bw,africa,southern-africa,botswana,local-area,Gaborone,newspaper,en,36,Ahrefs,2026-09-01,unknown,,unknown,unknown,P3,active,2026-09-01,https://www.thepatriot.co.bw|https://www.wikidata.org/wiki/Q30674769
rm-wijchens-nieuws-wijchensnieuws-nl,Wijchens Nieuws,https://www.wijchensnieuws.nl,europe,western-europe,netherlands,local-area,Local or regional market in Netherlands,digital-news,nl,36,Ahrefs,2026-09-01,unknown,,unknown,unknown,P3,active,2026-09-01,https://www.wijchensnieuws.nl|https://www.wikidata.org/wiki/Q130379900
rm-yla-karjala-ylakarjala-fi,Ylä-Karjala,https://www.ylakarjala.fi,europe,northern-europe,finland,local-area,Nurmes,newspaper,fi,36,Ahrefs,2026-09-01,unknown,,unknown,unknown,P3,active,2026-09-01,https://www.wikidata.org/wiki/Q11902905|https://www.ylakarjala.fi
rm-bunkie-record-avoyellestoday-com,Bunkie Record,https://avoyellestoday.com,north-america,north-america,united-states,state-province,Louisiana,newspaper,en,35,Ahrefs,2026-09-01,unknown,,unknown,unknown,P3,active,2026-09-01,https://avoyellestoday.com|https://raw.githubusercontent.com/yinleon/LocalNewsDataset/master/data/local_news_dataset_2018_for_domain_analysis.csv
rm-burlington-record-burlington-record-com,Burlington Record,https://burlington-record.com,north-america,north-america,united-states,state-province,Colorado,newspaper,en,35,Ahrefs,2026-09-01,unknown,,unknown,unknown,P3,active,2026-09-01,https://burlington-record.com|https://raw.githubusercontent.com/yinleon/LocalNewsDataset/master/data/local_news_dataset_2018_for_domain_analysis.csv
rm-chanute-tribune-chanute-com,Chanute Tribune,https://chanute.com,north-america,north-america,united-states,state-province,Kansas,newspaper,en,35,Ahrefs,2026-09-01,unknown,,unknown,unknown,P3,active,2026-09-01,https://chanute.com|https://raw.githubusercontent.com/yinleon/LocalNewsDataset/master/data/local_news_dataset_2018_for_domain_analysis.csv
rm-chester-telegraph-chestertelegraph-org,Chester Telegraph,https://chestertelegraph.org,north-america,north-america,united-states,state-province,Vermont,newspaper,en,35,Ahrefs,2026-09-01,unknown,,unknown,unknown,P3,active,2026-09-01,https://chestertelegraph.org|https://raw.githubusercontent.com/yinleon/LocalNewsDataset/master/data/local_news_dataset_2018_for_domain_analysis.csv
rm-coal-valley-news-coalvalleynews-com,Coal Valley News,https://coalvalleynews.com,north-america,north-america,united-states,state-province,West Virginia,newspaper,en,35,Ahrefs,2026-09-01,unknown,,unknown,unknown,P3,active,2026-09-01,https://coalvalleynews.com|https://raw.githubusercontent.com/yinleon/LocalNewsDataset/master/data/local_news_dataset_2018_for_domain_analysis.csv
rm-grenda-grenda-no,Grenda,https://grenda.no,europe,northern-europe,norway,local-area,Rosendal,newspaper,nn,35,Ahrefs,2026-09-01,unknown,,unknown,unknown,P3,active,2026-09-01,https://grenda.no|https://www.wikidata.org/wiki/Q11972548
rm-gtr-newspapers-gtrnews-com,GTR Newspapers,https://gtrnews.com,north-america,north-america,united-states,state-province,Oklahoma,newspaper,en,35,Ahrefs,2026-09-01,unknown,,unknown,unknown,P3,active,2026-09-01,https://gtrnews.com|https://raw.githubusercontent.com/yinleon/LocalNewsDataset/master/data/local_news_dataset_2018_for_domain_analysis.csv
rm-kaakonkulma-kaakonkulma-fi,Kaakonkulma,https://www.kaakonkulma.fi,europe,northern-europe,finland,local-area,Virolahti,newspaper,fi,35,Ahrefs,2026-09-01,unknown,,unknown,unknown,P3,active,2026-09-01,https://www.kaakonkulma.fi|https://www.wikidata.org/wiki/Q11868669
rm-koillis-savo-koillis-savo-fi,Koillis-Savo,https://www.koillis-savo.fi,europe,northern-europe,finland,local-area,Kaavi,newspaper,fi,35,Ahrefs,2026-09-01,unknown,,unknown,unknown,P3,active,2026-09-01,https://www.koillis-savo.fi|https://www.wikidata.org/wiki/Q18680139
rm-l-hebdo-de-charente-maritime-lhebdo17-fr,L'Hebdo de Charente-Maritime,https://lhebdo17.fr,europe,western-europe,france,region,Local or regional market in France,newspaper,fr,35,Ahrefs,2026-09-01,unknown,,unknown,unknown,P3,active,2026-09-01,https://lhebdo17.fr|https://www.wikidata.org/wiki/Q114148626
rm-nyss-nyss-no,Nyss,https://nyss.no,europe,northern-europe,norway,local-area,Sykkylven Municipality,newspaper,nb,35,Ahrefs,2026-09-01,unknown,,unknown,unknown,P3,active,2026-09-01,https://nyss.no|https://www.wikidata.org/wiki/Q112731351
rm-pogostan-sanomat-pogostansanomat-fi,Pogostan Sanomat,https://www.pogostansanomat.fi,europe,northern-europe,finland,local-area,Ilomantsi,newspaper,fi,35,Ahrefs,2026-09-01,unknown,,unknown,unknown,P3,active,2026-09-01,https://www.pogostansanomat.fi|https://www.wikidata.org/wiki/Q11888393
rm-the-dispatch-birminghamdispatch-co-uk,The Dispatch,https://www.birminghamdispatch.co.uk,europe,northern-europe,united-kingdom,local-area,Local or regional market in United Kingdom,newspaper,en,35,Ahrefs,2026-09-01,unknown,,unknown,unknown,P3,active,2026-09-01,https://www.birminghamdispatch.co.uk|https://www.wikidata.org/wiki/Q133458732
rm-uutis-jousi-uutis-jousi-fi,Uutis-Jousi,https://www.uutis-jousi.fi,europe,northern-europe,finland,local-area,Siilinjärvi,newspaper,fi,35,Ahrefs,2026-09-01,unknown,,unknown,unknown,P3,active,2026-09-01,https://www.uutis-jousi.fi|https://www.wikidata.org/wiki/Q11899864
rm-viitasaaren-seutu-viitasaarenseutu-fi,Viitasaaren Seutu,https://www.viitasaarenseutu.fi,europe,northern-europe,finland,local-area,Viitasaari,newspaper,fi,35,Ahrefs,2026-09-01,unknown,,unknown,unknown,P3,active,2026-09-01,https://www.viitasaarenseutu.fi|https://www.wikidata.org/wiki/Q11901383
rm-outlet-gorodnews-ru,Город,https://gorodnews.ru/gorod,europe,eastern-europe,russia,local-area,Smolensk,newspaper,ru,35,Ahrefs,2026-09-01,unknown,,unknown,unknown,P3,active,2026-09-01,https://gorodnews.ru/gorod|https://www.wikidata.org/wiki/Q77434944
rm-alestle-alestlelive-com,Alestle,https://alestlelive.com,north-america,north-america,united-states,state-province,Illinois,community-news,en,34,Ahrefs,2026-09-01,unknown,,unknown,unknown,P3,unknown,2026-09-01,https://alestlelive.com|https://raw.githubusercontent.com/yinleon/LocalNewsDataset/master/data/local_news_dataset_2018_for_domain_analysis.csv
rm-alianza-metropolitan-alianzanews-com,Alianza Metropolitan,https://alianzanews.com,north-america,north-america,united-states,state-province,California,newspaper,en,34,Ahrefs,2026-09-01,unknown,,unknown,unknown,P3,active,2026-09-01,https://alianzanews.com|https://raw.githubusercontent.com/yinleon/LocalNewsDataset/master/data/local_news_dataset_2018_for_domain_analysis.csv
rm-alliance-times-herald-alliancetimes-com,Alliance Times-Herald,https://alliancetimes.com,north-america,north-america,united-states,state-province,Nebraska,newspaper,en,34,Ahrefs,2026-09-01,unknown,,unknown,unknown,P3,active,2026-09-01,https://alliancetimes.com|https://raw.githubusercontent.com/yinleon/LocalNewsDataset/master/data/local_news_dataset_2018_for_domain_analysis.csv
rm-almelo-s-weekblad-almeloosweekblad-nl,Almelo's Weekblad,https://www.almeloosweekblad.nl,europe,western-europe,netherlands,local-area,Almelo,newspaper,nl,34,Ahrefs,2026-09-01,unknown,,unknown,unknown,P3,active,2026-09-01,https://www.almeloosweekblad.nl|https://www.wikidata.org/wiki/Q116604013
rm-apopka-chief-theapopkachief-com,Apopka Chief,https://theapopkachief.com,north-america,north-america,united-states,state-province,Florida,newspaper,en,34,Ahrefs,2026-09-01,unknown,,unknown,unknown,P3,active,2026-09-01,https://raw.githubusercontent.com/yinleon/LocalNewsDataset/master/data/local_news_dataset_2018_for_domain_analysis.csv|https://theapopkachief.com
rm-barron-news-shield-news-shield-com,Barron News-Shield,https://news-shield.com,north-america,north-america,united-states,state-province,Wisconsin,newspaper,en,34,Ahrefs,2026-09-01,unknown,,unknown,unknown,P3,unknown,2026-09-01,https://news-shield.com|https://raw.githubusercontent.com/yinleon/LocalNewsDataset/master/data/local_news_dataset_2018_for_domain_analysis.csv
rm-beacon-news-parisbeacon-com,Beacon-News,https://parisbeacon.com,north-america,north-america,united-states,state-province,Illinois,newspaper,en,34,Ahrefs,2026-09-01,unknown,,unknown,unknown,P3,active,2026-09-01,https://parisbeacon.com|https://raw.githubusercontent.com/yinleon/LocalNewsDataset/master/data/local_news_dataset_2018_for_domain_analysis.csv
rm-chetek-alert-chetekalert-com,Chetek Alert,https://chetekalert.com,north-america,north-america,united-states,state-province,Wisconsin,newspaper,en,34,Ahrefs,2026-09-01,unknown,,unknown,unknown,P3,unknown,2026-09-01,https://chetekalert.com|https://raw.githubusercontent.com/yinleon/LocalNewsDataset/master/data/local_news_dataset_2018_for_domain_analysis.csv
rm-chronicle-bartonchronicle-com,Chronicle,https://bartonchronicle.com,north-america,north-america,united-states,state-province,Vermont,newspaper,en,34,Ahrefs,2026-09-01,unknown,,unknown,unknown,P3,active,2026-09-01,https://bartonchronicle.com|https://raw.githubusercontent.com/yinleon/LocalNewsDataset/master/data/local_news_dataset_2018_for_domain_analysis.csv
rm-delta-discovery-deltadiscovery-com,Delta Discovery,https://deltadiscovery.com,north-america,north-america,united-states,state-province,Alaska,newspaper,en,34,Ahrefs,2026-09-01,unknown,,unknown,unknown,P3,active,2026-09-01,https://deltadiscovery.com|https://raw.githubusercontent.com/yinleon/LocalNewsDataset/master/data/local_news_dataset_2018_for_domain_analysis.csv
rm-golaurens-com-golaurens-com,GoLaurens.com,https://golaurens.com,north-america,north-america,united-states,state-province,South Carolina,newspaper,en,34,Ahrefs,2026-09-01,unknown,,unknown,unknown,P3,unknown,2026-09-01,https://golaurens.com|https://raw.githubusercontent.com/yinleon/LocalNewsDataset/master/data/local_news_dataset_2018_for_domain_analysis.csv
rm-haparandabladet-hbwebben-se,Haparandabladet,https://hbwebben.se,europe,northern-europe,sweden,region,Haparanda,newspaper,sv,34,Ahrefs,2026-09-01,unknown,,unknown,unknown,P3,active,2026-09-01,https://hbwebben.se|https://www.wikidata.org/wiki/Q4605875
rm-jarviseutu-jarviseutu-lehti-fi,Järviseutu,https://www.jarviseutu-lehti.fi,europe,northern-europe,finland,local-area,Alajärvi,newspaper,fi,34,Ahrefs,2026-09-01,unknown,,unknown,unknown,P3,active,2026-09-01,https://www.jarviseutu-lehti.fi|https://www.wikidata.org/wiki/Q11868389
rm-kunnallislehti-paimio-sauvo-kaarina-kuntsari-fi,Kunnallislehti Paimio-Sauvo-Kaarina,https://www.kuntsari.fi,europe,northern-europe,finland,local-area,Paimio,newspaper,fi,34,Ahrefs,2026-09-01,unknown,,unknown,unknown,P3,active,2026-09-01,https://www.kuntsari.fi|https://www.wikidata.org/wiki/Q11873442
rm-new-hampshire-gazette-nhgazette-com,New Hampshire Gazette,https://nhgazette.com,north-america,north-america,united-states,state-province,New Hampshire,newspaper,en,34,Ahrefs,2026-09-01,unknown,,unknown,unknown,P3,active,2026-09-01,https://nhgazette.com|https://raw.githubusercontent.com/yinleon/LocalNewsDataset/master/data/local_news_dataset_2018_for_domain_analysis.csv
rm-parikkalan-rautjarven-sanomat-prsanomat-fi,Parikkalan-Rautjärven Sanomat,https://www.prsanomat.fi,europe,northern-europe,finland,local-area,Parikkala,newspaper,fi,34,Ahrefs,2026-09-01,unknown,,unknown,unknown,P3,active,2026-09-01,https://www.prsanomat.fi|https://www.wikidata.org/wiki/Q18680190
rm-setesd-len-setesdolen-no,Setesdølen,https://setesdolen.no,europe,northern-europe,norway,local-area,Evje og Hornnes Municipality,newspaper,no,34,Ahrefs,2026-09-01,unknown,,unknown,unknown,P3,active,2026-09-01,https://setesdolen.no|https://www.wikidata.org/wiki/Q1761822
rm-sydan-satakunta-sydansatakunta-fi,Sydän-Satakunta,https://www.sydansatakunta.fi,europe,northern-europe,finland,local-area,Kokemäki,newspaper,fi,34,Ahrefs,2026-09-01,unknown,,unknown,unknown,P3,active,2026-09-01,https://www.sydansatakunta.fi|https://www.wikidata.org/wiki/Q11895565
rm-wdcw-dcw50-com,WDCW,https://dcw50.com,north-america,north-america,united-states,state-province,District of Columbia,news-broadcaster,en,34,Ahrefs,2026-09-01,unknown,,unknown,unknown,P3,unknown,2026-09-01,https://dcw50.com|https://raw.githubusercontent.com/yinleon/LocalNewsDataset/master/data/local_news_dataset_2018_for_domain_analysis.csv
rm-asian-reporter-asianreporter-com,Asian Reporter,https://asianreporter.com,north-america,north-america,united-states,state-province,Oregon,newspaper,en,33,Ahrefs,2026-09-01,unknown,,unknown,unknown,P3,active,2026-09-01,https://asianreporter.com|https://raw.githubusercontent.com/yinleon/LocalNewsDataset/master/data/local_news_dataset_2018_for_domain_analysis.csv
rm-bandera-bulletin-banderabulletin-com,Bandera Bulletin,https://banderabulletin.com,north-america,north-america,united-states,state-province,Texas,newspaper,en,33,Ahrefs,2026-09-01,unknown,,unknown,unknown,P3,active,2026-09-01,https://banderabulletin.com|https://raw.githubusercontent.com/yinleon/LocalNewsDataset/master/data/local_news_dataset_2018_for_domain_analysis.csv
rm-california-democrat-californiademocrat-com,California Democrat,https://californiademocrat.com,north-america,north-america,united-states,state-province,Missouri,newspaper,en,33,Ahrefs,2026-09-01,unknown,,unknown,unknown,P3,active,2026-09-01,https://californiademocrat.com|https://raw.githubusercontent.com/yinleon/LocalNewsDataset/master/data/local_news_dataset_2018_for_domain_analysis.csv
rm-carroll-county-comet-carrollcountycomet-com,Carroll County Comet,https://carrollcountycomet.com,north-america,north-america,united-states,state-province,Indiana,newspaper,en,33,Ahrefs,2026-09-01,unknown,,unknown,unknown,P3,active,2026-09-01,https://carrollcountycomet.com|https://raw.githubusercontent.com/yinleon/LocalNewsDataset/master/data/local_news_dataset_2018_for_domain_analysis.csv
rm-caswell-messenger-caswellmessenger-com,Caswell Messenger,https://caswellmessenger.com,north-america,north-america,united-states,state-province,North Carolina,newspaper,en,33,Ahrefs,2026-09-01,unknown,,unknown,unknown,P3,unknown,2026-09-01,https://caswellmessenger.com|https://raw.githubusercontent.com/yinleon/LocalNewsDataset/master/data/local_news_dataset_2018_for_domain_analysis.csv
rm-college-voice-thecollegevoice-org,College Voice,https://thecollegevoice.org,north-america,north-america,united-states,state-province,Connecticut,community-news,en,33,Ahrefs,2026-09-01,unknown,,unknown,unknown,P3,active,2026-09-01,https://raw.githubusercontent.com/yinleon/LocalNewsDataset/master/data/local_news_dataset_2018_for_domain_analysis.csv|https://thecollegevoice.org
rm-custer-county-chief-custercountychief-com,Custer County Chief,https://custercountychief.com,north-america,north-america,united-states,state-province,Nebraska,newspaper,en,33,Ahrefs,2026-09-01,unknown,,unknown,unknown,P3,unknown,2026-09-01,https://custercountychief.com|https://raw.githubusercontent.com/yinleon/LocalNewsDataset/master/data/local_news_dataset_2018_for_domain_analysis.csv
rm-daily-al-fazl-alfazl-com,Daily Al-Fazl,https://www.alfazl.com,asia,southern-asia,pakistan,local-area,London,newspaper,ur,33,Ahrefs,2026-09-01,unknown,,unknown,unknown,P3,active,2026-09-01,https://www.alfazl.com|https://www.wikidata.org/wiki/Q427815
rm-hawaii-herald-thehawaiiherald-com,Hawaii Herald,https://thehawaiiherald.com,north-america,north-america,united-states,state-province,Hawaii,newspaper,en,33,Ahrefs,2026-09-01,unknown,,unknown,unknown,P3,active,2026-09-01,https://raw.githubusercontent.com/yinleon/LocalNewsDataset/master/data/local_news_dataset_2018_for_domain_analysis.csv|https://thehawaiiherald.com
rm-kulingen-kulingen-no,Kulingen,https://kulingen.no,europe,northern-europe,norway,local-area,Ørnes,newspaper,no,33,Ahrefs,2026-09-01,unknown,,unknown,unknown,P3,active,2026-09-01,https://kulingen.no|https://www.wikidata.org/wiki/Q76010031
rm-medya-yenigun-medyayenigun-net,Medya Yenigun,https://www.medyayenigun.net,asia,western-asia,turkey,local-area,Adana Province,digital-news,tr,33,Ahrefs,2026-09-01,unknown,,unknown,unknown,P3,unknown,2026-09-01,https://www.medyayenigun.net|https://www.wikidata.org/wiki/Q140466248
rm-merikarvia-lehti-merikarvialehti-fi,Merikarvia-lehti,https://www.merikarvialehti.fi,europe,northern-europe,finland,local-area,Merikarvia,newspaper,fi,33,Ahrefs,2026-09-01,unknown,,unknown,unknown,P3,active,2026-09-01,https://www.merikarvialehti.fi|https://www.wikidata.org/wiki/Q18680169
rm-pielavesi-keitele-pielavesi-keitele-fi,Pielavesi-Keitele,https://www.pielavesi-keitele.fi,europe,northern-europe,finland,local-area,Pielavesi,newspaper,fi,33,Ahrefs,2026-09-01,unknown,,unknown,unknown,P3,active,2026-09-01,https://www.pielavesi-keitele.fi|https://www.wikidata.org/wiki/Q18680191
rm-tenpoznan-pl-tenpoznan-pl,TenPoznan.pl,https://tenpoznan.pl,europe,eastern-europe,poland,local-area,Poznań,digital-news,pl,33,Ahrefs,2026-09-01,unknown,,unknown,unknown,P3,active,2026-09-01,https://tenpoznan.pl|https://www.wikidata.org/wiki/Q139535766
rm-tysv-r-bygdeblad-tysver-bygdeblad-no,Tysvær Bygdeblad,https://tysver-bygdeblad.no,europe,northern-europe,norway,local-area,Tysvær Municipality,newspaper,nn,33,Ahrefs,2026-09-01,unknown,,unknown,unknown,P3,active,2026-09-01,https://tysver-bygdeblad.no|https://www.wikidata.org/wiki/Q12008075
rm-outlet-vr-vyksa-ru,Выксунский рабочий,https://vr-vyksa.ru,europe,eastern-europe,russia,local-area,Vyksa,newspaper,ru,33,Ahrefs,2026-09-01,unknown,,unknown,unknown,P3,active,2026-09-01,https://vr-vyksa.ru|https://www.wikidata.org/wiki/Q136410067
rm-alvdal-midt-i-v-la-tynsetingen-no,Alvdal midt i væla,https://tynsetingen.no,europe,northern-europe,norway,local-area,Alvdal Municipality,newspaper,nb,32,Ahrefs,2026-09-01,unknown,,unknown,unknown,P3,active,2026-09-01,https://tynsetingen.no|https://www.wikidata.org/wiki/Q126370801
rm-anson-record-ansonrecord-com,Anson Record,https://ansonrecord.com,north-america,north-america,united-states,state-province,North Carolina,newspaper,en,32,Ahrefs,2026-09-01,unknown,,unknown,unknown,P3,active,2026-09-01,https://ansonrecord.com|https://raw.githubusercontent.com/yinleon/LocalNewsDataset/master/data/local_news_dataset_2018_for_domain_analysis.csv
rm-arlington-connection-arlingtonconnection-com,Arlington Connection,https://arlingtonconnection.com,north-america,north-america,united-states,state-province,Virginia,newspaper,en,32,Ahrefs,2026-09-01,unknown,,unknown,unknown,P3,active,2026-09-01,https://arlingtonconnection.com|https://raw.githubusercontent.com/yinleon/LocalNewsDataset/master/data/local_news_dataset_2018_for_domain_analysis.csv
rm-assayha-assayha-net,Assayha,https://www.assayha.net,africa,northern-africa,sudan,local-area,Sudan,newspaper,ar,32,Ahrefs,2026-09-01,unknown,,unknown,unknown,P3,unknown,2026-09-01,https://www.assayha.net|https://www.wikidata.org/wiki/Q134291131
rm-babylon-beacon-babylonbeacon-com,Babylon Beacon,https://babylonbeacon.com,north-america,north-america,united-states,state-province,New York,newspaper,en,32,Ahrefs,2026-09-01,unknown,,unknown,unknown,P3,active,2026-09-01,https://babylonbeacon.com|https://raw.githubusercontent.com/yinleon/LocalNewsDataset/master/data/local_news_dataset_2018_for_domain_analysis.csv
rm-breeze-courier-breezecourier-com,Breeze Courier,https://breezecourier.com,north-america,north-america,united-states,state-province,Illinois,newspaper,en,32,Ahrefs,2026-09-01,unknown,,unknown,unknown,P3,unknown,2026-09-01,https://breezecourier.com|https://raw.githubusercontent.com/yinleon/LocalNewsDataset/master/data/local_news_dataset_2018_for_domain_analysis.csv
rm-commercial-record-commercialrecord-com,Commercial Record,https://commercialrecord.com,north-america,north-america,united-states,state-province,Connecticut,newspaper,en,32,Ahrefs,2026-09-01,unknown,,unknown,unknown,P3,active,2026-09-01,https://commercialrecord.com|https://raw.githubusercontent.com/yinleon/LocalNewsDataset/master/data/local_news_dataset_2018_for_domain_analysis.csv
rm-diario-vea-diariovea-com-ve,Diario VEA,https://diariovea.com.ve,latin-america-caribbean,south-america,venezuela,state-province,Caracas,newspaper,es,32,Ahrefs,2026-09-01,unknown,,unknown,unknown,P3,active,2026-09-01,https://diariovea.com.ve|https://www.wikidata.org/wiki/Q5271864
rm-hawaiistar-com-hawaiistar-com,HawaiiStar.com,https://hawaiistar.com,north-america,north-america,united-states,state-province,Hawaii,newspaper,en,32,Ahrefs,2026-09-01,unknown,,unknown,unknown,P3,active,2026-09-01,https://hawaiistar.com|https://raw.githubusercontent.com/yinleon/LocalNewsDataset/master/data/local_news_dataset_2018_for_domain_analysis.csv
rm-l-independant-des-basses-pyrenees-pireneas-fr,L'Indépendant des Basses-Pyrénées,https://www.pireneas.fr/ark:/12148/cb34416250c/date,europe,western-europe,france,region,Pau,newspaper,fr,32,Ahrefs,2026-09-01,unknown,,unknown,unknown,P3,active,2026-09-01,https://www.pireneas.fr/ark:/12148/cb34416250c/date|https://www.wikidata.org/wiki/Q106257104
rm-mitt-kongsvinger-mittkongsvinger-no,Mitt Kongsvinger,https://mittkongsvinger.no,europe,northern-europe,norway,local-area,Local or regional market in Norway,newspaper,no,32,Ahrefs,2026-09-01,unknown,,unknown,unknown,P3,active,2026-09-01,https://mittkongsvinger.no|https://www.wikidata.org/wiki/Q113836885
rm-pyhajokiseutu-pyhajokiseutu-fi,Pyhäjokiseutu,https://www.pyhajokiseutu.fi,europe,northern-europe,finland,local-area,Oulainen,newspaper,fi,32,Ahrefs,2026-09-01,unknown,,unknown,unknown,P3,active,2026-09-01,https://www.pyhajokiseutu.fi|https://www.wikidata.org/wiki/Q18680199
rm-yenisokegazetesi-com-yenisokegazetesi-com,Yenisokegazetesi.com,https://yenisokegazetesi.com,asia,western-asia,turkey,local-area,Aydın,digital-news,tr,32,Ahrefs,2026-09-01,unknown,,unknown,unknown,P3,active,2026-09-01,https://www.wikidata.org/wiki/Q131842130|https://yenisokegazetesi.com
rm-aanekosken-kaupunkisanomat-aksa-fi,Äänekosken Kaupunkisanomat,https://aksa.fi,europe,northern-europe,finland,local-area,Local or regional market in Finland,newspaper,fi,32,Ahrefs,2026-09-01,unknown,,unknown,unknown,P3,active,2026-09-01,https://aksa.fi|https://www.wikidata.org/wiki/Q18663150
rm-akron-news-reporter-akronnewsreporter-com,Akron News-Reporter,https://akronnewsreporter.com,north-america,north-america,united-states,state-province,Colorado,newspaper,en,31,Ahrefs,2026-09-01,unknown,,unknown,unknown,P3,active,2026-09-01,https://akronnewsreporter.com|https://raw.githubusercontent.com/yinleon/LocalNewsDataset/master/data/local_news_dataset_2018_for_domain_analysis.csv
rm-alpine-sun-thealpinesun-com,Alpine Sun,https://thealpinesun.com,north-america,north-america,united-states,state-province,California,newspaper,en,31,Ahrefs,2026-09-01,unknown,,unknown,unknown,P3,unknown,2026-09-01,https://raw.githubusercontent.com/yinleon/LocalNewsDataset/master/data/local_news_dataset_2018_for_domain_analysis.csv|https://thealpinesun.com
rm-alvdal-midt-i-v-la-alvdalmiv-no,Alvdal midt i væla,https://alvdalmiv.no,europe,northern-europe,norway,local-area,Alvdal Municipality,newspaper,nb,31,Ahrefs,2026-09-01,unknown,,unknown,unknown,P3,active,2026-09-01,https://alvdalmiv.no|https://www.wikidata.org/wiki/Q126370801
rm-arnold-sentinel-arnoldne-org,Arnold Sentinel,https://arnoldne.org,north-america,north-america,united-states,state-province,Nebraska,newspaper,en,31,Ahrefs,2026-09-01,unknown,,unknown,unknown,P3,active,2026-09-01,https://arnoldne.org|https://raw.githubusercontent.com/yinleon/LocalNewsDataset/master/data/local_news_dataset_2018_for_domain_analysis.csv
rm-avisa-hemnes-avisahemnes-no,Avisa Hemnes,https://avisahemnes.no,europe,northern-europe,norway,local-area,Korgen,newspaper,nb,31,Ahrefs,2026-09-01,unknown,,unknown,unknown,P3,active,2026-09-01,https://avisahemnes.no|https://www.wikidata.org/wiki/Q15960394
rm-blackshear-times-theblacksheartimes-com,Blackshear Times,https://theblacksheartimes.com,north-america,north-america,united-states,state-province,Georgia,newspaper,en,31,Ahrefs,2026-09-01,unknown,,unknown,unknown,P3,active,2026-09-01,https://raw.githubusercontent.com/yinleon/LocalNewsDataset/master/data/local_news_dataset_2018_for_domain_analysis.csv|https://theblacksheartimes.com
rm-coalfield-progress-thecoalfieldprogress-com,Coalfield Progress,https://thecoalfieldprogress.com,north-america,north-america,united-states,state-province,Virginia,newspaper,en,31,Ahrefs,2026-09-01,unknown,,unknown,unknown,P3,active,2026-09-01,https://raw.githubusercontent.com/yinleon/LocalNewsDataset/master/data/local_news_dataset_2018_for_domain_analysis.csv|https://thecoalfieldprogress.com
rm-ennis-madisonian-madisoniannews-com,Ennis Madisonian,https://madisoniannews.com,north-america,north-america,united-states,state-province,Montana,newspaper,en,31,Ahrefs,2026-09-01,unknown,,unknown,unknown,P3,active,2026-09-01,https://madisoniannews.com|https://raw.githubusercontent.com/yinleon/LocalNewsDataset/master/data/local_news_dataset_2018_for_domain_analysis.csv
rm-lestijoki-lestijoki-fi,Lestijoki,https://www.lestijoki.fi,europe,northern-europe,finland,local-area,Kannus,newspaper,fi,31,Ahrefs,2026-09-01,unknown,,unknown,unknown,P3,active,2026-09-01,https://www.lestijoki.fi|https://www.wikidata.org/wiki/Q5475711
rm-pargas-kungorelser-paraisten-kuulutukset-pku-fi,Pargas Kungörelser – Paraisten Kuulutukset,https://www.pku.fi,europe,northern-europe,finland,local-area,Pargas,newspaper,sv,31,Ahrefs,2026-09-01,unknown,,unknown,unknown,P3,active,2026-09-01,https://www.pku.fi|https://www.wikidata.org/wiki/Q11886695
rm-paivamies-paivamies-fi,Päivämies,https://www.paivamies.fi,europe,northern-europe,finland,local-area,Oulu,newspaper,fi,31,Ahrefs,2026-09-01,unknown,,unknown,unknown,P3,active,2026-09-01,https://www.paivamies.fi|https://www.wikidata.org/wiki/Q11889396
rm-the-bell-glasgowbell-co-uk,The Bell,https://www.glasgowbell.co.uk,europe,northern-europe,united-kingdom,local-area,Local or regional market in United Kingdom,newspaper,en,31,Ahrefs,2026-09-01,unknown,,unknown,unknown,P3,active,2026-09-01,https://www.glasgowbell.co.uk|https://www.wikidata.org/wiki/Q133458749
rm-al-ittihad-alittihad44-com,Al-Ittihad,https://www.alittihad44.com,asia,western-asia,israel,local-area,Israel,newspaper,ar,30,Ahrefs,2026-09-01,unknown,,unknown,unknown,P3,active,2026-09-01,https://www.alittihad44.com|https://www.wikidata.org/wiki/Q741891
rm-alva-review-courier-alvareviewcourier-com,Alva Review Courier,https://alvareviewcourier.com,north-america,north-america,united-states,state-province,Oklahoma,newspaper,en,30,Ahrefs,2026-09-01,unknown,,unknown,unknown,P3,unknown,2026-09-01,https://alvareviewcourier.com|https://raw.githubusercontent.com/yinleon/LocalNewsDataset/master/data/local_news_dataset_2018_for_domain_analysis.csv
rm-arendals-tidende-arendalstidende-no,Arendals Tidende,https://arendalstidende.no,europe,northern-europe,norway,local-area,Local or regional market in Norway,newspaper,nb,30,Ahrefs,2026-09-01,unknown,,unknown,unknown,P3,active,2026-09-01,https://arendalstidende.no|https://www.wikidata.org/wiki/Q11958643
rm-bellevue-herald-leader-bellevueheraldleader-com,Bellevue Herald-Leader,https://bellevueheraldleader.com,north-america,north-america,united-states,state-province,Iowa,newspaper,en,30,Ahrefs,2026-09-01,unknown,,unknown,unknown,P3,unknown,2026-09-01,https://bellevueheraldleader.com|https://raw.githubusercontent.com/yinleon/LocalNewsDataset/master/data/local_news_dataset_2018_for_domain_analysis.csv
rm-berkeley-observer-berkeleyobserver-com,Berkeley Observer,https://berkeleyobserver.com,north-america,north-america,united-states,state-province,South Carolina,newspaper,en,30,Ahrefs,2026-09-01,unknown,,unknown,unknown,P3,active,2026-09-01,https://berkeleyobserver.com|https://raw.githubusercontent.com/yinleon/LocalNewsDataset/master/data/local_news_dataset_2018_for_domain_analysis.csv
rm-bulgaria-sega-bulgariasega-com,Bulgaria Sega,https://bulgariasega.com,north-america,north-america,united-states,state-province,Illinois,newspaper,en,30,Ahrefs,2026-09-01,unknown,,unknown,unknown,P3,active,2026-09-01,https://bulgariasega.com|https://raw.githubusercontent.com/yinleon/LocalNewsDataset/master/data/local_news_dataset_2018_for_domain_analysis.csv
rm-dillon-tribune-dillontribune-com,Dillon Tribune,https://dillontribune.com,north-america,north-america,united-states,state-province,Montana,newspaper,en,30,Ahrefs,2026-09-01,unknown,,unknown,unknown,P3,unknown,2026-09-01,https://dillontribune.com|https://raw.githubusercontent.com/yinleon/LocalNewsDataset/master/data/local_news_dataset_2018_for_domain_analysis.csv
rm-l-avenir-de-la-vienne-patrimoine-mediatheques-gran,L'Avenir de la Vienne,https://patrimoine.mediatheques-grandpoitiers.fr/search.aspx?SC=PATRIMOINE&QUERY=2461-7342,europe,western-europe,france,local-area,Poitiers,newspaper,fr,30,Ahrefs,2026-09-01,unknown,,unknown,unknown,P3,unknown,2026-09-01,https://patrimoine.mediatheques-grandpoitiers.fr/search.aspx?SC=PATRIMOINE&QUERY=2461-7342|https://www.wikidata.org/wiki/Q119048497
rm-realno-realno-net,Realno,https://realno.net,europe,eastern-europe,ukraine,local-area,Ternopil,digital-news,uk,30,Ahrefs,2026-09-01,unknown,,unknown,unknown,P3,active,2026-09-01,https://realno.net|https://www.wikidata.org/wiki/Q136008696
rm-samoyiki-samoyiki-com,Samoyiki,https://www.samoyiki.com,europe,northern-europe,norway,local-area,Norway,newspaper,bn,30,Ahrefs,2026-09-01,unknown,,unknown,unknown,P3,active,2026-09-01,https://www.samoyiki.com|https://www.wikidata.org/wiki/Q106775674
rm-suzaka-shimbun-suzakanews-co-jp,Suzaka Shimbun,https://www.suzakanews.co.jp,asia,eastern-asia,japan,local-area,Suzaka,newspaper,ja,30,Ahrefs,2026-09-01,unknown,,unknown,unknown,P3,active,2026-09-01,https://www.suzakanews.co.jp|https://www.wikidata.org/wiki/Q110884378
rm-the-anne-times-aade-project-edu-tw,The Anne Times,https://aade.project.edu.tw,asia,eastern-asia,taiwan,local-area,Taiwan,digital-news,zh,30,Ahrefs,2026-09-01,unknown,,unknown,unknown,P3,active,2026-09-01,https://aade.project.edu.tw|https://www.wikidata.org/wiki/Q137699126
