forum,url,country,language,primary_topic,topics,forum_type,status,domain_rating,domain_rating_provider,last_verified_at
&#x30B9;&#x30BF;&#x30C3;&#x30AF;&#x30FB;&#x30AA;&#x30FC;&#x30D0;&#x30FC;&#x30D5;&#x30ED;&#x30FC;,https://ja.stackoverflow.com/,,zh,PROGRAMMING_DEVELOPMENT,PROGRAMMING_DEVELOPMENT; CYBERSECURITY_IT,Q_AND_A,UNKNOWN,92,Ahrefs,2026-08-26
&#x420;&#x443;&#x441;&#x441;&#x43A;&#x438;&#x439; &#x44F;&#x437;&#x44B;&#x43A;,https://rus.stackexchange.com/,,,GENERAL_MULTI_TOPIC,GENERAL_MULTI_TOPIC,Q_AND_A,UNKNOWN,91,Ahrefs,2026-08-26
💫 The Prodigy Game Discourse Group - A place to talk about the Prodigy Education franchise.,https://prodigy-game.discourse.group/,,en,EDUCATION_STUDENTS,EDUCATION_STUDENTS,OTHER,ACTIVE,81,Ahrefs,2026-08-26
1001experiments.darkbb.com,https://1001experiments.darkbb.com/,,en,ANIMALS_PETS,ANIMALS_PETS; GOVERNMENT_PUBLIC_SECTOR,INDEPENDENT,DORMANT,51,Ahrefs,2026-08-26
1879.rpg-board.net,https://1879.rpg-board.net/,,en,GENERAL_MULTI_TOPIC,GENERAL_MULTI_TOPIC; GAMING_ESPORTS; NEWS_POLITICS_SOCIETY,INDEPENDENT,DORMANT,57,Ahrefs,2026-08-26
2C Exchange - 2C Exchange,https://2ndcareers-community.discourse.group/,,en,CAREERS_HR_RECRUITMENT,CAREERS_HR_RECRUITMENT,OTHER,ACTIVE,81,Ahrefs,2026-08-26
2wittykittys.rpg-board.net,https://2wittykittys.rpg-board.net/,,en,GENERAL_MULTI_TOPIC,GENERAL_MULTI_TOPIC; HEALTH_MEDICINE; GAMING_ESPORTS; ANIMALS_PETS; NEWS_POLITICS_SOCIETY,HOBBY_COMMUNITY,ACTIVE,57,Ahrefs,2026-08-26
32-Bit Cafe,https://discourse.32bit.cafe/,,en,WEB_HOSTING_DOMAINS,WEB_HOSTING_DOMAINS; TECHNOLOGY_SOFTWARE; CREATIVE_DESIGN,OTHER,ACTIVE,55,Ahrefs,2026-08-26
3456.catsboard.com,https://3456.catsboard.com/,,en,HEALTH_MEDICINE,HEALTH_MEDICINE; MUSIC_ENTERTAINMENT_CULTURE; NEWS_POLITICS_SOCIETY,INDEPENDENT,ACTIVE,45,Ahrefs,2026-08-26
3D Printing Stack Exchange,https://3dprinting.stackexchange.com/,,en,GENERAL_MULTI_TOPIC,GENERAL_MULTI_TOPIC,Q_AND_A,UNKNOWN,91,Ahrefs,2026-08-26
3D Slicer Community,https://discourse.slicer.org/,,en,TECHNOLOGY_SOFTWARE,TECHNOLOGY_SOFTWARE; CAREERS_HR_RECRUITMENT,OTHER,ACTIVE,72,Ahrefs,2026-08-26
4D Forum,https://discuss.4d.com/,,en,GENERAL_MULTI_TOPIC,GENERAL_MULTI_TOPIC,OTHER,ACTIVE,73,Ahrefs,2026-08-27
505 Go! Official Forums,https://forums.505go.com/,,en,GENERAL_MULTI_TOPIC,GENERAL_MULTI_TOPIC; NEWS_POLITICS_SOCIETY,OTHER,ACTIVE,26,Ahrefs,2026-08-26
604life.catsboard.com,https://604life.catsboard.com/,,en,GENERAL_MULTI_TOPIC,GENERAL_MULTI_TOPIC; CAREERS_HR_RECRUITMENT; AUTOMOTIVE; GAMING_ESPORTS; SPORTS_FITNESS,HOBBY_COMMUNITY,ACTIVE,45,Ahrefs,2026-08-26
816riders.forumotion.net,https://816riders.forumotion.net/,,,GENERAL_MULTI_TOPIC,GENERAL_MULTI_TOPIC,INDEPENDENT,UNKNOWN,60,Ahrefs,2026-08-26
a-battle-of-crowns.rpg-board.net,https://a-battle-of-crowns.rpg-board.net/,,,GAMING_ESPORTS,GAMING_ESPORTS,INDEPENDENT,DORMANT,57,Ahrefs,2026-08-26
a-crazyh.rpg-board.net,https://a-crazyh.rpg-board.net/,,en,GENERAL_MULTI_TOPIC,GENERAL_MULTI_TOPIC; GAMING_ESPORTS; MUSIC_ENTERTAINMENT_CULTURE; CONSUMER_DEALS_REVIEWS,HOBBY_COMMUNITY,ACTIVE,57,Ahrefs,2026-08-26
a-warriors-story.forumieren.de,https://a-warriors-story.forumieren.de/,,en,EDUCATION_STUDENTS,EDUCATION_STUDENTS; GAMING_ESPORTS; ANIMALS_PETS,HOBBY_COMMUNITY,ACTIVE,68,Ahrefs,2026-08-26
aami.forumotion.asia,https://aami.forumotion.asia/,,,TECHNOLOGY_SOFTWARE,TECHNOLOGY_SOFTWARE; MUSIC_ENTERTAINMENT_CULTURE; NEWS_POLITICS_SOCIETY,INDEPENDENT,ACTIVE,33,Ahrefs,2026-08-26
Aave - Governance Forum,https://governance.aave.com/,,,FINANCE_INVESTING_BANKING,FINANCE_INVESTING_BANKING; EDUCATION_STUDENTS,OTHER,ACTIVE,79,Ahrefs,2026-08-26
"ABB Robotics Community - ABB Robotics Community – Global Forum for Support, Knowledge & Collaboration",https://tech-community.robotics.abb.com/,Global,en,PROGRAMMING_DEVELOPMENT,PROGRAMMING_DEVELOPMENT; CAREERS_HR_RECRUITMENT,OTHER,ACTIVE,88,Ahrefs,2026-08-26
ac-memories.rpg-board.net,https://ac-memories.rpg-board.net/,,en,GENERAL_MULTI_TOPIC,GENERAL_MULTI_TOPIC; ECOMMERCE_MARKETPLACES; GAMING_ESPORTS; NEWS_POLITICS_SOCIETY,INDEPENDENT,DORMANT,57,Ahrefs,2026-08-26
Academia Stack Exchange,https://academia.stackexchange.com/,,en,GENERAL_MULTI_TOPIC,GENERAL_MULTI_TOPIC; AI_DATA; TECHNOLOGY_SOFTWARE; CAREERS_HR_RECRUITMENT; EDUCATION_STUDENTS,Q_AND_A,UNKNOWN,91,Ahrefs,2026-08-26
academycity.forumotion.co.uk,https://academycity.forumotion.co.uk/,,,GENERAL_MULTI_TOPIC,GENERAL_MULTI_TOPIC,INDEPENDENT,ACTIVE,52,Ahrefs,2026-08-26
acanada.rpg-board.net,https://acanada.rpg-board.net/,,,GAMING_ESPORTS,GAMING_ESPORTS,INDEPENDENT,ACTIVE,57,Ahrefs,2026-08-26
accelworldroleplay.rpg-board.net,https://accelworldroleplay.rpg-board.net/,,en,GAMING_ESPORTS,GAMING_ESPORTS,INDEPENDENT,ACTIVE,57,Ahrefs,2026-08-26
ACCESS Hive Community Forum - ACCESS Community Forum,https://forum.access-hive.org.au/,,en,TECHNOLOGY_SOFTWARE,TECHNOLOGY_SOFTWARE; SCIENCE,OTHER,ACTIVE,35,Ahrefs,2026-08-26
"Achievable community: GRE, FINRA, AMC, USMLE discussion - Achievable community: GRE, FINRA, AMC, USMLE discussion",https://talk.achievable.me/,,en,CAREERS_HR_RECRUITMENT,CAREERS_HR_RECRUITMENT; EDUCATION_STUDENTS; SCIENCE,OTHER,ACTIVE,56,Ahrefs,2026-08-26
Ada Forum,https://forum.ada-lang.io/,,en,GENERAL_MULTI_TOPIC,GENERAL_MULTI_TOPIC,OTHER,ACTIVE,32,Ahrefs,2026-08-26
Adalo,https://forum.adalo.com/,,en,GENERAL_MULTI_TOPIC,GENERAL_MULTI_TOPIC; CAREERS_HR_RECRUITMENT,OTHER,ACTIVE,77,Ahrefs,2026-08-26
adminForge Community - adminForge.de Community,https://community.adminforge.de/,,,TECHNOLOGY_SOFTWARE,TECHNOLOGY_SOFTWARE,OTHER,ACTIVE,68,Ahrefs,2026-08-26
Adobe Creative Cloud Developer Forums,https://forums.creativeclouddeveloper.com/,,en,ECOMMERCE_MARKETPLACES,ECOMMERCE_MARKETPLACES; PROGRAMMING_DEVELOPMENT; CREATIVE_DESIGN,OTHER,ACTIVE,31,Ahrefs,2026-08-26
adonia.rpg-board.net,https://adonia.rpg-board.net/,,en,TECHNOLOGY_SOFTWARE,TECHNOLOGY_SOFTWARE; GAMING_ESPORTS; LEGAL; NEWS_POLITICS_SOCIETY,HOBBY_COMMUNITY,ACTIVE,57,Ahrefs,2026-08-26
advancedcombat.rpg-board.net,https://advancedcombat.rpg-board.net/,,,GAMING_ESPORTS,GAMING_ESPORTS,INDEPENDENT,ACTIVE,57,Ahrefs,2026-08-26
Aerospike Community Forum,https://discuss.aerospike.com/,,en,GENERAL_MULTI_TOPIC,GENERAL_MULTI_TOPIC; PROGRAMMING_DEVELOPMENT; BUSINESS_ENTREPRENEURSHIP; NEWS_POLITICS_SOCIETY,OTHER,ACTIVE,73,Ahrefs,2026-08-26
aForum - die Aprilia Community - aforum,https://aforum.net/,,de,NEWS_POLITICS_SOCIETY,NEWS_POLITICS_SOCIETY,OTHER,ACTIVE,20,Ahrefs,2026-08-26
AFPy - Association Francophone Python,https://discuss.afpy.org/,,,PROGRAMMING_DEVELOPMENT,PROGRAMMING_DEVELOPMENT; ANIMALS_PETS,OTHER,ACTIVE,51,Ahrefs,2026-08-26
africancichlidsni.forumotion.co.uk,https://africancichlidsni.forumotion.co.uk/,,en,GENERAL_MULTI_TOPIC,GENERAL_MULTI_TOPIC,INDEPENDENT,ACTIVE,52,Ahrefs,2026-08-26
agameofthroneslcg.rpg-board.net,https://agameofthroneslcg.rpg-board.net/,,en,TECHNOLOGY_SOFTWARE,TECHNOLOGY_SOFTWARE; GAMING_ESPORTS,INDEPENDENT,UNKNOWN,57,Ahrefs,2026-08-26
agema.darkbb.com,https://agema.darkbb.com/,,en,TECHNOLOGY_SOFTWARE,TECHNOLOGY_SOFTWARE; GAMING_ESPORTS; NEWS_POLITICS_SOCIETY,HOBBY_COMMUNITY,ACTIVE,51,Ahrefs,2026-08-26
akatsukiliferpg.rpg-board.net,https://akatsukiliferpg.rpg-board.net/,,,GAMING_ESPORTS,GAMING_ESPORTS,INDEPENDENT,UNKNOWN,57,Ahrefs,2026-08-26
akinawhiteknights.rpg-board.net,https://akinawhiteknights.rpg-board.net/,,,GAMING_ESPORTS,GAMING_ESPORTS; MUSIC_ENTERTAINMENT_CULTURE,HOBBY_COMMUNITY,DORMANT,57,Ahrefs,2026-08-26
alberni.rpg-board.net,https://alberni.rpg-board.net/,,en,GENERAL_MULTI_TOPIC,GENERAL_MULTI_TOPIC; BUSINESS_ENTREPRENEURSHIP; GAMING_ESPORTS; SPORTS_FITNESS; MUSIC_ENTERTAINMENT_CULTURE,HOBBY_COMMUNITY,ACTIVE,57,Ahrefs,2026-08-26
alchemisthaven.rpg-board.net,https://alchemisthaven.rpg-board.net/,,en,GAMING_ESPORTS,GAMING_ESPORTS; HOME_DIY; MUSIC_ENTERTAINMENT_CULTURE,INDEPENDENT,DORMANT,57,Ahrefs,2026-08-26
alchemistrp.rpg-board.net,https://alchemistrp.rpg-board.net/,,,GAMING_ESPORTS,GAMING_ESPORTS,INDEPENDENT,DORMANT,57,Ahrefs,2026-08-26
Algorand - Algorand announcements and governance discussions.,https://forum.algorand.co/,,en,GENERAL_MULTI_TOPIC,GENERAL_MULTI_TOPIC,OTHER,ACTIVE,74,Ahrefs,2026-08-26
"Alice Blue Community - Alice Blue's community forum is the next step the company is taking to get closer to our clients. On this platform, users can ask questions and explore all a",https://community.aliceblueonline.com/,,en,FINANCE_INVESTING_BANKING,FINANCE_INVESTING_BANKING; CYBERSECURITY_IT; BUSINESS_ENTREPRENEURSHIP; EDUCATION_STUDENTS,OTHER,ACTIVE,62,Ahrefs,2026-08-26
Allen Brain Map Community Forum,https://community.brain-map.org/,,en,SCIENCE,SCIENCE,OTHER,ACTIVE,72,Ahrefs,2026-08-26
allgundamuniverse.rpg-board.net,https://allgundamuniverse.rpg-board.net/,,en,GENERAL_MULTI_TOPIC,GENERAL_MULTI_TOPIC; GAMING_ESPORTS; NEWS_POLITICS_SOCIETY,INDEPENDENT,UNKNOWN,57,Ahrefs,2026-08-26
Alliance for OpenUSD,https://forum.aousd.org/,,en,GENERAL_MULTI_TOPIC,GENERAL_MULTI_TOPIC,OTHER,ACTIVE,63,Ahrefs,2026-08-26
allpetsandanimals.forummotion.com,https://allpetsandanimals.forummotion.com/,,,ANIMALS_PETS,ANIMALS_PETS,INDEPENDENT,ACTIVE,45,Ahrefs,2026-08-26
AlmaLinux - AlmaLinux Discussion Community,https://forums.almalinux.org/,,en,GENERAL_MULTI_TOPIC,GENERAL_MULTI_TOPIC; CYBERSECURITY_IT,OTHER,ACTIVE,84,Ahrefs,2026-08-26
Alpaca Community Forum - Alpaca Community Forum | Stock Trading API,https://forum.alpaca.markets/,,en,FINANCE_INVESTING_BANKING,FINANCE_INVESTING_BANKING,OTHER,ACTIVE,76,Ahrefs,2026-08-26
alternativeteamwork.rpg-board.net,https://alternativeteamwork.rpg-board.net/,,,GAMING_ESPORTS,GAMING_ESPORTS,INDEPENDENT,ACTIVE,57,Ahrefs,2026-08-26
"AM22Tech Forum - Immigration, Visa Questions, Reliable Answers",https://forum.am22tech.com/,,en,GENERAL_MULTI_TOPIC,GENERAL_MULTI_TOPIC; ECOMMERCE_MARKETPLACES; CAREERS_HR_RECRUITMENT; TRAVEL_EXPAT_IMMIGRATION; LEGAL,OTHER,ACTIVE,30,Ahrefs,2026-08-26
Amateur Radio Stack Exchange,https://ham.stackexchange.com/,,,TECHNOLOGY_SOFTWARE,TECHNOLOGY_SOFTWARE; LEGAL,Q_AND_A,UNKNOWN,91,Ahrefs,2026-08-26
Amazon Developer Community,https://community.amazondeveloper.com/,,en,PROGRAMMING_DEVELOPMENT,PROGRAMMING_DEVELOPMENT; MUSIC_ENTERTAINMENT_CULTURE; NEWS_POLITICS_SOCIETY,Q_AND_A,ACTIVE,52,Ahrefs,2026-08-26
Amazon Seller Forum - Amazon Seller Community Discussion Forum,https://seller-forum.com/,,en,ECOMMERCE_MARKETPLACES,ECOMMERCE_MARKETPLACES; BUSINESS_ENTREPRENEURSHIP; HEALTH_MEDICINE; TRANSPORT_LOGISTICS,OTHER,ACTIVE,13,Ahrefs,2026-08-26
AMD Developer Community - together we advance_,https://devcommunity.amd.com/,,en,GENERAL_MULTI_TOPIC,GENERAL_MULTI_TOPIC; PROGRAMMING_DEVELOPMENT; AI_DATA; TECHNOLOGY_SOFTWARE; EDUCATION_STUDENTS,HOBBY_COMMUNITY,ACTIVE,90,Ahrefs,2026-08-26
American Homebrewers Association® Forum,https://forum.homebrewersassociation.org/,,en,GENERAL_MULTI_TOPIC,GENERAL_MULTI_TOPIC; SCIENCE; TRAVEL_EXPAT_IMMIGRATION; HOME_DIY; FOOD_COOKING,OTHER,ACTIVE,73,Ahrefs,2026-08-26
amongstthestars.rpg-board.net,https://amongstthestars.rpg-board.net/,,en,GENERAL_MULTI_TOPIC,GENERAL_MULTI_TOPIC; GAMING_ESPORTS; NEWS_POLITICS_SOCIETY,HOBBY_COMMUNITY,DORMANT,57,Ahrefs,2026-08-26
"Ampere arm64 Developer Community - Where Ampere and arm64 developers come, meet, and learn!",https://community.amperecomputing.com/,,en,GENERAL_MULTI_TOPIC,GENERAL_MULTI_TOPIC; PROGRAMMING_DEVELOPMENT; ARCHITECTURE_DESIGN; NEWS_POLITICS_SOCIETY,Q_AND_A,ACTIVE,70,Ahrefs,2026-08-26
andhramirchi.forumotion.net,https://andhramirchi.forumotion.net/,,,TECHNOLOGY_SOFTWARE,TECHNOLOGY_SOFTWARE; MUSIC_ENTERTAINMENT_CULTURE,INDEPENDENT,ACTIVE,60,Ahrefs,2026-08-26
Android Enthusiasts Stack Exchange,https://android.stackexchange.com/,,en,PROGRAMMING_DEVELOPMENT,PROGRAMMING_DEVELOPMENT; PARENTING_FAMILY,Q_AND_A,UNKNOWN,91,Ahrefs,2026-08-26
androidmagicians.rpg-board.net,https://androidmagicians.rpg-board.net/,,,FINANCE_INVESTING_BANKING,FINANCE_INVESTING_BANKING; GAMING_ESPORTS,INDEPENDENT,DORMANT,57,Ahrefs,2026-08-26
anewera.rpg-board.net,https://anewera.rpg-board.net/,,en,GAMING_ESPORTS,GAMING_ESPORTS; ANIMALS_PETS,HOBBY_COMMUNITY,ACTIVE,57,Ahrefs,2026-08-26
angelsdawn.rpg-board.net,https://angelsdawn.rpg-board.net/,,en,GAMING_ESPORTS,GAMING_ESPORTS; CREATIVE_DESIGN; MUSIC_ENTERTAINMENT_CULTURE,INDEPENDENT,ACTIVE,57,Ahrefs,2026-08-26
angryfox.rpg-board.net,https://angryfox.rpg-board.net/,,,GAMING_ESPORTS,GAMING_ESPORTS; NEWS_POLITICS_SOCIETY,INDEPENDENT,ACTIVE,57,Ahrefs,2026-08-26
animate.rpg-board.net,https://animate.rpg-board.net/,,,GAMING_ESPORTS,GAMING_ESPORTS,INDEPENDENT,DORMANT,57,Ahrefs,2026-08-26
Anime & Manga Stack Exchange,https://anime.stackexchange.com/,,en,NEWS_POLITICS_SOCIETY,NEWS_POLITICS_SOCIETY,Q_AND_A,UNKNOWN,91,Ahrefs,2026-08-26
anime-evolution.darkbb.com,https://anime-evolution.darkbb.com/,,en,GAMING_ESPORTS,GAMING_ESPORTS; CREATIVE_DESIGN; MUSIC_ENTERTAINMENT_CULTURE,INDEPENDENT,ACTIVE,51,Ahrefs,2026-08-26
animeroleplayrealm.forummotion.com,https://animeroleplayrealm.forummotion.com/,,,GAMING_ESPORTS,GAMING_ESPORTS,INDEPENDENT,DORMANT,45,Ahrefs,2026-08-26
animerpg.rpg-board.net,https://animerpg.rpg-board.net/,,en,GAMING_ESPORTS,GAMING_ESPORTS; MUSIC_ENTERTAINMENT_CULTURE,INDEPENDENT,ACTIVE,57,Ahrefs,2026-08-26
animeuniverseau.rpg-board.net,https://animeuniverseau.rpg-board.net/,,,GAMING_ESPORTS,GAMING_ESPORTS; CREATIVE_DESIGN,INDEPENDENT,ACTIVE,57,Ahrefs,2026-08-26
animeverse.rpg-board.net,https://animeverse.rpg-board.net/,,en,GENERAL_MULTI_TOPIC,GENERAL_MULTI_TOPIC; GAMING_ESPORTS,HOBBY_COMMUNITY,ACTIVE,57,Ahrefs,2026-08-26
animewarudo.rpg-board.net,https://animewarudo.rpg-board.net/,,en,GAMING_ESPORTS,GAMING_ESPORTS,HOBBY_COMMUNITY,ACTIVE,57,Ahrefs,2026-08-26
Anki Forums,https://forums.ankiweb.net/,,en,EDUCATION_STUDENTS,EDUCATION_STUDENTS,OTHER,ACTIVE,82,Ahrefs,2026-08-26
AnkiHub Community,https://community.ankihub.net/,,en,GENERAL_MULTI_TOPIC,GENERAL_MULTI_TOPIC,OTHER,ACTIVE,51,Ahrefs,2026-08-26
"Anoma | Forum - Anoma Research & Development Forum. Topics include Cryptography, Compilers, PLT, Distributed Systems, Economics.",https://forum.anoma.net/,,en,BUSINESS_ENTREPRENEURSHIP,BUSINESS_ENTREPRENEURSHIP; EDUCATION_STUDENTS; CONSUMER_DEALS_REVIEWS,OTHER,ACTIVE,57,Ahrefs,2026-08-26
Anova Community | Food Nerd Forum | Anova Culinary,https://community.anovaculinary.com/,,en,FOOD_COOKING,FOOD_COOKING; PARENTING_FAMILY,OTHER,ACTIVE,70,Ahrefs,2026-08-26
Ansible - The Ansible Community forum,https://forum.ansible.com/,,en,PROGRAMMING_DEVELOPMENT,PROGRAMMING_DEVELOPMENT; NEWS_POLITICS_SOCIETY,OTHER,ACTIVE,85,Ahrefs,2026-08-26
"Anviz Community - Secure Workplace, Simplify Management",https://community.anviz.com/,,en; zh,TECHNOLOGY_SOFTWARE,TECHNOLOGY_SOFTWARE; BUSINESS_ENTREPRENEURSHIP; CAREERS_HR_RECRUITMENT; PHOTOGRAPHY_VIDEO,PROFESSIONAL_COMMUNITY,ACTIVE,57,Ahrefs,2026-08-26
anything.editboard.com,https://anything.editboard.com/,,en,GAMING_ESPORTS,GAMING_ESPORTS; MUSIC_ENTERTAINMENT_CULTURE; NEWS_POLITICS_SOCIETY,HOBBY_COMMUNITY,ACTIVE,52,Ahrefs,2026-08-26
anythingroleplaying.rpg-board.net,https://anythingroleplaying.rpg-board.net/,,,GAMING_ESPORTS,GAMING_ESPORTS,INDEPENDENT,DORMANT,57,Ahrefs,2026-08-26
anzotika.bosnianforum.com,https://anzotika.bosnianforum.com/,,en,ECOMMERCE_MARKETPLACES,ECOMMERCE_MARKETPLACES; NEWS_POLITICS_SOCIETY,INDEPENDENT,ACTIVE,17,Ahrefs,2026-08-26
aosu community,https://community.aosulife.com/,,en,CYBERSECURITY_IT,CYBERSECURITY_IT; PARENTING_FAMILY,OTHER,ACTIVE,49,Ahrefs,2026-08-26
APH Hive Discussion Board - Hive Discussion Board,https://community.aphhive.org/,,en,PROGRAMMING_DEVELOPMENT,PROGRAMMING_DEVELOPMENT; TECHNOLOGY_SOFTWARE; EDUCATION_STUDENTS; PARENTING_FAMILY,PROFESSIONAL_COMMUNITY,ACTIVE,34,Ahrefs,2026-08-26
aphocforum.rpg-board.net,https://aphocforum.rpg-board.net/,,,GAMING_ESPORTS,GAMING_ESPORTS; NEWS_POLITICS_SOCIETY,INDEPENDENT,DORMANT,57,Ahrefs,2026-08-26
apocalypse-city.rpg-board.net,https://apocalypse-city.rpg-board.net/,,,AUTOMOTIVE,AUTOMOTIVE; GAMING_ESPORTS; NEWS_POLITICS_SOCIETY,INDEPENDENT,ACTIVE,57,Ahrefs,2026-08-26
Apollo Community - Apollo GraphQL community,https://community.apollographql.com/,,en,GENERAL_MULTI_TOPIC,GENERAL_MULTI_TOPIC,OTHER,ACTIVE,82,Ahrefs,2026-08-26
Appfarm Community - The official Appfarm Community Forum,https://community.appfarm.io/,,en,GENERAL_MULTI_TOPIC,GENERAL_MULTI_TOPIC,OTHER,ACTIVE,48,Ahrefs,2026-08-26
"AppliancePartsPros Forum - DIY appliance repair help and parts, all in one place.",https://forum.appliancepartspros.com/,,en,HOME_DIY,HOME_DIY,OTHER,ACTIVE,56,Ahrefs,2026-08-26
aqualifestyle-world.forumactif.org,https://aqualifestyle-world.forumactif.org/,Global,en,AGRICULTURE_GARDENING,AGRICULTURE_GARDENING; ANIMALS_PETS,INDEPENDENT,ACTIVE,73,Ahrefs,2026-08-26
Arbitrum - Arbitrum Governance Forum,https://forum.arbitrum.foundation/,,en,CRYPTO_WEB3,CRYPTO_WEB3; CYBERSECURITY_IT; BUSINESS_ENTREPRENEURSHIP; GAMING_ESPORTS,HOBBY_COMMUNITY,ACTIVE,70,Ahrefs,2026-08-26
arcticdemons.rpg-board.net,https://arcticdemons.rpg-board.net/,,en,GAMING_ESPORTS,GAMING_ESPORTS; NEWS_POLITICS_SOCIETY,INDEPENDENT,DORMANT,57,Ahrefs,2026-08-26
Arduboy,https://community.arduboy.com/,,en,TECHNOLOGY_SOFTWARE,TECHNOLOGY_SOFTWARE; EDUCATION_STUDENTS; MUSIC_ENTERTAINMENT_CULTURE,OTHER,ACTIVE,55,Ahrefs,2026-08-27
Arduino Forum,https://forum.arduino.cc/,,en,CYBERSECURITY_IT,CYBERSECURITY_IT; TECHNOLOGY_SOFTWARE; EDUCATION_STUDENTS,OTHER,ACTIVE,88,Ahrefs,2026-08-26
Arduino Stack Exchange,https://arduino.stackexchange.com/,,en,TECHNOLOGY_SOFTWARE,TECHNOLOGY_SOFTWARE,Q_AND_A,UNKNOWN,91,Ahrefs,2026-08-26
arnolgholic.forumotion.co.uk,https://arnolgholic.forumotion.co.uk/forum,,ja,CYBERSECURITY_IT,CYBERSECURITY_IT,INDEPENDENT,DORMANT,52,Ahrefs,2026-08-26
Arqade,https://gaming.stackexchange.com/,,en,PROGRAMMING_DEVELOPMENT,PROGRAMMING_DEVELOPMENT,Q_AND_A,UNKNOWN,91,Ahrefs,2026-08-26
Arrow DAO,https://dao.arrowair.com/,,en,ENGINEERING,ENGINEERING; AUTOMOTIVE; TRANSPORT_LOGISTICS,OTHER,ACTIVE,28,Ahrefs,2026-08-26
Art of Memory Forum,https://forum.artofmemory.com/,,en,EDUCATION_STUDENTS,EDUCATION_STUDENTS; HEALTH_MEDICINE; LEGAL,OTHER,ACTIVE,61,Ahrefs,2026-08-27
Artificial Intelligence Stack Exchange,https://ai.stackexchange.com/,,en,AI_DATA,AI_DATA; EDUCATION_STUDENTS,Q_AND_A,UNKNOWN,91,Ahrefs,2026-08-26
Arts & Crafts Stack Exchange,https://crafts.stackexchange.com/,,en,CREATIVE_DESIGN,CREATIVE_DESIGN; HOBBIES_COLLECTING_OUTDOORS,Q_AND_A,UNKNOWN,91,Ahrefs,2026-08-26
arunguy.1fr1.net,https://arunguy.1fr1.net/,,,MUSIC_ENTERTAINMENT_CULTURE,MUSIC_ENTERTAINMENT_CULTURE,INDEPENDENT,UNKNOWN,65,Ahrefs,2026-08-26
Arutle - Eesti Foorum,https://arutle.ee/,,,GENERAL_MULTI_TOPIC,GENERAL_MULTI_TOPIC,OTHER,ACTIVE,0,Ahrefs,2026-08-26
as-ss.rpg-board.net,https://as-ss.rpg-board.net/forum,,,GAMING_ESPORTS,GAMING_ESPORTS,INDEPENDENT,ACTIVE,57,Ahrefs,2026-08-26
Asana Forum,https://forum.asana.com/,,en,MARKETING_SEO_GROWTH,MARKETING_SEO_GROWTH; ECOMMERCE_MARKETPLACES; GOVERNMENT_PUBLIC_SECTOR; NEWS_POLITICS_SOCIETY,OTHER,ACTIVE,91,Ahrefs,2026-08-26
Aseprite Community,https://community.aseprite.org/,,en,CREATIVE_DESIGN,CREATIVE_DESIGN; NEWS_POLITICS_SOCIETY,OTHER,ACTIVE,73,Ahrefs,2026-08-26
asiforum.rpg-board.net,https://asiforum.rpg-board.net/forum,,,GAMING_ESPORTS,GAMING_ESPORTS,INDEPENDENT,UNKNOWN,57,Ahrefs,2026-08-26
Ask Different,https://apple.stackexchange.com/,,en,PROGRAMMING_DEVELOPMENT,PROGRAMMING_DEVELOPMENT; TECHNOLOGY_SOFTWARE,Q_AND_A,UNKNOWN,91,Ahrefs,2026-08-26
Ask Patents,https://patents.stackexchange.com/,,en,TECHNOLOGY_SOFTWARE,TECHNOLOGY_SOFTWARE,Q_AND_A,UNKNOWN,91,Ahrefs,2026-08-26
Ask Ubuntu,https://askubuntu.com/,,en,GENERAL_MULTI_TOPIC,GENERAL_MULTI_TOPIC,Q_AND_A,UNKNOWN,83,Ahrefs,2026-08-26
aspatrias-voice.niceboard.com,https://aspatrias-voice.niceboard.com/,,en,NEWS_POLITICS_SOCIETY,NEWS_POLITICS_SOCIETY,INDEPENDENT,DORMANT,50,Ahrefs,2026-08-26
Astar Forum - Astar - A web3 Collective!,https://forum.astar.network/,,en,FINANCE_INVESTING_BANKING,FINANCE_INVESTING_BANKING; CRYPTO_WEB3,OTHER,ACTIVE,69,Ahrefs,2026-08-26
Astro-COLIBRI,https://forum.astro-colibri.science/,,en,GENERAL_MULTI_TOPIC,GENERAL_MULTI_TOPIC,OTHER,ACTIVE,32,Ahrefs,2026-08-26
Astronomy Stack Exchange,https://astronomy.stackexchange.com/,,en,SCIENCE,SCIENCE,Q_AND_A,UNKNOWN,91,Ahrefs,2026-08-26
atoc.rpg-board.net,https://atoc.rpg-board.net/,China,en,GAMING_ESPORTS,GAMING_ESPORTS,LOCAL_REGIONAL,ACTIVE,57,Ahrefs,2026-08-26
attackonhorizon.rpg-board.net,https://attackonhorizon.rpg-board.net/forum,,,EDUCATION_STUDENTS,EDUCATION_STUDENTS; GAMING_ESPORTS,INDEPENDENT,ACTIVE,57,Ahrefs,2026-08-26
attackontitan.rpg-board.net,https://attackontitan.rpg-board.net/,,,GAMING_ESPORTS,GAMING_ESPORTS; ANIMALS_PETS,INDEPENDENT,ACTIVE,57,Ahrefs,2026-08-26
Audacity Forum,https://forum.audacityteam.org/,,en,GENERAL_MULTI_TOPIC,GENERAL_MULTI_TOPIC; TECHNOLOGY_SOFTWARE; EDUCATION_STUDENTS; CREATIVE_DESIGN; MUSIC_ENTERTAINMENT_CULTURE,OTHER,ACTIVE,86,Ahrefs,2026-08-26
Auth0 Community,https://community.auth0.com/,,en,ECOMMERCE_MARKETPLACES,ECOMMERCE_MARKETPLACES; PROGRAMMING_DEVELOPMENT; ENGINEERING; NEWS_POLITICS_SOCIETY,OTHER,ACTIVE,90,Ahrefs,2026-08-26
authdmo.rpg-board.net,https://authdmo.rpg-board.net/,,,GENERAL_MULTI_TOPIC,GENERAL_MULTI_TOPIC; GAMING_ESPORTS; NEWS_POLITICS_SOCIETY,INDEPENDENT,ACTIVE,57,Ahrefs,2026-08-26
AutomationEdge Community Forum - Robotic Process Automation & IT Automation - This community is a place for AutomationEdge Users to get answers to all your questions and updates re,https://community.automationedge.com/,,en,AI_DATA,AI_DATA; CAREERS_HR_RECRUITMENT,HOBBY_COMMUNITY,ACTIVE,56,Ahrefs,2026-08-26
avatar-role-play-rpg.rpg-board.net,https://avatar-role-play-rpg.rpg-board.net/,,en,BUSINESS_ENTREPRENEURSHIP,BUSINESS_ENTREPRENEURSHIP; GAMING_ESPORTS; NEWS_POLITICS_SOCIETY,INDEPENDENT,ACTIVE,57,Ahrefs,2026-08-26
avatarbeginnings.rpg-board.net,https://avatarbeginnings.rpg-board.net/,,en,GAMING_ESPORTS,GAMING_ESPORTS; CREATIVE_DESIGN,INDEPENDENT,ACTIVE,57,Ahrefs,2026-08-26
avatarjourney.rpg-board.net,https://avatarjourney.rpg-board.net/,,,GAMING_ESPORTS,GAMING_ESPORTS; ANIMALS_PETS,INDEPENDENT,ACTIVE,57,Ahrefs,2026-08-26
avatarnewbeginnings.rpg-board.net,https://avatarnewbeginnings.rpg-board.net/,,en,GAMING_ESPORTS,GAMING_ESPORTS; ANIMALS_PETS; NEWS_POLITICS_SOCIETY,INDEPENDENT,ACTIVE,57,Ahrefs,2026-08-26
avatarp.rpg-board.net,https://avatarp.rpg-board.net/,,en,GENERAL_MULTI_TOPIC,GENERAL_MULTI_TOPIC; TRAVEL_EXPAT_IMMIGRATION; GAMING_ESPORTS; ANIMALS_PETS,INDEPENDENT,ACTIVE,57,Ahrefs,2026-08-26
avatarrp.aforumfree.com,https://avatarrp.aforumfree.com/,,en,GENERAL_MULTI_TOPIC,GENERAL_MULTI_TOPIC; GAMING_ESPORTS; CREATIVE_DESIGN; MUSIC_ENTERTAINMENT_CULTURE; NEWS_POLITICS_SOCIETY,HOBBY_COMMUNITY,ACTIVE,41,Ahrefs,2026-08-26
avatarworld.forumotion.net,https://avatarworld.forumotion.net/forum,,en,NEWS_POLITICS_SOCIETY,NEWS_POLITICS_SOCIETY,INDEPENDENT,ACTIVE,60,Ahrefs,2026-08-26
avengersalliance.yetkinforum.com,https://avengersalliance.yetkinforum.com/,,en,GENERAL_MULTI_TOPIC,GENERAL_MULTI_TOPIC; PROGRAMMING_DEVELOPMENT; TECHNOLOGY_SOFTWARE; NEWS_POLITICS_SOCIETY,INDEPENDENT,ACTIVE,27,Ahrefs,2026-08-26
AVForums,https://avforums.com/forums,,en,MUSIC_ENTERTAINMENT_CULTURE,MUSIC_ENTERTAINMENT_CULTURE; NEWS_POLITICS_SOCIETY; CONSUMER_DEALS_REVIEWS,OTHER,ACTIVE,72,Ahrefs,2026-08-27
Aviation Stack Exchange,https://aviation.stackexchange.com/,,en,TRANSPORT_LOGISTICS,TRANSPORT_LOGISTICS; SPORTS_FITNESS,Q_AND_A,UNKNOWN,91,Ahrefs,2026-08-26
AVM Survivors Network - Support community for Arteriovenous Malformation survivors,https://avmsurvivors.org/,,en,GENERAL_MULTI_TOPIC,GENERAL_MULTI_TOPIC; CYBERSECURITY_IT; HEALTH_MEDICINE; PARENTING_FAMILY; LEGAL,OTHER,ACTIVE,33,Ahrefs,2026-08-26
Avogadro Discussion,https://discuss.avogadro.cc/,,en,GENERAL_MULTI_TOPIC,GENERAL_MULTI_TOPIC,OTHER,ACTIVE,67,Ahrefs,2026-08-26
awake-and-alive.rpg-board.net,https://awake-and-alive.rpg-board.net/,,en,GAMING_ESPORTS,GAMING_ESPORTS; NEWS_POLITICS_SOCIETY,INDEPENDENT,DORMANT,57,Ahrefs,2026-08-26
AWeber Community,https://community.aweber.com/,,en,BUSINESS_ENTREPRENEURSHIP,BUSINESS_ENTREPRENEURSHIP; NEWS_POLITICS_SOCIETY,OTHER,ACTIVE,89,Ahrefs,2026-08-26
awholenewworldstudio.forumactif.org,https://awholenewworldstudio.forumactif.org/,,en,MUSIC_ENTERTAINMENT_CULTURE,MUSIC_ENTERTAINMENT_CULTURE,INDEPENDENT,DORMANT,73,Ahrefs,2026-08-26
awork Community,https://community.awork.com/,,de,PROGRAMMING_DEVELOPMENT,PROGRAMMING_DEVELOPMENT,OTHER,ACTIVE,64,Ahrefs,2026-08-26
Aztec,https://forum.aztec.network/,,en,GENERAL_MULTI_TOPIC,GENERAL_MULTI_TOPIC,OTHER,ACTIVE,69,Ahrefs,2026-08-26
B Corp Community - An online community for those passionate about using business as a force for good in Australia & Aotearoa New Zealand.,https://bcorpcommunity.com/,,en,BUSINESS_ENTREPRENEURSHIP,BUSINESS_ENTREPRENEURSHIP; NEWS_POLITICS_SOCIETY,OTHER,ACTIVE,8,Ahrefs,2026-08-26
Baby Audio,https://forum.babyaud.io/,,en,GENERAL_MULTI_TOPIC,GENERAL_MULTI_TOPIC,OTHER,ACTIVE,55,Ahrefs,2026-08-26
Babylon.js,https://forum.babylonjs.com/,,en,GENERAL_MULTI_TOPIC,GENERAL_MULTI_TOPIC,OTHER,ACTIVE,77,Ahrefs,2026-08-26
backstreet-memories.rpg-board.net,https://backstreet-memories.rpg-board.net/,,en,GAMING_ESPORTS,GAMING_ESPORTS; NEWS_POLITICS_SOCIETY,INDEPENDENT,UNKNOWN,57,Ahrefs,2026-08-26
bacninhgsm.forumvi.com,https://bacninhgsm.forumvi.com/,,,GENERAL_MULTI_TOPIC,GENERAL_MULTI_TOPIC,INDEPENDENT,ACTIVE,56,Ahrefs,2026-08-26
Baicells Community - A community dedicated to talking about Baicells LTE small cells.,https://community.na.baicells.com/,,en,GENERAL_MULTI_TOPIC,GENERAL_MULTI_TOPIC; CYBERSECURITY_IT; NEWS_POLITICS_SOCIETY,OTHER,ACTIVE,45,Ahrefs,2026-08-26
Balancer,https://forum.balancer.fi/,,en,GENERAL_MULTI_TOPIC,GENERAL_MULTI_TOPIC,OTHER,ACTIVE,74,Ahrefs,2026-08-26
bambimiri.forumth.com,https://bambimiri.forumth.com/,,,MUSIC_ENTERTAINMENT_CULTURE,MUSIC_ENTERTAINMENT_CULTURE,INDEPENDENT,ACTIVE,21,Ahrefs,2026-08-26
battleroyale.forumotion.co.uk,https://battleroyale.forumotion.co.uk/,,,GAMING_ESPORTS,GAMING_ESPORTS; CREATIVE_DESIGN; MUSIC_ENTERTAINMENT_CULTURE,HOBBY_COMMUNITY,DORMANT,52,Ahrefs,2026-08-26
BayesFlow Forums,https://discuss.bayesflow.org/,,en,GENERAL_MULTI_TOPIC,GENERAL_MULTI_TOPIC,OTHER,ACTIVE,29,Ahrefs,2026-08-26
BCharts Fórum,https://bcharts.com.br/,,pt; es,MUSIC_ENTERTAINMENT_CULTURE,MUSIC_ENTERTAINMENT_CULTURE,OTHER,ACTIVE,29,Ahrefs,2026-08-26
Beamtrace Community,https://community.beamtrace.com/,,en,GENERAL_MULTI_TOPIC,GENERAL_MULTI_TOPIC,OTHER,ACTIVE,56,Ahrefs,2026-08-26
Bear Community,https://community.bear.app/,,en,GENERAL_MULTI_TOPIC,GENERAL_MULTI_TOPIC,OTHER,ACTIVE,75,Ahrefs,2026-08-26
beatles.rpg-board.net,https://beatles.rpg-board.net/,,,GAMING_ESPORTS,GAMING_ESPORTS,INDEPENDENT,ACTIVE,57,Ahrefs,2026-08-26
Beeminder Forum,https://forum.beeminder.com/,,en,GENERAL_MULTI_TOPIC,GENERAL_MULTI_TOPIC,OTHER,ACTIVE,67,Ahrefs,2026-08-26
"Beer, Wine & Spirits Stack Exchange",https://alcohol.stackexchange.com/,,en,HEALTH_MEDICINE,HEALTH_MEDICINE; NEWS_POLITICS_SOCIETY; HOBBIES_COLLECTING_OUTDOORS,Q_AND_A,ACTIVE,91,Ahrefs,2026-08-27
bendthis.rpg-board.net,https://bendthis.rpg-board.net/,,,CAREERS_HR_RECRUITMENT,CAREERS_HR_RECRUITMENT; GAMING_ESPORTS; NEWS_POLITICS_SOCIETY,INDEPENDENT,DORMANT,57,Ahrefs,2026-08-26
BeraHub,https://forum.berachain.com/,,,GENERAL_MULTI_TOPIC,GENERAL_MULTI_TOPIC,OTHER,ACTIVE,72,Ahrefs,2026-08-26
best-frm.rpg-board.net,https://best-frm.rpg-board.net/,,en,EDUCATION_STUDENTS,EDUCATION_STUDENTS; GAMING_ESPORTS; FOOD_COOKING; NEWS_POLITICS_SOCIETY,INDEPENDENT,ACTIVE,57,Ahrefs,2026-08-26
bettabred.forummotion.com,https://bettabred.forummotion.com/,,en,NEWS_POLITICS_SOCIETY,NEWS_POLITICS_SOCIETY,INDEPENDENT,ACTIVE,45,Ahrefs,2026-08-26
Better Transport Queensland - Queensland's leading advocacy group for active/public transport and regional/freight rail.,https://forum.bettertransportqueensland.org/,,en,MARKETING_SEO_GROWTH,MARKETING_SEO_GROWTH; TRANSPORT_LOGISTICS,OTHER,ACTIVE,14,Ahrefs,2026-08-26
beyondthemist-rpg.forumactif.com,https://beyondthemist-rpg.forumactif.com/,,en,GAMING_ESPORTS,GAMING_ESPORTS,INDEPENDENT,UNKNOWN,78,Ahrefs,2026-08-26
Biblical Hermeneutics Stack Exchange,https://hermeneutics.stackexchange.com/,,en,LEGAL,LEGAL,Q_AND_A,UNKNOWN,91,Ahrefs,2026-08-26
Bicycles Stack Exchange,https://bicycles.stackexchange.com/,,en,SPORTS_FITNESS,SPORTS_FITNESS,Q_AND_A,UNKNOWN,91,Ahrefs,2026-08-26
bikers-forum.forumotion.co.uk,https://bikers-forum.forumotion.co.uk/,,en,GENERAL_MULTI_TOPIC,GENERAL_MULTI_TOPIC,INDEPENDENT,ACTIVE,52,Ahrefs,2026-08-26
Bioacoustics Stack Exchange,https://bioacoustics.stackexchange.com/,,en,ANIMALS_PETS,ANIMALS_PETS,Q_AND_A,UNKNOWN,91,Ahrefs,2026-08-26
BioExcel,https://ask.bioexcel.eu/,,,TECHNOLOGY_SOFTWARE,TECHNOLOGY_SOFTWARE,OTHER,ACTIVE,51,Ahrefs,2026-08-26
"Biohacking Forums - The Biohacking & Transhumanism Forum is a forum by the International Biohacking Community for individuals to discuss longevity, biohacking, transhumanism, life ",https://biohacking.forum/,,en,AI_DATA,AI_DATA; SCIENCE; SPORTS_FITNESS; HOME_DIY,OTHER,ACTIVE,9,Ahrefs,2026-08-26
biohazardx3m.rpg-board.net,https://biohazardx3m.rpg-board.net/,,en,GAMING_ESPORTS,GAMING_ESPORTS,HOBBY_COMMUNITY,UNKNOWN,57,Ahrefs,2026-08-26
Bioinformatics Stack Exchange,https://bioinformatics.stackexchange.com/,,en,PROGRAMMING_DEVELOPMENT,PROGRAMMING_DEVELOPMENT; AI_DATA; TECHNOLOGY_SOFTWARE; EDUCATION_STUDENTS,Q_AND_A,UNKNOWN,91,Ahrefs,2026-08-26
Biology Stack Exchange,https://biology.stackexchange.com/,,en,EDUCATION_STUDENTS,EDUCATION_STUDENTS; SCIENCE,Q_AND_A,UNKNOWN,91,Ahrefs,2026-08-26
Bitcoin Stack Exchange,https://bitcoin.stackexchange.com/,,en,CRYPTO_WEB3,CRYPTO_WEB3; TECHNOLOGY_SOFTWARE,Q_AND_A,UNKNOWN,91,Ahrefs,2026-08-26
Bitrise Discussions,https://discuss.bitrise.io/,,en,GENERAL_MULTI_TOPIC,GENERAL_MULTI_TOPIC,OTHER,ACTIVE,75,Ahrefs,2026-08-26
Bitwarden Community Forums - Bitwarden | Password Manager - Secrets Manager - Passwordless.dev - Authenticator,https://community.bitwarden.com/,,en,CONSUMER_DEALS_REVIEWS,CONSUMER_DEALS_REVIEWS,OTHER,ACTIVE,85,Ahrefs,2026-08-26
bizcash.rpg-board.net,https://bizcash.rpg-board.net/,,en,GENERAL_MULTI_TOPIC,GENERAL_MULTI_TOPIC; MARKETING_SEO_GROWTH; WEB_HOSTING_DOMAINS; TECHNOLOGY_SOFTWARE; BUSINESS_ENTREPRENEURSHIP,INDEPENDENT,DORMANT,57,Ahrefs,2026-08-26
black.rpg-board.net,https://black.rpg-board.net/,,,ECOMMERCE_MARKETPLACES,ECOMMERCE_MARKETPLACES; GAMING_ESPORTS; NEWS_POLITICS_SOCIETY; CONSUMER_DEALS_REVIEWS,INDEPENDENT,DORMANT,57,Ahrefs,2026-08-26
blackblood.rpg-board.net,https://blackblood.rpg-board.net/,,,GAMING_ESPORTS,GAMING_ESPORTS,INDEPENDENT,ACTIVE,57,Ahrefs,2026-08-26
blackcatrpg.rpg-board.net,https://blackcatrpg.rpg-board.net/,,en,FINANCE_INVESTING_BANKING,FINANCE_INVESTING_BANKING; GAMING_ESPORTS; ANIMALS_PETS,INDEPENDENT,ACTIVE,57,Ahrefs,2026-08-26
blackclover.rpg-board.net,https://blackclover.rpg-board.net/,,en,GAMING_ESPORTS,GAMING_ESPORTS; NEWS_POLITICS_SOCIETY,INDEPENDENT,ACTIVE,57,Ahrefs,2026-08-26
blackorderhq.rpg-board.net,https://blackorderhq.rpg-board.net/,,,GAMING_ESPORTS,GAMING_ESPORTS,HOBBY_COMMUNITY,UNKNOWN,57,Ahrefs,2026-08-26
blackthornacademy.forumotion.eu,https://blackthornacademy.forumotion.eu/,,,GENERAL_MULTI_TOPIC,GENERAL_MULTI_TOPIC,INDEPENDENT,ACTIVE,42,Ahrefs,2026-08-26
bladeoftheninjav2.rpg-board.net,https://bladeoftheninjav2.rpg-board.net/,,en,GAMING_ESPORTS,GAMING_ESPORTS,INDEPENDENT,DORMANT,57,Ahrefs,2026-08-26
bladesofdestiny.rpg-board.net,https://bladesofdestiny.rpg-board.net/,,,GAMING_ESPORTS,GAMING_ESPORTS,INDEPENDENT,ACTIVE,57,Ahrefs,2026-08-26
blazbluerpg.rpg-board.net,https://blazbluerpg.rpg-board.net/,,,GAMING_ESPORTS,GAMING_ESPORTS,HOBBY_COMMUNITY,DORMANT,57,Ahrefs,2026-08-26
bleach-awakening.forummotion.com,https://bleach-awakening.forummotion.com/,,,NEWS_POLITICS_SOCIETY,NEWS_POLITICS_SOCIETY,INDEPENDENT,DORMANT,45,Ahrefs,2026-08-26
bleach-demise.rpg-board.net,https://bleach-demise.rpg-board.net/forum,,,GAMING_ESPORTS,GAMING_ESPORTS; NEWS_POLITICS_SOCIETY,INDEPENDENT,ACTIVE,57,Ahrefs,2026-08-26
bleach-integrity.rpg-board.net,https://bleach-integrity.rpg-board.net/,,,GAMING_ESPORTS,GAMING_ESPORTS,INDEPENDENT,ACTIVE,57,Ahrefs,2026-08-26
bleach-ld.rpg-board.net,https://bleach-ld.rpg-board.net/,,en,GAMING_ESPORTS,GAMING_ESPORTS; NEWS_POLITICS_SOCIETY,INDEPENDENT,ACTIVE,57,Ahrefs,2026-08-26
bleach-maelstrom.rpg-board.net,https://bleach-maelstrom.rpg-board.net/,,en,GAMING_ESPORTS,GAMING_ESPORTS,HOBBY_COMMUNITY,UNKNOWN,57,Ahrefs,2026-08-26
bleach-online.rpg-board.net,https://bleach-online.rpg-board.net/,,en,GENERAL_MULTI_TOPIC,GENERAL_MULTI_TOPIC; GAMING_ESPORTS,INDEPENDENT,DORMANT,57,Ahrefs,2026-08-26
bleach-roleplaygame.rpg-board.net,https://bleach-roleplaygame.rpg-board.net/,,en,GAMING_ESPORTS,GAMING_ESPORTS; NEWS_POLITICS_SOCIETY,INDEPENDENT,ACTIVE,57,Ahrefs,2026-08-26
bleach-rpg.rpg-board.net,https://bleach-rpg.rpg-board.net/,,en,GENERAL_MULTI_TOPIC,GENERAL_MULTI_TOPIC; GAMING_ESPORTS; MUSIC_ENTERTAINMENT_CULTURE,INDEPENDENT,ACTIVE,57,Ahrefs,2026-08-26
bleach-sc.rpg-board.net,https://bleach-sc.rpg-board.net/,,,GAMING_ESPORTS,GAMING_ESPORTS; NEWS_POLITICS_SOCIETY,INDEPENDENT,ACTIVE,57,Ahrefs,2026-08-26
bleach-serenity.rpg-board.net,https://bleach-serenity.rpg-board.net/,,,GAMING_ESPORTS,GAMING_ESPORTS,INDEPENDENT,ACTIVE,57,Ahrefs,2026-08-26
bleach-sofd.rpg-board.net,https://bleach-sofd.rpg-board.net/forum,,en,GAMING_ESPORTS,GAMING_ESPORTS,INDEPENDENT,ACTIVE,57,Ahrefs,2026-08-26
bleach-unified.rpg-board.net,https://bleach-unified.rpg-board.net/,,,GAMING_ESPORTS,GAMING_ESPORTS,INDEPENDENT,ACTIVE,57,Ahrefs,2026-08-26
bleach-vizards.rpg-board.net,https://bleach-vizards.rpg-board.net/,,en,GAMING_ESPORTS,GAMING_ESPORTS,HOBBY_COMMUNITY,DORMANT,57,Ahrefs,2026-08-26
bleachaftermath.rpg-board.net,https://bleachaftermath.rpg-board.net/,,,GAMING_ESPORTS,GAMING_ESPORTS; NEWS_POLITICS_SOCIETY,INDEPENDENT,ACTIVE,57,Ahrefs,2026-08-26
bleachaven.rpg-board.net,https://bleachaven.rpg-board.net/,,,GAMING_ESPORTS,GAMING_ESPORTS,INDEPENDENT,ACTIVE,57,Ahrefs,2026-08-26
bleachbattlefield.rpg-board.net,https://bleachbattlefield.rpg-board.net/,,en,GAMING_ESPORTS,GAMING_ESPORTS; MUSIC_ENTERTAINMENT_CULTURE; NEWS_POLITICS_SOCIETY,INDEPENDENT,DORMANT,57,Ahrefs,2026-08-26
bleachbc.rpg-board.net,https://bleachbc.rpg-board.net/,,,GAMING_ESPORTS,GAMING_ESPORTS,INDEPENDENT,ACTIVE,57,Ahrefs,2026-08-26
bleachbsrpf.rpg-board.net,https://bleachbsrpf.rpg-board.net/,,,GAMING_ESPORTS,GAMING_ESPORTS,INDEPENDENT,ACTIVE,57,Ahrefs,2026-08-26
bleachchronicles.rpg-board.net,https://bleachchronicles.rpg-board.net/,,,EDUCATION_STUDENTS,EDUCATION_STUDENTS; GAMING_ESPORTS,INDEPENDENT,ACTIVE,57,Ahrefs,2026-08-26
bleachclash.rpg-board.net,https://bleachclash.rpg-board.net/,,,GAMING_ESPORTS,GAMING_ESPORTS,INDEPENDENT,ACTIVE,57,Ahrefs,2026-08-26
bleachempire.rpg-board.net,https://bleachempire.rpg-board.net/,,en,GENERAL_MULTI_TOPIC,GENERAL_MULTI_TOPIC; GAMING_ESPORTS; CREATIVE_DESIGN,INDEPENDENT,ACTIVE,57,Ahrefs,2026-08-26
bleacheoorp.rpg-board.net,https://bleacheoorp.rpg-board.net/,,en,GAMING_ESPORTS,GAMING_ESPORTS; NEWS_POLITICS_SOCIETY,INDEPENDENT,ACTIVE,57,Ahrefs,2026-08-26
bleacherax.rpg-board.net,https://bleacherax.rpg-board.net/,,,GAMING_ESPORTS,GAMING_ESPORTS,INDEPENDENT,ACTIVE,57,Ahrefs,2026-08-26
bleachexcursion.rpg-board.net,https://bleachexcursion.rpg-board.net/,,,CAREERS_HR_RECRUITMENT,CAREERS_HR_RECRUITMENT; EDUCATION_STUDENTS; GAMING_ESPORTS,INDEPENDENT,ACTIVE,57,Ahrefs,2026-08-26
bleachexecution.rpg-board.net,https://bleachexecution.rpg-board.net/,,en,GAMING_ESPORTS,GAMING_ESPORTS,HOBBY_COMMUNITY,ACTIVE,57,Ahrefs,2026-08-26
bleachexile.rpg-board.net,https://bleachexile.rpg-board.net/,,en,GAMING_ESPORTS,GAMING_ESPORTS,INDEPENDENT,ACTIVE,57,Ahrefs,2026-08-26
bleachhalcyondays.rpg-board.net,https://bleachhalcyondays.rpg-board.net/,,en,GAMING_ESPORTS,GAMING_ESPORTS; NEWS_POLITICS_SOCIETY,INDEPENDENT,ACTIVE,57,Ahrefs,2026-08-26
bleachmadness.rpg-board.net,https://bleachmadness.rpg-board.net/,,en,GAMING_ESPORTS,GAMING_ESPORTS,INDEPENDENT,DORMANT,57,Ahrefs,2026-08-26
bleachoblivion.rpg-board.net,https://bleachoblivion.rpg-board.net/,,,GAMING_ESPORTS,GAMING_ESPORTS,INDEPENDENT,ACTIVE,57,Ahrefs,2026-08-26
bleachonline.rpg-board.net,https://bleachonline.rpg-board.net/,,,GAMING_ESPORTS,GAMING_ESPORTS,INDEPENDENT,ACTIVE,57,Ahrefs,2026-08-26
bleachplatinumhearts.forumotion.com,https://bleachplatinumhearts.forumotion.com/,,,NEWS_POLITICS_SOCIETY,NEWS_POLITICS_SOCIETY,INDEPENDENT,ACTIVE,77,Ahrefs,2026-08-26
bleachq.rpg-board.net,https://bleachq.rpg-board.net/,,en,GAMING_ESPORTS,GAMING_ESPORTS; NEWS_POLITICS_SOCIETY,INDEPENDENT,DORMANT,57,Ahrefs,2026-08-26
bleachr.forumotion.net,https://bleachr.forumotion.net/,,,GAMING_ESPORTS,GAMING_ESPORTS; NEWS_POLITICS_SOCIETY,INDEPENDENT,ACTIVE,60,Ahrefs,2026-08-26
bleachrebirth.canadian-forum.com,https://bleachrebirth.canadian-forum.com/forum,,,GENERAL_MULTI_TOPIC,GENERAL_MULTI_TOPIC,INDEPENDENT,ACTIVE,29,Ahrefs,2026-08-26
bleachrebirth.rpg-board.net,https://bleachrebirth.rpg-board.net/,,,GAMING_ESPORTS,GAMING_ESPORTS,INDEPENDENT,ACTIVE,57,Ahrefs,2026-08-26
bleachretro.rpg-board.net,https://bleachretro.rpg-board.net/,,en,GAMING_ESPORTS,GAMING_ESPORTS,HOBBY_COMMUNITY,ACTIVE,57,Ahrefs,2026-08-26
bleachrp.darkbb.com,https://bleachrp.darkbb.com/,,,GAMING_ESPORTS,GAMING_ESPORTS; PARENTING_FAMILY,INDEPENDENT,DORMANT,51,Ahrefs,2026-08-26
bleachrp.forumotion.net,https://bleachrp.forumotion.net/,,en,EDUCATION_STUDENTS,EDUCATION_STUDENTS; NEWS_POLITICS_SOCIETY,INDEPENDENT,UNKNOWN,60,Ahrefs,2026-08-26
bleachshinigami.rpg-board.net,https://bleachshinigami.rpg-board.net/,,en,GAMING_ESPORTS,GAMING_ESPORTS,INDEPENDENT,DORMANT,57,Ahrefs,2026-08-26
bleachshinobi.rpg-board.net,https://bleachshinobi.rpg-board.net/forum,,,GAMING_ESPORTS,GAMING_ESPORTS,INDEPENDENT,ACTIVE,57,Ahrefs,2026-08-26
bleachur.forumotion.net,https://bleachur.forumotion.net/,,,NEWS_POLITICS_SOCIETY,NEWS_POLITICS_SOCIETY,INDEPENDENT,ACTIVE,60,Ahrefs,2026-08-26
Blender Artists Community - The home of the Blender 3D community.,https://blenderartists.org/,,en,PROGRAMMING_DEVELOPMENT,PROGRAMMING_DEVELOPMENT; TECHNOLOGY_SOFTWARE; SCIENCE; CREATIVE_DESIGN,OTHER,ACTIVE,71,Ahrefs,2026-08-26
Blender Stack Exchange,https://blender.stackexchange.com/,,en,GENERAL_MULTI_TOPIC,GENERAL_MULTI_TOPIC,Q_AND_A,UNKNOWN,91,Ahrefs,2026-08-26
blindfaith-rpg3.rpg-board.net,https://blindfaith-rpg3.rpg-board.net/,,en,GAMING_ESPORTS,GAMING_ESPORTS,INDEPENDENT,ACTIVE,57,Ahrefs,2026-08-26
blindfuture.rpg-board.net,https://blindfuture.rpg-board.net/,,,GAMING_ESPORTS,GAMING_ESPORTS,INDEPENDENT,ACTIVE,57,Ahrefs,2026-08-26
Blocktrainer Forum - Bitcoin Bildung & Community,https://forum.blocktrainer.de/,,de,CRYPTO_WEB3,CRYPTO_WEB3,OTHER,ACTIVE,59,Ahrefs,2026-08-26
bloodlustpack.rpg-board.net,https://bloodlustpack.rpg-board.net/,,en,GAMING_ESPORTS,GAMING_ESPORTS,INDEPENDENT,ACTIVE,57,Ahrefs,2026-08-26
bloorsacademy.rpg-board.net,https://bloorsacademy.rpg-board.net/,,en,EDUCATION_STUDENTS,EDUCATION_STUDENTS; GAMING_ESPORTS; MUSIC_ENTERTAINMENT_CULTURE,INDEPENDENT,ACTIVE,57,Ahrefs,2026-08-26
Blue Robotics Community Forums,https://discuss.bluerobotics.com/,,en,GENERAL_MULTI_TOPIC,GENERAL_MULTI_TOPIC; TECHNOLOGY_SOFTWARE; AUTOMOTIVE; HOME_DIY,OTHER,ACTIVE,65,Ahrefs,2026-08-26
bluemoonhorses.rpg-board.net,https://bluemoonhorses.rpg-board.net/,,,GAMING_ESPORTS,GAMING_ESPORTS; ANIMALS_PETS,INDEPENDENT,UNKNOWN,57,Ahrefs,2026-08-26
Blues Community Forum - Wireless IoT Support,https://discuss.blues.com/,,en,TECHNOLOGY_SOFTWARE,TECHNOLOGY_SOFTWARE,OTHER,ACTIVE,58,Ahrefs,2026-08-26
Board & Card Games Stack Exchange,https://boardgames.stackexchange.com/,,en,NEWS_POLITICS_SOCIETY,NEWS_POLITICS_SOCIETY,Q_AND_A,UNKNOWN,91,Ahrefs,2026-08-26
bobmarley.catsboard.com,https://bobmarley.catsboard.com/,,,GENERAL_MULTI_TOPIC,GENERAL_MULTI_TOPIC,INDEPENDENT,UNKNOWN,45,Ahrefs,2026-08-26
Bond Home Forum,https://forum.bondhome.io/,,en,TECHNOLOGY_SOFTWARE,TECHNOLOGY_SOFTWARE,HOBBY_COMMUNITY,ACTIVE,46,Ahrefs,2026-08-26
BookBrowse Community Forum - An online book club and community for book lovers.,https://community.bookbrowse.com/,,en,SCIENCE,SCIENCE; NEWS_POLITICS_SOCIETY,OTHER,ACTIVE,69,Ahrefs,2026-08-26
bookerrors.forumotion.me,https://bookerrors.forumotion.me/,,,GENERAL_MULTI_TOPIC,GENERAL_MULTI_TOPIC,INDEPENDENT,ACTIVE,41,Ahrefs,2026-08-26
Brain Aneurysm Support Community - Raising Awareness. Ending Fear.,https://bafsupport.org/,,en,HEALTH_MEDICINE,HEALTH_MEDICINE; NEWS_POLITICS_SOCIETY,OTHER,ACTIVE,12,Ahrefs,2026-08-26
Brave Community,https://community.brave.app/,,en,TECHNOLOGY_SOFTWARE,TECHNOLOGY_SOFTWARE,OTHER,ACTIVE,84,Ahrefs,2026-08-26
breakthechains.rpg-board.net,https://breakthechains.rpg-board.net/,,,GENERAL_MULTI_TOPIC,GENERAL_MULTI_TOPIC; EDUCATION_STUDENTS; GAMING_ESPORTS; ANIMALS_PETS; NEWS_POLITICS_SOCIETY,EDUCATION_COMMUNITY,DORMANT,57,Ahrefs,2026-08-26
breedingsquad.rpg-board.net,https://breedingsquad.rpg-board.net/,,en,GAMING_ESPORTS,GAMING_ESPORTS,INDEPENDENT,ACTIVE,57,Ahrefs,2026-08-26
Brevo Community,https://community.brevo.com/,,en,CONSUMER_DEALS_REVIEWS,CONSUMER_DEALS_REVIEWS,HOBBY_COMMUNITY,ACTIVE,92,Ahrefs,2026-08-26
"Breww Community - Advice, tips, questions, answers and more for breweries - and updates from the Breww team.",https://community.breww.com/,,en,SPORTS_FITNESS,SPORTS_FITNESS,PROFESSIONAL_COMMUNITY,ACTIVE,52,Ahrefs,2026-08-26
Bricks,https://bricks.stackexchange.com/,,en,TECHNOLOGY_SOFTWARE,TECHNOLOGY_SOFTWARE,Q_AND_A,UNKNOWN,91,Ahrefs,2026-08-26
Bright Pattern Community - Best Community Ever,https://community.brightpattern.com/,,en,GENERAL_MULTI_TOPIC,GENERAL_MULTI_TOPIC,Q_AND_A,ACTIVE,69,Ahrefs,2026-08-26
brokenblade.rpg-board.net,https://brokenblade.rpg-board.net/,,,GENERAL_MULTI_TOPIC,GENERAL_MULTI_TOPIC; PROGRAMMING_DEVELOPMENT; GAMING_ESPORTS,INDEPENDENT,ACTIVE,57,Ahrefs,2026-08-26
brote.rpg-board.net,https://brote.rpg-board.net/,,,PROGRAMMING_DEVELOPMENT,PROGRAMMING_DEVELOPMENT; GAMING_ESPORTS; MUSIC_ENTERTAINMENT_CULTURE,INDEPENDENT,DORMANT,57,Ahrefs,2026-08-26
brutalforcewrestling.rpg-board.net,https://brutalforcewrestling.rpg-board.net/,,,GAMING_ESPORTS,GAMING_ESPORTS; NEWS_POLITICS_SOCIETY,HOBBY_COMMUNITY,ACTIVE,57,Ahrefs,2026-08-26
bsotb.rpg-board.net,https://bsotb.rpg-board.net/,,,GAMING_ESPORTS,GAMING_ESPORTS; NEWS_POLITICS_SOCIETY,INDEPENDENT,ACTIVE,57,Ahrefs,2026-08-26
btis.rpg-board.net,https://btis.rpg-board.net/,,en,GAMING_ESPORTS,GAMING_ESPORTS,INDEPENDENT,ACTIVE,57,Ahrefs,2026-08-26
btscforum.rpg-board.net,https://btscforum.rpg-board.net/,,,GAMING_ESPORTS,GAMING_ESPORTS,INDEPENDENT,ACTIVE,57,Ahrefs,2026-08-26
btws.rpg-board.net,https://btws.rpg-board.net/,,,GENERAL_MULTI_TOPIC,GENERAL_MULTI_TOPIC; EDUCATION_STUDENTS; SCIENCE; GAMING_ESPORTS; ANIMALS_PETS,EDUCATION_COMMUNITY,ACTIVE,57,Ahrefs,2026-08-26
Bubble Forum,https://forum.bubble.io/,,en,CAREERS_HR_RECRUITMENT,CAREERS_HR_RECRUITMENT; CONSTRUCTION,OTHER,ACTIVE,86,Ahrefs,2026-08-26
Buddhism Stack Exchange,https://buddhism.stackexchange.com/,,en,GENERAL_MULTI_TOPIC,GENERAL_MULTI_TOPIC,Q_AND_A,UNKNOWN,91,Ahrefs,2026-08-26
Build N Build Forum - Builders,https://forum.bnbchain.org/,,en,PROGRAMMING_DEVELOPMENT,PROGRAMMING_DEVELOPMENT; CYBERSECURITY_IT; CONSTRUCTION; NEWS_POLITICS_SOCIETY,HOBBY_COMMUNITY,ACTIVE,79,Ahrefs,2026-08-26
Builder.io Forum - Help and tips for Builder.io,https://forum.builder.io/,,en,CONSTRUCTION,CONSTRUCTION,OTHER,ACTIVE,82,Ahrefs,2026-08-26
Buildkite Community Forum,https://forum.buildkite.community/,,en,GENERAL_MULTI_TOPIC,GENERAL_MULTI_TOPIC,OTHER,ACTIVE,51,Ahrefs,2026-08-26
bzpb.rpg-board.net,https://bzpb.rpg-board.net/,,en,GAMING_ESPORTS,GAMING_ESPORTS,INDEPENDENT,ACTIVE,57,Ahrefs,2026-08-26
bzzz.catsboard.com,https://bzzz.catsboard.com/,,en,FOOD_COOKING,FOOD_COOKING,INDEPENDENT,ACTIVE,45,Ahrefs,2026-08-26
c2camdaily.forumotion.co.uk,https://c2camdaily.forumotion.co.uk/,,en,GENERAL_MULTI_TOPIC,GENERAL_MULTI_TOPIC; TECHNOLOGY_SOFTWARE; SCIENCE; SPORTS_FITNESS; ANIMALS_PETS,HOBBY_COMMUNITY,ACTIVE,52,Ahrefs,2026-08-26
Caddy Community,https://caddy.community/,,en,PROGRAMMING_DEVELOPMENT,PROGRAMMING_DEVELOPMENT,OTHER,ACTIVE,77,Ahrefs,2026-08-26
caferoostflp.forumotion.co.uk,https://caferoostflp.forumotion.co.uk/,,en,BUSINESS_ENTREPRENEURSHIP,BUSINESS_ENTREPRENEURSHIP; CAREERS_HR_RECRUITMENT,INDEPENDENT,ACTIVE,52,Ahrefs,2026-08-26
caithnessbikers.forumotion.net,https://caithnessbikers.forumotion.net/,,en,GENERAL_MULTI_TOPIC,GENERAL_MULTI_TOPIC,INDEPENDENT,ACTIVE,60,Ahrefs,2026-08-26
Calcio di Base,https://calciodibase.discourse.group/,,,GENERAL_MULTI_TOPIC,GENERAL_MULTI_TOPIC,OTHER,ACTIVE,81,Ahrefs,2026-08-26
"CalculiX (official versions are on www.calculix.de, the official GitHub repository is at https://github.com/Dhondtguido/CalculiX). - Experts, programmers and users of Finite Elemen",https://calculix.discourse.group/,,en,TECHNOLOGY_SOFTWARE,TECHNOLOGY_SOFTWARE,OTHER,ACTIVE,81,Ahrefs,2026-08-26
camelotrevisited.rpg-board.net,https://camelotrevisited.rpg-board.net/,,en,CAREERS_HR_RECRUITMENT,CAREERS_HR_RECRUITMENT; EDUCATION_STUDENTS; GAMING_ESPORTS,EDUCATION_COMMUNITY,DORMANT,57,Ahrefs,2026-08-26
camp346.rpg-board.net,https://camp346.rpg-board.net/,,en,GAMING_ESPORTS,GAMING_ESPORTS,INDEPENDENT,ACTIVE,57,Ahrefs,2026-08-26
"Camunda Forum - Community discussion on Camunda, including business process management and process automation",https://forum.camunda.io/,,en,BUSINESS_ENTREPRENEURSHIP,BUSINESS_ENTREPRENEURSHIP; CAREERS_HR_RECRUITMENT,OTHER,ACTIVE,63,Ahrefs,2026-08-26
can-amrctankclub.canadian-forum.com,https://can-amrctankclub.canadian-forum.com/,,en,GENERAL_MULTI_TOPIC,GENERAL_MULTI_TOPIC; AUTOMOTIVE; CONSTRUCTION,HOBBY_COMMUNITY,ACTIVE,29,Ahrefs,2026-08-26
Canadian Football Forum - Canadian Football Forum,https://canadianfootball.forum/,,,SPORTS_FITNESS,SPORTS_FITNESS; ANIMALS_PETS; NEWS_POLITICS_SOCIETY,HOBBY_COMMUNITY,ACTIVE,1,Ahrefs,2026-08-26
"Capitally Community - Connect, share and learn with other Capitally users!",https://community.mycapitally.com/,,en,GENERAL_MULTI_TOPIC,GENERAL_MULTI_TOPIC,OTHER,ACTIVE,44,Ahrefs,2026-08-26
Car Talk Community,https://community.cartalk.com/,,en,GENERAL_MULTI_TOPIC,GENERAL_MULTI_TOPIC; ECOMMERCE_MARKETPLACES; AUTOMOTIVE,OTHER,ACTIVE,73,Ahrefs,2026-08-26
Cardano Forum,https://forum.cardano.org/,,en,GENERAL_MULTI_TOPIC,GENERAL_MULTI_TOPIC; FINANCE_INVESTING_BANKING; CYBERSECURITY_IT; EDUCATION_STUDENTS; NEWS_POLITICS_SOCIETY,OTHER,ACTIVE,79,Ahrefs,2026-08-26
Cardano Stack Exchange,https://cardano.stackexchange.com/,,en,MARKETING_SEO_GROWTH,MARKETING_SEO_GROWTH; CRYPTO_WEB3,Q_AND_A,UNKNOWN,91,Ahrefs,2026-08-26
Carers Connect - The Carers UK online community - Free to all members,https://forum.carersuk.org/,,en,HEALTH_MEDICINE,HEALTH_MEDICINE; NEWS_POLITICS_SOCIETY,OTHER,ACTIVE,80,Ahrefs,2026-08-26
caseclosed-rpg.rpg-board.net,https://caseclosed-rpg.rpg-board.net/,,en,BUSINESS_ENTREPRENEURSHIP,BUSINESS_ENTREPRENEURSHIP; EDUCATION_STUDENTS; GAMING_ESPORTS; NEWS_POLITICS_SOCIETY,INDEPENDENT,ACTIVE,57,Ahrefs,2026-08-26
Casino World,https://forum.casinoworld.com/,,,GENERAL_MULTI_TOPIC,GENERAL_MULTI_TOPIC,OTHER,ACTIVE,33,Ahrefs,2026-08-26
Casino.org Forum,https://forum.casino.org/,,en,MUSIC_ENTERTAINMENT_CULTURE,MUSIC_ENTERTAINMENT_CULTURE; NEWS_POLITICS_SOCIETY; CONSUMER_DEALS_REVIEWS,OTHER,ACTIVE,82,Ahrefs,2026-08-26
cassinicaptures.forumotion.co.uk,https://cassinicaptures.forumotion.co.uk/,,,GENERAL_MULTI_TOPIC,GENERAL_MULTI_TOPIC,INDEPENDENT,ACTIVE,52,Ahrefs,2026-08-26
Cataclysm: Dark Days Ahead,https://discourse.cataclysmdda.org/,,zh; en,GENERAL_MULTI_TOPIC,GENERAL_MULTI_TOPIC,OTHER,ACTIVE,52,Ahrefs,2026-08-26
Catholic Talk | Catholic Forum & Discussion,https://forum.catholictalk.net/,,en,PARENTING_FAMILY,PARENTING_FAMILY; NEWS_POLITICS_SOCIETY,OTHER,ACTIVE,4,Ahrefs,2026-08-26
cavestoryroleplay.rpg-board.net,https://cavestoryroleplay.rpg-board.net/forum,,en,GENERAL_MULTI_TOPIC,GENERAL_MULTI_TOPIC; GAMING_ESPORTS; NEWS_POLITICS_SOCIETY,HOBBY_COMMUNITY,ACTIVE,57,Ahrefs,2026-08-26
CAX Forum - CAD/CAE/CAM,https://cax.do/,,zh; en,TECHNOLOGY_SOFTWARE,TECHNOLOGY_SOFTWARE,OTHER,ACTIVE,12,Ahrefs,2026-08-26
cbbb.darkbb.com,https://cbbb.darkbb.com/forum,,,GENERAL_MULTI_TOPIC,GENERAL_MULTI_TOPIC,INDEPENDENT,ACTIVE,51,Ahrefs,2026-08-26
ccff.rpg-board.net,https://ccff.rpg-board.net/forum,,en,GAMING_ESPORTS,GAMING_ESPORTS; NEWS_POLITICS_SOCIETY,HOBBY_COMMUNITY,ACTIVE,57,Ahrefs,2026-08-26
ccukmr.forumotion.net,https://ccukmr.forumotion.net/,,en,NEWS_POLITICS_SOCIETY,NEWS_POLITICS_SOCIETY,INDEPENDENT,DORMANT,60,Ahrefs,2026-08-26
cdda.rpg-board.net,https://cdda.rpg-board.net/,,en,GAMING_ESPORTS,GAMING_ESPORTS,HOBBY_COMMUNITY,ACTIVE,57,Ahrefs,2026-08-26
"cdmHUB Community - Explore composites, AI-driven design, manufacturing, and applications at the global composites community！",https://community.cdmhub.org/,,en; zh,CAREERS_HR_RECRUITMENT,CAREERS_HR_RECRUITMENT; EDUCATION_STUDENTS,OTHER,ACTIVE,30,Ahrefs,2026-08-26
cebutambayan.forumotion.co.uk,https://cebutambayan.forumotion.co.uk/forum,,,GENERAL_MULTI_TOPIC,GENERAL_MULTI_TOPIC; GAMING_ESPORTS; MUSIC_ENTERTAINMENT_CULTURE,INDEPENDENT,ACTIVE,52,Ahrefs,2026-08-26
celebrityskin.rpg-board.net,https://celebrityskin.rpg-board.net/,,,CYBERSECURITY_IT,CYBERSECURITY_IT; BUSINESS_ENTREPRENEURSHIP; GAMING_ESPORTS,INDEPENDENT,ACTIVE,57,Ahrefs,2026-08-26
celebs.forumotion.net,https://celebs.forumotion.net/,,,GENERAL_MULTI_TOPIC,GENERAL_MULTI_TOPIC; EDUCATION_STUDENTS; HEALTH_MEDICINE; MUSIC_ENTERTAINMENT_CULTURE; FOOD_COOKING,INDEPENDENT,ACTIVE,60,Ahrefs,2026-08-26
Celigo Connective - Dynamic community for Celigo users,https://connective.celigo.com/,,en,BUSINESS_ENTREPRENEURSHIP,BUSINESS_ENTREPRENEURSHIP,OTHER,ACTIVE,73,Ahrefs,2026-08-26
Celo Forum,https://forum.celo.org/,,en,CRYPTO_WEB3,CRYPTO_WEB3; CYBERSECURITY_IT; EDUCATION_STUDENTS,OTHER,ACTIVE,75,Ahrefs,2026-08-26
celticknights.rpg-board.net,https://celticknights.rpg-board.net/,,en,GAMING_ESPORTS,GAMING_ESPORTS; NEWS_POLITICS_SOCIETY,INDEPENDENT,DORMANT,57,Ahrefs,2026-08-26
Cesium Community - Cesium Community Forum,https://community.cesium.com/,,ja; en,CAREERS_HR_RECRUITMENT,CAREERS_HR_RECRUITMENT; NEWS_POLITICS_SOCIETY,INDUSTRY_COMMUNITY,ACTIVE,79,Ahrefs,2026-08-26
"CFI Forums - Intelligent, passionate, concerned, polite",https://forum.centerforinquiry.org/,,en,GENERAL_MULTI_TOPIC,GENERAL_MULTI_TOPIC; TECHNOLOGY_SOFTWARE; SCIENCE; HEALTH_MEDICINE; MUSIC_ENTERTAINMENT_CULTURE,OTHER,ACTIVE,66,Ahrefs,2026-08-26
Cfx Forum - The home of FiveM & RedM,https://forum.cfx.re/,,en,GENERAL_MULTI_TOPIC,GENERAL_MULTI_TOPIC,OTHER,ACTIVE,80,Ahrefs,2026-08-26
chainsofdeath.rpg-board.net,https://chainsofdeath.rpg-board.net/,,en,GAMING_ESPORTS,GAMING_ESPORTS; CONSUMER_DEALS_REVIEWS,INDEPENDENT,ACTIVE,57,Ahrefs,2026-08-26
Chapel Programming Language - Making scalable parallelism productive and portable,https://chapel.discourse.group/,,en,GENERAL_MULTI_TOPIC,GENERAL_MULTI_TOPIC,OTHER,ACTIVE,81,Ahrefs,2026-08-26
cheekibreekirp.rpg-board.net,https://cheekibreekirp.rpg-board.net/,,,GAMING_ESPORTS,GAMING_ESPORTS,INDEPENDENT,ACTIVE,57,Ahrefs,2026-08-26
Chef Questions,https://discourse.chef.io/,,en,CONSTRUCTION,CONSTRUCTION,OTHER,ACTIVE,81,Ahrefs,2026-08-26
Chemistry Stack Exchange,https://chemistry.stackexchange.com/,,en,EDUCATION_STUDENTS,EDUCATION_STUDENTS; SCIENCE,Q_AND_A,UNKNOWN,91,Ahrefs,2026-08-26
Chesapeake Light Craft Community Forum,https://forum.clcboats.com/,,en,CONSTRUCTION,CONSTRUCTION; HOBBIES_COLLECTING_OUTDOORS,HOBBY_COMMUNITY,ACTIVE,56,Ahrefs,2026-08-26
Chess Stack Exchange,https://chess.stackexchange.com/,,en,TECHNOLOGY_SOFTWARE,TECHNOLOGY_SOFTWARE; EDUCATION_STUDENTS,Q_AND_A,UNKNOWN,91,Ahrefs,2026-08-26
chessmaster.ahlamontada.com,https://chessmaster.ahlamontada.com/,,,TECHNOLOGY_SOFTWARE,TECHNOLOGY_SOFTWARE,INDEPENDENT,ACTIVE,61,Ahrefs,2026-08-26
ChessUp,https://community.playchessup.com/,,en,GENERAL_MULTI_TOPIC,GENERAL_MULTI_TOPIC,OTHER,ACTIVE,41,Ahrefs,2026-08-26
Chiari Support - Support community for Chiari Malformation disease,https://forum.chiarisupport.org/,,en,HEALTH_MEDICINE,HEALTH_MEDICINE; PARENTING_FAMILY; NEWS_POLITICS_SOCIETY; CONSUMER_DEALS_REVIEWS,OTHER,ACTIVE,6,Ahrefs,2026-08-26
Chiff & Fipple,https://chiffandfipple.com/,,,EDUCATION_STUDENTS,EDUCATION_STUDENTS; MUSIC_ENTERTAINMENT_CULTURE,OTHER,ACTIVE,45,Ahrefs,2026-08-26
Chinese Language Stack Exchange,https://chinese.stackexchange.com/,,en,EDUCATION_STUDENTS,EDUCATION_STUDENTS; FOOD_COOKING,Q_AND_A,UNKNOWN,91,Ahrefs,2026-08-26
"ChinyAuto.pl - Forum fanów Omoda, Jaecoo, MG, Baic, BYD.",https://chinyauto.pl/,,,GENERAL_MULTI_TOPIC,GENERAL_MULTI_TOPIC,HOBBY_COMMUNITY,ACTIVE,0,Ahrefs,2026-08-26
chobotsworld.forumotion.net,https://chobotsworld.forumotion.net/,,en,NEWS_POLITICS_SOCIETY,NEWS_POLITICS_SOCIETY,INDEPENDENT,DORMANT,60,Ahrefs,2026-08-26
Choice of Games Forum,https://forum.choiceofgames.com/,,en,LEGAL,LEGAL,PROFESSIONAL_COMMUNITY,ACTIVE,66,Ahrefs,2026-08-26
chourpg.rpg-board.net,https://chourpg.rpg-board.net/,,en,EDUCATION_STUDENTS,EDUCATION_STUDENTS; GAMING_ESPORTS; SPORTS_FITNESS,EDUCATION_COMMUNITY,DORMANT,57,Ahrefs,2026-08-26
Christianity Stack Exchange,https://christianity.stackexchange.com/,,en,EDUCATION_STUDENTS,EDUCATION_STUDENTS,Q_AND_A,UNKNOWN,91,Ahrefs,2026-08-26
christianklien.forumactif.com,https://christianklien.forumactif.com/,,,SPORTS_FITNESS,SPORTS_FITNESS; NEWS_POLITICS_SOCIETY,HOBBY_COMMUNITY,UNKNOWN,78,Ahrefs,2026-08-26
churumuri.rpg-board.net,https://churumuri.rpg-board.net/,,,GAMING_ESPORTS,GAMING_ESPORTS,INDEPENDENT,ACTIVE,57,Ahrefs,2026-08-26
CHUWI | Official Forum - Official Forum,https://forum.chuwi.com/,,en,GENERAL_MULTI_TOPIC,GENERAL_MULTI_TOPIC,HOBBY_COMMUNITY,ACTIVE,60,Ahrefs,2026-08-26
cinemacare.rpg-board.net,https://cinemacare.rpg-board.net/,,,GAMING_ESPORTS,GAMING_ESPORTS; MUSIC_ENTERTAINMENT_CULTURE; NEWS_POLITICS_SOCIETY; CONSUMER_DEALS_REVIEWS,INDEPENDENT,UNKNOWN,57,Ahrefs,2026-08-26
CircleCI Discuss,https://discuss.circleci.com/,,en,SPORTS_FITNESS,SPORTS_FITNESS,OTHER,UNKNOWN,85,Ahrefs,2026-08-26
Cirrus Owners and Pilots Association - Best aviation community ever!,https://forum.cirruspilots.org/,,en,TRANSPORT_LOGISTICS,TRANSPORT_LOGISTICS,OTHER,ACTIVE,53,Ahrefs,2026-08-26
Civic X Club - Club de propietarios del Honda Civic 10 y 11 Generación en España,https://civicx.club/,,,GENERAL_MULTI_TOPIC,GENERAL_MULTI_TOPIC,OTHER,ACTIVE,0,Ahrefs,2026-08-26
CiviCRM Stack Exchange,https://civicrm.stackexchange.com/,,en,TECHNOLOGY_SOFTWARE,TECHNOLOGY_SOFTWARE; BUSINESS_ENTREPRENEURSHIP; CAREERS_HR_RECRUITMENT,Q_AND_A,UNKNOWN,91,Ahrefs,2026-08-26
CLARIN,https://forum.clarin.eu/,,en,CAREERS_HR_RECRUITMENT,CAREERS_HR_RECRUITMENT,OTHER,ACTIVE,71,Ahrefs,2026-08-26
Clark Howard Community - All things money,https://community.clark.com/,,en,GENERAL_MULTI_TOPIC,GENERAL_MULTI_TOPIC; FINANCE_INVESTING_BANKING; TECHNOLOGY_SOFTWARE; TRAVEL_EXPAT_IMMIGRATION; AUTOMOTIVE,OTHER,ACTIVE,74,Ahrefs,2026-08-26
clashoftheshinobi2.rpg-board.net,https://clashoftheshinobi2.rpg-board.net/,,,GAMING_ESPORTS,GAMING_ESPORTS; NEWS_POLITICS_SOCIETY,INDEPENDENT,DORMANT,57,Ahrefs,2026-08-26
"Clean Energy Reviews Forum - Solar panel, inverter & battery reviews and information",https://forum.cleanenergyreviews.info/,,en,AUTOMOTIVE,AUTOMOTIVE; CONSUMER_DEALS_REVIEWS,OTHER,ACTIVE,64,Ahrefs,2026-08-26
ClearanceJobs Blog - Security Clearances - Discuss security clearances,https://discuss.clearancejobsblog.com/,,,CYBERSECURITY_IT,CYBERSECURITY_IT; CAREERS_HR_RECRUITMENT; NEWS_POLITICS_SOCIETY,Q_AND_A,ACTIVE,13,Ahrefs,2026-08-26
clockworkpi,https://forum.clockworkpi.com/,,zh; ko,TECHNOLOGY_SOFTWARE,TECHNOLOGY_SOFTWARE; EDUCATION_STUDENTS; NEWS_POLITICS_SOCIETY; LOCAL_REGIONAL,Q_AND_A,ACTIVE,53,Ahrefs,2026-08-26
clooneysopenhouse.forumotion.com,https://clooneysopenhouse.forumotion.com/,,en,FINANCE_INVESTING_BANKING,FINANCE_INVESTING_BANKING; PARENTING_FAMILY; NEWS_POLITICS_SOCIETY,INDEPENDENT,UNKNOWN,77,Ahrefs,2026-08-26
Cloudflare Community,https://community.cloudflare.com/,,en,CYBERSECURITY_IT,CYBERSECURITY_IT; WEB_HOSTING_DOMAINS,OTHER,ACTIVE,94,Ahrefs,2026-08-27
Club Corsa CCV - Club Corsa Venezuela - Todo sobre los Chevrolet Corsa (Opel Corsa B),https://clubcorsavenezuela.com/,,es,GENERAL_MULTI_TOPIC,GENERAL_MULTI_TOPIC,OTHER,ACTIVE,0,Ahrefs,2026-08-26
club1kjho.forumotion.net,https://club1kjho.forumotion.net/,,en,GAMING_ESPORTS,GAMING_ESPORTS; MUSIC_ENTERTAINMENT_CULTURE; NEWS_POLITICS_SOCIETY; CONSUMER_DEALS_REVIEWS,HOBBY_COMMUNITY,DORMANT,60,Ahrefs,2026-08-26
clubbilly.forumotion.net,https://clubbilly.forumotion.net/,,,GENERAL_MULTI_TOPIC,GENERAL_MULTI_TOPIC,INDEPENDENT,ACTIVE,60,Ahrefs,2026-08-26
clubpenguinsurf.rpg-board.net,https://clubpenguinsurf.rpg-board.net/,,,GAMING_ESPORTS,GAMING_ESPORTS; NEWS_POLITICS_SOCIETY,HOBBY_COMMUNITY,ACTIVE,57,Ahrefs,2026-08-26
cntr.rpg-board.net,https://cntr.rpg-board.net/,,,GAMING_ESPORTS,GAMING_ESPORTS,INDEPENDENT,UNKNOWN,57,Ahrefs,2026-08-26
cocktail.forumotion.net,https://cocktail.forumotion.net/,,,GENERAL_MULTI_TOPIC,GENERAL_MULTI_TOPIC,INDEPENDENT,ACTIVE,60,Ahrefs,2026-08-26
Code Golf Stack Exchange,https://codegolf.stackexchange.com/,,en,GENERAL_MULTI_TOPIC,GENERAL_MULTI_TOPIC,Q_AND_A,UNKNOWN,91,Ahrefs,2026-08-26
Code Review Stack Exchange,https://codereview.stackexchange.com/,,,PROGRAMMING_DEVELOPMENT,PROGRAMMING_DEVELOPMENT; SCIENCE; CONSUMER_DEALS_REVIEWS,Q_AND_A,UNKNOWN,91,Ahrefs,2026-08-26
Code with Mosh Forum,https://forum.codewithmosh.com/,,en,PROGRAMMING_DEVELOPMENT,PROGRAMMING_DEVELOPMENT,OTHER,ACTIVE,61,Ahrefs,2026-08-26
code-geass-rp.rpg-board.net,https://code-geass-rp.rpg-board.net/,,,GAMING_ESPORTS,GAMING_ESPORTS,INDEPENDENT,ACTIVE,57,Ahrefs,2026-08-26
CodeAI Professional Learning Community,https://forum.code.org/,,en,GENERAL_MULTI_TOPIC,GENERAL_MULTI_TOPIC; PROGRAMMING_DEVELOPMENT; CYBERSECURITY_IT; TECHNOLOGY_SOFTWARE; EDUCATION_STUDENTS,PROFESSIONAL_COMMUNITY,ACTIVE,85,Ahrefs,2026-08-26
CodeFloe - CodeFloe,https://forum.codefloe.com/,,en,GENERAL_MULTI_TOPIC,GENERAL_MULTI_TOPIC,OTHER,ACTIVE,50,Ahrefs,2026-08-26
codeofconduct.actieforum.com,https://codeofconduct.actieforum.com/,,,EDUCATION_STUDENTS,EDUCATION_STUDENTS; GAMING_ESPORTS,EDUCATION_COMMUNITY,DORMANT,53,Ahrefs,2026-08-26
Coffee Stack Exchange,https://coffee.stackexchange.com/,,en,HEALTH_MEDICINE,HEALTH_MEDICINE; MUSIC_ENTERTAINMENT_CULTURE,Q_AND_A,UNKNOWN,91,Ahrefs,2026-08-26
coitroleplay.rpg-board.net,https://coitroleplay.rpg-board.net/,,en,GAMING_ESPORTS,GAMING_ESPORTS; MUSIC_ENTERTAINMENT_CULTURE; CONSUMER_DEALS_REVIEWS,HOBBY_COMMUNITY,ACTIVE,57,Ahrefs,2026-08-26
Collabora Online,https://forum.collaboraonline.com/,,en,NEWS_POLITICS_SOCIETY,NEWS_POLITICS_SOCIETY,OTHER,ACTIVE,71,Ahrefs,2026-08-26
Collective2,https://forums.collective2.com/,,,FINANCE_INVESTING_BANKING,FINANCE_INVESTING_BANKING; PROGRAMMING_DEVELOPMENT; TECHNOLOGY_SOFTWARE,OTHER,ACTIVE,61,Ahrefs,2026-08-26
Colorlib Support Forum,https://colorlibsupport.com/,,,GENERAL_MULTI_TOPIC,GENERAL_MULTI_TOPIC,OTHER,ACTIVE,66,Ahrefs,2026-08-26
colourcanary.forumotion.net,https://colourcanary.forumotion.net/,,en,GENERAL_MULTI_TOPIC,GENERAL_MULTI_TOPIC,INDEPENDENT,ACTIVE,60,Ahrefs,2026-08-26
coloursandcodes.rpg-board.net,https://coloursandcodes.rpg-board.net/forum,,,GAMING_ESPORTS,GAMING_ESPORTS,INDEPENDENT,UNKNOWN,57,Ahrefs,2026-08-26
ComfyUI,https://forum.comfy.org/,,en,CYBERSECURITY_IT,CYBERSECURITY_IT,OTHER,ACTIVE,75,Ahrefs,2026-08-26
Communauté Argos,https://argos-community.discourse.group/,,,ANIMALS_PETS,ANIMALS_PETS,OTHER,ACTIVE,81,Ahrefs,2026-08-26
Community Building Stack Exchange,https://communitybuilding.stackexchange.com/,,en,GENERAL_MULTI_TOPIC,GENERAL_MULTI_TOPIC,Q_AND_A,UNKNOWN,91,Ahrefs,2026-08-26
Community di FEM,https://community.fem.digital/,,,GENERAL_MULTI_TOPIC,GENERAL_MULTI_TOPIC; AI_DATA; EDUCATION_STUDENTS; SCIENCE; HEALTH_MEDICINE,OTHER,ACTIVE,39,Ahrefs,2026-08-26
Community Forum,https://forum.breakthrought1d.org/,,en,BUSINESS_ENTREPRENEURSHIP,BUSINESS_ENTREPRENEURSHIP; FOOD_COOKING; PARENTING_FAMILY,OTHER,UNKNOWN,80,Ahrefs,2026-08-26
Community Health Toolkit,https://forum.communityhealthtoolkit.org/,,en,CAREERS_HR_RECRUITMENT,CAREERS_HR_RECRUITMENT; HEALTH_MEDICINE,OTHER,ACTIVE,39,Ahrefs,2026-08-26
Community Smart Home - Das Forum für Smart Home Fans,https://community-smarthome.com/,,de,TECHNOLOGY_SOFTWARE,TECHNOLOGY_SOFTWARE; NEWS_POLITICS_SOCIETY; CONSUMER_DEALS_REVIEWS,HOBBY_COMMUNITY,ACTIVE,35,Ahrefs,2026-08-26
Compara Jogos - Sua comunidade de jogos de tabuleiro no Brasil,https://comparajogos.com.br/f,,pt,GENERAL_MULTI_TOPIC,GENERAL_MULTI_TOPIC,OTHER,ACTIVE,25,Ahrefs,2026-08-26
Computation Layer Support Forum,https://cl.desmos.com/,,en,CONSTRUCTION,CONSTRUCTION,OTHER,ACTIVE,81,Ahrefs,2026-08-26
Computational Science Stack Exchange,https://scicomp.stackexchange.com/,,en,PROGRAMMING_DEVELOPMENT,PROGRAMMING_DEVELOPMENT; SCIENCE,Q_AND_A,UNKNOWN,91,Ahrefs,2026-08-26
Computer Graphics Stack Exchange,https://computergraphics.stackexchange.com/,,en,TECHNOLOGY_SOFTWARE,TECHNOLOGY_SOFTWARE; SCIENCE,Q_AND_A,UNKNOWN,91,Ahrefs,2026-08-26
Computer Science Educators Stack Exchange,https://cseducators.stackexchange.com/,,en,GENERAL_MULTI_TOPIC,GENERAL_MULTI_TOPIC; PROGRAMMING_DEVELOPMENT; AI_DATA; TECHNOLOGY_SOFTWARE; EDUCATION_STUDENTS,Q_AND_A,UNKNOWN,91,Ahrefs,2026-08-26
Computer Science Stack Exchange,https://cs.stackexchange.com/,,en,TECHNOLOGY_SOFTWARE,TECHNOLOGY_SOFTWARE; EDUCATION_STUDENTS; SCIENCE,Q_AND_A,UNKNOWN,91,Ahrefs,2026-08-26
conan-star.roo7.biz,https://conan-star.roo7.biz/,,ar,GENERAL_MULTI_TOPIC,GENERAL_MULTI_TOPIC,INDEPENDENT,UNKNOWN,23,Ahrefs,2026-08-26
conduit.rpg-board.net,https://conduit.rpg-board.net/,,,EDUCATION_STUDENTS,EDUCATION_STUDENTS; GAMING_ESPORTS,INDEPENDENT,ACTIVE,57,Ahrefs,2026-08-26
Confluent Community,https://forum.confluent.io/,,en,PROGRAMMING_DEVELOPMENT,PROGRAMMING_DEVELOPMENT; EDUCATION_STUDENTS; ARCHITECTURE_DESIGN; NEWS_POLITICS_SOCIETY,OTHER,ACTIVE,82,Ahrefs,2026-08-26
consequencesofwar.rpg-board.net,https://consequencesofwar.rpg-board.net/,,en,GENERAL_MULTI_TOPIC,GENERAL_MULTI_TOPIC; GAMING_ESPORTS,INDEPENDENT,UNKNOWN,57,Ahrefs,2026-08-26
Constructed Languages Stack Exchange,https://conlang.stackexchange.com/,,en,GENERAL_MULTI_TOPIC,GENERAL_MULTI_TOPIC,Q_AND_A,UNKNOWN,91,Ahrefs,2026-08-26
Core Electronics Forum,https://forum.core-electronics.com.au/,,,GENERAL_MULTI_TOPIC,GENERAL_MULTI_TOPIC,OTHER,ACTIVE,60,Ahrefs,2026-08-26
Core77 Discussion Boards - Core77 Industrial Design Forum,https://boards.core77.com/,,en,GENERAL_MULTI_TOPIC,GENERAL_MULTI_TOPIC; ECOMMERCE_MARKETPLACES; TECHNOLOGY_SOFTWARE; BUSINESS_ENTREPRENEURSHIP; CAREERS_HR_RECRUITMENT,OTHER,ACTIVE,79,Ahrefs,2026-08-26
Cosmos Hub Forum,https://forum.cosmos.network/,,en,CRYPTO_WEB3,CRYPTO_WEB3; CYBERSECURITY_IT; TECHNOLOGY_SOFTWARE; CONSUMER_DEALS_REVIEWS,OTHER,ACTIVE,77,Ahrefs,2026-08-26
coupontradingpost.editboard.com,https://coupontradingpost.editboard.com/,,,FINANCE_INVESTING_BANKING,FINANCE_INVESTING_BANKING; CONSUMER_DEALS_REVIEWS,INDEPENDENT,DORMANT,52,Ahrefs,2026-08-26
"CoW DAO - CoW DAO is focused on fair and decentralized trading systems — in particular, building CoW Protocol, CoW Swap & MEV Blocker.",https://forum.cow.fi/,,zh; en,FINANCE_INVESTING_BANKING,FINANCE_INVESTING_BANKING,OTHER,ACTIVE,72,Ahrefs,2026-08-26
cowboybeboprpg.rpg-board.net,https://cowboybeboprpg.rpg-board.net/,,en,GAMING_ESPORTS,GAMING_ESPORTS,HOBBY_COMMUNITY,ACTIVE,57,Ahrefs,2026-08-26
coyotetesting.forumactif.com,https://coyotetesting.forumactif.com/,,,GENERAL_MULTI_TOPIC,GENERAL_MULTI_TOPIC,INDEPENDENT,UNKNOWN,78,Ahrefs,2026-08-26
Craft CMS Stack Exchange,https://craftcms.stackexchange.com/,,en,HOBBIES_COLLECTING_OUTDOORS,HOBBIES_COLLECTING_OUTDOORS,Q_AND_A,UNKNOWN,91,Ahrefs,2026-08-26
Creality Community Forum - forum.creality.com,https://forum.creality.com/,,en,TECHNOLOGY_SOFTWARE,TECHNOLOGY_SOFTWARE; CAREERS_HR_RECRUITMENT; NEWS_POLITICS_SOCIETY; CONSUMER_DEALS_REVIEWS,INDUSTRY_COMMUNITY,ACTIVE,75,Ahrefs,2026-08-26
creed.rpg-board.net,https://creed.rpg-board.net/,,en,GAMING_ESPORTS,GAMING_ESPORTS; MUSIC_ENTERTAINMENT_CULTURE,INDEPENDENT,DORMANT,57,Ahrefs,2026-08-26
"CrewAI - Cutting-edge framework for orchestrating role-playing, autonomous AI agents. By fostering collaborative intelligence, CrewAI empowers agents to work together seamlessly, t",https://community.crewai.com/,,en,CAREERS_HR_RECRUITMENT,CAREERS_HR_RECRUITMENT,OTHER,ACTIVE,78,Ahrefs,2026-08-26
crimsonknights.rpg-board.net,https://crimsonknights.rpg-board.net/,,en,GENERAL_MULTI_TOPIC,GENERAL_MULTI_TOPIC; GAMING_ESPORTS; HOBBIES_COLLECTING_OUTDOORS,HOBBY_COMMUNITY,ACTIVE,57,Ahrefs,2026-08-26
Critter & Guitari,https://forum.critterandguitari.com/,,en,MUSIC_ENTERTAINMENT_CULTURE,MUSIC_ENTERTAINMENT_CULTURE,OTHER,ACTIVE,47,Ahrefs,2026-08-26
Cross Validated,https://stats.stackexchange.com/,,en,AI_DATA,AI_DATA; EDUCATION_STUDENTS; NEWS_POLITICS_SOCIETY,Q_AND_A,UNKNOWN,91,Ahrefs,2026-08-26
Crossref community forum - You are Crossref,https://community.crossref.org/,Global,en; zh,ENGINEERING,ENGINEERING,OTHER,ACTIVE,88,Ahrefs,2026-08-26
crusadersofacre.rpg-board.net,https://crusadersofacre.rpg-board.net/,,en,GENERAL_MULTI_TOPIC,GENERAL_MULTI_TOPIC; GAMING_ESPORTS,INDEPENDENT,ACTIVE,57,Ahrefs,2026-08-26
cryptic.yetkin-forum.com,https://cryptic.yetkin-forum.com/,,,GENERAL_MULTI_TOPIC,GENERAL_MULTI_TOPIC,INDEPENDENT,DORMANT,24,Ahrefs,2026-08-26
Cryptography Stack Exchange,https://crypto.stackexchange.com/,,en,CRYPTO_WEB3,CRYPTO_WEB3; TECHNOLOGY_SOFTWARE,Q_AND_A,UNKNOWN,91,Ahrefs,2026-08-26
Crystal Forum - The Crystal Programming Language Forum,https://forum.crystal-lang.org/,,en,GENERAL_MULTI_TOPIC,GENERAL_MULTI_TOPIC; CAREERS_HR_RECRUITMENT; EDUCATION_STUDENTS; NEWS_POLITICS_SOCIETY,OTHER,ACTIVE,73,Ahrefs,2026-08-26
CS-Cart Forums - The Official Forum for CS-Cart ecommerce platform,https://forum.cs-cart.com/,,en,GENERAL_MULTI_TOPIC,GENERAL_MULTI_TOPIC; MARKETING_SEO_GROWTH; ECOMMERCE_MARKETPLACES; WEB_HOSTING_DOMAINS; BUSINESS_ENTREPRENEURSHIP,HOBBY_COMMUNITY,ACTIVE,81,Ahrefs,2026-08-26
CS50 Stack Exchange,https://cs50.stackexchange.com/,,en,FINANCE_INVESTING_BANKING,FINANCE_INVESTING_BANKING; EDUCATION_STUDENTS,Q_AND_A,UNKNOWN,91,Ahrefs,2026-08-26
csi-ny-rpg.rpg-board.net,https://csi-ny-rpg.rpg-board.net/,,en,AUTOMOTIVE,AUTOMOTIVE; GAMING_ESPORTS; LEGAL,INDEPENDENT,DORMANT,57,Ahrefs,2026-08-26
csilasvegasrpg.rpg-board.net,https://csilasvegasrpg.rpg-board.net/,,,GAMING_ESPORTS,GAMING_ESPORTS,INDEPENDENT,ACTIVE,57,Ahrefs,2026-08-26
Cubepilot,https://discuss.cubepilot.org/,,en,GENERAL_MULTI_TOPIC,GENERAL_MULTI_TOPIC; CAREERS_HR_RECRUITMENT; EDUCATION_STUDENTS; ENGINEERING; TRANSPORT_LOGISTICS,EDUCATION_COMMUNITY,ACTIVE,49,Ahrefs,2026-08-26
"Cumbria CQ - North West & Scotland Amateur Radio Discourse Server - CumbriaCQ forum for repeaters, network status, radio support, events, wiki guides, and local radio discussion.",https://discourse.cumbriacq.com/,,en,TECHNOLOGY_SOFTWARE,TECHNOLOGY_SOFTWARE; EDUCATION_STUDENTS; HOME_DIY; NEWS_POLITICS_SOCIETY,HOBBY_COMMUNITY,ACTIVE,38,Ahrefs,2026-08-26
Cumulocity Tech Community - Cumulocity Tech Community,https://community.cumulocity.com/,,en,CYBERSECURITY_IT,CYBERSECURITY_IT; BUSINESS_ENTREPRENEURSHIP; NEWS_POLITICS_SOCIETY,OTHER,ACTIVE,68,Ahrefs,2026-08-26
Cursor - Community Forum - The official forum to discuss Cursor.,https://forum.cursor.com/,,en,GENERAL_MULTI_TOPIC,GENERAL_MULTI_TOPIC,OTHER,ACTIVE,90,Ahrefs,2026-08-26
cwowd - Discussion-Communauté,https://forum.cwowd.com/,,fr,ANIMALS_PETS,ANIMALS_PETS,OTHER,ACTIVE,34,Ahrefs,2026-08-26
cybozu developer community - system,https://community.cybozu.dev/,,ja,PROGRAMMING_DEVELOPMENT,PROGRAMMING_DEVELOPMENT,OTHER,ACTIVE,58,Ahrefs,2026-08-26
damnedcityii.rpg-board.net,https://damnedcityii.rpg-board.net/,,en,GAMING_ESPORTS,GAMING_ESPORTS,INDEPENDENT,ACTIVE,57,Ahrefs,2026-08-26
dara.catsboard.com,https://dara.catsboard.com/,,en,GENERAL_MULTI_TOPIC,GENERAL_MULTI_TOPIC,HOBBY_COMMUNITY,ACTIVE,45,Ahrefs,2026-08-26
Dark Gaming,https://forum.dark-gaming.com/,,en,GAMING_ESPORTS,GAMING_ESPORTS; NEWS_POLITICS_SOCIETY,HOBBY_COMMUNITY,ACTIVE,15,Ahrefs,2026-08-26
darkness-2.rpg-board.net,https://darkness-2.rpg-board.net/,,,GAMING_ESPORTS,GAMING_ESPORTS,HOBBY_COMMUNITY,ACTIVE,57,Ahrefs,2026-08-26
darkzoneromania.forumgratuit.ro,https://darkzoneromania.forumgratuit.ro/,,,BUSINESS_ENTREPRENEURSHIP,BUSINESS_ENTREPRENEURSHIP,INDEPENDENT,ACTIVE,52,Ahrefs,2026-08-26
Data Community Forum - Join our community sharing knowledge and experience in data.,https://forum.data-community.org/,,en,GENERAL_MULTI_TOPIC,GENERAL_MULTI_TOPIC,OTHER,ACTIVE,13,Ahrefs,2026-08-26
Data Science Stack Exchange,https://datascience.stackexchange.com/,,en,PROGRAMMING_DEVELOPMENT,PROGRAMMING_DEVELOPMENT; AI_DATA; EDUCATION_STUDENTS; SCIENCE,Q_AND_A,UNKNOWN,91,Ahrefs,2026-08-26
Database Administrators Stack Exchange,https://dba.stackexchange.com/,,en,CYBERSECURITY_IT,CYBERSECURITY_IT; CAREERS_HR_RECRUITMENT,Q_AND_A,UNKNOWN,91,Ahrefs,2026-08-26
Dataquest Community,https://community.dataquest.io/,,en,PROGRAMMING_DEVELOPMENT,PROGRAMMING_DEVELOPMENT; AI_DATA; EDUCATION_STUDENTS; SCIENCE,OTHER,ACTIVE,74,Ahrefs,2026-08-27
dawnofanage.rpg-board.net,https://dawnofanage.rpg-board.net/,,en,GAMING_ESPORTS,GAMING_ESPORTS; ANIMALS_PETS; NEWS_POLITICS_SOCIETY,HOBBY_COMMUNITY,ACTIVE,57,Ahrefs,2026-08-26
dawnofshinobi.rpg-board.net,https://dawnofshinobi.rpg-board.net/,,,GAMING_ESPORTS,GAMING_ESPORTS,INDEPENDENT,ACTIVE,57,Ahrefs,2026-08-26
dawnofsouls.rpg-board.net,https://dawnofsouls.rpg-board.net/,,en,GAMING_ESPORTS,GAMING_ESPORTS,INDEPENDENT,ACTIVE,57,Ahrefs,2026-08-26
dawnoftheakatsuki.rpg-board.net,https://dawnoftheakatsuki.rpg-board.net/forum,,en,GAMING_ESPORTS,GAMING_ESPORTS,INDEPENDENT,ACTIVE,57,Ahrefs,2026-08-26
DayOne Forums - DayOne Forums,https://forum.playday.one/,,en,GAMING_ESPORTS,GAMING_ESPORTS,HOBBY_COMMUNITY,ACTIVE,42,Ahrefs,2026-08-26
daysofold.rpg-board.net,https://daysofold.rpg-board.net/,,en,GAMING_ESPORTS,GAMING_ESPORTS; NEWS_POLITICS_SOCIETY,INDEPENDENT,UNKNOWN,57,Ahrefs,2026-08-26
dbiwc.rpg-board.net,https://dbiwc.rpg-board.net/,,en,GAMING_ESPORTS,GAMING_ESPORTS; SPORTS_FITNESS; MUSIC_ENTERTAINMENT_CULTURE,PROFESSIONAL_COMMUNITY,ACTIVE,57,Ahrefs,2026-08-26
dbt Community Forum,https://discourse.getdbt.com/,,en,GENERAL_MULTI_TOPIC,GENERAL_MULTI_TOPIC,OTHER,ACTIVE,81,Ahrefs,2026-08-26
dbzrisepastglory.rpg-board.net,https://dbzrisepastglory.rpg-board.net/,,en,GAMING_ESPORTS,GAMING_ESPORTS; NEWS_POLITICS_SOCIETY,INDEPENDENT,ACTIVE,57,Ahrefs,2026-08-26
dbzsoulascension.rpg-board.net,https://dbzsoulascension.rpg-board.net/,,en,GENERAL_MULTI_TOPIC,GENERAL_MULTI_TOPIC; GAMING_ESPORTS; NEWS_POLITICS_SOCIETY,INDEPENDENT,ACTIVE,57,Ahrefs,2026-08-26
dead.rpg-board.net,https://dead.rpg-board.net/,,,GAMING_ESPORTS,GAMING_ESPORTS,INDEPENDENT,ACTIVE,57,Ahrefs,2026-08-26
deadmanwonderlandrpg.rpg-board.net,https://deadmanwonderlandrpg.rpg-board.net/,,en,GAMING_ESPORTS,GAMING_ESPORTS; NEWS_POLITICS_SOCIETY,INDEPENDENT,DORMANT,57,Ahrefs,2026-08-26
deathnoterevised.rpg-board.net,https://deathnoterevised.rpg-board.net/,,,EDUCATION_STUDENTS,EDUCATION_STUDENTS; GAMING_ESPORTS,INDEPENDENT,DORMANT,57,Ahrefs,2026-08-26
deathnoterpg.rpg-board.net,https://deathnoterpg.rpg-board.net/,,,GAMING_ESPORTS,GAMING_ESPORTS,HOBBY_COMMUNITY,ACTIVE,57,Ahrefs,2026-08-26
debmitchell.forumotion.net,https://debmitchell.forumotion.net/forum,Australia,,GENERAL_MULTI_TOPIC,GENERAL_MULTI_TOPIC,LOCAL_REGIONAL,ACTIVE,60,Ahrefs,2026-08-26
Decentraland,https://forum.decentraland.org/,,en,GENERAL_MULTI_TOPIC,GENERAL_MULTI_TOPIC,OTHER,ACTIVE,81,Ahrefs,2026-08-26
DeepLearning.AI,https://community.deeplearning.ai/,,en,GENERAL_MULTI_TOPIC,GENERAL_MULTI_TOPIC; PROGRAMMING_DEVELOPMENT; AI_DATA; TECHNOLOGY_SOFTWARE; EDUCATION_STUDENTS,Q_AND_A,ACTIVE,82,Ahrefs,2026-08-26
deepsinger.rpg-board.net,https://deepsinger.rpg-board.net/,,,GAMING_ESPORTS,GAMING_ESPORTS,HOBBY_COMMUNITY,ACTIVE,57,Ahrefs,2026-08-26
deepspace15.rpg-board.net,https://deepspace15.rpg-board.net/,,en,CYBERSECURITY_IT,CYBERSECURITY_IT; ENGINEERING; GAMING_ESPORTS,INDEPENDENT,DORMANT,57,Ahrefs,2026-08-26
DeepTalk - Deep Learning Community,https://deeptalk.lambda.ai/,,en,GENERAL_MULTI_TOPIC,GENERAL_MULTI_TOPIC; AI_DATA; EDUCATION_STUDENTS,OTHER,ACTIVE,75,Ahrefs,2026-08-26
defiancerp.forumotion.co.uk,https://defiancerp.forumotion.co.uk/,,en,GENERAL_MULTI_TOPIC,GENERAL_MULTI_TOPIC,HOBBY_COMMUNITY,ACTIVE,52,Ahrefs,2026-08-26
definejustice.rpg-board.net,https://definejustice.rpg-board.net/,,en,EDUCATION_STUDENTS,EDUCATION_STUDENTS; GAMING_ESPORTS; NEWS_POLITICS_SOCIETY,HOBBY_COMMUNITY,ACTIVE,57,Ahrefs,2026-08-26
Defold game engine forum,https://forum.defold.com/,,en; zh,PROGRAMMING_DEVELOPMENT,PROGRAMMING_DEVELOPMENT,OTHER,ACTIVE,75,Ahrefs,2026-08-26
Delta Chat,https://support.delta.chat/,,en,GENERAL_MULTI_TOPIC,GENERAL_MULTI_TOPIC,OTHER,ACTIVE,73,Ahrefs,2026-08-26
Delta Exchange India,https://community.delta.exchange/,India,en,FINANCE_INVESTING_BANKING,FINANCE_INVESTING_BANKING; CRYPTO_WEB3,LOCAL_REGIONAL,ACTIVE,69,Ahrefs,2026-08-26
demoactif.forumactif.com,https://demoactif.forumactif.com/,,en,GENERAL_MULTI_TOPIC,GENERAL_MULTI_TOPIC,INDEPENDENT,UNKNOWN,78,Ahrefs,2026-08-26
desertwarriorsrpg.rpg-board.net,https://desertwarriorsrpg.rpg-board.net/forum,,en,GAMING_ESPORTS,GAMING_ESPORTS,HOBBY_COMMUNITY,ACTIVE,57,Ahrefs,2026-08-26
"Dessein-Tech - ""Dessein-Tech"", l'intelligence humaine et la technologie conçoivent le Monde",https://dessein-tech.com/,,fr,BUSINESS_ENTREPRENEURSHIP,BUSINESS_ENTREPRENEURSHIP,OTHER,ACTIVE,3,Ahrefs,2026-08-26
DevOps Stack Exchange,https://devops.stackexchange.com/,,en,CYBERSECURITY_IT,CYBERSECURITY_IT; TECHNOLOGY_SOFTWARE; ENGINEERING,Q_AND_A,UNKNOWN,91,Ahrefs,2026-08-26
dfphloots.rpg-board.net,https://dfphloots.rpg-board.net/,,en,ECOMMERCE_MARKETPLACES,ECOMMERCE_MARKETPLACES; GAMING_ESPORTS,INDEPENDENT,UNKNOWN,57,Ahrefs,2026-08-26
DHIS2 Community,https://community.dhis2.org/,,ar; en,ECOMMERCE_MARKETPLACES,ECOMMERCE_MARKETPLACES; EDUCATION_STUDENTS; HEALTH_MEDICINE,OTHER,ACTIVE,74,Ahrefs,2026-08-26
didrik.forumotion.net,https://didrik.forumotion.net/,,,GENERAL_MULTI_TOPIC,GENERAL_MULTI_TOPIC,HOBBY_COMMUNITY,ACTIVE,60,Ahrefs,2026-08-26
diendan.forumotion.org,https://diendan.forumotion.org/,,,MUSIC_ENTERTAINMENT_CULTURE,MUSIC_ENTERTAINMENT_CULTURE,INDEPENDENT,ACTIVE,27,Ahrefs,2026-08-26
diendanvangforex.forumvi.com,https://diendanvangforex.forumvi.com/,,,GENERAL_MULTI_TOPIC,GENERAL_MULTI_TOPIC,INDEPENDENT,ACTIVE,56,Ahrefs,2026-08-26
Digi Technical Support Forums,https://forums.digi.com/,,,PROGRAMMING_DEVELOPMENT,PROGRAMMING_DEVELOPMENT; TECHNOLOGY_SOFTWARE,OTHER,ACTIVE,77,Ahrefs,2026-08-26
DigiKey TechForum - An Electronic Component and Engineering Solution Forum,https://forum.digikey.com/,,en,BUSINESS_ENTREPRENEURSHIP,BUSINESS_ENTREPRENEURSHIP; ENGINEERING,HOBBY_COMMUNITY,ACTIVE,84,Ahrefs,2026-08-26
digirevolutionwars.rpg-board.net,https://digirevolutionwars.rpg-board.net/,,,BUSINESS_ENTREPRENEURSHIP,BUSINESS_ENTREPRENEURSHIP; GAMING_ESPORTS; CREATIVE_DESIGN; MUSIC_ENTERTAINMENT_CULTURE,HOBBY_COMMUNITY,DORMANT,57,Ahrefs,2026-08-26
dimensionalchess.rpg-board.net,https://dimensionalchess.rpg-board.net/,,en,GAMING_ESPORTS,GAMING_ESPORTS; NEWS_POLITICS_SOCIETY,HOBBY_COMMUNITY,UNKNOWN,57,Ahrefs,2026-08-26
dinarevaluation.foroactivo.com,https://dinarevaluation.foroactivo.com/,,en,NEWS_POLITICS_SOCIETY,NEWS_POLITICS_SOCIETY,INDEPENDENT,ACTIVE,74,Ahrefs,2026-08-26
Diolinux Plus - Liberdade de conhecimento,https://plus.diolinux.com.br/,,pt; es,TECHNOLOGY_SOFTWARE,TECHNOLOGY_SOFTWARE,OTHER,ACTIVE,47,Ahrefs,2026-08-26
Directus Community,https://community.directus.com/,,en,CAREERS_HR_RECRUITMENT,CAREERS_HR_RECRUITMENT,OTHER,ACTIVE,72,Ahrefs,2026-08-26
dirkels.rpg-board.net,https://dirkels.rpg-board.net/,,,GAMING_ESPORTS,GAMING_ESPORTS,INDEPENDENT,ACTIVE,57,Ahrefs,2026-08-26
Discourse Meta - The Official Support Forum for Discourse,https://meta.discourse.org/,,en,WEB_HOSTING_DOMAINS,WEB_HOSTING_DOMAINS; TECHNOLOGY_SOFTWARE; BUSINESS_ENTREPRENEURSHIP; NEWS_POLITICS_SOCIETY,VENDOR_SUPPORT,ACTIVE,83,Ahrefs,2026-08-26
Discuss Kubernetes,https://discuss.kubernetes.io/,,,GENERAL_MULTI_TOPIC,GENERAL_MULTI_TOPIC,OTHER,ACTIVE,90,Ahrefs,2026-08-26
"Discuss the Elastic Stack - Official ELK / Elastic Stack, Elasticsearch, Logstash, Kibana, Beats and more forums",https://discuss.elastic.co/,,ja; en,CYBERSECURITY_IT,CYBERSECURITY_IT,OTHER,ACTIVE,90,Ahrefs,2026-08-26
discuss.pixls.us - Free Software Photography,https://discuss.pixls.us/,,en,TECHNOLOGY_SOFTWARE,TECHNOLOGY_SOFTWARE; LEGAL,OTHER,ACTIVE,61,Ahrefs,2026-08-26
Discussion Forum — PennyLane,https://discuss.pennylane.ai/,,en,TECHNOLOGY_SOFTWARE,TECHNOLOGY_SOFTWARE,OTHER,ACTIVE,68,Ahrefs,2026-08-26
Discussions on Python.org,https://discuss.python.org/,,en,PROGRAMMING_DEVELOPMENT,PROGRAMMING_DEVELOPMENT; TECHNOLOGY_SOFTWARE; EDUCATION_STUDENTS,OTHER,ACTIVE,92,Ahrefs,2026-08-26
Diskutuj.Digital,https://diskutuj.digital/,,zh,GENERAL_MULTI_TOPIC,GENERAL_MULTI_TOPIC,OTHER,ACTIVE,8,Ahrefs,2026-08-26
distantbloods.rpg-board.net,https://distantbloods.rpg-board.net/,,en,GAMING_ESPORTS,GAMING_ESPORTS; PARENTING_FAMILY; HOBBIES_COLLECTING_OUTDOORS,INDEPENDENT,ACTIVE,57,Ahrefs,2026-08-26
dividedarms.rpg-board.net,https://dividedarms.rpg-board.net/forum,,en,GAMING_ESPORTS,GAMING_ESPORTS,INDEPENDENT,DORMANT,57,Ahrefs,2026-08-26
divinequeerposse.rpg-board.net,https://divinequeerposse.rpg-board.net/,,en,GAMING_ESPORTS,GAMING_ESPORTS,INDEPENDENT,ACTIVE,57,Ahrefs,2026-08-26
diwow.rpg-board.net,https://diwow.rpg-board.net/,,,GAMING_ESPORTS,GAMING_ESPORTS,INDEPENDENT,DORMANT,57,Ahrefs,2026-08-26
DJ TechTools Forum,https://forum.djtechtools.com/,,en,GENERAL_MULTI_TOPIC,GENERAL_MULTI_TOPIC; TECHNOLOGY_SOFTWARE; MUSIC_ENTERTAINMENT_CULTURE; NEWS_POLITICS_SOCIETY; CONSUMER_DEALS_REVIEWS,OTHER,ACTIVE,70,Ahrefs,2026-08-26
Django Forum,https://forum.djangoproject.com/,,en,GENERAL_MULTI_TOPIC,GENERAL_MULTI_TOPIC,OTHER,ACTIVE,89,Ahrefs,2026-08-26
Dlubal Community - Home for Structural Engineers,https://community.dlubal.com/,,en,GENERAL_MULTI_TOPIC,GENERAL_MULTI_TOPIC; EDUCATION_STUDENTS; ENGINEERING; NEWS_POLITICS_SOCIETY,OTHER,ACTIVE,68,Ahrefs,2026-08-26
dnec.forumotion.net,https://dnec.forumotion.net/,,en,SPORTS_FITNESS,SPORTS_FITNESS; MUSIC_ENTERTAINMENT_CULTURE,HOBBY_COMMUNITY,DORMANT,60,Ahrefs,2026-08-26
Docker Community Forums,https://forums.docker.com/,,en,GENERAL_MULTI_TOPIC,GENERAL_MULTI_TOPIC,OTHER,ACTIVE,92,Ahrefs,2026-08-26
Doctolib Communauté - Construisons ensemble la santé de demain,https://community.doctolib.fr/,,,ANIMALS_PETS,ANIMALS_PETS,OTHER,ACTIVE,91,Ahrefs,2026-08-26
dogtalk4us.forumotion.co.uk,https://dogtalk4us.forumotion.co.uk/,,en,HEALTH_MEDICINE,HEALTH_MEDICINE; SPORTS_FITNESS; ANIMALS_PETS,HOBBY_COMMUNITY,ACTIVE,52,Ahrefs,2026-08-26
dominionofheroes.rpg-board.net,https://dominionofheroes.rpg-board.net/,,,GAMING_ESPORTS,GAMING_ESPORTS,INDEPENDENT,ACTIVE,57,Ahrefs,2026-08-26
"Don't Panic, Ten - Paura di rimanere senza Ten Forward? Don't Panic. Siamo qui.",https://dontpanicten.it/,,it,NEWS_POLITICS_SOCIETY,NEWS_POLITICS_SOCIETY,OTHER,DORMANT,1,Ahrefs,2026-08-26
dp-fans.rpg-board.net,https://dp-fans.rpg-board.net/,,,GAMING_ESPORTS,GAMING_ESPORTS; MUSIC_ENTERTAINMENT_CULTURE; NEWS_POLITICS_SOCIETY,HOBBY_COMMUNITY,DORMANT,57,Ahrefs,2026-08-26
drageloc.rpg-board.net,https://drageloc.rpg-board.net/,,en,GAMING_ESPORTS,GAMING_ESPORTS; NEWS_POLITICS_SOCIETY,INDEPENDENT,DORMANT,57,Ahrefs,2026-08-26
dragonball-online-rp.rpg-board.net,https://dragonball-online-rp.rpg-board.net/,,,CAREERS_HR_RECRUITMENT,CAREERS_HR_RECRUITMENT; GAMING_ESPORTS; NEWS_POLITICS_SOCIETY,HOBBY_COMMUNITY,ACTIVE,57,Ahrefs,2026-08-26
dragonballgalaxy.rpg-board.net,https://dragonballgalaxy.rpg-board.net/,,,GAMING_ESPORTS,GAMING_ESPORTS,INDEPENDENT,ACTIVE,57,Ahrefs,2026-08-26
dragonballroleplay.rpg-board.net,https://dragonballroleplay.rpg-board.net/,,en,GAMING_ESPORTS,GAMING_ESPORTS,HOBBY_COMMUNITY,ACTIVE,57,Ahrefs,2026-08-26
dragonballwwa.rpg-board.net,https://dragonballwwa.rpg-board.net/,,en,GENERAL_MULTI_TOPIC,GENERAL_MULTI_TOPIC; GAMING_ESPORTS; NEWS_POLITICS_SOCIETY,INDEPENDENT,ACTIVE,57,Ahrefs,2026-08-26
dragonballzrpg.rpg-board.net,https://dragonballzrpg.rpg-board.net/,,,GAMING_ESPORTS,GAMING_ESPORTS,INDEPENDENT,DORMANT,57,Ahrefs,2026-08-26
dragoneliteco.forumotion.co.uk,https://dragoneliteco.forumotion.co.uk/,,,GENERAL_MULTI_TOPIC,GENERAL_MULTI_TOPIC,INDEPENDENT,ACTIVE,52,Ahrefs,2026-08-26
Dramatica Platform Community - A community for exploring Dramatica theory and AI.,https://discuss.dramatica.com/,,en,TECHNOLOGY_SOFTWARE,TECHNOLOGY_SOFTWARE; CONSUMER_DEALS_REVIEWS,OTHER,ACTIVE,49,Ahrefs,2026-08-26
draytondubsshrops.forumotion.co.uk,https://draytondubsshrops.forumotion.co.uk/,,en,AUTOMOTIVE,AUTOMOTIVE; NEWS_POLITICS_SOCIETY,HOBBY_COMMUNITY,DORMANT,52,Ahrefs,2026-08-26
dream.twilight-mania.com,https://dream.twilight-mania.com/,,en,CREATIVE_DESIGN,CREATIVE_DESIGN; CONSUMER_DEALS_REVIEWS,INDEPENDENT,DORMANT,20,Ahrefs,2026-08-26
dreams-can-come-true.rpg-board.net,https://dreams-can-come-true.rpg-board.net/,,en,GAMING_ESPORTS,GAMING_ESPORTS,INDEPENDENT,DORMANT,57,Ahrefs,2026-08-26
dreamthorn.rpg-board.net,https://dreamthorn.rpg-board.net/,,,GENERAL_MULTI_TOPIC,GENERAL_MULTI_TOPIC; GAMING_ESPORTS; NEWS_POLITICS_SOCIETY,HOBBY_COMMUNITY,DORMANT,57,Ahrefs,2026-08-26
Dremio,https://community.dremio.com/,,zh; en,EDUCATION_STUDENTS,EDUCATION_STUDENTS,EDUCATION_COMMUNITY,ACTIVE,73,Ahrefs,2026-08-26
DrivenData Community,https://community.drivendata.org/,,en,GENERAL_MULTI_TOPIC,GENERAL_MULTI_TOPIC; AI_DATA; EDUCATION_STUDENTS; SCIENCE; ENGINEERING,INDUSTRY_COMMUNITY,ACTIVE,71,Ahrefs,2026-08-26
droidsandewoks.rpg-board.net,https://droidsandewoks.rpg-board.net/,,en,ECOMMERCE_MARKETPLACES,ECOMMERCE_MARKETPLACES; GAMING_ESPORTS,HOBBY_COMMUNITY,UNKNOWN,57,Ahrefs,2026-08-26
Drone Hub - Drone community,https://dronehub.co.uk/,,en,GENERAL_MULTI_TOPIC,GENERAL_MULTI_TOPIC,HOBBY_COMMUNITY,ACTIVE,16,Ahrefs,2026-08-26
Drones and Model Aircraft Stack Exchange,https://drones.stackexchange.com/,,en,CONSTRUCTION,CONSTRUCTION; PHOTOGRAPHY_VIDEO,Q_AND_A,UNKNOWN,91,Ahrefs,2026-08-26
Drupal Answers,https://drupal.stackexchange.com/,,en,PROGRAMMING_DEVELOPMENT,PROGRAMMING_DEVELOPMENT,Q_AND_A,UNKNOWN,91,Ahrefs,2026-08-26
dsoc.catsboard.com,https://dsoc.catsboard.com/,,,GENERAL_MULTI_TOPIC,GENERAL_MULTI_TOPIC,INDEPENDENT,ACTIVE,45,Ahrefs,2026-08-26
Duelists Unite - A hub for duelists that play card games.,https://forum.duelistsunite.org/,,,ECOMMERCE_MARKETPLACES,ECOMMERCE_MARKETPLACES,OTHER,ACTIVE,36,Ahrefs,2026-08-26
dundeewargames.forumotion.co.uk,https://dundeewargames.forumotion.co.uk/,,en,GENERAL_MULTI_TOPIC,GENERAL_MULTI_TOPIC; FINANCE_INVESTING_BANKING; TECHNOLOGY_SOFTWARE; NEWS_POLITICS_SOCIETY,INDEPENDENT,ACTIVE,52,Ahrefs,2026-08-26
Duplicati,https://forum.duplicati.com/,,,PROGRAMMING_DEVELOPMENT,PROGRAMMING_DEVELOPMENT; NEWS_POLITICS_SOCIETY,OTHER,ACTIVE,71,Ahrefs,2026-08-26
durhamracing.forumotion.net,https://durhamracing.forumotion.net/,,,AUTOMOTIVE,AUTOMOTIVE; HOME_DIY,INDEPENDENT,ACTIVE,60,Ahrefs,2026-08-26
dwma-rpg.rpg-board.net,https://dwma-rpg.rpg-board.net/forum,,,GAMING_ESPORTS,GAMING_ESPORTS,INDEPENDENT,ACTIVE,57,Ahrefs,2026-08-26
"dYdX Community Forum - Governance, Proposals, and Chain Discussions - Explore and contribute to the dYdX Community Forum - your hub for discussions on dYdX governance, chain develo",https://dydx.forum/,,en,FINANCE_INVESTING_BANKING,FINANCE_INVESTING_BANKING,OTHER,ACTIVE,39,Ahrefs,2026-08-26
Dynamics User Group - Dynamics User Group,https://dynamicsuser.net/,,en,FINANCE_INVESTING_BANKING,FINANCE_INVESTING_BANKING; PROGRAMMING_DEVELOPMENT; BUSINESS_ENTREPRENEURSHIP,OTHER,ACTIVE,44,Ahrefs,2026-08-26
Dynamo,https://forum.dynamobim.com/,,en,AI_DATA,AI_DATA; CAREERS_HR_RECRUITMENT; EDUCATION_STUDENTS,OTHER,ACTIVE,46,Ahrefs,2026-08-26
Eagle Ski Club Forums - Discussion around all things related to ski touring,https://discourse.eagleskiclub.org.uk/,,en,GENERAL_MULTI_TOPIC,GENERAL_MULTI_TOPIC,OTHER,ACTIVE,14,Ahrefs,2026-08-26
Earth Science Stack Exchange,https://earthscience.stackexchange.com/,,en,TECHNOLOGY_SOFTWARE,TECHNOLOGY_SOFTWARE; SCIENCE; AGRICULTURE_GARDENING; NEWS_POLITICS_SOCIETY,Q_AND_A,UNKNOWN,91,Ahrefs,2026-08-26
Ebooks Stack Exchange,https://ebooks.stackexchange.com/,,en,TECHNOLOGY_SOFTWARE,TECHNOLOGY_SOFTWARE; BUSINESS_ENTREPRENEURSHIP,Q_AND_A,UNKNOWN,91,Ahrefs,2026-08-26
eclipse-2.forumotion.co.uk,https://eclipse-2.forumotion.co.uk/,,,GENERAL_MULTI_TOPIC,GENERAL_MULTI_TOPIC,INDEPENDENT,ACTIVE,52,Ahrefs,2026-08-26
Ecologists Collaborating Online - The science & practice of ecology,https://discourse.esa.org/,,en,SCIENCE,SCIENCE,OTHER,ACTIVE,74,Ahrefs,2026-08-26
Economics Stack Exchange,https://economics.stackexchange.com/,,en,GOVERNMENT_PUBLIC_SECTOR,GOVERNMENT_PUBLIC_SECTOR,Q_AND_A,UNKNOWN,91,Ahrefs,2026-08-26
edukitchen.forumotion.net,https://edukitchen.forumotion.net/,,en,EDUCATION_STUDENTS,EDUCATION_STUDENTS; NEWS_POLITICS_SOCIETY,EDUCATION_COMMUNITY,ACTIVE,60,Ahrefs,2026-08-26
eeClub - 电子工程师社区,https://bbs.eeclub.top/,,zh; en,TECHNOLOGY_SOFTWARE,TECHNOLOGY_SOFTWARE; CAREERS_HR_RECRUITMENT; ENGINEERING; CONSUMER_DEALS_REVIEWS,Q_AND_A,ACTIVE,8,Ahrefs,2026-08-26
efzg.forumcroatian.com,https://efzg.forumcroatian.com/,,,MARKETING_SEO_GROWTH,MARKETING_SEO_GROWTH; BUSINESS_ENTREPRENEURSHIP,INDEPENDENT,ACTIVE,30,Ahrefs,2026-08-26
eggcellentpoultry.goodforum.net,https://eggcellentpoultry.goodforum.net/,,,BUSINESS_ENTREPRENEURSHIP,BUSINESS_ENTREPRENEURSHIP; HEALTH_MEDICINE,INDEPENDENT,ACTIVE,43,Ahrefs,2026-08-26
"EigenLayer Forum - Discussions about EigenLayer’s ecosystem, governance, and protocol research.",https://forum.eigenlayer.xyz/,,en,CRYPTO_WEB3,CRYPTO_WEB3; CYBERSECURITY_IT,OTHER,ACTIVE,72,Ahrefs,2026-08-26
EINSTAR USER COMMUNITY,https://forum.einstar.com/,,en,AUTOMOTIVE,AUTOMOTIVE; NEWS_POLITICS_SOCIETY,OTHER,ACTIVE,53,Ahrefs,2026-08-26
Electra One Community - Discussion forum for Electra One users,https://forum.electra.one/,,en,GENERAL_MULTI_TOPIC,GENERAL_MULTI_TOPIC,OTHER,ACTIVE,16,Ahrefs,2026-08-26
Electric Forum,https://community.electricforum.com/,,,AUTOMOTIVE,AUTOMOTIVE; HOME_DIY,OTHER,ACTIVE,23,Ahrefs,2026-08-26
Electrical Engineering Stack Exchange,https://electronics.stackexchange.com/,,en,EDUCATION_STUDENTS,EDUCATION_STUDENTS; ENGINEERING,Q_AND_A,UNKNOWN,91,Ahrefs,2026-08-26
electronicmusic.forum.st,https://electronicmusic.forum.st/,,,GENERAL_MULTI_TOPIC,GENERAL_MULTI_TOPIC,INDEPENDENT,ACTIVE,40,Ahrefs,2026-08-26
elementalisland.rpg-board.net,https://elementalisland.rpg-board.net/,,en,GAMING_ESPORTS,GAMING_ESPORTS,HOBBY_COMMUNITY,ACTIVE,57,Ahrefs,2026-08-26
elementary OS Stack Exchange,https://elementaryos.stackexchange.com/,,en,CYBERSECURITY_IT,CYBERSECURITY_IT; MUSIC_ENTERTAINMENT_CULTURE,Q_AND_A,UNKNOWN,91,Ahrefs,2026-08-26
Elfsight Community,https://community.elfsight.com/,,en,MUSIC_ENTERTAINMENT_CULTURE,MUSIC_ENTERTAINMENT_CULTURE; PARENTING_FAMILY; NEWS_POLITICS_SOCIETY; CONSUMER_DEALS_REVIEWS,OTHER,ACTIVE,92,Ahrefs,2026-08-26
Elite Fourum - E4 - efour,https://elitefourum.com/,,en,NEWS_POLITICS_SOCIETY,NEWS_POLITICS_SOCIETY,OTHER,ACTIVE,53,Ahrefs,2026-08-26
elitegamingcrew.rpg-board.net,https://elitegamingcrew.rpg-board.net/,,en,GENERAL_MULTI_TOPIC,GENERAL_MULTI_TOPIC; GAMING_ESPORTS,HOBBY_COMMUNITY,ACTIVE,57,Ahrefs,2026-08-26
Elm,https://discourse.elm-lang.org/,,en,GENERAL_MULTI_TOPIC,GENERAL_MULTI_TOPIC,OTHER,ACTIVE,78,Ahrefs,2026-08-26
Emacs Stack Exchange,https://emacs.stackexchange.com/,,,GENERAL_MULTI_TOPIC,GENERAL_MULTI_TOPIC,Q_AND_A,UNKNOWN,91,Ahrefs,2026-08-26
Emerging Threats,https://community.emergingthreats.net/,,en,GENERAL_MULTI_TOPIC,GENERAL_MULTI_TOPIC,OTHER,ACTIVE,72,Ahrefs,2026-08-26
"Emma Community - The official community of Emma, the savings app.",https://community.emma-app.com/,,en,GENERAL_MULTI_TOPIC,GENERAL_MULTI_TOPIC; FINANCE_INVESTING_BANKING; CRYPTO_WEB3; EDUCATION_STUDENTS; NEWS_POLITICS_SOCIETY,OTHER,ACTIVE,65,Ahrefs,2026-08-26
encounters.rpg-board.net,https://encounters.rpg-board.net/,,en,GENERAL_MULTI_TOPIC,GENERAL_MULTI_TOPIC; GAMING_ESPORTS,INDEPENDENT,ACTIVE,57,Ahrefs,2026-08-26
EndeavourOS - A terminal-centric distro with a vibrant and friendly community at its core.,https://forum.endeavouros.com/,,en,TECHNOLOGY_SOFTWARE,TECHNOLOGY_SOFTWARE; GAMING_ESPORTS; NEWS_POLITICS_SOCIETY,HOBBY_COMMUNITY,ACTIVE,65,Ahrefs,2026-08-26
endless.forumakers.com,https://endless.forumakers.com/,Philippines,,GENERAL_MULTI_TOPIC,GENERAL_MULTI_TOPIC; GAMING_ESPORTS; MUSIC_ENTERTAINMENT_CULTURE; NEWS_POLITICS_SOCIETY,LOCAL_REGIONAL,UNKNOWN,36,Ahrefs,2026-08-26
Engineering Stack Exchange,https://engineering.stackexchange.com/,,en,EDUCATION_STUDENTS,EDUCATION_STUDENTS; ENGINEERING,Q_AND_A,UNKNOWN,91,Ahrefs,2026-08-26
English Language & Usage Stack Exchange,https://english.stackexchange.com/,,en,GENERAL_MULTI_TOPIC,GENERAL_MULTI_TOPIC,Q_AND_A,UNKNOWN,91,Ahrefs,2026-08-26
English Language Learners Stack Exchange,https://ell.stackexchange.com/,,,EDUCATION_STUDENTS,EDUCATION_STUDENTS,Q_AND_A,UNKNOWN,91,Ahrefs,2026-08-26
english-warrior-rpg.rpg-board.net,https://english-warrior-rpg.rpg-board.net/,,en,GAMING_ESPORTS,GAMING_ESPORTS; PARENTING_FAMILY; NEWS_POLITICS_SOCIETY,INDEPENDENT,UNKNOWN,57,Ahrefs,2026-08-26
Enonic Discuss,https://discuss.enonic.com/,,en,CYBERSECURITY_IT,CYBERSECURITY_IT; WEB_HOSTING_DOMAINS; NEWS_POLITICS_SOCIETY,OTHER,ACTIVE,56,Ahrefs,2026-08-26
entherium.rpg-board.net,https://entherium.rpg-board.net/,,en,TECHNOLOGY_SOFTWARE,TECHNOLOGY_SOFTWARE; GAMING_ESPORTS,INDEPENDENT,UNKNOWN,57,Ahrefs,2026-08-26
EOS.IO Stack Exchange,https://eosio.stackexchange.com/,,en,CRYPTO_WEB3,CRYPTO_WEB3,Q_AND_A,UNKNOWN,91,Ahrefs,2026-08-26
eotnalliance.rpg-board.net,https://eotnalliance.rpg-board.net/forum,,en,GAMING_ESPORTS,GAMING_ESPORTS; NEWS_POLITICS_SOCIETY,INDEPENDENT,ACTIVE,57,Ahrefs,2026-08-26
Epic Developer Community Forums,https://forums.unrealengine.com/,,en,PROGRAMMING_DEVELOPMENT,PROGRAMMING_DEVELOPMENT; CYBERSECURITY_IT,OTHER,ACTIVE,87,Ahrefs,2026-08-26
Epicor User Help Forum - Epicor Help for users of Epicor's Prophet 21 / Vista / Vantage / Epicor 9 and Epicor 10 ERP Products. This forum serves as a means of discussion and troubl,https://epiusers.help/,,en,TECHNOLOGY_SOFTWARE,TECHNOLOGY_SOFTWARE,OTHER,ACTIVE,44,Ahrefs,2026-08-26
epochnl.canadian-forum.com,https://epochnl.canadian-forum.com/,,en,GENERAL_MULTI_TOPIC,GENERAL_MULTI_TOPIC,INDEPENDENT,ACTIVE,29,Ahrefs,2026-08-26
eraclan.rpg-board.net,https://eraclan.rpg-board.net/,,,GAMING_ESPORTS,GAMING_ESPORTS,INDEPENDENT,ACTIVE,57,Ahrefs,2026-08-26
Eris Online Forum,https://forum.erismmo.com/,,zh,NEWS_POLITICS_SOCIETY,NEWS_POLITICS_SOCIETY,OTHER,ACTIVE,20,Ahrefs,2026-08-26
ertrpg.rpg-board.net,https://ertrpg.rpg-board.net/,,en,HEALTH_MEDICINE,HEALTH_MEDICINE; GAMING_ESPORTS; NEWS_POLITICS_SOCIETY,INDEPENDENT,ACTIVE,57,Ahrefs,2026-08-26
escapefromreality.forumotion.co.uk,https://escapefromreality.forumotion.co.uk/,,,SPORTS_FITNESS,SPORTS_FITNESS; PARENTING_FAMILY,INDEPENDENT,UNKNOWN,52,Ahrefs,2026-08-26
esf-clan.rpg-board.net,https://esf-clan.rpg-board.net/forum,,,GAMING_ESPORTS,GAMING_ESPORTS,INDEPENDENT,DORMANT,57,Ahrefs,2026-08-26
esotericripley.rpg-board.net,https://esotericripley.rpg-board.net/,,en,GENERAL_MULTI_TOPIC,GENERAL_MULTI_TOPIC; GAMING_ESPORTS; CREATIVE_DESIGN; MUSIC_ENTERTAINMENT_CULTURE,INDEPENDENT,ACTIVE,57,Ahrefs,2026-08-26
Esperanto Language Stack Exchange,https://esperanto.stackexchange.com/,,en,EDUCATION_STUDENTS,EDUCATION_STUDENTS; NEWS_POLITICS_SOCIETY,Q_AND_A,UNKNOWN,91,Ahrefs,2026-08-26
ETARC Community,https://forums.atlas-65.com/,,en,GENERAL_MULTI_TOPIC,GENERAL_MULTI_TOPIC; CREATIVE_DESIGN,OTHER,ACTIVE,27,Ahrefs,2026-08-26
eternalocean.rpg-board.net,https://eternalocean.rpg-board.net/,,,GAMING_ESPORTS,GAMING_ESPORTS; CREATIVE_DESIGN,INDEPENDENT,ACTIVE,57,Ahrefs,2026-08-26
eternityscion.rpg-board.net,https://eternityscion.rpg-board.net/,,,GAMING_ESPORTS,GAMING_ESPORTS,HOBBY_COMMUNITY,DORMANT,57,Ahrefs,2026-08-26
Ethena Governance,https://gov.ethenafoundation.com/,,,FINANCE_INVESTING_BANKING,FINANCE_INVESTING_BANKING; CRYPTO_WEB3,OTHER,ACTIVE,34,Ahrefs,2026-08-26
Ethereum Stack Exchange,https://ethereum.stackexchange.com/,,en,CRYPTO_WEB3,CRYPTO_WEB3; PROGRAMMING_DEVELOPMENT,Q_AND_A,UNKNOWN,91,Ahrefs,2026-08-26
EthosCE Support Community,https://community.ethosce.com/,,en,EDUCATION_STUDENTS,EDUCATION_STUDENTS; NEWS_POLITICS_SOCIETY,OTHER,ACTIVE,68,Ahrefs,2026-08-26
eufy Community,https://community.eufy.com/,,,GENERAL_MULTI_TOPIC,GENERAL_MULTI_TOPIC,OTHER,ACTIVE,77,Ahrefs,2026-08-26
EVE Online Forums,https://forums.eveonline.com/,,,GENERAL_MULTI_TOPIC,GENERAL_MULTI_TOPIC; SCIENCE,Q_AND_A,ACTIVE,78,Ahrefs,2026-08-26
everafter-au.rpg-board.net,https://everafter-au.rpg-board.net/,,en,GAMING_ESPORTS,GAMING_ESPORTS,HOBBY_COMMUNITY,ACTIVE,57,Ahrefs,2026-08-26
EvolveLAB Forum,https://forum.evolvelab.io/,,,GENERAL_MULTI_TOPIC,GENERAL_MULTI_TOPIC,OTHER,ACTIVE,47,Ahrefs,2026-08-26
eWeLink Forum,https://forum.ewelink.cc/,,,GENERAL_MULTI_TOPIC,GENERAL_MULTI_TOPIC,OTHER,ACTIVE,57,Ahrefs,2026-08-26
Exalate,https://community.exalate.com/,,en,GENERAL_MULTI_TOPIC,GENERAL_MULTI_TOPIC; NEWS_POLITICS_SOCIETY,OTHER,ACTIVE,60,Ahrefs,2026-08-26
examinerdiscussion.rpg-board.net,https://examinerdiscussion.rpg-board.net/,,en,GAMING_ESPORTS,GAMING_ESPORTS,INDEPENDENT,ACTIVE,57,Ahrefs,2026-08-26
Exiges.com - Lotus Exige club and forum,https://exiges.com/,,en,ECOMMERCE_MARKETPLACES,ECOMMERCE_MARKETPLACES; AUTOMOTIVE,OTHER,ACTIVE,9,Ahrefs,2026-08-26
Expatriates Stack Exchange,https://expatriates.stackexchange.com/,,en,EDUCATION_STUDENTS,EDUCATION_STUDENTS; HEALTH_MEDICINE; TRAVEL_EXPAT_IMMIGRATION,Q_AND_A,UNKNOWN,91,Ahrefs,2026-08-26
experimental.forumotion.net,https://experimental.forumotion.net/,,,GENERAL_MULTI_TOPIC,GENERAL_MULTI_TOPIC,INDEPENDENT,UNKNOWN,60,Ahrefs,2026-08-26
ExpressionEngine&#xAE; Answers,https://expressionengine.stackexchange.com/,,en,PROGRAMMING_DEVELOPMENT,PROGRAMMING_DEVELOPMENT,Q_AND_A,ACTIVE,91,Ahrefs,2026-08-27
extramu.rpg-board.net,https://extramu.rpg-board.net/,,,GAMING_ESPORTS,GAMING_ESPORTS,INDEPENDENT,ACTIVE,57,Ahrefs,2026-08-26
ezproxy.catsboard.com,https://ezproxy.catsboard.com/,,en,EDUCATION_STUDENTS,EDUCATION_STUDENTS; HEALTH_MEDICINE,EDUCATION_COMMUNITY,UNKNOWN,45,Ahrefs,2026-08-26
F# Software Foundation Community Forums,https://forums.fsharp.org/,,en,TECHNOLOGY_SOFTWARE,TECHNOLOGY_SOFTWARE,OTHER,ACTIVE,67,Ahrefs,2026-08-26
facebook4ndz.rpg-board.net,https://facebook4ndz.rpg-board.net/forum,,en,GENERAL_MULTI_TOPIC,GENERAL_MULTI_TOPIC; FINANCE_INVESTING_BANKING; TECHNOLOGY_SOFTWARE; GAMING_ESPORTS; CONSUMER_DEALS_REVIEWS,INDEPENDENT,ACTIVE,57,Ahrefs,2026-08-26
Fairphone Community Forum,https://forum.fairphone.com/,,en,GENERAL_MULTI_TOPIC,GENERAL_MULTI_TOPIC,INDUSTRY_COMMUNITY,ACTIVE,78,Ahrefs,2026-08-26
fairy-tail-rp.rpg-board.net,https://fairy-tail-rp.rpg-board.net/,,,GAMING_ESPORTS,GAMING_ESPORTS,INDEPENDENT,ACTIVE,57,Ahrefs,2026-08-26
fairytail-war.rpg-board.net,https://fairytail-war.rpg-board.net/,,,GAMING_ESPORTS,GAMING_ESPORTS; ANIMALS_PETS,INDEPENDENT,ACTIVE,57,Ahrefs,2026-08-26
fairytailarena-rpg.rpg-board.net,https://fairytailarena-rpg.rpg-board.net/,,en,GENERAL_MULTI_TOPIC,GENERAL_MULTI_TOPIC; GAMING_ESPORTS; MUSIC_ENTERTAINMENT_CULTURE; NEWS_POLITICS_SOCIETY,INDEPENDENT,DORMANT,57,Ahrefs,2026-08-26
fairytailbyond.rpg-board.net,https://fairytailbyond.rpg-board.net/,,,GAMING_ESPORTS,GAMING_ESPORTS,INDEPENDENT,DORMANT,57,Ahrefs,2026-08-26
fairytaildelirium.rpg-board.net,https://fairytaildelirium.rpg-board.net/,,,GAMING_ESPORTS,GAMING_ESPORTS; NEWS_POLITICS_SOCIETY,HOBBY_COMMUNITY,ACTIVE,57,Ahrefs,2026-08-26
fairytailelysium.rpg-board.net,https://fairytailelysium.rpg-board.net/,,,GAMING_ESPORTS,GAMING_ESPORTS; NEWS_POLITICS_SOCIETY,INDEPENDENT,ACTIVE,57,Ahrefs,2026-08-26
fairytailend.rpg-board.net,https://fairytailend.rpg-board.net/,,,GAMING_ESPORTS,GAMING_ESPORTS,HOBBY_COMMUNITY,ACTIVE,57,Ahrefs,2026-08-26
fairytailfanatics.rpg-board.net,https://fairytailfanatics.rpg-board.net/,,en,GAMING_ESPORTS,GAMING_ESPORTS,HOBBY_COMMUNITY,DORMANT,57,Ahrefs,2026-08-26
fairytailgx.rpg-board.net,https://fairytailgx.rpg-board.net/,,,GAMING_ESPORTS,GAMING_ESPORTS; ANIMALS_PETS,INDEPENDENT,ACTIVE,57,Ahrefs,2026-08-26
fairytailhaven.rpg-board.net,https://fairytailhaven.rpg-board.net/,,en,GAMING_ESPORTS,GAMING_ESPORTS; NEWS_POLITICS_SOCIETY,INDEPENDENT,ACTIVE,57,Ahrefs,2026-08-26
fairytailonline-rp.rpg-board.net,https://fairytailonline-rp.rpg-board.net/,,en,GAMING_ESPORTS,GAMING_ESPORTS,INDEPENDENT,ACTIVE,57,Ahrefs,2026-08-26
fairytailonline.rpg-board.net,https://fairytailonline.rpg-board.net/,,,GAMING_ESPORTS,GAMING_ESPORTS,INDEPENDENT,UNKNOWN,57,Ahrefs,2026-08-26
fairytailrequiem.rpg-board.net,https://fairytailrequiem.rpg-board.net/,,en,GAMING_ESPORTS,GAMING_ESPORTS,HOBBY_COMMUNITY,ACTIVE,57,Ahrefs,2026-08-26
fairytailrevolution.rpg-board.net,https://fairytailrevolution.rpg-board.net/,,en,GENERAL_MULTI_TOPIC,GENERAL_MULTI_TOPIC; GAMING_ESPORTS; NEWS_POLITICS_SOCIETY,HOBBY_COMMUNITY,ACTIVE,57,Ahrefs,2026-08-26
fairytailserenity.rpg-board.net,https://fairytailserenity.rpg-board.net/,,,GAMING_ESPORTS,GAMING_ESPORTS; ANIMALS_PETS,INDEPENDENT,ACTIVE,57,Ahrefs,2026-08-26
fairytailunited.forumotion.net,https://fairytailunited.forumotion.net/,,,CAREERS_HR_RECRUITMENT,CAREERS_HR_RECRUITMENT; ANIMALS_PETS; NEWS_POLITICS_SOCIETY,INDEPENDENT,ACTIVE,60,Ahrefs,2026-08-26
fairytailuniverse.rpg-board.net,https://fairytailuniverse.rpg-board.net/forum,,,GAMING_ESPORTS,GAMING_ESPORTS,HOBBY_COMMUNITY,DORMANT,57,Ahrefs,2026-08-26
fairytailunlimited.rpg-board.net,https://fairytailunlimited.rpg-board.net/,,en,GAMING_ESPORTS,GAMING_ESPORTS; ANIMALS_PETS; LEGAL; NEWS_POLITICS_SOCIETY,INDEPENDENT,ACTIVE,57,Ahrefs,2026-08-26
fallenelements.rpg-board.net,https://fallenelements.rpg-board.net/forum,,,GAMING_ESPORTS,GAMING_ESPORTS; ANIMALS_PETS; NEWS_POLITICS_SOCIETY,INDEPENDENT,ACTIVE,57,Ahrefs,2026-08-26
falling-inside.rpg-board.net,https://falling-inside.rpg-board.net/,,en,HEALTH_MEDICINE,HEALTH_MEDICINE; GAMING_ESPORTS; PARENTING_FAMILY,INDEPENDENT,ACTIVE,57,Ahrefs,2026-08-26
fallout-nukaloha.rpg-board.net,https://fallout-nukaloha.rpg-board.net/,,en,GAMING_ESPORTS,GAMING_ESPORTS,INDEPENDENT,DORMANT,57,Ahrefs,2026-08-26
fandomplay.rpg-board.net,https://fandomplay.rpg-board.net/,,en,GAMING_ESPORTS,GAMING_ESPORTS; MUSIC_ENTERTAINMENT_CULTURE,HOBBY_COMMUNITY,ACTIVE,57,Ahrefs,2026-08-26
Fans Forum by TokenPocket - A multi-chain Cryptocurrency Wallet,https://fans.tokenpocket.pro/,,zh,ECOMMERCE_MARKETPLACES,ECOMMERCE_MARKETPLACES; PROGRAMMING_DEVELOPMENT; CYBERSECURITY_IT; NEWS_POLITICS_SOCIETY,HOBBY_COMMUNITY,ACTIVE,77,Ahrefs,2026-08-26
fantasyworldmania.rpg-board.net,https://fantasyworldmania.rpg-board.net/,,en,EDUCATION_STUDENTS,EDUCATION_STUDENTS; GAMING_ESPORTS,INDEPENDENT,ACTIVE,57,Ahrefs,2026-08-26
farmOS - The farmOS community forum,https://farmos.discourse.group/,,en,WEB_HOSTING_DOMAINS,WEB_HOSTING_DOMAINS; CAREERS_HR_RECRUITMENT,OTHER,ACTIVE,81,Ahrefs,2026-08-26
fashiontalia.rpg-board.net,https://fashiontalia.rpg-board.net/,,en,GAMING_ESPORTS,GAMING_ESPORTS; CONSUMER_DEALS_REVIEWS; HOBBIES_COLLECTING_OUTDOORS,HOBBY_COMMUNITY,ACTIVE,57,Ahrefs,2026-08-26
Fastly Community,https://community.fastly.com/,,en,PROGRAMMING_DEVELOPMENT,PROGRAMMING_DEVELOPMENT; CYBERSECURITY_IT; EDUCATION_STUDENTS,OTHER,ACTIVE,87,Ahrefs,2026-08-26
Fatoora Developer Community,https://zatca1.discourse.group/,,,PROGRAMMING_DEVELOPMENT,PROGRAMMING_DEVELOPMENT,OTHER,ACTIVE,81,Ahrefs,2026-08-26
Fatshark Forums - Welcome to the Fatshark Forums,https://forums.fatsharkgames.com/,,en,GENERAL_MULTI_TOPIC,GENERAL_MULTI_TOPIC,OTHER,ACTIVE,46,Ahrefs,2026-08-26
fayz.rpg-board.net,https://fayz.rpg-board.net/forum,,en,GAMING_ESPORTS,GAMING_ESPORTS; AGRICULTURE_GARDENING,INDEPENDENT,ACTIVE,57,Ahrefs,2026-08-26
Fedora Discussion - Fedora Linux and Fedora Project community conversation.,https://discussion.fedoraproject.org/,,en,NEWS_POLITICS_SOCIETY,NEWS_POLITICS_SOCIETY; CONSUMER_DEALS_REVIEWS,OTHER,ACTIVE,90,Ahrefs,2026-08-26
fendubbers.forummotion.com,https://fendubbers.forummotion.com/,,,CYBERSECURITY_IT,CYBERSECURITY_IT,INDEPENDENT,ACTIVE,45,Ahrefs,2026-08-26
FEniCS Project - The FEniCS Project is an open source automatic finite element library,https://fenicsproject.discourse.group/,,en,SCIENCE,SCIENCE,OTHER,ACTIVE,81,Ahrefs,2026-08-26
ferallife.rpg-board.net,https://ferallife.rpg-board.net/,,en,GENERAL_MULTI_TOPIC,GENERAL_MULTI_TOPIC; GAMING_ESPORTS; NEWS_POLITICS_SOCIETY,INDEPENDENT,DORMANT,57,Ahrefs,2026-08-26
ferocraft.rpg-board.net,https://ferocraft.rpg-board.net/,,en,GAMING_ESPORTS,GAMING_ESPORTS,INDEPENDENT,UNKNOWN,57,Ahrefs,2026-08-26
Fibery.io Community,https://community.fibery.io/,,en,NEWS_POLITICS_SOCIETY,NEWS_POLITICS_SOCIETY,OTHER,ACTIVE,63,Ahrefs,2026-08-26
FIC Forum,https://forum.ic.org/,,en,GENERAL_MULTI_TOPIC,GENERAL_MULTI_TOPIC,OTHER,ACTIVE,71,Ahrefs,2026-08-26
Film Community at Negative Lab Pro - Film Photography Community,https://forums.negativelabpro.com/,,en,PHOTOGRAPHY_VIDEO,PHOTOGRAPHY_VIDEO; HOBBIES_COLLECTING_OUTDOORS,OTHER,ACTIVE,48,Ahrefs,2026-08-26
Filmfind - (NameThatMovie) Name That Movie for Forgotten Titles,https://filmfind.me/,,en,MUSIC_ENTERTAINMENT_CULTURE,MUSIC_ENTERTAINMENT_CULTURE,Q_AND_A,ACTIVE,20,Ahrefs,2026-08-26
"Finanzrudel Community Forum - Schweizer Forum für Aktien, Persönliche Finanzen & Investments",https://forum.finanzrudel.ch/,,de,CRYPTO_WEB3,CRYPTO_WEB3; BUSINESS_ENTREPRENEURSHIP,OTHER,ACTIVE,3,Ahrefs,2026-08-26
finestshinobi.rpg-board.net,https://finestshinobi.rpg-board.net/,,,GAMING_ESPORTS,GAMING_ESPORTS; NEWS_POLITICS_SOCIETY,INDEPENDENT,DORMANT,57,Ahrefs,2026-08-26
fiorelegacy.rpg-board.net,https://fiorelegacy.rpg-board.net/,,,GAMING_ESPORTS,GAMING_ESPORTS,INDEPENDENT,ACTIVE,57,Ahrefs,2026-08-26
fireandice.aforumfree.com,https://fireandice.aforumfree.com/,,en,ANIMALS_PETS,ANIMALS_PETS,INDEPENDENT,UNKNOWN,41,Ahrefs,2026-08-26
Firebase Studio Community,https://community.firebasestudio.dev/,,en,WEB_HOSTING_DOMAINS,WEB_HOSTING_DOMAINS,OTHER,ACTIVE,32,Ahrefs,2026-08-26
Fireblocks Developer Community,https://community.fireblocks.com/,,en,PROGRAMMING_DEVELOPMENT,PROGRAMMING_DEVELOPMENT,OTHER,ACTIVE,76,Ahrefs,2026-08-26
Firecore,https://community.firecore.com/,,en; zh,CREATIVE_DESIGN,CREATIVE_DESIGN; NEWS_POLITICS_SOCIETY,OTHER,ACTIVE,58,Ahrefs,2026-08-26
firefly.rpg-board.net,https://firefly.rpg-board.net/,,en,GAMING_ESPORTS,GAMING_ESPORTS; ANIMALS_PETS,INDEPENDENT,ACTIVE,57,Ahrefs,2026-08-26
firstmu.rpg-board.net,https://firstmu.rpg-board.net/,,,GAMING_ESPORTS,GAMING_ESPORTS,INDEPENDENT,ACTIVE,57,Ahrefs,2026-08-26
fitcommunity.rpg-board.net,https://fitcommunity.rpg-board.net/,,,GAMING_ESPORTS,GAMING_ESPORTS,INDEPENDENT,DORMANT,57,Ahrefs,2026-08-26
"Five | Community Forum - Welcome to the Five support forum! This is the space for users to ask questions, give feedback, get help with features, and share solutions. Find answers i",https://five.org/,,en,GENERAL_MULTI_TOPIC,GENERAL_MULTI_TOPIC,OTHER,ACTIVE,15,Ahrefs,2026-08-26
fixxer.forumotion.net,https://fixxer.forumotion.net/,Malaysia,en,AUTOMOTIVE,AUTOMOTIVE,LOCAL_REGIONAL,ACTIVE,60,Ahrefs,2026-08-26
Flarum Community,https://discuss.flarum.org/,,en,TECHNOLOGY_SOFTWARE,TECHNOLOGY_SOFTWARE,OTHER,ACTIVE,74,Ahrefs,2026-08-27
Flarum Italia,https://flarum.it/,,,TECHNOLOGY_SOFTWARE,TECHNOLOGY_SOFTWARE,OTHER,ACTIVE,17,Ahrefs,2026-08-27
Flarum 中文社区,https://discuss.flarum.org.cn/,,zh,GENERAL_MULTI_TOPIC,GENERAL_MULTI_TOPIC,OTHER,ACTIVE,51,Ahrefs,2026-08-27
Flathub Discourse,https://discourse.flathub.org/,,,GENERAL_MULTI_TOPIC,GENERAL_MULTI_TOPIC,OTHER,ACTIVE,83,Ahrefs,2026-08-26
FlightAware Discussions,https://discussions.flightaware.com/,,en,TRANSPORT_LOGISTICS,TRANSPORT_LOGISTICS; NEWS_POLITICS_SOCIETY,OTHER,ACTIVE,82,Ahrefs,2026-08-26
Flow Community,https://forum.flow.com/,,en,CRYPTO_WEB3,CRYPTO_WEB3; PROGRAMMING_DEVELOPMENT; CYBERSECURITY_IT; CONSTRUCTION,OTHER,ACTIVE,73,Ahrefs,2026-08-26
Flow Forum,https://forum.honeyflow.com/,,en,TRANSPORT_LOGISTICS,TRANSPORT_LOGISTICS,OTHER,ACTIVE,60,Ahrefs,2026-08-26
Flowable,https://forum.flowable.org/,,en,GENERAL_MULTI_TOPIC,GENERAL_MULTI_TOPIC,OTHER,ACTIVE,36,Ahrefs,2026-08-26
Fluiggers - A maior comunidade Fluig do Brasil - FLUIGGERS,https://fluiggers.com.br/,,pt,GENERAL_MULTI_TOPIC,GENERAL_MULTI_TOPIC,OTHER,ACTIVE,0,Ahrefs,2026-08-26
Fly.io,https://community.fly.io/,,en,PROGRAMMING_DEVELOPMENT,PROGRAMMING_DEVELOPMENT; WEB_HOSTING_DOMAINS,OTHER,ACTIVE,83,Ahrefs,2026-08-26
flyingbison.rpg-board.net,https://flyingbison.rpg-board.net/,,,GAMING_ESPORTS,GAMING_ESPORTS,INDEPENDENT,DORMANT,57,Ahrefs,2026-08-26
flyinglegends.rpg-board.net,https://flyinglegends.rpg-board.net/forum,,en,GAMING_ESPORTS,GAMING_ESPORTS,INDEPENDENT,ACTIVE,57,Ahrefs,2026-08-26
fma-rpg.rpg-board.net,https://fma-rpg.rpg-board.net/,,en,GAMING_ESPORTS,GAMING_ESPORTS; ANIMALS_PETS; NEWS_POLITICS_SOCIETY,INDEPENDENT,ACTIVE,57,Ahrefs,2026-08-26
fmaroleplay.rpg-board.net,https://fmaroleplay.rpg-board.net/,,en,GAMING_ESPORTS,GAMING_ESPORTS,INDEPENDENT,ACTIVE,57,Ahrefs,2026-08-26
fmirp.rpg-board.net,https://fmirp.rpg-board.net/,,en,GENERAL_MULTI_TOPIC,GENERAL_MULTI_TOPIC; ENGINEERING; GAMING_ESPORTS; NEWS_POLITICS_SOCIETY,INDEPENDENT,DORMANT,57,Ahrefs,2026-08-26
FMOD Forums,https://qa.fmod.com/,,zh; en,GENERAL_MULTI_TOPIC,GENERAL_MULTI_TOPIC,OTHER,ACTIVE,72,Ahrefs,2026-08-26
fniwp.rpg-board.net,https://fniwp.rpg-board.net/forum,,en,BUSINESS_ENTREPRENEURSHIP,BUSINESS_ENTREPRENEURSHIP; GAMING_ESPORTS,INDEPENDENT,ACTIVE,57,Ahrefs,2026-08-26
Folksy Forums,https://talk.folksy.com/,,en,MARKETING_SEO_GROWTH,MARKETING_SEO_GROWTH; ECOMMERCE_MARKETPLACES; HOBBIES_COLLECTING_OUTDOORS,OTHER,ACTIVE,76,Ahrefs,2026-08-26
forbiddenforest.forumotion.net,https://forbiddenforest.forumotion.net/,,en,GENERAL_MULTI_TOPIC,GENERAL_MULTI_TOPIC; EDUCATION_STUDENTS; MUSIC_ENTERTAINMENT_CULTURE,INDEPENDENT,UNKNOWN,60,Ahrefs,2026-08-26
forbiddengates.rpg-board.net,https://forbiddengates.rpg-board.net/,,,GAMING_ESPORTS,GAMING_ESPORTS,INDEPENDENT,ACTIVE,57,Ahrefs,2026-08-26
"Forest Admin Developers Community - Build your admin panels, together!",https://community.forestadmin.com/,,en,CONSTRUCTION,CONSTRUCTION; NEWS_POLITICS_SOCIETY,OTHER,ACTIVE,52,Ahrefs,2026-08-26
foreststory.rpg-board.net,https://foreststory.rpg-board.net/,,en,GAMING_ESPORTS,GAMING_ESPORTS; CREATIVE_DESIGN; NEWS_POLITICS_SOCIETY,INDEPENDENT,ACTIVE,57,Ahrefs,2026-08-26
forexforum.forumotion.net,https://forexforum.forumotion.net/,,en,FINANCE_INVESTING_BANKING,FINANCE_INVESTING_BANKING; CYBERSECURITY_IT; TECHNOLOGY_SOFTWARE; NEWS_POLITICS_SOCIETY,INDEPENDENT,ACTIVE,60,Ahrefs,2026-08-26
forgottenpurrs.rpg-board.net,https://forgottenpurrs.rpg-board.net/,,en,ECOMMERCE_MARKETPLACES,ECOMMERCE_MARKETPLACES; GAMING_ESPORTS; ANIMALS_PETS,HOBBY_COMMUNITY,ACTIVE,57,Ahrefs,2026-08-26
forks.lithuanianforum.com,https://forks.lithuanianforum.com/,,,GAMING_ESPORTS,GAMING_ESPORTS,INDEPENDENT,UNKNOWN,10,Ahrefs,2026-08-26
Formlabs Community Forum,https://forum.formlabs.com/,,zh; en,GENERAL_MULTI_TOPIC,GENERAL_MULTI_TOPIC; NEWS_POLITICS_SOCIETY,OTHER,ACTIVE,78,Ahrefs,2026-08-26
Foro Tuenti - Foro de usuarios de Tuenti Argentina,https://foro.tuenti.com.ar/,,es,GAMING_ESPORTS,GAMING_ESPORTS,OTHER,ACTIVE,38,Ahrefs,2026-08-26
ForoMedios.com,https://foromedios.com/,,es,GENERAL_MULTI_TOPIC,GENERAL_MULTI_TOPIC,OTHER,ACTIVE,7,Ahrefs,2026-08-26
forthefunofit.rpg-board.net,https://forthefunofit.rpg-board.net/,,en,GAMING_ESPORTS,GAMING_ESPORTS; MUSIC_ENTERTAINMENT_CULTURE; NEWS_POLITICS_SOCIETY,HOBBY_COMMUNITY,ACTIVE,57,Ahrefs,2026-08-26
Fortran Discourse - Fortran community,https://fortran-lang.discourse.group/,,en,CAREERS_HR_RECRUITMENT,CAREERS_HR_RECRUITMENT,OTHER,ACTIVE,81,Ahrefs,2026-08-26
fortunesfolly.rpg-board.net,https://fortunesfolly.rpg-board.net/,,,ECOMMERCE_MARKETPLACES,ECOMMERCE_MARKETPLACES; GAMING_ESPORTS; MUSIC_ENTERTAINMENT_CULTURE; NEWS_POLITICS_SOCIETY,INDEPENDENT,ACTIVE,57,Ahrefs,2026-08-26
fortunesfool.rpg-board.net,https://fortunesfool.rpg-board.net/forum,,,GAMING_ESPORTS,GAMING_ESPORTS; MUSIC_ENTERTAINMENT_CULTURE,INDEPENDENT,ACTIVE,57,Ahrefs,2026-08-26
Forum - JabRef - Offical JabRef support form,https://discourse.jabref.org/,,zh; en,NEWS_POLITICS_SOCIETY,NEWS_POLITICS_SOCIETY,OTHER,ACTIVE,65,Ahrefs,2026-08-26
Forum Abby,https://community.abby.fr/,,fr,ANIMALS_PETS,ANIMALS_PETS,OTHER,ACTIVE,60,Ahrefs,2026-08-26
Forum Brésil - Le forum des passionnés du Brésil,https://forum-bresil.com/,,,TECHNOLOGY_SOFTWARE,TECHNOLOGY_SOFTWARE; TRAVEL_EXPAT_IMMIGRATION; MUSIC_ENTERTAINMENT_CULTURE,OTHER,ACTIVE,4,Ahrefs,2026-08-26
"Forum d'aide à la réparation d'appareils électroménagers, de chauffage, de jardinage, de bricolage - Adepem.com - Une solution efficace pour vous aider dans l'auto-réparation !",https://forum.adepem.com/,,fr,ANIMALS_PETS,ANIMALS_PETS,OTHER,ACTIVE,40,Ahrefs,2026-08-26
Fórum Fazedores,https://forum.fazedores.com/,,pt,GENERAL_MULTI_TOPIC,GENERAL_MULTI_TOPIC,OTHER,ACTIVE,29,Ahrefs,2026-08-26
Forum Finance n°1 pour les investisseurs en France - Finary - Le forum finance n°1 pour les investisseurs en France,https://community.finary.com/,France,fr,FINANCE_INVESTING_BANKING,FINANCE_INVESTING_BANKING; CRYPTO_WEB3; ANIMALS_PETS,LOCAL_REGIONAL,ACTIVE,61,Ahrefs,2026-08-26
"Forum Finance pour investisseurs indépendants | Cayas - Rejoignez une communauté d'investisseurs indépendants. Posez vos questions finances personnelles et bourse : ETF, actions, c",https://forum.cayas.fr/,,fr,FINANCE_INVESTING_BANKING,FINANCE_INVESTING_BANKING; CRYPTO_WEB3; ANIMALS_PETS,OTHER,ACTIVE,10,Ahrefs,2026-08-26
Forum G Comme Gendarme - Le forum des (futurs) gendarmes,https://forum.gcommegendarme.fr/,,fr,SPORTS_FITNESS,SPORTS_FITNESS,HOBBY_COMMUNITY,ACTIVE,30,Ahrefs,2026-08-26
Forum GCE Electronics - Communauté des utilisateurs des produits de GCE Electronics.,https://forum.gce-electronics.com/,,fr,ANIMALS_PETS,ANIMALS_PETS,OTHER,ACTIVE,45,Ahrefs,2026-08-26
Forum Geekzone,https://forum.geekzone.fr/,,fr,GAMING_ESPORTS,GAMING_ESPORTS; ANIMALS_PETS; MUSIC_ENTERTAINMENT_CULTURE,HOBBY_COMMUNITY,ACTIVE,38,Ahrefs,2026-08-26
"Forum HomeExchange - Discover experiences, tips, questions, and ideas from HomeExchange community",https://forum.homeexchange.com/,,en; fr; zh,TRAVEL_EXPAT_IMMIGRATION,TRAVEL_EXPAT_IMMIGRATION; ANIMALS_PETS; NEWS_POLITICS_SOCIETY,Q_AND_A,ACTIVE,74,Ahrefs,2026-08-26
Forum Italia,https://forum.italia.it/,,it,GENERAL_MULTI_TOPIC,GENERAL_MULTI_TOPIC,OTHER,ACTIVE,85,Ahrefs,2026-08-26
Forum juridique Juritravail : Posez votre question juridique,https://forum.juritravail.com/,,fr,ANIMALS_PETS,ANIMALS_PETS,OTHER,ACTIVE,73,Ahrefs,2026-08-26
Forum Motocyklowe Jednoślad.pl,https://forum.jednoslad.pl/,,,GENERAL_MULTI_TOPIC,GENERAL_MULTI_TOPIC,OTHER,UNKNOWN,40,Ahrefs,2026-08-27
Forum SOS Casino - Le forum du casino en ligne,https://forum.soscasino.info/,,fr,CRYPTO_WEB3,CRYPTO_WEB3; ANIMALS_PETS,OTHER,ACTIVE,18,Ahrefs,2026-08-26
forum-2.rpg-board.net,https://forum-2.rpg-board.net/,,en,GAMING_ESPORTS,GAMING_ESPORTS; NEWS_POLITICS_SOCIETY,Q_AND_A,ACTIVE,57,Ahrefs,2026-08-26
forumbt.forumeiro.com,https://forumbt.forumeiro.com/,,pt,TECHNOLOGY_SOFTWARE,TECHNOLOGY_SOFTWARE; GAMING_ESPORTS; MUSIC_ENTERTAINMENT_CULTURE,HOBBY_COMMUNITY,ACTIVE,28,Ahrefs,2026-08-26
forumesports.forumotion.asia,https://forumesports.forumotion.asia/,,,GAMING_ESPORTS,GAMING_ESPORTS; SPORTS_FITNESS,HOBBY_COMMUNITY,DORMANT,33,Ahrefs,2026-08-26
ForumIA le Forum sur l'Intelligence Artificielle - IA !,https://forumia.fr/,,fr,ANIMALS_PETS,ANIMALS_PETS,OTHER,ACTIVE,4,Ahrefs,2026-08-26
forumlovers.aforumfree.com,https://forumlovers.aforumfree.com/forum,,,GENERAL_MULTI_TOPIC,GENERAL_MULTI_TOPIC; TECHNOLOGY_SOFTWARE; SCIENCE; AUTOMOTIVE; MUSIC_ENTERTAINMENT_CULTURE,INDEPENDENT,ACTIVE,41,Ahrefs,2026-08-26
Forumosa - Taiwan's largest and most active Taiwan-oriented global online community in English,https://tw.forumosa.com/,Taiwan,en,GENERAL_MULTI_TOPIC,GENERAL_MULTI_TOPIC; TECHNOLOGY_SOFTWARE; HEALTH_MEDICINE; AUTOMOTIVE; SPORTS_FITNESS,OTHER,ACTIVE,38,Ahrefs,2026-08-26
forumrobbiewilliams.forumactif.com,https://forumrobbiewilliams.forumactif.com/forum,,,GENERAL_MULTI_TOPIC,GENERAL_MULTI_TOPIC,INDEPENDENT,UNKNOWN,78,Ahrefs,2026-08-26
Forums FFJdR - Venez discuter JdR !,https://forums.ffjdr.org/,,fr,GENERAL_MULTI_TOPIC,GENERAL_MULTI_TOPIC,OTHER,ACTIVE,39,Ahrefs,2026-08-26
FórumSCP - Comunidade do Sporting Clube de Portugal,https://forumscp.com/,,pt,GENERAL_MULTI_TOPIC,GENERAL_MULTI_TOPIC,OTHER,ACTIVE,33,Ahrefs,2026-08-26
FoundationDB,https://forums.foundationdb.org/,,en,SPORTS_FITNESS,SPORTS_FITNESS,OTHER,ACTIVE,63,Ahrefs,2026-08-26
foxysnetwork.rpg-board.net,https://foxysnetwork.rpg-board.net/,,,GENERAL_MULTI_TOPIC,GENERAL_MULTI_TOPIC; CYBERSECURITY_IT; TECHNOLOGY_SOFTWARE; BUSINESS_ENTREPRENEURSHIP; GAMING_ESPORTS,INDEPENDENT,ACTIVE,57,Ahrefs,2026-08-26
Frame.io Developer Forum,https://forum.frame.io/,,,PROGRAMMING_DEVELOPMENT,PROGRAMMING_DEVELOPMENT; PHOTOGRAPHY_VIDEO,OTHER,ACTIVE,85,Ahrefs,2026-08-26
Framework Community - Discussion and support for Framework products,https://community.frame.work/,,en,GENERAL_MULTI_TOPIC,GENERAL_MULTI_TOPIC,OTHER,ACTIVE,75,Ahrefs,2026-08-26
Freelancing Stack Exchange,https://freelancing.stackexchange.com/,,en,MARKETING_SEO_GROWTH,MARKETING_SEO_GROWTH; TECHNOLOGY_SOFTWARE; BUSINESS_ENTREPRENEURSHIP,Q_AND_A,ACTIVE,91,Ahrefs,2026-08-27
Freeletics Forum - Place for Free Athletes to come together and support each other,https://forum.freeletics.com/,,en,GENERAL_MULTI_TOPIC,GENERAL_MULTI_TOPIC; SPORTS_FITNESS; NEWS_POLITICS_SOCIETY,Q_AND_A,ACTIVE,72,Ahrefs,2026-08-26
FreeMdict Forum - 自由 无门槛 免费,https://forum.freemdict.com/,,zh,GENERAL_MULTI_TOPIC,GENERAL_MULTI_TOPIC,OTHER,ACTIVE,39,Ahrefs,2026-08-26
FreePBX Community Forums,https://community.freepbx.org/,,en,CYBERSECURITY_IT,CYBERSECURITY_IT; TECHNOLOGY_SOFTWARE; NEWS_POLITICS_SOCIETY,OTHER,ACTIVE,75,Ahrefs,2026-08-26
FreeRTOS Community Forums - The FreeRTOS Community Forums,https://forums.freertos.org/,,en,GENERAL_MULTI_TOPIC,GENERAL_MULTI_TOPIC,OTHER,ACTIVE,74,Ahrefs,2026-08-26
freeware.rpg-board.net,https://freeware.rpg-board.net/,,en,GENERAL_MULTI_TOPIC,GENERAL_MULTI_TOPIC; TECHNOLOGY_SOFTWARE; HEALTH_MEDICINE; GAMING_ESPORTS; MUSIC_ENTERTAINMENT_CULTURE,INDEPENDENT,DORMANT,57,Ahrefs,2026-08-26
frekans.rpg-board.net,https://frekans.rpg-board.net/,,,GAMING_ESPORTS,GAMING_ESPORTS,INDEPENDENT,UNKNOWN,57,Ahrefs,2026-08-26
French Language Stack Exchange,https://french.stackexchange.com/,,en,EDUCATION_STUDENTS,EDUCATION_STUDENTS,Q_AND_A,UNKNOWN,91,Ahrefs,2026-08-26
friends4everfun.rpg-board.net,https://friends4everfun.rpg-board.net/,,en,FINANCE_INVESTING_BANKING,FINANCE_INVESTING_BANKING; GAMING_ESPORTS; ANIMALS_PETS; NEWS_POLITICS_SOCIETY,INDEPENDENT,ACTIVE,57,Ahrefs,2026-08-26
friendship-2.rpg-board.net,https://friendship-2.rpg-board.net/forum,,en,GAMING_ESPORTS,GAMING_ESPORTS; MUSIC_ENTERTAINMENT_CULTURE,INDEPENDENT,DORMANT,57,Ahrefs,2026-08-26
frontierind.rpg-board.net,https://frontierind.rpg-board.net/,,en,GENERAL_MULTI_TOPIC,GENERAL_MULTI_TOPIC; TECHNOLOGY_SOFTWARE; GAMING_ESPORTS; NEWS_POLITICS_SOCIETY,INDEPENDENT,ACTIVE,57,Ahrefs,2026-08-26
ft-mod.rpg-board.net,https://ft-mod.rpg-board.net/,,en,GAMING_ESPORTS,GAMING_ESPORTS; ANIMALS_PETS; PARENTING_FAMILY,INDEPENDENT,ACTIVE,57,Ahrefs,2026-08-26
ft-ort.rpg-board.net,https://ft-ort.rpg-board.net/,,en,GAMING_ESPORTS,GAMING_ESPORTS,HOBBY_COMMUNITY,ACTIVE,57,Ahrefs,2026-08-26
ftascension.rpg-board.net,https://ftascension.rpg-board.net/,,,GAMING_ESPORTS,GAMING_ESPORTS,INDEPENDENT,ACTIVE,57,Ahrefs,2026-08-26
ftrp.aktiv-forum.com,https://ftrp.aktiv-forum.com/,,,NEWS_POLITICS_SOCIETY,NEWS_POLITICS_SOCIETY,HOBBY_COMMUNITY,ACTIVE,38,Ahrefs,2026-08-26
ftutopia.rpg-board.net,https://ftutopia.rpg-board.net/,,,GAMING_ESPORTS,GAMING_ESPORTS; NEWS_POLITICS_SOCIETY,HOBBY_COMMUNITY,ACTIVE,57,Ahrefs,2026-08-26
fuckbnig.rpg-board.net,https://fuckbnig.rpg-board.net/,,en,GAMING_ESPORTS,GAMING_ESPORTS,INDEPENDENT,ACTIVE,57,Ahrefs,2026-08-26
FUDiabetes - For Unlimited Diabetics,https://forum.fudiabetes.org/,,en,HEALTH_MEDICINE,HEALTH_MEDICINE; PARENTING_FAMILY; NEWS_POLITICS_SOCIETY,OTHER,ACTIVE,22,Ahrefs,2026-08-26
FullsizeChevy - FSC — FullSizeChevy Truck Community,https://forum.fullsizechevy.com/,,en,GENERAL_MULTI_TOPIC,GENERAL_MULTI_TOPIC,HOBBY_COMMUNITY,ACTIVE,19,Ahrefs,2026-08-26
fun2shh.forumur.net,https://fun2shh.forumur.net/,,,MUSIC_ENTERTAINMENT_CULTURE,MUSIC_ENTERTAINMENT_CULTURE,INDEPENDENT,ACTIVE,16,Ahrefs,2026-08-26
Funcom Forums,https://forums.funcom.com/,,en,GENERAL_MULTI_TOPIC,GENERAL_MULTI_TOPIC; GAMING_ESPORTS; CREATIVE_DESIGN; NEWS_POLITICS_SOCIETY,OTHER,ACTIVE,71,Ahrefs,2026-08-26
funmaza.darkbb.com,https://funmaza.darkbb.com/,,en,GAMING_ESPORTS,GAMING_ESPORTS; SPORTS_FITNESS; MUSIC_ENTERTAINMENT_CULTURE,HOBBY_COMMUNITY,ACTIVE,51,Ahrefs,2026-08-26
Funnelish Community,https://community.funnelish.com/,,en,ECOMMERCE_MARKETPLACES,ECOMMERCE_MARKETPLACES; CONSTRUCTION,OTHER,ACTIVE,73,Ahrefs,2026-08-26
funtertainment.rpg-board.net,https://funtertainment.rpg-board.net/,,,GAMING_ESPORTS,GAMING_ESPORTS,INDEPENDENT,ACTIVE,57,Ahrefs,2026-08-26
Future Audio Workshop Community,https://community.futureaudioworkshop.com/,,en,GENERAL_MULTI_TOPIC,GENERAL_MULTI_TOPIC,OTHER,ACTIVE,40,Ahrefs,2026-08-26
FxSound - FxSound Forum and Community,https://forum.fxsound.com/,,en,GENERAL_MULTI_TOPIC,GENERAL_MULTI_TOPIC; MUSIC_ENTERTAINMENT_CULTURE,OTHER,ACTIVE,52,Ahrefs,2026-08-26
gack.rpg-board.net,https://gack.rpg-board.net/,,de,GAMING_ESPORTS,GAMING_ESPORTS,INDEPENDENT,UNKNOWN,57,Ahrefs,2026-08-26
Gainium Community,https://community.gainium.io/,,en,FINANCE_INVESTING_BANKING,FINANCE_INVESTING_BANKING; CRYPTO_WEB3,OTHER,ACTIVE,19,Ahrefs,2026-08-26
galacticwars.rpg-board.net,https://galacticwars.rpg-board.net/,,,GAMING_ESPORTS,GAMING_ESPORTS; NEWS_POLITICS_SOCIETY,INDEPENDENT,ACTIVE,57,Ahrefs,2026-08-26
galadara-kingdoms.forumotion.me,https://galadara-kingdoms.forumotion.me/,,,GENERAL_MULTI_TOPIC,GENERAL_MULTI_TOPIC,INDEPENDENT,ACTIVE,41,Ahrefs,2026-08-26
Galaxy Community Help,https://help.galaxyproject.org/,,en,NEWS_POLITICS_SOCIETY,NEWS_POLITICS_SOCIETY,OTHER,ACTIVE,72,Ahrefs,2026-08-26
Game Development Stack Exchange,https://gamedev.stackexchange.com/,,en,GENERAL_MULTI_TOPIC,GENERAL_MULTI_TOPIC,Q_AND_A,UNKNOWN,91,Ahrefs,2026-08-26
GameDev.tv - Join Our Students and Teaching Assistants in the GameDev.tv Community Forum,https://community.gamedev.tv/,,en,EDUCATION_STUDENTS,EDUCATION_STUDENTS; CONSTRUCTION; CONSUMER_DEALS_REVIEWS,OTHER,ACTIVE,59,Ahrefs,2026-08-26
gameofthrones-rpg.rpg-board.net,https://gameofthrones-rpg.rpg-board.net/,,,GAMING_ESPORTS,GAMING_ESPORTS,INDEPENDENT,ACTIVE,57,Ahrefs,2026-08-26
Gamer Nation - Gaming Forum for Real Gamers,https://gamernation.org/,,,TECHNOLOGY_SOFTWARE,TECHNOLOGY_SOFTWARE; GAMING_ESPORTS; NEWS_POLITICS_SOCIETY,INDUSTRY_COMMUNITY,ACTIVE,5,Ahrefs,2026-08-26
gamestill.rpg-board.net,https://gamestill.rpg-board.net/,,en,GAMING_ESPORTS,GAMING_ESPORTS; MUSIC_ENTERTAINMENT_CULTURE,HOBBY_COMMUNITY,ACTIVE,57,Ahrefs,2026-08-26
Gardening & Landscaping Stack Exchange,https://gardening.stackexchange.com/,,en,HEALTH_MEDICINE,HEALTH_MEDICINE; AGRICULTURE_GARDENING,Q_AND_A,UNKNOWN,91,Ahrefs,2026-08-26
Garuda Linux Forum - If it's not fun you're doing it wrong,https://forum.garudalinux.org/,,en,GENERAL_MULTI_TOPIC,GENERAL_MULTI_TOPIC,OTHER,ACTIVE,61,Ahrefs,2026-08-26
GBIF community forum,https://discourse.gbif.org/,,en,CAREERS_HR_RECRUITMENT,CAREERS_HR_RECRUITMENT,OTHER,ACTIVE,82,Ahrefs,2026-08-26
"gCaptain Forum - Maritime careers, USCG licensing, navy & shipping industry forum",https://forum.gcaptain.com/,,,GENERAL_MULTI_TOPIC,GENERAL_MULTI_TOPIC; CYBERSECURITY_IT; CAREERS_HR_RECRUITMENT; ENGINEERING; TRANSPORT_LOGISTICS,PROFESSIONAL_COMMUNITY,ACTIVE,75,Ahrefs,2026-08-26
gcaroleplay.rpg-board.net,https://gcaroleplay.rpg-board.net/,,en,GENERAL_MULTI_TOPIC,GENERAL_MULTI_TOPIC; GAMING_ESPORTS; NEWS_POLITICS_SOCIETY,HOBBY_COMMUNITY,ACTIVE,57,Ahrefs,2026-08-26
geeksocial.rpg-board.net,https://geeksocial.rpg-board.net/,,,GENERAL_MULTI_TOPIC,GENERAL_MULTI_TOPIC; FINANCE_INVESTING_BANKING; TECHNOLOGY_SOFTWARE; GAMING_ESPORTS; MUSIC_ENTERTAINMENT_CULTURE,INDEPENDENT,UNKNOWN,57,Ahrefs,2026-08-26
Gems of War,https://community.gemsofwar.com/,,en,GAMING_ESPORTS,GAMING_ESPORTS; NEWS_POLITICS_SOCIETY,OTHER,ACTIVE,49,Ahrefs,2026-08-26
GenAI Stack Exchange,https://genai.stackexchange.com/,,en,AI_DATA,AI_DATA; EDUCATION_STUDENTS,Q_AND_A,UNKNOWN,91,Ahrefs,2026-08-26
Genealogy & Family History Stack Exchange,https://genealogy.stackexchange.com/,,en,TRAVEL_EXPAT_IMMIGRATION,TRAVEL_EXPAT_IMMIGRATION; PARENTING_FAMILY; NEWS_POLITICS_SOCIETY,Q_AND_A,UNKNOWN,91,Ahrefs,2026-08-26
genealogy.net - Der deutsche Genealogieserver,https://discourse.genealogy.net/,,de,GENERAL_MULTI_TOPIC,GENERAL_MULTI_TOPIC,OTHER,ACTIVE,77,Ahrefs,2026-08-26
Geographic Information Systems Stack Exchange,https://gis.stackexchange.com/,,en,PROGRAMMING_DEVELOPMENT,PROGRAMMING_DEVELOPMENT,Q_AND_A,UNKNOWN,91,Ahrefs,2026-08-26
German Language Stack Exchange,https://german.stackexchange.com/,,en,GENERAL_MULTI_TOPIC,GENERAL_MULTI_TOPIC,Q_AND_A,UNKNOWN,91,Ahrefs,2026-08-26
GestGov - Minimizando Assimetrias de Informação Governamentais,https://gestgov.discourse.group/,,pt,GENERAL_MULTI_TOPIC,GENERAL_MULTI_TOPIC,OTHER,ACTIVE,81,Ahrefs,2026-08-26
Ghost Forum,https://forum.ghost.org/,,en,GENERAL_MULTI_TOPIC,GENERAL_MULTI_TOPIC; MARKETING_SEO_GROWTH; ECOMMERCE_MARKETPLACES; PROGRAMMING_DEVELOPMENT; WEB_HOSTING_DOMAINS,PROFESSIONAL_COMMUNITY,ACTIVE,92,Ahrefs,2026-08-26
Gig Performer Community - Gig Performer - the plugin host for live or session performing musicians,https://community.gigperformer.com/,,en,GENERAL_MULTI_TOPIC,GENERAL_MULTI_TOPIC; TECHNOLOGY_SOFTWARE,OTHER,ACTIVE,53,Ahrefs,2026-08-26
girei.rpg-board.net,https://girei.rpg-board.net/,,en,GAMING_ESPORTS,GAMING_ESPORTS; NEWS_POLITICS_SOCIETY,INDEPENDENT,ACTIVE,57,Ahrefs,2026-08-26
Gitea - Git with a cup of tea,https://forum.gitea.com/,,zh; en,PROGRAMMING_DEVELOPMENT,PROGRAMMING_DEVELOPMENT; WEB_HOSTING_DOMAINS; TECHNOLOGY_SOFTWARE; CONSUMER_DEALS_REVIEWS,OTHER,ACTIVE,88,Ahrefs,2026-08-26
GitLab Forum,https://forum.gitlab.com/,,en,EDUCATION_STUDENTS,EDUCATION_STUDENTS; GOVERNMENT_PUBLIC_SECTOR,EDUCATION_COMMUNITY,ACTIVE,92,Ahrefs,2026-08-26
Gladys Assistant community - Official community forum for Gladys Assistant smart home.,https://community.gladysassistant.com/,,en,TECHNOLOGY_SOFTWARE,TECHNOLOGY_SOFTWARE; ANIMALS_PETS,OTHER,ACTIVE,48,Ahrefs,2026-08-26
Glide Community - Get help with your Glide apps and connect with other Glide users.,https://community.glideapps.com/,,en,GENERAL_MULTI_TOPIC,GENERAL_MULTI_TOPIC,OTHER,ACTIVE,77,Ahrefs,2026-08-26
glidingsights.rpg-board.net,https://glidingsights.rpg-board.net/,,en,GAMING_ESPORTS,GAMING_ESPORTS; NEWS_POLITICS_SOCIETY,HOBBY_COMMUNITY,ACTIVE,57,Ahrefs,2026-08-26
GMX,https://gov.gmx.io/,,en,GENERAL_MULTI_TOPIC,GENERAL_MULTI_TOPIC,OTHER,ACTIVE,70,Ahrefs,2026-08-26
GNU Octave,https://octave.discourse.group/,,en,GENERAL_MULTI_TOPIC,GENERAL_MULTI_TOPIC,Q_AND_A,UNKNOWN,81,Ahrefs,2026-08-27
Goat Simulator 3,https://forums.goatsimulator3.com/,,en,NEWS_POLITICS_SOCIETY,NEWS_POLITICS_SOCIETY,OTHER,ACTIVE,59,Ahrefs,2026-08-26
godlingswrath.rpg-board.net,https://godlingswrath.rpg-board.net/forum,,,GENERAL_MULTI_TOPIC,GENERAL_MULTI_TOPIC; GAMING_ESPORTS; ANIMALS_PETS,INDEPENDENT,DORMANT,57,Ahrefs,2026-08-26
Godot Forum,https://forum.godotengine.org/,,en,CYBERSECURITY_IT,CYBERSECURITY_IT; SCIENCE,OTHER,ACTIVE,83,Ahrefs,2026-08-26
Going to Seed,https://goingtoseed.discourse.group/,,en,AGRICULTURE_GARDENING,AGRICULTURE_GARDENING; FOOD_COOKING,OTHER,ACTIVE,81,Ahrefs,2026-08-26
gorillazmxla.foroactivo.com,https://gorillazmxla.foroactivo.com/,,,GENERAL_MULTI_TOPIC,GENERAL_MULTI_TOPIC,INDEPENDENT,ACTIVE,74,Ahrefs,2026-08-26
Gradle Forums,https://discuss.gradle.org/,,,PROGRAMMING_DEVELOPMENT,PROGRAMMING_DEVELOPMENT; ENGINEERING; NEWS_POLITICS_SOCIETY,OTHER,ACTIVE,84,Ahrefs,2026-08-26
Grafana Labs Community Forums,https://community.grafana.com/,,en,GENERAL_MULTI_TOPIC,GENERAL_MULTI_TOPIC,OTHER,ACTIVE,89,Ahrefs,2026-08-26
grandfurpile.rpg-board.net,https://grandfurpile.rpg-board.net/,,en,GENERAL_MULTI_TOPIC,GENERAL_MULTI_TOPIC; GAMING_ESPORTS; MUSIC_ENTERTAINMENT_CULTURE,INDEPENDENT,DORMANT,57,Ahrefs,2026-08-26
grandline.rpg-board.net,https://grandline.rpg-board.net/forum,,en,GAMING_ESPORTS,GAMING_ESPORTS,INDEPENDENT,ACTIVE,57,Ahrefs,2026-08-26
GraphHopper Forum,https://discuss.graphhopper.com/,,,GENERAL_MULTI_TOPIC,GENERAL_MULTI_TOPIC,OTHER,ACTIVE,74,Ahrefs,2026-08-26
Graphic Design Stack Exchange,https://graphicdesign.stackexchange.com/,,en,EDUCATION_STUDENTS,EDUCATION_STUDENTS; CREATIVE_DESIGN,Q_AND_A,UNKNOWN,91,Ahrefs,2026-08-26
Graphviz - Graph Visualization Software,https://forum.graphviz.org/,,en,GENERAL_MULTI_TOPIC,GENERAL_MULTI_TOPIC; TECHNOLOGY_SOFTWARE,OTHER,ACTIVE,82,Ahrefs,2026-08-26
Gravity Forms,https://community.gravityforms.com/,,en,GENERAL_MULTI_TOPIC,GENERAL_MULTI_TOPIC; CAREERS_HR_RECRUITMENT,OTHER,ACTIVE,86,Ahrefs,2026-08-26
Graylog Community,https://community.graylog.org/,,en,ECOMMERCE_MARKETPLACES,ECOMMERCE_MARKETPLACES; CYBERSECURITY_IT,OTHER,ACTIVE,77,Ahrefs,2026-08-26
greatsupersaviorteam.rpg-board.net,https://greatsupersaviorteam.rpg-board.net/,,,GAMING_ESPORTS,GAMING_ESPORTS; NEWS_POLITICS_SOCIETY,INDEPENDENT,DORMANT,57,Ahrefs,2026-08-26
greekxmyths.rpg-board.net,https://greekxmyths.rpg-board.net/,,,GAMING_ESPORTS,GAMING_ESPORTS,INDEPENDENT,ACTIVE,57,Ahrefs,2026-08-26
Green Day Forum,https://forum.greenday.fm/,,en,NEWS_POLITICS_SOCIETY,NEWS_POLITICS_SOCIETY,HOBBY_COMMUNITY,ACTIVE,14,Ahrefs,2026-08-26
greenbladenation.all-up.com,https://greenbladenation.all-up.com/,,,GENERAL_MULTI_TOPIC,GENERAL_MULTI_TOPIC,INDEPENDENT,DORMANT,39,Ahrefs,2026-08-26
greenforum.forumotion.co.uk,https://greenforum.forumotion.co.uk/,,en,AGRICULTURE_GARDENING,AGRICULTURE_GARDENING; FOOD_COOKING; HOBBIES_COLLECTING_OUTDOORS,INDEPENDENT,DORMANT,52,Ahrefs,2026-08-26
Grey Arrows Drone Club UK,https://greyarro.ws/,,en,TRAVEL_EXPAT_IMMIGRATION,TRAVEL_EXPAT_IMMIGRATION; LEGAL; NEWS_POLITICS_SOCIETY,OTHER,ACTIVE,45,Ahrefs,2026-08-26
greytHR Community,https://community.greythr.com/,,en,CAREERS_HR_RECRUITMENT,CAREERS_HR_RECRUITMENT; TRANSPORT_LOGISTICS; FOOD_COOKING,Q_AND_A,ACTIVE,73,Ahrefs,2026-08-26
"GridSpace Forums - Slicers, 3D Printers, CNC Mills, and Laser Cutters",https://forum.grid.space/,,en,GENERAL_MULTI_TOPIC,GENERAL_MULTI_TOPIC,OTHER,ACTIVE,49,Ahrefs,2026-08-26
gridX Developers - gridX developer community,https://community.developer.gridx.de/,,en,PROGRAMMING_DEVELOPMENT,PROGRAMMING_DEVELOPMENT,OTHER,ACTIVE,42,Ahrefs,2026-08-26
Grin,https://forum.grin.mw/,,en,CRYPTO_WEB3,CRYPTO_WEB3; TECHNOLOGY_SOFTWARE,OTHER,ACTIVE,54,Ahrefs,2026-08-26
GROMACS forums - GROMACS community forums,https://gromacs.bioexcel.eu/,,en,GENERAL_MULTI_TOPIC,GENERAL_MULTI_TOPIC,OTHER,ACTIVE,51,Ahrefs,2026-08-26
GStreamer Discourse,https://discourse.gstreamer.org/,,en,GENERAL_MULTI_TOPIC,GENERAL_MULTI_TOPIC; NEWS_POLITICS_SOCIETY,OTHER,ACTIVE,33,Ahrefs,2026-08-26
gtr-x.forum-nation.com,https://gtr-x.forum-nation.com/,,en,AUTOMOTIVE,AUTOMOTIVE,INDEPENDENT,UNKNOWN,15,Ahrefs,2026-08-26
guildofthestars.rpg-board.net,https://guildofthestars.rpg-board.net/,,,GAMING_ESPORTS,GAMING_ESPORTS,INDEPENDENT,ACTIVE,57,Ahrefs,2026-08-26
guineapig-usa.aktiv-forum.com,https://guineapig-usa.aktiv-forum.com/,,en,ANIMALS_PETS,ANIMALS_PETS,INDEPENDENT,ACTIVE,38,Ahrefs,2026-08-26
Gumloop,https://forum.gumloop.com/,,,PROGRAMMING_DEVELOPMENT,PROGRAMMING_DEVELOPMENT,OTHER,ACTIVE,74,Ahrefs,2026-08-26
gundam.rpg-board.net,https://gundam.rpg-board.net/,,en,GAMING_ESPORTS,GAMING_ESPORTS; NEWS_POLITICS_SOCIETY,HOBBY_COMMUNITY,ACTIVE,57,Ahrefs,2026-08-26
halcyondays.rpg-board.net,https://halcyondays.rpg-board.net/,,,GAMING_ESPORTS,GAMING_ESPORTS,INDEPENDENT,ACTIVE,57,Ahrefs,2026-08-26
hampshirefordsociety.forummotion.com,https://hampshirefordsociety.forummotion.com/,,en,AUTOMOTIVE,AUTOMOTIVE; NEWS_POLITICS_SOCIETY,INDEPENDENT,DORMANT,45,Ahrefs,2026-08-26
Hanakai,https://discourse.hanakai.org/,,en,CAREERS_HR_RECRUITMENT,CAREERS_HR_RECRUITMENT,OTHER,ACTIVE,63,Ahrefs,2026-08-26
handmadelife.forumotion.net,https://handmadelife.forumotion.net/,,en,FOOD_COOKING,FOOD_COOKING; HOBBIES_COLLECTING_OUTDOORS,INDEPENDENT,UNKNOWN,60,Ahrefs,2026-08-26
happyhoppers.forumotion.co.uk,https://happyhoppers.forumotion.co.uk/,,en,TRANSPORT_LOGISTICS,TRANSPORT_LOGISTICS; ANIMALS_PETS,INDEPENDENT,ACTIVE,52,Ahrefs,2026-08-26
Hardware Recommendations Stack Exchange,https://hardwarerecs.stackexchange.com/,,en,TECHNOLOGY_SOFTWARE,TECHNOLOGY_SOFTWARE,Q_AND_A,UNKNOWN,91,Ahrefs,2026-08-26
harmonized.rpg-board.net,https://harmonized.rpg-board.net/forum,,,GAMING_ESPORTS,GAMING_ESPORTS; FOOD_COOKING,HOBBY_COMMUNITY,ACTIVE,57,Ahrefs,2026-08-26
harmonyofthesoul.rpg-board.net,https://harmonyofthesoul.rpg-board.net/,,en,GENERAL_MULTI_TOPIC,GENERAL_MULTI_TOPIC; GAMING_ESPORTS,INDEPENDENT,DORMANT,57,Ahrefs,2026-08-26
harrypotterroleplay.catsboard.com,https://harrypotterroleplay.catsboard.com/,,,GAMING_ESPORTS,GAMING_ESPORTS,HOBBY_COMMUNITY,ACTIVE,45,Ahrefs,2026-08-26
HashiCorp Discuss,https://discuss.hashicorp.com/,,en,CYBERSECURITY_IT,CYBERSECURITY_IT; CAREERS_HR_RECRUITMENT,OTHER,ACTIVE,90,Ahrefs,2026-08-26
Haskell Community - Haskell,https://discourse.haskell.org/,,en,CAREERS_HR_RECRUITMENT,CAREERS_HR_RECRUITMENT,OTHER,ACTIVE,84,Ahrefs,2026-08-26
haunted-paradise.forumotion.eu,https://haunted-paradise.forumotion.eu/,,,MARKETING_SEO_GROWTH,MARKETING_SEO_GROWTH; GAMING_ESPORTS,INDEPENDENT,ACTIVE,42,Ahrefs,2026-08-26
Haxe Community - Discussions about Haxe,https://community.haxe.org/,,en,CAREERS_HR_RECRUITMENT,CAREERS_HR_RECRUITMENT,OTHER,ACTIVE,73,Ahrefs,2026-08-26
HCLSoftware Digital Solutions Community,https://developer.ds.hcl-software.com/,,en,PROGRAMMING_DEVELOPMENT,PROGRAMMING_DEVELOPMENT; CAREERS_HR_RECRUITMENT,OTHER,ACTIVE,79,Ahrefs,2026-08-26
healeyreplicas.forumakers.com,https://healeyreplicas.forumakers.com/,,en,GENERAL_MULTI_TOPIC,GENERAL_MULTI_TOPIC; NEWS_POLITICS_SOCIETY,INDEPENDENT,ACTIVE,36,Ahrefs,2026-08-26
heaven4rp.rpg-board.net,https://heaven4rp.rpg-board.net/,,,GAMING_ESPORTS,GAMING_ESPORTS,INDEPENDENT,ACTIVE,57,Ahrefs,2026-08-26
hellispeople.rpg-board.net,https://hellispeople.rpg-board.net/,,en,GAMING_ESPORTS,GAMING_ESPORTS; MUSIC_ENTERTAINMENT_CULTURE,HOBBY_COMMUNITY,ACTIVE,57,Ahrefs,2026-08-26
hellokitty.forumotion.org,https://hellokitty.forumotion.org/,,,GENERAL_MULTI_TOPIC,GENERAL_MULTI_TOPIC,INDEPENDENT,DORMANT,27,Ahrefs,2026-08-26
hellsingcrossroads.rpg-board.net,https://hellsingcrossroads.rpg-board.net/,,en,GAMING_ESPORTS,GAMING_ESPORTS,INDEPENDENT,ACTIVE,57,Ahrefs,2026-08-26
HelpBerkeley.org - Free meals during the pandemic,https://go.helpberkeley.org/,,en,FOOD_COOKING,FOOD_COOKING; NEWS_POLITICS_SOCIETY,OTHER,ACTIVE,9,Ahrefs,2026-08-26
HermCoze Agent - The Better set Evolving AI Agent SaaS Platform,https://forum.hermcoze.com/,,zh,GENERAL_MULTI_TOPIC,GENERAL_MULTI_TOPIC,OTHER,ACTIVE,0,Ahrefs,2026-08-26
hersacredrose.rpg-board.net,https://hersacredrose.rpg-board.net/,,,GAMING_ESPORTS,GAMING_ESPORTS,INDEPENDENT,ACTIVE,57,Ahrefs,2026-08-26
hetaawesome.rpg-board.net,https://hetaawesome.rpg-board.net/,,en,GAMING_ESPORTS,GAMING_ESPORTS,INDEPENDENT,ACTIVE,57,Ahrefs,2026-08-26
hetaera.rpg-board.net,https://hetaera.rpg-board.net/,,en,GAMING_ESPORTS,GAMING_ESPORTS; NEWS_POLITICS_SOCIETY,HOBBY_COMMUNITY,DORMANT,57,Ahrefs,2026-08-26
hetaliaroleplayforum.rpg-board.net,https://hetaliaroleplayforum.rpg-board.net/,,en,GAMING_ESPORTS,GAMING_ESPORTS,HOBBY_COMMUNITY,DORMANT,57,Ahrefs,2026-08-26
hetaultimateensemble.rpg-board.net,https://hetaultimateensemble.rpg-board.net/,,,GAMING_ESPORTS,GAMING_ESPORTS,INDEPENDENT,ACTIVE,57,Ahrefs,2026-08-26
Hibernate,https://discourse.hibernate.org/,,en,GENERAL_MULTI_TOPIC,GENERAL_MULTI_TOPIC,OTHER,ACTIVE,81,Ahrefs,2026-08-26
hiddensecretshs.rpg-board.net,https://hiddensecretshs.rpg-board.net/,,en,GAMING_ESPORTS,GAMING_ESPORTS; FOOD_COOKING; LEGAL; CONSUMER_DEALS_REVIEWS,INDEPENDENT,ACTIVE,57,Ahrefs,2026-08-26
Highrise Create,https://createforum.highrise.game/,,en,CONSTRUCTION,CONSTRUCTION,OTHER,ACTIVE,50,Ahrefs,2026-08-26
highspeedlowcost.forumotion.co.uk,https://highspeedlowcost.forumotion.co.uk/,,,GENERAL_MULTI_TOPIC,GENERAL_MULTI_TOPIC,INDEPENDENT,ACTIVE,52,Ahrefs,2026-08-26
Hinduism Stack Exchange,https://hinduism.stackexchange.com/,,en,EDUCATION_STUDENTS,EDUCATION_STUDENTS,Q_AND_A,UNKNOWN,91,Ahrefs,2026-08-26
History of Science and Mathematics Stack Exchange,https://hsm.stackexchange.com/,,en,TECHNOLOGY_SOFTWARE,TECHNOLOGY_SOFTWARE; SCIENCE; NEWS_POLITICS_SOCIETY,Q_AND_A,UNKNOWN,91,Ahrefs,2026-08-26
History Stack Exchange,https://history.stackexchange.com/,,en,NEWS_POLITICS_SOCIETY,NEWS_POLITICS_SOCIETY,Q_AND_A,UNKNOWN,91,Ahrefs,2026-08-26
HitPaw - HitPaw Official Community,https://community.hitpaw.com/,,en,GENERAL_MULTI_TOPIC,GENERAL_MULTI_TOPIC,OTHER,ACTIVE,71,Ahrefs,2026-08-26
hobbiesnstuff.darkbb.com,https://hobbiesnstuff.darkbb.com/,,en,AUTOMOTIVE,AUTOMOTIVE,HOBBY_COMMUNITY,ACTIVE,51,Ahrefs,2026-08-26
hobbyDB,https://forum.hobbydb.com/,,en,ECOMMERCE_MARKETPLACES,ECOMMERCE_MARKETPLACES; FINANCE_INVESTING_BANKING,HOBBY_COMMUNITY,ACTIVE,64,Ahrefs,2026-08-26
hog-warts.darkbb.com,https://hog-warts.darkbb.com/,,,GENERAL_MULTI_TOPIC,GENERAL_MULTI_TOPIC; CYBERSECURITY_IT; TECHNOLOGY_SOFTWARE; HEALTH_MEDICINE; SPORTS_FITNESS,HOBBY_COMMUNITY,UNKNOWN,51,Ahrefs,2026-08-26
hogwartsau.rpg-board.net,https://hogwartsau.rpg-board.net/,,,GAMING_ESPORTS,GAMING_ESPORTS,INDEPENDENT,ACTIVE,57,Ahrefs,2026-08-26
hollow.forumotion.net,https://hollow.forumotion.net/,,,GENERAL_MULTI_TOPIC,GENERAL_MULTI_TOPIC,INDEPENDENT,DORMANT,60,Ahrefs,2026-08-26
Hollywood Camera Work Support,https://forum.hollywoodcamerawork.com/,,en,PHOTOGRAPHY_VIDEO,PHOTOGRAPHY_VIDEO,OTHER,ACTIVE,49,Ahrefs,2026-08-26
holygrailwars.rpg-board.net,https://holygrailwars.rpg-board.net/,,en,GAMING_ESPORTS,GAMING_ESPORTS; NEWS_POLITICS_SOCIETY,INDEPENDENT,DORMANT,57,Ahrefs,2026-08-26
Home Improvement Stack Exchange,https://diy.stackexchange.com/,,en,HOME_DIY,HOME_DIY,Q_AND_A,UNKNOWN,91,Ahrefs,2026-08-26
Homebrewing Stack Exchange,https://homebrew.stackexchange.com/,,en,GENERAL_MULTI_TOPIC,GENERAL_MULTI_TOPIC,Q_AND_A,UNKNOWN,91,Ahrefs,2026-08-26
homegrown.forumotion.co.uk,https://homegrown.forumotion.co.uk/,,en,GENERAL_MULTI_TOPIC,GENERAL_MULTI_TOPIC; HOME_DIY; AGRICULTURE_GARDENING; ANIMALS_PETS; FOOD_COOKING,INDEPENDENT,ACTIVE,52,Ahrefs,2026-08-26
homestead-naturally.foroactivo.com,https://homestead-naturally.foroactivo.com/,,,GENERAL_MULTI_TOPIC,GENERAL_MULTI_TOPIC; ANIMALS_PETS; FOOD_COOKING,INDEPENDENT,ACTIVE,74,Ahrefs,2026-08-26
Homey Community Forum,https://community.homey.app/,,en,GENERAL_MULTI_TOPIC,GENERAL_MULTI_TOPIC,OTHER,ACTIVE,74,Ahrefs,2026-08-26
hossiboshi.forumid.net,https://hossiboshi.forumid.net/,,,GENERAL_MULTI_TOPIC,GENERAL_MULTI_TOPIC,INDEPENDENT,ACTIVE,43,Ahrefs,2026-08-26
howlinginsync.rpg-board.net,https://howlinginsync.rpg-board.net/,,en,GENERAL_MULTI_TOPIC,GENERAL_MULTI_TOPIC; EDUCATION_STUDENTS; SCIENCE; GAMING_ESPORTS; SPORTS_FITNESS,INDEPENDENT,ACTIVE,57,Ahrefs,2026-08-26
hsfg.forummotion.com,https://hsfg.forummotion.com/,,en,GENERAL_MULTI_TOPIC,GENERAL_MULTI_TOPIC; AGRICULTURE_GARDENING; MUSIC_ENTERTAINMENT_CULTURE; FOOD_COOKING; CONSUMER_DEALS_REVIEWS,INDEPENDENT,DORMANT,45,Ahrefs,2026-08-26
hsigaming.rpg-board.net,https://hsigaming.rpg-board.net/,,en,GAMING_ESPORTS,GAMING_ESPORTS; LEGAL,INDEPENDENT,DORMANT,57,Ahrefs,2026-08-26
HTM Forum,https://discourse.numenta.org/,,en,GENERAL_MULTI_TOPIC,GENERAL_MULTI_TOPIC; PROGRAMMING_DEVELOPMENT; AI_DATA; BUSINESS_ENTREPRENEURSHIP; EDUCATION_STUDENTS,OTHER,ACTIVE,45,Ahrefs,2026-08-26
Huel,https://discuss.huel.com/,,en,FOOD_COOKING,FOOD_COOKING,OTHER,ACTIVE,79,Ahrefs,2026-08-26
Hugging Face Forums - Hugging Face Community Discussion,https://discuss.huggingface.co/,,en,GENERAL_MULTI_TOPIC,GENERAL_MULTI_TOPIC,OTHER,ACTIVE,91,Ahrefs,2026-08-26
HUGO,https://discourse.gohugo.io/,,zh; en,CONSTRUCTION,CONSTRUCTION,OTHER,ACTIVE,91,Ahrefs,2026-08-26
humansemblance.rpg-board.net,https://humansemblance.rpg-board.net/,,en,GENERAL_MULTI_TOPIC,GENERAL_MULTI_TOPIC; GAMING_ESPORTS,HOBBY_COMMUNITY,ACTIVE,57,Ahrefs,2026-08-26
hungergames74.rpg-board.net,https://hungergames74.rpg-board.net/,,,GAMING_ESPORTS,GAMING_ESPORTS,INDEPENDENT,DORMANT,57,Ahrefs,2026-08-26
Hungry Onion,https://hungryonion.org/,,en,MUSIC_ENTERTAINMENT_CULTURE,MUSIC_ENTERTAINMENT_CULTURE; FOOD_COOKING; NEWS_POLITICS_SOCIETY,OTHER,ACTIVE,39,Ahrefs,2026-08-26
huntthedead.rpg-board.net,https://huntthedead.rpg-board.net/,,,GAMING_ESPORTS,GAMING_ESPORTS,INDEPENDENT,DORMANT,57,Ahrefs,2026-08-26
hurricanechronicles2.rpg-board.net,https://hurricanechronicles2.rpg-board.net/,,en,GAMING_ESPORTS,GAMING_ESPORTS; NEWS_POLITICS_SOCIETY,INDEPENDENT,ACTIVE,57,Ahrefs,2026-08-26
hxh-rp.rpg-board.net,https://hxh-rp.rpg-board.net/,,,CAREERS_HR_RECRUITMENT,CAREERS_HR_RECRUITMENT; GAMING_ESPORTS,INDEPENDENT,ACTIVE,57,Ahrefs,2026-08-26
hxhrp.rpg-board.net,https://hxhrp.rpg-board.net/,,en,GAMING_ESPORTS,GAMING_ESPORTS,HOBBY_COMMUNITY,DORMANT,57,Ahrefs,2026-08-26
I Love Philosophy,https://ilovephilosophy.com/,,en,CREATIVE_DESIGN,CREATIVE_DESIGN,OTHER,ACTIVE,19,Ahrefs,2026-08-27
iasstaffs.rpg-board.net,https://iasstaffs.rpg-board.net/,,en,GENERAL_MULTI_TOPIC,GENERAL_MULTI_TOPIC; CAREERS_HR_RECRUITMENT; TRANSPORT_LOGISTICS; GAMING_ESPORTS; MUSIC_ENTERTAINMENT_CULTURE,INDEPENDENT,ACTIVE,57,Ahrefs,2026-08-26
Ice711 Community Forum,https://ice711.discourse.group/,,en,GENERAL_MULTI_TOPIC,GENERAL_MULTI_TOPIC; TRANSPORT_LOGISTICS; NEWS_POLITICS_SOCIETY,HOBBY_COMMUNITY,ACTIVE,81,Ahrefs,2026-08-26
ichixhime.actifforum.com,https://ichixhime.actifforum.com/,,en,MUSIC_ENTERTAINMENT_CULTURE,MUSIC_ENTERTAINMENT_CULTURE; NEWS_POLITICS_SOCIETY,HOBBY_COMMUNITY,ACTIVE,55,Ahrefs,2026-08-26
Icinga Community,https://community.icinga.com/,,en,GENERAL_MULTI_TOPIC,GENERAL_MULTI_TOPIC,OTHER,ACTIVE,73,Ahrefs,2026-08-26
iconskouliki.forumgreek.com,https://iconskouliki.forumgreek.com/,,en,GENERAL_MULTI_TOPIC,GENERAL_MULTI_TOPIC,INDEPENDENT,UNKNOWN,45,Ahrefs,2026-08-26
ildivo.forumotion.net,https://ildivo.forumotion.net/,,,GENERAL_MULTI_TOPIC,GENERAL_MULTI_TOPIC,HOBBY_COMMUNITY,ACTIVE,60,Ahrefs,2026-08-26
ILGISA Forums - Forums for the Illinois GIS Association,https://forum.ilgisa.org/,,en,FINANCE_INVESTING_BANKING,FINANCE_INVESTING_BANKING; EDUCATION_STUDENTS; GOVERNMENT_PUBLIC_SECTOR; NEWS_POLITICS_SOCIETY,Q_AND_A,ACTIVE,29,Ahrefs,2026-08-26
ilomar.forumotion.eu,https://ilomar.forumotion.eu/,,en,NEWS_POLITICS_SOCIETY,NEWS_POLITICS_SOCIETY,INDEPENDENT,ACTIVE,42,Ahrefs,2026-08-26
Image.sc Forum,https://forum.image.sc/,,en,TECHNOLOGY_SOFTWARE,TECHNOLOGY_SOFTWARE; CAREERS_HR_RECRUITMENT,OTHER,ACTIVE,59,Ahrefs,2026-08-27
imjk2.rpg-board.net,https://imjk2.rpg-board.net/,,,GAMING_ESPORTS,GAMING_ESPORTS,INDEPENDENT,ACTIVE,57,Ahrefs,2026-08-26
immortalsguild.rpg-board.net,https://immortalsguild.rpg-board.net/,,,GAMING_ESPORTS,GAMING_ESPORTS,INDEPENDENT,ACTIVE,57,Ahrefs,2026-08-26
impetus.darkbb.com,https://impetus.darkbb.com/,,en,GENERAL_MULTI_TOPIC,GENERAL_MULTI_TOPIC; NEWS_POLITICS_SOCIETY,INDEPENDENT,ACTIVE,51,Ahrefs,2026-08-26
in_thread,https://in-thread.sonic-pi.net/,,en,PROGRAMMING_DEVELOPMENT,PROGRAMMING_DEVELOPMENT,OTHER,ACTIVE,66,Ahrefs,2026-08-26
in-the-dark.rpg-board.net,https://in-the-dark.rpg-board.net/,,,GAMING_ESPORTS,GAMING_ESPORTS,INDEPENDENT,ACTIVE,57,Ahrefs,2026-08-26
iNaturalist Community Forum - iNaturalist is a global community of people who are interested in sharing and discussing their observations of wild organisms.,https://forum.inaturalist.org/,Global,en,NEWS_POLITICS_SOCIETY,NEWS_POLITICS_SOCIETY,OTHER,ACTIVE,87,Ahrefs,2026-08-26
indohk.rpg-board.net,https://indohk.rpg-board.net/,,,GAMING_ESPORTS,GAMING_ESPORTS,INDEPENDENT,ACTIVE,57,Ahrefs,2026-08-26
Inductive Automation Forum,https://forum.inductiveautomation.com/,,en,GENERAL_MULTI_TOPIC,GENERAL_MULTI_TOPIC; EDUCATION_STUDENTS,Q_AND_A,ACTIVE,76,Ahrefs,2026-08-26
inferno-co.rpg-board.net,https://inferno-co.rpg-board.net/,,en,GAMING_ESPORTS,GAMING_ESPORTS,INDEPENDENT,DORMANT,57,Ahrefs,2026-08-26
Infinite Conversations - cooperative community for deep dialogue,https://infiniteconversations.com/,,en,MUSIC_ENTERTAINMENT_CULTURE,MUSIC_ENTERTAINMENT_CULTURE; NEWS_POLITICS_SOCIETY,OTHER,ACTIVE,13,Ahrefs,2026-08-26
Infinite Flight Community,https://community.infiniteflight.com/,,en,EDUCATION_STUDENTS,EDUCATION_STUDENTS; TRANSPORT_LOGISTICS,OTHER,ACTIVE,61,Ahrefs,2026-08-26
infiniteworlds.rpg-board.net,https://infiniteworlds.rpg-board.net/,,,GAMING_ESPORTS,GAMING_ESPORTS; MUSIC_ENTERTAINMENT_CULTURE,HOBBY_COMMUNITY,DORMANT,57,Ahrefs,2026-08-26
InfluxData Community Forums,https://community.influxdata.com/,,en,EDUCATION_STUDENTS,EDUCATION_STUDENTS,EDUCATION_COMMUNITY,ACTIVE,81,Ahrefs,2026-08-26
infodrain.rpg-board.net,https://infodrain.rpg-board.net/,,en,GENERAL_MULTI_TOPIC,GENERAL_MULTI_TOPIC; EDUCATION_STUDENTS; HEALTH_MEDICINE; GAMING_ESPORTS; SPORTS_FITNESS,HOBBY_COMMUNITY,ACTIVE,57,Ahrefs,2026-08-26
Information Security Stack Exchange,https://security.stackexchange.com/,,en,CYBERSECURITY_IT,CYBERSECURITY_IT,Q_AND_A,UNKNOWN,91,Ahrefs,2026-08-26
INKBIRD Community - Powerful community ever,https://community.inkbird.com/,,en,GENERAL_MULTI_TOPIC,GENERAL_MULTI_TOPIC; NEWS_POLITICS_SOCIETY; CONSUMER_DEALS_REVIEWS,OTHER,ACTIVE,53,Ahrefs,2026-08-26
InkSpace,https://inkspace.fr/,,fr,ANIMALS_PETS,ANIMALS_PETS; MUSIC_ENTERTAINMENT_CULTURE,OTHER,ACTIVE,0,Ahrefs,2026-08-26
insprites.rpg-board.net,https://insprites.rpg-board.net/,,en,PROGRAMMING_DEVELOPMENT,PROGRAMMING_DEVELOPMENT; GAMING_ESPORTS; MUSIC_ENTERTAINMENT_CULTURE,INDEPENDENT,ACTIVE,57,Ahrefs,2026-08-26
Internet Computer Developer Forum - Internet Computer Dev Forum,https://forum.dfinity.org/,,en,PROGRAMMING_DEVELOPMENT,PROGRAMMING_DEVELOPMENT; TECHNOLOGY_SOFTWARE; CAREERS_HR_RECRUITMENT; EDUCATION_STUDENTS,OTHER,ACTIVE,71,Ahrefs,2026-08-26
Internet of Things Stack Exchange,https://iot.stackexchange.com/,,en,TECHNOLOGY_SOFTWARE,TECHNOLOGY_SOFTWARE; CONSTRUCTION,Q_AND_A,UNKNOWN,91,Ahrefs,2026-08-26
Interpersonal Skills Stack Exchange,https://interpersonal.stackexchange.com/,,,EDUCATION_STUDENTS,EDUCATION_STUDENTS; PARENTING_FAMILY,Q_AND_A,UNKNOWN,91,Ahrefs,2026-08-26
intjl.actieforum.com,https://intjl.actieforum.com/,,,GENERAL_MULTI_TOPIC,GENERAL_MULTI_TOPIC,INDEPENDENT,ACTIVE,53,Ahrefs,2026-08-26
intothewildwq.rpg-board.net,https://intothewildwq.rpg-board.net/,,,GAMING_ESPORTS,GAMING_ESPORTS; ANIMALS_PETS; HOBBIES_COLLECTING_OUTDOORS,HOBBY_COMMUNITY,ACTIVE,57,Ahrefs,2026-08-26
invantive - Kennisuitwisseling invantive,https://forums.invantive.com/,,nl,GENERAL_MULTI_TOPIC,GENERAL_MULTI_TOPIC,OTHER,ACTIVE,56,Ahrefs,2026-08-26
Inventables Community Forum,https://community.inventables.com/,,en,TECHNOLOGY_SOFTWARE,TECHNOLOGY_SOFTWARE,OTHER,ACTIVE,68,Ahrefs,2026-08-26
"InvestEngine - The smarter way to invest. Zero account fees, low-cost ETFs & automated investing. Capital at risk.",https://community.investengine.com/,,,FINANCE_INVESTING_BANKING,FINANCE_INVESTING_BANKING; NEWS_POLITICS_SOCIETY,OTHER,ACTIVE,53,Ahrefs,2026-08-26
Invvest - La communauté financière n°1 d'Europe,https://community.invvest.co/,,fr,CRYPTO_WEB3,CRYPTO_WEB3,OTHER,ACTIVE,6,Ahrefs,2026-08-26
"Ionic Forum - Build cross-platform mobile apps with HTML, CSS, and JavaScript",https://forum.ionicframework.com/,,en,GENERAL_MULTI_TOPIC,GENERAL_MULTI_TOPIC; PROGRAMMING_DEVELOPMENT; CAREERS_HR_RECRUITMENT,OTHER,ACTIVE,82,Ahrefs,2026-08-26
ioquake community forums,https://discourse.ioquake.org/,,en,GENERAL_MULTI_TOPIC,GENERAL_MULTI_TOPIC,OTHER,ACTIVE,25,Ahrefs,2026-08-26
Iota Stack Exchange,https://iota.stackexchange.com/,,en,CRYPTO_WEB3,CRYPTO_WEB3; PROGRAMMING_DEVELOPMENT,Q_AND_A,UNKNOWN,91,Ahrefs,2026-08-26
ipainia.rpg-board.net,https://ipainia.rpg-board.net/forum,,,GAMING_ESPORTS,GAMING_ESPORTS,INDEPENDENT,UNKNOWN,57,Ahrefs,2026-08-26
IPFire Community - The IPFire Community Forum,https://community.ipfire.org/,,en,CYBERSECURITY_IT,CYBERSECURITY_IT; WEB_HOSTING_DOMAINS; TECHNOLOGY_SOFTWARE; SPORTS_FITNESS,OTHER,ACTIVE,69,Ahrefs,2026-08-26
IPFS Forums,https://discuss.ipfs.tech/,,en,CYBERSECURITY_IT,CYBERSECURITY_IT; NEWS_POLITICS_SOCIETY,OTHER,ACTIVE,80,Ahrefs,2026-08-26
IPinfo Community,https://community.ipinfo.io/,,en,TECHNOLOGY_SOFTWARE,TECHNOLOGY_SOFTWARE,OTHER,ACTIVE,83,Ahrefs,2026-08-26
ipmsmalta.forumotion.net,https://ipmsmalta.forumotion.net/,Malta,en,AUTOMOTIVE,AUTOMOTIVE; NEWS_POLITICS_SOCIETY; CONSUMER_DEALS_REVIEWS,LOCAL_REGIONAL,ACTIVE,60,Ahrefs,2026-08-26
ipodpspmovietv.forum-nation.com,https://ipodpspmovietv.forum-nation.com/,,,MUSIC_ENTERTAINMENT_CULTURE,MUSIC_ENTERTAINMENT_CULTURE,INDEPENDENT,ACTIVE,15,Ahrefs,2026-08-26
IPUMS Forum - IPUMS data users,https://forum.ipums.org/,,en,HEALTH_MEDICINE,HEALTH_MEDICINE,OTHER,ACTIVE,76,Ahrefs,2026-08-26
iroleplay.rpg-board.net,https://iroleplay.rpg-board.net/,,en,GENERAL_MULTI_TOPIC,GENERAL_MULTI_TOPIC; GAMING_ESPORTS; NEWS_POLITICS_SOCIETY,INDEPENDENT,DORMANT,57,Ahrefs,2026-08-26
ironfistgaming.rpg-board.net,https://ironfistgaming.rpg-board.net/,,en,GENERAL_MULTI_TOPIC,GENERAL_MULTI_TOPIC; GAMING_ESPORTS; NEWS_POLITICS_SOCIETY; CONSUMER_DEALS_REVIEWS,INDEPENDENT,ACTIVE,57,Ahrefs,2026-08-26
iSharkFly - 飞鲨,https://isharkfly.com/,,zh,PROGRAMMING_DEVELOPMENT,PROGRAMMING_DEVELOPMENT,OTHER,ACTIVE,39,Ahrefs,2026-08-26
Islam Stack Exchange,https://islam.stackexchange.com/,,en,EDUCATION_STUDENTS,EDUCATION_STUDENTS; MUSIC_ENTERTAINMENT_CULTURE,Q_AND_A,UNKNOWN,91,Ahrefs,2026-08-26
It's FOSS Community,https://itsfoss.community/,,en,GENERAL_MULTI_TOPIC,GENERAL_MULTI_TOPIC; CYBERSECURITY_IT; TECHNOLOGY_SOFTWARE; SCIENCE; GAMING_ESPORTS,HOBBY_COMMUNITY,ACTIVE,21,Ahrefs,2026-08-26
Italian Language Stack Exchange,https://italian.stackexchange.com/,,en,EDUCATION_STUDENTS,EDUCATION_STUDENTS; SCIENCE,Q_AND_A,UNKNOWN,91,Ahrefs,2026-08-26
"iunctis.fr - Sports, multimédia, culture",https://iunctis.fr/,,,SPORTS_FITNESS,SPORTS_FITNESS; MUSIC_ENTERTAINMENT_CULTURE,HOBBY_COMMUNITY,ACTIVE,35,Ahrefs,2026-08-26
Jag-lovers Forums - Jag-lovers,https://forums.jag-lovers.com/,,,NEWS_POLITICS_SOCIETY,NEWS_POLITICS_SOCIETY,HOBBY_COMMUNITY,ACTIVE,34,Ahrefs,2026-08-26
jaguar-xjs.forumotion.co.uk,https://jaguar-xjs.forumotion.co.uk/,,en,GENERAL_MULTI_TOPIC,GENERAL_MULTI_TOPIC; AUTOMOTIVE; HOME_DIY; NEWS_POLITICS_SOCIETY,HOBBY_COMMUNITY,ACTIVE,52,Ahrefs,2026-08-26
jah-pet-forum.forummotion.com,https://jah-pet-forum.forummotion.com/,,en,CYBERSECURITY_IT,CYBERSECURITY_IT; ANIMALS_PETS; NEWS_POLITICS_SOCIETY,INDEPENDENT,ACTIVE,45,Ahrefs,2026-08-26
JancisRobinson.com,https://forum.jancis.com/,,,GENERAL_MULTI_TOPIC,GENERAL_MULTI_TOPIC,OTHER,ACTIVE,18,Ahrefs,2026-08-26
jandamuda.forumotion.asia,https://jandamuda.forumotion.asia/,,,GENERAL_MULTI_TOPIC,GENERAL_MULTI_TOPIC,INDEPENDENT,ACTIVE,33,Ahrefs,2026-08-26
Japanese Language Stack Exchange,https://japanese.stackexchange.com/,,ja; en,EDUCATION_STUDENTS,EDUCATION_STUDENTS,Q_AND_A,UNKNOWN,91,Ahrefs,2026-08-26
Jekyll Talk,https://talk.jekyllrb.com/,,en,GENERAL_MULTI_TOPIC,GENERAL_MULTI_TOPIC,OTHER,ACTIVE,90,Ahrefs,2026-08-26
jelou,https://community.jelou.ai/,,es,GENERAL_MULTI_TOPIC,GENERAL_MULTI_TOPIC,OTHER,ACTIVE,35,Ahrefs,2026-08-26
"Jenkins - The leading open source automation server, Jenkins provides hundreds of plugins to support building, deploying and automating any project.",https://community.jenkins.io/,,zh; en,NEWS_POLITICS_SOCIETY,NEWS_POLITICS_SOCIETY,OTHER,ACTIVE,86,Ahrefs,2026-08-26
JetBrains Platform,https://platform.jetbrains.com/,,en,MARKETING_SEO_GROWTH,MARKETING_SEO_GROWTH; ECOMMERCE_MARKETPLACES,OTHER,ACTIVE,91,Ahrefs,2026-08-26
jeweledseas.rpg-board.net,https://jeweledseas.rpg-board.net/,,en,GAMING_ESPORTS,GAMING_ESPORTS; NEWS_POLITICS_SOCIETY,INDEPENDENT,DORMANT,57,Ahrefs,2026-08-26
"JitAI Forum - JitAI, Quickly Build Production-Grade AI Apps !",https://forum.jit.pro/,,,GENERAL_MULTI_TOPIC,GENERAL_MULTI_TOPIC,OTHER,ACTIVE,3,Ahrefs,2026-08-26
Jitsi Community Forum - developers & users,https://community.jitsi.org/,,en,CYBERSECURITY_IT,CYBERSECURITY_IT; NEWS_POLITICS_SOCIETY,OTHER,ACTIVE,81,Ahrefs,2026-08-27
jktsprites.rpg-board.net,https://jktsprites.rpg-board.net/,,en,GAMING_ESPORTS,GAMING_ESPORTS; MUSIC_ENTERTAINMENT_CULTURE; NEWS_POLITICS_SOCIETY,HOBBY_COMMUNITY,DORMANT,57,Ahrefs,2026-08-26
jmsales.forumpolish.com,https://jmsales.forumpolish.com/,,en,NEWS_POLITICS_SOCIETY,NEWS_POLITICS_SOCIETY,INDEPENDENT,ACTIVE,47,Ahrefs,2026-08-26
Joomla Stack Exchange,https://joomla.stackexchange.com/,,en,PROGRAMMING_DEVELOPMENT,PROGRAMMING_DEVELOPMENT; CYBERSECURITY_IT,Q_AND_A,UNKNOWN,91,Ahrefs,2026-08-26
Joplin Forum - Joplin Forum,https://discourse.joplinapp.org/,,en,NEWS_POLITICS_SOCIETY,NEWS_POLITICS_SOCIETY,OTHER,ACTIVE,74,Ahrefs,2026-08-26
jtblf2.rpg-board.net,https://jtblf2.rpg-board.net/,,,GAMING_ESPORTS,GAMING_ESPORTS,INDEPENDENT,ACTIVE,57,Ahrefs,2026-08-26
JUCE - JUCE Forum,https://forum.juce.com/,,zh; en,PROGRAMMING_DEVELOPMENT,PROGRAMMING_DEVELOPMENT; CYBERSECURITY_IT; CAREERS_HR_RECRUITMENT; NEWS_POLITICS_SOCIETY,OTHER,ACTIVE,71,Ahrefs,2026-08-26
Julia Programming Language - A forum for users and developers,https://discourse.julialang.org/,,en,GENERAL_MULTI_TOPIC,GENERAL_MULTI_TOPIC; FINANCE_INVESTING_BANKING; AI_DATA; EDUCATION_STUDENTS; SCIENCE,OTHER,ACTIVE,79,Ahrefs,2026-08-26
"Jupiter Community - Interact, share, co-create",https://community.jupiter.money/,,en,FINANCE_INVESTING_BANKING,FINANCE_INVESTING_BANKING; MUSIC_ENTERTAINMENT_CULTURE; NEWS_POLITICS_SOCIETY,OTHER,ACTIVE,57,Ahrefs,2026-08-26
Jupiter Research,https://discuss.jup.ag/,,en,CRYPTO_WEB3,CRYPTO_WEB3,OTHER,ACTIVE,86,Ahrefs,2026-08-26
Jupyter Community Forum - A place for Jovyans to share and learn from each other,https://discourse.jupyter.org/,,en,CYBERSECURITY_IT,CYBERSECURITY_IT; EDUCATION_STUDENTS,OTHER,ACTIVE,85,Ahrefs,2026-08-26
JusConecta,https://comunidade.jusfy.com.br/,,,CYBERSECURITY_IT,CYBERSECURITY_IT,OTHER,ACTIVE,38,Ahrefs,2026-08-26
justbleach.rpg-board.net,https://justbleach.rpg-board.net/,,en,GAMING_ESPORTS,GAMING_ESPORTS; NEWS_POLITICS_SOCIETY,HOBBY_COMMUNITY,DORMANT,57,Ahrefs,2026-08-26
justwannabeloved.rpg-board.net,https://justwannabeloved.rpg-board.net/forum,,,GAMING_ESPORTS,GAMING_ESPORTS; MUSIC_ENTERTAINMENT_CULTURE,INDEPENDENT,ACTIVE,57,Ahrefs,2026-08-26
jv-lounge.forumcanada.org,https://jv-lounge.forumcanada.org/,,,GENERAL_MULTI_TOPIC,GENERAL_MULTI_TOPIC,INDEPENDENT,UNKNOWN,17,Ahrefs,2026-08-26
kaaji.forumotion.net,https://kaaji.forumotion.net/,,en,MUSIC_ENTERTAINMENT_CULTURE,MUSIC_ENTERTAINMENT_CULTURE; NEWS_POLITICS_SOCIETY,INDEPENDENT,DORMANT,60,Ahrefs,2026-08-26
kagekaisen.rpg-board.net,https://kagekaisen.rpg-board.net/,,en,EDUCATION_STUDENTS,EDUCATION_STUDENTS; GAMING_ESPORTS,INDEPENDENT,UNKNOWN,57,Ahrefs,2026-08-26
kaibacorpacademy.rpg-board.net,https://kaibacorpacademy.rpg-board.net/,,,GAMING_ESPORTS,GAMING_ESPORTS,INDEPENDENT,DORMANT,57,Ahrefs,2026-08-26
kamehameha.rpg-board.net,https://kamehameha.rpg-board.net/,,,TRAVEL_EXPAT_IMMIGRATION,TRAVEL_EXPAT_IMMIGRATION; GAMING_ESPORTS,INDEPENDENT,ACTIVE,57,Ahrefs,2026-08-26
kaminojishin.rpg-board.net,https://kaminojishin.rpg-board.net/,,,GENERAL_MULTI_TOPIC,GENERAL_MULTI_TOPIC; GAMING_ESPORTS,INDEPENDENT,ACTIVE,57,Ahrefs,2026-08-26
kaos.forumakers.com,https://kaos.forumakers.com/,,en,GENERAL_MULTI_TOPIC,GENERAL_MULTI_TOPIC,INDEPENDENT,ACTIVE,36,Ahrefs,2026-08-26
karma.canadian-forum.com,https://karma.canadian-forum.com/,,,TECHNOLOGY_SOFTWARE,TECHNOLOGY_SOFTWARE; BUSINESS_ENTREPRENEURSHIP,INDEPENDENT,ACTIVE,29,Ahrefs,2026-08-26
Katalon Community - Katalon's Official Discussion Forum,https://forum.katalon.com/,,en,BUSINESS_ENTREPRENEURSHIP,BUSINESS_ENTREPRENEURSHIP; CAREERS_HR_RECRUITMENT; CONSUMER_DEALS_REVIEWS,PROFESSIONAL_COMMUNITY,ACTIVE,73,Ahrefs,2026-08-26
Katiskan foorumi - Elämän rautalankamalli foorumina,https://foorumi.katiska.eu/,,en,ANIMALS_PETS,ANIMALS_PETS,OTHER,ACTIVE,16,Ahrefs,2026-08-26
kayaraya.forumotion.asia,https://kayaraya.forumotion.asia/,,,GENERAL_MULTI_TOPIC,GENERAL_MULTI_TOPIC,INDEPENDENT,ACTIVE,33,Ahrefs,2026-08-26
Kayıp Rıhtım Forum,https://forum.kayiprihtim.com/,,,GENERAL_MULTI_TOPIC,GENERAL_MULTI_TOPIC,OTHER,ACTIVE,47,Ahrefs,2026-08-26
Keap Integration Q&A,https://integration.keap.com/,,en,GENERAL_MULTI_TOPIC,GENERAL_MULTI_TOPIC,Q_AND_A,ACTIVE,83,Ahrefs,2026-08-26
keepersofotherlife.rpg-board.net,https://keepersofotherlife.rpg-board.net/forum,,,GAMING_ESPORTS,GAMING_ESPORTS,INDEPENDENT,DORMANT,57,Ahrefs,2026-08-26
kendama.rpg-board.net,https://kendama.rpg-board.net/,,en,FINANCE_INVESTING_BANKING,FINANCE_INVESTING_BANKING; GAMING_ESPORTS; NEWS_POLITICS_SOCIETY,INDEPENDENT,ACTIVE,57,Ahrefs,2026-08-26
kenhtonghop.forumvi.com,https://kenhtonghop.forumvi.com/,,,GENERAL_MULTI_TOPIC,GENERAL_MULTI_TOPIC,INDEPENDENT,ACTIVE,56,Ahrefs,2026-08-26
Keyboardio community,https://community.keyboard.io/,,en,TECHNOLOGY_SOFTWARE,TECHNOLOGY_SOFTWARE,OTHER,ACTIVE,49,Ahrefs,2026-08-26
kimbumph.forumotion.net,https://kimbumph.forumotion.net/forum,,en,GENERAL_MULTI_TOPIC,GENERAL_MULTI_TOPIC,INDEPENDENT,ACTIVE,60,Ahrefs,2026-08-26
kimhyunjoongintlfans.darkbb.com,https://kimhyunjoongintlfans.darkbb.com/,,zh; ko,NEWS_POLITICS_SOCIETY,NEWS_POLITICS_SOCIETY,HOBBY_COMMUNITY,UNKNOWN,51,Ahrefs,2026-08-26
Kinsta Community - Kinsta Community,https://community.kinsta.com/,,en,WEB_HOSTING_DOMAINS,WEB_HOSTING_DOMAINS; NEWS_POLITICS_SOCIETY,OTHER,ACTIVE,90,Ahrefs,2026-08-26
Kintone Developer Forum - Forum to discuss any and all things Kintone!,https://forum.kintone.dev/,,en,PROGRAMMING_DEVELOPMENT,PROGRAMMING_DEVELOPMENT; BUSINESS_ENTREPRENEURSHIP; CAREERS_HR_RECRUITMENT,OTHER,ACTIVE,45,Ahrefs,2026-08-26
Kirby Forum,https://forum.getkirby.com/,,en,WEB_HOSTING_DOMAINS,WEB_HOSTING_DOMAINS,OTHER,ACTIVE,80,Ahrefs,2026-08-26
kirupaForum,https://forum.kirupa.com/,,,CAREERS_HR_RECRUITMENT,CAREERS_HR_RECRUITMENT; GAMING_ESPORTS; NEWS_POLITICS_SOCIETY,HOBBY_COMMUNITY,ACTIVE,69,Ahrefs,2026-08-26
Klever,https://forum.klever.org/,,zh; en,CRYPTO_WEB3,CRYPTO_WEB3; EDUCATION_STUDENTS; NEWS_POLITICS_SOCIETY,OTHER,ACTIVE,60,Ahrefs,2026-08-26
Klipper - Klipper 3d software,https://klipper.discourse.group/,,en,GENERAL_MULTI_TOPIC,GENERAL_MULTI_TOPIC; TECHNOLOGY_SOFTWARE,OTHER,ACTIVE,81,Ahrefs,2026-08-26
klproperty.forum.st,https://klproperty.forum.st/,Malaysia,zh; en,FINANCE_INVESTING_BANKING,FINANCE_INVESTING_BANKING; BUSINESS_ENTREPRENEURSHIP; CAREERS_HR_RECRUITMENT; TRAVEL_EXPAT_IMMIGRATION,LOCAL_REGIONAL,ACTIVE,40,Ahrefs,2026-08-26
Knack Community Forum - A community of Knack enthusiasts and advocates.,https://forums.knack.com/,,en,GENERAL_MULTI_TOPIC,GENERAL_MULTI_TOPIC,HOBBY_COMMUNITY,ACTIVE,78,Ahrefs,2026-08-26
knights.rpg-board.net,https://knights.rpg-board.net/,,en,GAMING_ESPORTS,GAMING_ESPORTS,INDEPENDENT,ACTIVE,57,Ahrefs,2026-08-26
Knockology - Mechanical Pencil Forum - Knockology.com - The world's leading source for mechanical pencil discussion and insights.,https://forum.knockology.com/,,en; zh,ECOMMERCE_MARKETPLACES,ECOMMERCE_MARKETPLACES; ENGINEERING,OTHER,ACTIVE,3,Ahrefs,2026-08-26
kobayashihigh.rpg-board.net,https://kobayashihigh.rpg-board.net/,,en,GAMING_ESPORTS,GAMING_ESPORTS,INDEPENDENT,ACTIVE,57,Ahrefs,2026-08-26
Komunita Svět Androida,https://komunita.svetandroida.cz/,,,GENERAL_MULTI_TOPIC,GENERAL_MULTI_TOPIC,OTHER,ACTIVE,64,Ahrefs,2026-08-26
Kong Nation,https://discuss.konghq.com/,,en,GENERAL_MULTI_TOPIC,GENERAL_MULTI_TOPIC,OTHER,ACTIVE,79,Ahrefs,2026-08-26
Korean Language Stack Exchange,https://korean.stackexchange.com/,,en,EDUCATION_STUDENTS,EDUCATION_STUDENTS; FOOD_COOKING,Q_AND_A,UNKNOWN,91,Ahrefs,2026-08-26
Kotlin Discussions,https://discuss.kotlinlang.org/,,,PROGRAMMING_DEVELOPMENT,PROGRAMMING_DEVELOPMENT,OTHER,ACTIVE,86,Ahrefs,2026-08-26
kryptonknights.rpg-board.net,https://kryptonknights.rpg-board.net/,,en,GAMING_ESPORTS,GAMING_ESPORTS; MUSIC_ENTERTAINMENT_CULTURE,INDEPENDENT,DORMANT,57,Ahrefs,2026-08-26
"KSEC Community Forum - The KSEC Forum is a central community for security professionals to connect, share insights, and access valuable training and research resources.",https://forum.ksec.co.uk/,,en,CYBERSECURITY_IT,CYBERSECURITY_IT; TECHNOLOGY_SOFTWARE; NEWS_POLITICS_SOCIETY,INDUSTRY_COMMUNITY,ACTIVE,48,Ahrefs,2026-08-26
kumajirousloft.rpg-board.net,https://kumajirousloft.rpg-board.net/,,en,GAMING_ESPORTS,GAMING_ESPORTS,HOBBY_COMMUNITY,ACTIVE,57,Ahrefs,2026-08-26
KungFuMagazine,https://forum.kungfumagazine.com/,,en,HEALTH_MEDICINE,HEALTH_MEDICINE; MUSIC_ENTERTAINMENT_CULTURE,OTHER,ACTIVE,54,Ahrefs,2026-08-26
Kurviger Forum,https://forum.kurviger.com/,,en; fr,AUTOMOTIVE,AUTOMOTIVE; NEWS_POLITICS_SOCIETY,OTHER,ACTIVE,70,Ahrefs,2026-08-26
l2darkzone.rpg-board.net,https://l2darkzone.rpg-board.net/,,,GENERAL_MULTI_TOPIC,GENERAL_MULTI_TOPIC; GAMING_ESPORTS,INDEPENDENT,ACTIVE,57,Ahrefs,2026-08-26
l2play.rpg-board.net,https://l2play.rpg-board.net/,,en,GENERAL_MULTI_TOPIC,GENERAL_MULTI_TOPIC; GAMING_ESPORTS,INDEPENDENT,ACTIVE,57,Ahrefs,2026-08-26
Lab Automation Forums,https://labautomation.io/,,en,ECOMMERCE_MARKETPLACES,ECOMMERCE_MARKETPLACES; CAREERS_HR_RECRUITMENT; ENGINEERING; HOME_DIY,OTHER,ACTIVE,6,Ahrefs,2026-08-26
LAJI.FI-foorumi,https://foorumi.laji.fi/,,zh,GENERAL_MULTI_TOPIC,GENERAL_MULTI_TOPIC,OTHER,ACTIVE,69,Ahrefs,2026-08-26
lalem.canadian-forum.com,https://lalem.canadian-forum.com/,,en,GENERAL_MULTI_TOPIC,GENERAL_MULTI_TOPIC,INDEPENDENT,ACTIVE,29,Ahrefs,2026-08-26
lancashireonline.rpg-board.net,https://lancashireonline.rpg-board.net/,,,GENERAL_MULTI_TOPIC,GENERAL_MULTI_TOPIC; BUSINESS_ENTREPRENEURSHIP; CAREERS_HR_RECRUITMENT; HEALTH_MEDICINE; TRAVEL_EXPAT_IMMIGRATION,INDEPENDENT,DORMANT,57,Ahrefs,2026-08-26
Landing Zone • UDisc Forum,https://forum.udisc.com/,,,GENERAL_MULTI_TOPIC,GENERAL_MULTI_TOPIC; NEWS_POLITICS_SOCIETY,OTHER,ACTIVE,77,Ahrefs,2026-08-26
LangChain Forum,https://forum.langchain.com/,,en,GENERAL_MULTI_TOPIC,GENERAL_MULTI_TOPIC,OTHER,ACTIVE,87,Ahrefs,2026-08-26
Language Learning Stack Exchange,https://languagelearning.stackexchange.com/,,en,EDUCATION_STUDENTS,EDUCATION_STUDENTS,Q_AND_A,UNKNOWN,91,Ahrefs,2026-08-26
Last.fm Support Community - Find answers to your questions and get help with common problems with the Last.fm website and scrobbling apps.,https://support.last.fm/,,en,GENERAL_MULTI_TOPIC,GENERAL_MULTI_TOPIC,VENDOR_SUPPORT,ACTIVE,90,Ahrefs,2026-08-26
lastingbonds.rpg-board.net,https://lastingbonds.rpg-board.net/,,,GAMING_ESPORTS,GAMING_ESPORTS,INDEPENDENT,ACTIVE,57,Ahrefs,2026-08-26
Latin Language Stack Exchange,https://latin.stackexchange.com/,,en,EDUCATION_STUDENTS,EDUCATION_STUDENTS,Q_AND_A,UNKNOWN,91,Ahrefs,2026-08-26
"LATROMI Community - Aqui você pode encontrar as reposta para as suas dúvidas, ou se juntar a outras pessoas que estão tentando resolver o mesmo problema que você.",https://community.latromi.com.br/,,pt,GENERAL_MULTI_TOPIC,GENERAL_MULTI_TOPIC,OTHER,ACTIVE,20,Ahrefs,2026-08-26
Launch Forums - Launch your product,https://forums.trylaunch.ai/,,en,GENERAL_MULTI_TOPIC,GENERAL_MULTI_TOPIC,OTHER,ACTIVE,55,Ahrefs,2026-08-26
Law Stack Exchange,https://law.stackexchange.com/,,en,GENERAL_MULTI_TOPIC,GENERAL_MULTI_TOPIC; EDUCATION_STUDENTS; HEALTH_MEDICINE; TRANSPORT_LOGISTICS; LEGAL,Q_AND_A,UNKNOWN,91,Ahrefs,2026-08-26
laxiuspower-shrine.rpg-board.net,https://laxiuspower-shrine.rpg-board.net/,,en,GENERAL_MULTI_TOPIC,GENERAL_MULTI_TOPIC; GAMING_ESPORTS; MUSIC_ENTERTAINMENT_CULTURE,INDEPENDENT,ACTIVE,57,Ahrefs,2026-08-26
Le Forum de Finance Héros - Posez vos questions à des experts,https://forum.finance-heros.fr/,,,FINANCE_INVESTING_BANKING,FINANCE_INVESTING_BANKING; CRYPTO_WEB3; ANIMALS_PETS,OTHER,ACTIVE,72,Ahrefs,2026-08-26
"Le forum des Parents - Notre vie de Parents, le forum sur lequel on se parle de tout, sans chichis sans tabous",https://forum.parents.fr/,,fr,SPORTS_FITNESS,SPORTS_FITNESS; PARENTING_FAMILY,HOBBY_COMMUNITY,ACTIVE,75,Ahrefs,2026-08-26
leaf-league.rpg-board.net,https://leaf-league.rpg-board.net/,,en,GAMING_ESPORTS,GAMING_ESPORTS,INDEPENDENT,ACTIVE,57,Ahrefs,2026-08-26
Leasehackr Forum - Community dedicated to the art of car leasing,https://forum.leasehackr.com/,,en,ECOMMERCE_MARKETPLACES,ECOMMERCE_MARKETPLACES; FINANCE_INVESTING_BANKING; AUTOMOTIVE; CONSUMER_DEALS_REVIEWS,OTHER,ACTIVE,41,Ahrefs,2026-08-26
lebeaumarchais.forumactif.org,https://lebeaumarchais.forumactif.org/,,,GENERAL_MULTI_TOPIC,GENERAL_MULTI_TOPIC,INDEPENDENT,UNKNOWN,73,Ahrefs,2026-08-26
legacies-reborn.rpg-board.net,https://legacies-reborn.rpg-board.net/,,en,BUSINESS_ENTREPRENEURSHIP,BUSINESS_ENTREPRENEURSHIP; GAMING_ESPORTS,INDEPENDENT,UNKNOWN,57,Ahrefs,2026-08-26
legacyoflies.rpg-board.net,https://legacyoflies.rpg-board.net/,,,GAMING_ESPORTS,GAMING_ESPORTS,INDEPENDENT,ACTIVE,57,Ahrefs,2026-08-26
legendrp.rpg-board.net,https://legendrp.rpg-board.net/,,en,GAMING_ESPORTS,GAMING_ESPORTS,INDEPENDENT,ACTIVE,57,Ahrefs,2026-08-26
legends-of-immortals.forumgratuit.ro,https://legends-of-immortals.forumgratuit.ro/,,,GENERAL_MULTI_TOPIC,GENERAL_MULTI_TOPIC; NEWS_POLITICS_SOCIETY,INDEPENDENT,ACTIVE,52,Ahrefs,2026-08-26
legendsofbritannia.rpg-board.net,https://legendsofbritannia.rpg-board.net/,,de,GAMING_ESPORTS,GAMING_ESPORTS,INDEPENDENT,UNKNOWN,57,Ahrefs,2026-08-26
legendsoftheshade.rpg-board.net,https://legendsoftheshade.rpg-board.net/,,,GAMING_ESPORTS,GAMING_ESPORTS,INDEPENDENT,ACTIVE,57,Ahrefs,2026-08-26
leopardgecko.forumotion.co.uk,https://leopardgecko.forumotion.co.uk/,Global,en,GENERAL_MULTI_TOPIC,GENERAL_MULTI_TOPIC; FINANCE_INVESTING_BANKING; HEALTH_MEDICINE; HOME_DIY; ANIMALS_PETS,INDEPENDENT,ACTIVE,52,Ahrefs,2026-08-26
lesgueuxenforce.rpg-board.net,https://lesgueuxenforce.rpg-board.net/,,fr,GAMING_ESPORTS,GAMING_ESPORTS,INDEPENDENT,UNKNOWN,57,Ahrefs,2026-08-26
Let's Encrypt Community Support,https://community.letsencrypt.org/,,en,GENERAL_MULTI_TOPIC,GENERAL_MULTI_TOPIC,OTHER,ACTIVE,91,Ahrefs,2026-08-26
let's talk,https://letstalk.mindline.sg/,,,FINANCE_INVESTING_BANKING,FINANCE_INVESTING_BANKING; EDUCATION_STUDENTS; HEALTH_MEDICINE; PARENTING_FAMILY,EDUCATION_COMMUNITY,ACTIVE,63,Ahrefs,2026-08-26
Let's talk Lottie - Community for designers and developers around Lottie animations,https://forum.lottiefiles.com/,,en,GENERAL_MULTI_TOPIC,GENERAL_MULTI_TOPIC,OTHER,ACTIVE,83,Ahrefs,2026-08-26
lex-forum.net | Community zum Thema Lexware und mehr,https://lex-forum.net/,,de,TECHNOLOGY_SOFTWARE,TECHNOLOGY_SOFTWARE,OTHER,ACTIVE,16,Ahrefs,2026-08-26
lhotp.editboard.com,https://lhotp.editboard.com/,,en,GENERAL_MULTI_TOPIC,GENERAL_MULTI_TOPIC; HEALTH_MEDICINE; SPORTS_FITNESS; MUSIC_ENTERTAINMENT_CULTURE; NEWS_POLITICS_SOCIETY,HOBBY_COMMUNITY,ACTIVE,52,Ahrefs,2026-08-26
lid-rp.rpg-board.net,https://lid-rp.rpg-board.net/,,en,GAMING_ESPORTS,GAMING_ESPORTS; GOVERNMENT_PUBLIC_SECTOR,HOBBY_COMMUNITY,ACTIVE,57,Ahrefs,2026-08-26
Lido Governance - Lido - The Ethereum Liquid Staking Community,https://research.lido.fi/,,en,FINANCE_INVESTING_BANKING,FINANCE_INVESTING_BANKING; CRYPTO_WEB3,OTHER,ACTIVE,76,Ahrefs,2026-08-26
Lifehacks Stack Exchange,https://lifehacks.stackexchange.com/,,en,TECHNOLOGY_SOFTWARE,TECHNOLOGY_SOFTWARE; FOOD_COOKING,Q_AND_A,UNKNOWN,91,Ahrefs,2026-08-26
ligaspyforum.rpg-board.net,https://ligaspyforum.rpg-board.net/,,en,GAMING_ESPORTS,GAMING_ESPORTS,HOBBY_COMMUNITY,ACTIVE,57,Ahrefs,2026-08-26
LightBurn Software Forum - LightBurn support community,https://forum.lightburnsoftware.com/,,en,TECHNOLOGY_SOFTWARE,TECHNOLOGY_SOFTWARE; CAREERS_HR_RECRUITMENT,OTHER,ACTIVE,70,Ahrefs,2026-08-26
Lightchain Forum - Welcome to Lightchain Forum. Enjoy your new forum! Hop over to discuss Lightchain if you have any questions. Join us.,https://forum.lightchain.ai/,,en,ANIMALS_PETS,ANIMALS_PETS,OTHER,ACTIVE,51,Ahrefs,2026-08-26
lilondon.rpg-board.net,https://lilondon.rpg-board.net/,,,GAMING_ESPORTS,GAMING_ESPORTS,INDEPENDENT,ACTIVE,57,Ahrefs,2026-08-26
limitlessrp.rpg-board.net,https://limitlessrp.rpg-board.net/,,en,CAREERS_HR_RECRUITMENT,CAREERS_HR_RECRUITMENT; GAMING_ESPORTS; MUSIC_ENTERTAINMENT_CULTURE; FOOD_COOKING,PROFESSIONAL_COMMUNITY,DORMANT,57,Ahrefs,2026-08-26
lineage2blueheaven.rpg-board.net,https://lineage2blueheaven.rpg-board.net/,,en,GAMING_ESPORTS,GAMING_ESPORTS; NEWS_POLITICS_SOCIETY,INDEPENDENT,ACTIVE,57,Ahrefs,2026-08-26
Linguistics Stack Exchange,https://linguistics.stackexchange.com/,,en,GENERAL_MULTI_TOPIC,GENERAL_MULTI_TOPIC,Q_AND_A,UNKNOWN,91,Ahrefs,2026-08-26
LinuxCommunity.io - Linux community forum for enthusiasts and sysadmins.,https://linuxcommunity.io/,,en,CYBERSECURITY_IT,CYBERSECURITY_IT; NEWS_POLITICS_SOCIETY,HOBBY_COMMUNITY,ACTIVE,34,Ahrefs,2026-08-26
Liquibase - Liquibase Forum | Liquibase.org,https://forum.liquibase.org/,,en,GENERAL_MULTI_TOPIC,GENERAL_MULTI_TOPIC; CAREERS_HR_RECRUITMENT; NEWS_POLITICS_SOCIETY,OTHER,ACTIVE,71,Ahrefs,2026-08-26
Literature Stack Exchange,https://literature.stackexchange.com/,,en,ANIMALS_PETS,ANIMALS_PETS,Q_AND_A,UNKNOWN,91,Ahrefs,2026-08-26
Litium Forum,https://forum.litium.com/,,en,GENERAL_MULTI_TOPIC,GENERAL_MULTI_TOPIC,OTHER,ACTIVE,57,Ahrefs,2026-08-26
live-the-worldwide-3.rpg-board.net,https://live-the-worldwide-3.rpg-board.net/,,en,GAMING_ESPORTS,GAMING_ESPORTS; ANIMALS_PETS,INDEPENDENT,ACTIVE,57,Ahrefs,2026-08-26
LiveKit Community,https://community.livekit.io/,,en,WEB_HOSTING_DOMAINS,WEB_HOSTING_DOMAINS; TELECOM_VOIP,OTHER,ACTIVE,77,Ahrefs,2026-08-26
Livepeer Forum,https://forum.livepeer.org/,,en,FINANCE_INVESTING_BANKING,FINANCE_INVESTING_BANKING,OTHER,ACTIVE,70,Ahrefs,2026-08-26
Living with Eagle - Support Group for people affected with Eagle Syndrome,https://forum.livingwitheagle.org/,,en,HEALTH_MEDICINE,HEALTH_MEDICINE; NEWS_POLITICS_SOCIETY,OTHER,ACTIVE,10,Ahrefs,2026-08-26
Living With Erythromelalgia - Support community for Erythromelalgia disorder,https://forum.livingwitherythromelalgia.org/,,en,HEALTH_MEDICINE,HEALTH_MEDICINE; PARENTING_FAMILY; NEWS_POLITICS_SOCIETY,OTHER,ACTIVE,19,Ahrefs,2026-08-26
Living with Psoriatic Arthritis (PsA) - Support Community for Psoriatic Arthritis (PsA),https://discussion.livingwithpsoriaticarthritis.org/,,en,HEALTH_MEDICINE,HEALTH_MEDICINE; NEWS_POLITICS_SOCIETY,OTHER,ACTIVE,4,Ahrefs,2026-08-26
LiwaSoft Forum - SambaPOS Support - SambaPOS Destek - SambaPOS Ankara - SambaPOS İstanbul - SambaPOS Müşteri Hizmetleri - SambaPOS Türkiye - SambaPOS Support,https://forum.liwasoft.com/,Turkey,,GENERAL_MULTI_TOPIC,GENERAL_MULTI_TOPIC,LOCAL_REGIONAL,ACTIVE,15,Ahrefs,2026-08-26
LLVM Discussion Forums - Our community includes both users and developers of various compiler technologies within the LLVM project.,https://discourse.llvm.org/,,en,GENERAL_MULTI_TOPIC,GENERAL_MULTI_TOPIC,OTHER,ACTIVE,86,Ahrefs,2026-08-26
lnd1.rpg-board.net,https://lnd1.rpg-board.net/,,,GAMING_ESPORTS,GAMING_ESPORTS; NEWS_POLITICS_SOCIETY,INDEPENDENT,DORMANT,57,Ahrefs,2026-08-26
Local Community,https://community.localwp.com/,,en,LOCAL_REGIONAL,LOCAL_REGIONAL,LOCAL_REGIONAL,ACTIVE,79,Ahrefs,2026-08-26
Logik Forums - The Logik Forums,https://forum.logik.tv/,,en,GENERAL_MULTI_TOPIC,GENERAL_MULTI_TOPIC; PROGRAMMING_DEVELOPMENT; CYBERSECURITY_IT; TECHNOLOGY_SOFTWARE; CAREERS_HR_RECRUITMENT,OTHER,ACTIVE,43,Ahrefs,2026-08-26
Logpresso,https://forum.logpresso.com/,,ko,GENERAL_MULTI_TOPIC,GENERAL_MULTI_TOPIC,Q_AND_A,ACTIVE,30,Ahrefs,2026-08-26
LOINC Community Forum,https://forum.loinc.org/,,en,GENERAL_MULTI_TOPIC,GENERAL_MULTI_TOPIC,OTHER,ACTIVE,76,Ahrefs,2026-08-27
lomboklovers.aforumfree.com,https://lomboklovers.aforumfree.com/,,,TRAVEL_EXPAT_IMMIGRATION,TRAVEL_EXPAT_IMMIGRATION,INDEPENDENT,DORMANT,41,Ahrefs,2026-08-26
londonbikers.com - London's motorcycle community,https://londonbikers.com/,,en,AUTOMOTIVE,AUTOMOTIVE; LEGAL; NEWS_POLITICS_SOCIETY,OTHER,ACTIVE,25,Ahrefs,2026-08-26
Look Mum No Computer Thingies - THE MUSEUM OF EVERYTHING ELSE,https://lookmumnocomputer.discourse.group/,,en,GENERAL_MULTI_TOPIC,GENERAL_MULTI_TOPIC; TECHNOLOGY_SOFTWARE; HOME_DIY,OTHER,ACTIVE,81,Ahrefs,2026-08-26
lorelair.rpg-board.net,https://lorelair.rpg-board.net/,,en,GAMING_ESPORTS,GAMING_ESPORTS,HOBBY_COMMUNITY,UNKNOWN,57,Ahrefs,2026-08-26
losangeleslife.rpg-board.net,https://losangeleslife.rpg-board.net/,,,GENERAL_MULTI_TOPIC,GENERAL_MULTI_TOPIC; MARKETING_SEO_GROWTH; BUSINESS_ENTREPRENEURSHIP; CAREERS_HR_RECRUITMENT; EDUCATION_STUDENTS,EDUCATION_COMMUNITY,DORMANT,57,Ahrefs,2026-08-26
Losant Forums,https://forums.losant.com/,,en,EDUCATION_STUDENTS,EDUCATION_STUDENTS,EDUCATION_COMMUNITY,ACTIVE,55,Ahrefs,2026-08-26
lostintheclouds.rpg-board.net,https://lostintheclouds.rpg-board.net/,,,GAMING_ESPORTS,GAMING_ESPORTS,INDEPENDENT,ACTIVE,57,Ahrefs,2026-08-26
lostintheecho-rpg.rpg-board.net,https://lostintheecho-rpg.rpg-board.net/,,en,GAMING_ESPORTS,GAMING_ESPORTS; NEWS_POLITICS_SOCIETY,INDEPENDENT,ACTIVE,57,Ahrefs,2026-08-26
LotusElan.net - LotusElan.net,https://forums.lotuselan.net/,,en,ECOMMERCE_MARKETPLACES,ECOMMERCE_MARKETPLACES; HOME_DIY; NEWS_POLITICS_SOCIETY,OTHER,ACTIVE,27,Ahrefs,2026-08-26
love-is-in-the-air.rpg-board.net,https://love-is-in-the-air.rpg-board.net/,,,GAMING_ESPORTS,GAMING_ESPORTS; NEWS_POLITICS_SOCIETY,INDEPENDENT,DORMANT,57,Ahrefs,2026-08-26
lovinggsds.forumotion.co.uk,https://lovinggsds.forumotion.co.uk/,,en,ANIMALS_PETS,ANIMALS_PETS; NEWS_POLITICS_SOCIETY,INDEPENDENT,DORMANT,52,Ahrefs,2026-08-26
lrocr.rpg-board.net,https://lrocr.rpg-board.net/,,en,GAMING_ESPORTS,GAMING_ESPORTS; CREATIVE_DESIGN,HOBBY_COMMUNITY,ACTIVE,57,Ahrefs,2026-08-26
lucy.rpg-board.net,https://lucy.rpg-board.net/,,,GAMING_ESPORTS,GAMING_ESPORTS; MUSIC_ENTERTAINMENT_CULTURE,INDEPENDENT,ACTIVE,57,Ahrefs,2026-08-26
LulzBot,https://forum.lulzbot.com/,,en,TECHNOLOGY_SOFTWARE,TECHNOLOGY_SOFTWARE; EDUCATION_STUDENTS; NEWS_POLITICS_SOCIETY,EDUCATION_COMMUNITY,ACTIVE,66,Ahrefs,2026-08-26
lupatopia.rpg-board.net,https://lupatopia.rpg-board.net/,,en,GAMING_ESPORTS,GAMING_ESPORTS,INDEPENDENT,DORMANT,57,Ahrefs,2026-08-26
lurchersos.forumotion.co.uk,https://lurchersos.forumotion.co.uk/,,en,ANIMALS_PETS,ANIMALS_PETS; NEWS_POLITICS_SOCIETY,INDEPENDENT,DORMANT,52,Ahrefs,2026-08-26
madge-ic.catsboard.com,https://madge-ic.catsboard.com/,,,CYBERSECURITY_IT,CYBERSECURITY_IT; MUSIC_ENTERTAINMENT_CULTURE; NEWS_POLITICS_SOCIETY,HOBBY_COMMUNITY,DORMANT,45,Ahrefs,2026-08-26
Magento Stack Exchange,https://magento.stackexchange.com/,,en,ECOMMERCE_MARKETPLACES,ECOMMERCE_MARKETPLACES; PROGRAMMING_DEVELOPMENT,Q_AND_A,UNKNOWN,91,Ahrefs,2026-08-26
Magic Leap 2 Developer Forums,https://forum.magicleap.cloud/,,,PROGRAMMING_DEVELOPMENT,PROGRAMMING_DEVELOPMENT; TECHNOLOGY_SOFTWARE,OTHER,ACTIVE,53,Ahrefs,2026-08-26
Magicball Network Forums,https://forum.magicball.net/,,en,GAMING_ESPORTS,GAMING_ESPORTS; MUSIC_ENTERTAINMENT_CULTURE; NEWS_POLITICS_SOCIETY,HOBBY_COMMUNITY,ACTIVE,55,Ahrefs,2026-08-26
magix.rpg-board.net,https://magix.rpg-board.net/,,,GAMING_ESPORTS,GAMING_ESPORTS,INDEPENDENT,ACTIVE,57,Ahrefs,2026-08-26
magnoliaroleplays.rpg-board.net,https://magnoliaroleplays.rpg-board.net/,,en,EDUCATION_STUDENTS,EDUCATION_STUDENTS; GAMING_ESPORTS; NEWS_POLITICS_SOCIETY,HOBBY_COMMUNITY,ACTIVE,57,Ahrefs,2026-08-26
Make Community,https://community.make.com/,,en,NEWS_POLITICS_SOCIETY,NEWS_POLITICS_SOCIETY,OTHER,ACTIVE,90,Ahrefs,2026-08-26
Maker Forums - A place for makers to share,https://forum.makerforums.info/,,en,GENERAL_MULTI_TOPIC,GENERAL_MULTI_TOPIC,OTHER,ACTIVE,45,Ahrefs,2026-08-26
malaysiagst.forumms.net,https://malaysiagst.forumms.net/,,en,FINANCE_INVESTING_BANKING,FINANCE_INVESTING_BANKING; NEWS_POLITICS_SOCIETY,INDEPENDENT,ACTIVE,28,Ahrefs,2026-08-26
malaysiaproperty.forumotion.net,https://malaysiaproperty.forumotion.net/,Malaysia,,GENERAL_MULTI_TOPIC,GENERAL_MULTI_TOPIC,LOCAL_REGIONAL,ACTIVE,60,Ahrefs,2026-08-26
mammillaria.forumotion.net,https://mammillaria.forumotion.net/,,en,MUSIC_ENTERTAINMENT_CULTURE,MUSIC_ENTERTAINMENT_CULTURE; NEWS_POLITICS_SOCIETY,INDEPENDENT,ACTIVE,60,Ahrefs,2026-08-26
Manager Forum,https://forum.manager.io/,,en,FINANCE_INVESTING_BANKING,FINANCE_INVESTING_BANKING; TECHNOLOGY_SOFTWARE,OTHER,ACTIVE,66,Ahrefs,2026-08-26
mandalorians.forumotion.net,https://mandalorians.forumotion.net/,,en,CREATIVE_DESIGN,CREATIVE_DESIGN,HOBBY_COMMUNITY,ACTIVE,60,Ahrefs,2026-08-26
maniacwrestling.rpg-board.net,https://maniacwrestling.rpg-board.net/,,en,FINANCE_INVESTING_BANKING,FINANCE_INVESTING_BANKING; GAMING_ESPORTS; MUSIC_ENTERTAINMENT_CULTURE,INDEPENDENT,DORMANT,57,Ahrefs,2026-08-26
Manjaro Linux Forum,https://forum.manjaro.org/,,en,TECHNOLOGY_SOFTWARE,TECHNOLOGY_SOFTWARE; GAMING_ESPORTS,HOBBY_COMMUNITY,ACTIVE,75,Ahrefs,2026-08-26
manos199-stats.forumgreek.com,https://manos199-stats.forumgreek.com/,,,GENERAL_MULTI_TOPIC,GENERAL_MULTI_TOPIC,INDEPENDENT,ACTIVE,45,Ahrefs,2026-08-26
mapie.rpg-board.net,https://mapie.rpg-board.net/,,,GAMING_ESPORTS,GAMING_ESPORTS,INDEPENDENT,UNKNOWN,57,Ahrefs,2026-08-26
Mapillary Community Forum,https://forum.mapillary.com/,,en,LOCAL_REGIONAL,LOCAL_REGIONAL,LOCAL_REGIONAL,ACTIVE,75,Ahrefs,2026-08-26
Mappedin Community,https://community.mappedin.com/,,en,NEWS_POLITICS_SOCIETY,NEWS_POLITICS_SOCIETY,OTHER,ACTIVE,66,Ahrefs,2026-08-26
"Marie Curie's Online Community - Welcome to the Marie Curie Online Community. A space for you to share thoughts, feelings and experiences. The Marie Curie Support Line team moderat",https://community.mariecurie.org.uk/,,en,NEWS_POLITICS_SOCIETY,NEWS_POLITICS_SOCIETY,OTHER,ACTIVE,79,Ahrefs,2026-08-26
Martial Arts Stack Exchange,https://martialarts.stackexchange.com/,,en,EDUCATION_STUDENTS,EDUCATION_STUDENTS; HEALTH_MEDICINE; NEWS_POLITICS_SOCIETY,Q_AND_A,UNKNOWN,91,Ahrefs,2026-08-26
marvelunite.rpg-board.net,https://marvelunite.rpg-board.net/,,en,GAMING_ESPORTS,GAMING_ESPORTS,INDEPENDENT,UNKNOWN,57,Ahrefs,2026-08-26
Maslow CNC Forums,https://forums.maslowcnc.com/,,en,TECHNOLOGY_SOFTWARE,TECHNOLOGY_SOFTWARE; CREATIVE_DESIGN,OTHER,ACTIVE,42,Ahrefs,2026-08-26
Mathematica Stack Exchange,https://mathematica.stackexchange.com/,,en,GENERAL_MULTI_TOPIC,GENERAL_MULTI_TOPIC,Q_AND_A,UNKNOWN,91,Ahrefs,2026-08-26
Mathematics Educators Stack Exchange,https://matheducators.stackexchange.com/,,en,TECHNOLOGY_SOFTWARE,TECHNOLOGY_SOFTWARE; EDUCATION_STUDENTS; SCIENCE; NEWS_POLITICS_SOCIETY,Q_AND_A,UNKNOWN,91,Ahrefs,2026-08-26
Mathematics Stack Exchange,https://math.stackexchange.com/,,en,SCIENCE,SCIENCE; CONSTRUCTION,Q_AND_A,UNKNOWN,91,Ahrefs,2026-08-26
MathOverflow,https://mathoverflow.net/,,en,SCIENCE,SCIENCE,Q_AND_A,UNKNOWN,73,Ahrefs,2026-08-26
Matter Modeling Stack Exchange,https://mattermodeling.stackexchange.com/,,en,PROGRAMMING_DEVELOPMENT,PROGRAMMING_DEVELOPMENT; TECHNOLOGY_SOFTWARE; SCIENCE,Q_AND_A,UNKNOWN,91,Ahrefs,2026-08-26
Mattress Underground - The Mattress Underground forum,https://forum.mattressunderground.com/,,en,TECHNOLOGY_SOFTWARE,TECHNOLOGY_SOFTWARE,INDUSTRY_COMMUNITY,ACTIVE,39,Ahrefs,2026-08-26
maxi-scooters-club.forumotion.net,https://maxi-scooters-club.forumotion.net/,,,NEWS_POLITICS_SOCIETY,NEWS_POLITICS_SOCIETY,INDEPENDENT,DORMANT,60,Ahrefs,2026-08-26
Mayan EDMS community forum - Community forum for users of Mayan EDMS,https://forum.mayan-edms.com/,,en,GENERAL_MULTI_TOPIC,GENERAL_MULTI_TOPIC,OTHER,ACTIVE,64,Ahrefs,2026-08-26
McNeel Forum,https://discourse.mcneel.com/,,en,PROGRAMMING_DEVELOPMENT,PROGRAMMING_DEVELOPMENT; TECHNOLOGY_SOFTWARE; NEWS_POLITICS_SOCIETY,OTHER,ACTIVE,70,Ahrefs,2026-08-26
mdayakashi.rpg-board.net,https://mdayakashi.rpg-board.net/,,,GAMING_ESPORTS,GAMING_ESPORTS,HOBBY_COMMUNITY,ACTIVE,57,Ahrefs,2026-08-26
MedBound Hub - Explore our Courses: https://www.medboundnewsgramacademy.com/,https://medboundhub.com/,,en,EDUCATION_STUDENTS,EDUCATION_STUDENTS; HEALTH_MEDICINE; NEWS_POLITICS_SOCIETY,HOBBY_COMMUNITY,ACTIVE,8,Ahrefs,2026-08-26
Media Spy,https://forums.mediaspy.org/,Australia,en,SPORTS_FITNESS,SPORTS_FITNESS; MUSIC_ENTERTAINMENT_CULTURE; NEWS_POLITICS_SOCIETY,LOCAL_REGIONAL,ACTIVE,27,Ahrefs,2026-08-26
MediaTek Genio Community,https://genio-community.mediatek.com/,,en,GENERAL_MULTI_TOPIC,GENERAL_MULTI_TOPIC; PROGRAMMING_DEVELOPMENT,OTHER,ACTIVE,78,Ahrefs,2026-08-26
Medical Sciences Stack Exchange,https://medicalsciences.stackexchange.com/,,en,EDUCATION_STUDENTS,EDUCATION_STUDENTS; HEALTH_MEDICINE,Q_AND_A,UNKNOWN,91,Ahrefs,2026-08-26
megane-coupe.forumotion.net,https://megane-coupe.forumotion.net/,,,SPORTS_FITNESS,SPORTS_FITNESS,INDEPENDENT,ACTIVE,60,Ahrefs,2026-08-26
melancholyac.rpg-board.net,https://melancholyac.rpg-board.net/,,en,EDUCATION_STUDENTS,EDUCATION_STUDENTS; GAMING_ESPORTS; CONSUMER_DEALS_REVIEWS,EDUCATION_COMMUNITY,ACTIVE,57,Ahrefs,2026-08-26
melodi.forumotion.net,https://melodi.forumotion.net/,,en,NEWS_POLITICS_SOCIETY,NEWS_POLITICS_SOCIETY,INDEPENDENT,ACTIVE,60,Ahrefs,2026-08-26
Mender Hub,https://hub.mender.io/,,en,PARENTING_FAMILY,PARENTING_FAMILY,OTHER,ACTIVE,68,Ahrefs,2026-08-26
merseyfreeriders.forumotion.co.uk,https://merseyfreeriders.forumotion.co.uk/,,en,AUTOMOTIVE,AUTOMOTIVE,INDEPENDENT,ACTIVE,52,Ahrefs,2026-08-26
MeshCore Forum CZ - Forum MeshCore CZ,https://forum.meshcore.website/,,,TECHNOLOGY_SOFTWARE,TECHNOLOGY_SOFTWARE,OTHER,ACTIVE,0,Ahrefs,2026-08-26
mesozoicvii.rpg-board.net,https://mesozoicvii.rpg-board.net/,,en,GAMING_ESPORTS,GAMING_ESPORTS,INDEPENDENT,ACTIVE,57,Ahrefs,2026-08-26
MessengerGeek,https://wink.messengergeek.com/,,en,TECHNOLOGY_SOFTWARE,TECHNOLOGY_SOFTWARE,OTHER,ACTIVE,38,Ahrefs,2026-08-26
Meta Stack Exchange,https://meta.stackexchange.com/,,en,MARKETING_SEO_GROWTH,MARKETING_SEO_GROWTH; CREATIVE_DESIGN; PARENTING_FAMILY,Q_AND_A,UNKNOWN,91,Ahrefs,2026-08-26
metadaten.community,https://metadaten.community/,,de; zh,TECHNOLOGY_SOFTWARE,TECHNOLOGY_SOFTWARE,OTHER,ACTIVE,22,Ahrefs,2026-08-26
MetaGrid Forum - Central hub for MetaGrid Pro users,https://forum.metagrid.app/,,en,GENERAL_MULTI_TOPIC,GENERAL_MULTI_TOPIC; NEWS_POLITICS_SOCIETY,OTHER,ACTIVE,13,Ahrefs,2026-08-26
MetaMask - Community Platform,https://community.metamask.io/,,en,CRYPTO_WEB3,CRYPTO_WEB3; CYBERSECURITY_IT; TECHNOLOGY_SOFTWARE,OTHER,ACTIVE,89,Ahrefs,2026-08-26
"MetaMask Builder Hub - Connect, learn, and innovate together with the MetaMask builder community",https://builder.metamask.io/,,en,CONSTRUCTION,CONSTRUCTION,OTHER,ACTIVE,89,Ahrefs,2026-08-26
MetMo CubeClub - MetMo CubeClub,https://club.metmo.co.uk/,,en,GENERAL_MULTI_TOPIC,GENERAL_MULTI_TOPIC,OTHER,ACTIVE,28,Ahrefs,2026-08-26
Mi Yodeya,https://judaism.stackexchange.com/,,en,EDUCATION_STUDENTS,EDUCATION_STUDENTS; ANIMALS_PETS; LEGAL,Q_AND_A,UNKNOWN,91,Ahrefs,2026-08-26
Microforum - Light microscopy forum,https://forum.microlist.org/,,en,TECHNOLOGY_SOFTWARE,TECHNOLOGY_SOFTWARE; CAREERS_HR_RECRUITMENT; EDUCATION_STUDENTS; CONSTRUCTION,OTHER,ACTIVE,31,Ahrefs,2026-08-26
Microsoft MakeCode - Bring computer science to life,https://forum.makecode.com/,,,TECHNOLOGY_SOFTWARE,TECHNOLOGY_SOFTWARE; SCIENCE,OTHER,ACTIVE,73,Ahrefs,2026-08-26
midnightrealm.rpg-board.net,https://midnightrealm.rpg-board.net/,,en,GAMING_ESPORTS,GAMING_ESPORTS; CONSUMER_DEALS_REVIEWS,INDEPENDENT,UNKNOWN,57,Ahrefs,2026-08-26
milliondollar.yoo7.com,https://milliondollar.yoo7.com/,,ar,GENERAL_MULTI_TOPIC,GENERAL_MULTI_TOPIC,INDEPENDENT,DORMANT,56,Ahrefs,2026-08-26
MindStudio,https://community.mindstudio.ai/,,en,GENERAL_MULTI_TOPIC,GENERAL_MULTI_TOPIC,OTHER,ACTIVE,74,Ahrefs,2026-08-26
minislashrevo.all-up.com,https://minislashrevo.all-up.com/,,en,GENERAL_MULTI_TOPIC,GENERAL_MULTI_TOPIC,INDEPENDENT,DORMANT,39,Ahrefs,2026-08-26
minisprint.1forum.biz,https://minisprint.1forum.biz/,,,GENERAL_MULTI_TOPIC,GENERAL_MULTI_TOPIC,INDEPENDENT,ACTIVE,25,Ahrefs,2026-08-26
Mirai Forum,https://forum.bonsaimirai.com/,,en,AGRICULTURE_GARDENING,AGRICULTURE_GARDENING,OTHER,ACTIVE,59,Ahrefs,2026-08-26
Mirea Ninja - Форум студентов РТУ МИРЭА,https://mirea.ninja/,,,GENERAL_MULTI_TOPIC,GENERAL_MULTI_TOPIC,OTHER,ACTIVE,27,Ahrefs,2026-08-26
missouri-offroad.forumotion.net,https://missouri-offroad.forumotion.net/,,,GENERAL_MULTI_TOPIC,GENERAL_MULTI_TOPIC; NEWS_POLITICS_SOCIETY; CONSUMER_DEALS_REVIEWS,INDEPENDENT,DORMANT,60,Ahrefs,2026-08-26
Mixxx,https://mixxx.discourse.group/,,,GENERAL_MULTI_TOPIC,GENERAL_MULTI_TOPIC; TECHNOLOGY_SOFTWARE; NEWS_POLITICS_SOCIETY,OTHER,ACTIVE,81,Ahrefs,2026-08-27
mkpinoy.rpg-board.net,https://mkpinoy.rpg-board.net/,Philippines,en,ECOMMERCE_MARKETPLACES,ECOMMERCE_MARKETPLACES; GAMING_ESPORTS,LOCAL_REGIONAL,ACTIVE,57,Ahrefs,2026-08-26
MNE Forum,https://mne.discourse.group/,,en,CAREERS_HR_RECRUITMENT,CAREERS_HR_RECRUITMENT,OTHER,ACTIVE,81,Ahrefs,2026-08-26
MOBOTIX Community,https://community.mobotix.com/,,en,CYBERSECURITY_IT,CYBERSECURITY_IT; TECHNOLOGY_SOFTWARE,OTHER,ACTIVE,73,Ahrefs,2026-08-26
"Modular - Enable AI to be used by anyone, anywhere",https://forum.modular.com/,,en,PROGRAMMING_DEVELOPMENT,PROGRAMMING_DEVELOPMENT,OTHER,ACTIVE,72,Ahrefs,2026-08-26
moje-nindo.rpg-board.net,https://moje-nindo.rpg-board.net/,,,GAMING_ESPORTS,GAMING_ESPORTS,INDEPENDENT,UNKNOWN,57,Ahrefs,2026-08-26
momentous.rpg-board.net,https://momentous.rpg-board.net/,,,GAMING_ESPORTS,GAMING_ESPORTS; CREATIVE_DESIGN,INDEPENDENT,ACTIVE,57,Ahrefs,2026-08-26
Monchi's Men - Sevilla FC Fans - Sevilla FC English-Speaking Fans,https://forum.monchismen.com/,,zh,GENERAL_MULTI_TOPIC,GENERAL_MULTI_TOPIC,HOBBY_COMMUNITY,ACTIVE,3,Ahrefs,2026-08-26
Monero Stack Exchange,https://monero.stackexchange.com/,,en,PROGRAMMING_DEVELOPMENT,PROGRAMMING_DEVELOPMENT,Q_AND_A,UNKNOWN,91,Ahrefs,2026-08-26
moneydiscussion.forumotion.org,https://moneydiscussion.forumotion.org/,,en,FINANCE_INVESTING_BANKING,FINANCE_INVESTING_BANKING; TECHNOLOGY_SOFTWARE; MUSIC_ENTERTAINMENT_CULTURE; NEWS_POLITICS_SOCIETY,INDEPENDENT,ACTIVE,27,Ahrefs,2026-08-26
"MongoDB Community Hub - A place to discover, learn, and grow with MongoDB technologies",https://mongodb.com/community/forums,,en,EDUCATION_STUDENTS,EDUCATION_STUDENTS,EDUCATION_COMMUNITY,ACTIVE,90,Ahrefs,2026-08-26
monica2000.forumotion.net,https://monica2000.forumotion.net/forum,,en,MUSIC_ENTERTAINMENT_CULTURE,MUSIC_ENTERTAINMENT_CULTURE; NEWS_POLITICS_SOCIETY,INDEPENDENT,ACTIVE,60,Ahrefs,2026-08-26
Monocycle.info - Le site de référence du monocycle francophone,https://forum.monocycle.info/,,fr,ANIMALS_PETS,ANIMALS_PETS,OTHER,ACTIVE,23,Ahrefs,2026-08-26
monsterrpg.rpg-board.net,https://monsterrpg.rpg-board.net/,,en,GAMING_ESPORTS,GAMING_ESPORTS; ANIMALS_PETS; NEWS_POLITICS_SOCIETY,INDEPENDENT,UNKNOWN,57,Ahrefs,2026-08-26
monte-rosa.rpg-board.net,https://monte-rosa.rpg-board.net/,,,GAMING_ESPORTS,GAMING_ESPORTS,HOBBY_COMMUNITY,ACTIVE,57,Ahrefs,2026-08-26
Monzo Community,https://community.monzo.com/,,en,FINANCE_INVESTING_BANKING,FINANCE_INVESTING_BANKING; BUSINESS_ENTREPRENEURSHIP; GAMING_ESPORTS; NEWS_POLITICS_SOCIETY,Q_AND_A,ACTIVE,80,Ahrefs,2026-08-26
moonleafgrove.rpg-board.net,https://moonleafgrove.rpg-board.net/,,,GAMING_ESPORTS,GAMING_ESPORTS,HOBBY_COMMUNITY,ACTIVE,57,Ahrefs,2026-08-26
moonlitroleplaying.rpg-board.net,https://moonlitroleplaying.rpg-board.net/,,en,GAMING_ESPORTS,GAMING_ESPORTS; MUSIC_ENTERTAINMENT_CULTURE,INDEPENDENT,DORMANT,57,Ahrefs,2026-08-26
moonmirror.rpg-board.net,https://moonmirror.rpg-board.net/,,en,GAMING_ESPORTS,GAMING_ESPORTS,HOBBY_COMMUNITY,ACTIVE,57,Ahrefs,2026-08-26
moonstonepackrp.rpg-board.net,https://moonstonepackrp.rpg-board.net/,,en,GAMING_ESPORTS,GAMING_ESPORTS,INDEPENDENT,ACTIVE,57,Ahrefs,2026-08-26
mopar-eh.4umer.com,https://mopar-eh.4umer.com/,,en,BUSINESS_ENTREPRENEURSHIP,BUSINESS_ENTREPRENEURSHIP; AUTOMOTIVE,INDEPENDENT,ACTIVE,39,Ahrefs,2026-08-26
Mopidy Discourse,https://discourse.mopidy.com/,,en,MUSIC_ENTERTAINMENT_CULTURE,MUSIC_ENTERTAINMENT_CULTURE,OTHER,ACTIVE,56,Ahrefs,2026-08-26
"MorphMarket Reptile Community - A modern platform for reptile enthusiasts to share skills, knowledge and interests through ongoing conversation.",https://community.morphmarket.com/,,en,GENERAL_MULTI_TOPIC,GENERAL_MULTI_TOPIC,HOBBY_COMMUNITY,ACTIVE,76,Ahrefs,2026-08-26
Morse Micro Community - Morse Micro Community,https://community.morsemicro.com/,,en,TECHNOLOGY_SOFTWARE,TECHNOLOGY_SOFTWARE,OTHER,ACTIVE,54,Ahrefs,2026-08-26
"Motley Fool Community - Fools helping Fools become smarter, happier and richer.",https://discussion.fool.com/,,en,GENERAL_MULTI_TOPIC,GENERAL_MULTI_TOPIC; FINANCE_INVESTING_BANKING; CRYPTO_WEB3; TECHNOLOGY_SOFTWARE; EDUCATION_STUDENTS,INDUSTRY_COMMUNITY,ACTIVE,89,Ahrefs,2026-08-26
Motor Vehicle Maintenance & Repair Stack Exchange,https://mechanics.stackexchange.com/,,en,AUTOMOTIVE,AUTOMOTIVE; HOME_DIY,Q_AND_A,UNKNOWN,91,Ahrefs,2026-08-26
Movies & TV Stack Exchange,https://movies.stackexchange.com/,,en,MUSIC_ENTERTAINMENT_CULTURE,MUSIC_ENTERTAINMENT_CULTURE,Q_AND_A,UNKNOWN,91,Ahrefs,2026-08-26
Mozilla Discourse,https://discourse.mozilla.org/,,zh; en,PROGRAMMING_DEVELOPMENT,PROGRAMMING_DEVELOPMENT,OTHER,ACTIVE,96,Ahrefs,2026-08-26
MSB Technology,https://forum.msbtechnology.com/,,en,ECOMMERCE_MARKETPLACES,ECOMMERCE_MARKETPLACES; TECHNOLOGY_SOFTWARE; ANIMALS_PETS,OTHER,ACTIVE,42,Ahrefs,2026-08-26
mtgpr.forumakers.com,https://mtgpr.forumakers.com/forum,,en,GAMING_ESPORTS,GAMING_ESPORTS; CREATIVE_DESIGN,HOBBY_COMMUNITY,ACTIVE,36,Ahrefs,2026-08-26
Mucize Anne Forum - Hamilelik Soru Cevap,https://forum.mucizeanne.com/,,,GENERAL_MULTI_TOPIC,GENERAL_MULTI_TOPIC,OTHER,ACTIVE,16,Ahrefs,2026-08-26
Mucize Bebek Forum - Mucize Bebek Takip Uygulaması Forumu,https://forum.mucizebebek.app/,,zh,GENERAL_MULTI_TOPIC,GENERAL_MULTI_TOPIC,OTHER,ACTIVE,16,Ahrefs,2026-08-26
MuPDF Forum,https://forum.mupdf.com/,,en,GENERAL_MULTI_TOPIC,GENERAL_MULTI_TOPIC,OTHER,ACTIVE,70,Ahrefs,2026-08-26
murenmu.forumtl.com,https://murenmu.forumtl.com/,,en,GENERAL_MULTI_TOPIC,GENERAL_MULTI_TOPIC; NEWS_POLITICS_SOCIETY,INDEPENDENT,ACTIVE,36,Ahrefs,2026-08-26
museedesmerveilles.rpg-board.net,https://museedesmerveilles.rpg-board.net/,,en,GENERAL_MULTI_TOPIC,GENERAL_MULTI_TOPIC; GAMING_ESPORTS; NEWS_POLITICS_SOCIETY,INDEPENDENT,ACTIVE,57,Ahrefs,2026-08-26
Music Fans Stack Exchange,https://musicfans.stackexchange.com/,,en,CREATIVE_DESIGN,CREATIVE_DESIGN; MUSIC_ENTERTAINMENT_CULTURE; NEWS_POLITICS_SOCIETY,Q_AND_A,UNKNOWN,91,Ahrefs,2026-08-26
Music: Practice & Theory Stack Exchange,https://music.stackexchange.com/,,en,EDUCATION_STUDENTS,EDUCATION_STUDENTS; MUSIC_ENTERTAINMENT_CULTURE,Q_AND_A,UNKNOWN,91,Ahrefs,2026-08-26
musicalcriticism.forumotion.net,https://musicalcriticism.forumotion.net/,,en,MUSIC_ENTERTAINMENT_CULTURE,MUSIC_ENTERTAINMENT_CULTURE,INDEPENDENT,ACTIVE,60,Ahrefs,2026-08-26
mvtips.forumotion.me,https://mvtips.forumotion.me/,,,GENERAL_MULTI_TOPIC,GENERAL_MULTI_TOPIC,INDEPENDENT,ACTIVE,41,Ahrefs,2026-08-26
mygsmfriends.forumotion.net,https://mygsmfriends.forumotion.net/,,,NEWS_POLITICS_SOCIETY,NEWS_POLITICS_SOCIETY,INDEPENDENT,ACTIVE,60,Ahrefs,2026-08-26
"Mylio User Forum - User driven discussion, and help for Mylio Photos",https://forum.mylio.com/,,en,NEWS_POLITICS_SOCIETY,NEWS_POLITICS_SOCIETY,OTHER,ACTIVE,65,Ahrefs,2026-08-26
MyriadRF Discourse,https://discourse.myriadrf.org/,,,GENERAL_MULTI_TOPIC,GENERAL_MULTI_TOPIC; ECOMMERCE_MARKETPLACES,OTHER,ACTIVE,44,Ahrefs,2026-08-26
myrparchive.rpg-board.net,https://myrparchive.rpg-board.net/,,,GAMING_ESPORTS,GAMING_ESPORTS,HOBBY_COMMUNITY,ACTIVE,57,Ahrefs,2026-08-26
"Mystery Science Discourse 3000 - It's a beta test, we should really just relax.",https://forums.mst3k.com/,,en,SCIENCE,SCIENCE; HEALTH_MEDICINE; MUSIC_ENTERTAINMENT_CULTURE; PARENTING_FAMILY,Q_AND_A,ACTIVE,55,Ahrefs,2026-08-26
mysticforest.rpg-board.net,https://mysticforest.rpg-board.net/,,en,GAMING_ESPORTS,GAMING_ESPORTS,INDEPENDENT,ACTIVE,57,Ahrefs,2026-08-26
Mythology & Folklore Stack Exchange,https://mythology.stackexchange.com/,,en,GENERAL_MULTI_TOPIC,GENERAL_MULTI_TOPIC,Q_AND_A,UNKNOWN,91,Ahrefs,2026-08-26
n-s-l.rpg-board.net,https://n-s-l.rpg-board.net/,,,GAMING_ESPORTS,GAMING_ESPORTS,INDEPENDENT,ACTIVE,57,Ahrefs,2026-08-26
"n8n Community - Connect, Learn, and Share Automation Insights - n8n",https://community.n8n.io/,,en,CYBERSECURITY_IT,CYBERSECURITY_IT,OTHER,ACTIVE,90,Ahrefs,2026-08-26
nagai-again.rpg-board.net,https://nagai-again.rpg-board.net/,,ja; en,GENERAL_MULTI_TOPIC,GENERAL_MULTI_TOPIC; GAMING_ESPORTS; PARENTING_FAMILY,INDEPENDENT,UNKNOWN,57,Ahrefs,2026-08-26
Naim Audio - Community - Naim Audio,https://community.naimaudio.com/,,en,MUSIC_ENTERTAINMENT_CULTURE,MUSIC_ENTERTAINMENT_CULTURE,OTHER,ACTIVE,70,Ahrefs,2026-08-26
narugods.rpg-board.net,https://narugods.rpg-board.net/,,en,GENERAL_MULTI_TOPIC,GENERAL_MULTI_TOPIC; GAMING_ESPORTS,INDEPENDENT,DORMANT,57,Ahrefs,2026-08-26
narupg.forumotion.net,https://narupg.forumotion.net/,,,GAMING_ESPORTS,GAMING_ESPORTS,HOBBY_COMMUNITY,UNKNOWN,60,Ahrefs,2026-08-26
narusenjo.rpg-board.net,https://narusenjo.rpg-board.net/,,en,GENERAL_MULTI_TOPIC,GENERAL_MULTI_TOPIC; GAMING_ESPORTS; ANIMALS_PETS,INDEPENDENT,ACTIVE,57,Ahrefs,2026-08-26
naruto-cd.rpg-board.net,https://naruto-cd.rpg-board.net/,,en,GAMING_ESPORTS,GAMING_ESPORTS,INDEPENDENT,ACTIVE,57,Ahrefs,2026-08-26
naruto-crisiss20.rpg-board.net,https://naruto-crisiss20.rpg-board.net/,,,GAMING_ESPORTS,GAMING_ESPORTS,INDEPENDENT,ACTIVE,57,Ahrefs,2026-08-26
naruto-destiny.rpg-board.net,https://naruto-destiny.rpg-board.net/,,,GAMING_ESPORTS,GAMING_ESPORTS,INDEPENDENT,ACTIVE,57,Ahrefs,2026-08-26
naruto-exile.rpg-board.net,https://naruto-exile.rpg-board.net/,,,TRAVEL_EXPAT_IMMIGRATION,TRAVEL_EXPAT_IMMIGRATION; GAMING_ESPORTS,INDEPENDENT,ACTIVE,57,Ahrefs,2026-08-26
naruto-friends.rpg-board.net,https://naruto-friends.rpg-board.net/,,en,GAMING_ESPORTS,GAMING_ESPORTS; MUSIC_ENTERTAINMENT_CULTURE; NEWS_POLITICS_SOCIETY,HOBBY_COMMUNITY,DORMANT,57,Ahrefs,2026-08-26
naruto-history.rpg-board.net,https://naruto-history.rpg-board.net/,,,GENERAL_MULTI_TOPIC,GENERAL_MULTI_TOPIC; GAMING_ESPORTS; NEWS_POLITICS_SOCIETY,INDEPENDENT,ACTIVE,57,Ahrefs,2026-08-26
naruto-madness.rpg-board.net,https://naruto-madness.rpg-board.net/forum,,,GAMING_ESPORTS,GAMING_ESPORTS,HOBBY_COMMUNITY,ACTIVE,57,Ahrefs,2026-08-26
naruto-new-age.rpg-board.net,https://naruto-new-age.rpg-board.net/,,en,CAREERS_HR_RECRUITMENT,CAREERS_HR_RECRUITMENT; GAMING_ESPORTS,HOBBY_COMMUNITY,ACTIVE,57,Ahrefs,2026-08-26
naruto-newlegends.rpg-board.net,https://naruto-newlegends.rpg-board.net/,,en,GAMING_ESPORTS,GAMING_ESPORTS,INDEPENDENT,ACTIVE,57,Ahrefs,2026-08-26
naruto-r.rpg-board.net,https://naruto-r.rpg-board.net/,,,GAMING_ESPORTS,GAMING_ESPORTS,INDEPENDENT,ACTIVE,57,Ahrefs,2026-08-26
naruto-rogue-element.rpg-board.net,https://naruto-rogue-element.rpg-board.net/,,en,GAMING_ESPORTS,GAMING_ESPORTS; CONSTRUCTION,HOBBY_COMMUNITY,ACTIVE,57,Ahrefs,2026-08-26
naruto-roleplay.rpg-board.net,https://naruto-roleplay.rpg-board.net/,,,EDUCATION_STUDENTS,EDUCATION_STUDENTS; GAMING_ESPORTS,HOBBY_COMMUNITY,ACTIVE,57,Ahrefs,2026-08-26
naruto-rp.rpg-board.net,https://naruto-rp.rpg-board.net/,,,GAMING_ESPORTS,GAMING_ESPORTS,INDEPENDENT,DORMANT,57,Ahrefs,2026-08-26
naruto-rpg.forumotion.co.uk,https://naruto-rpg.forumotion.co.uk/forum,,en,GAMING_ESPORTS,GAMING_ESPORTS,INDEPENDENT,DORMANT,52,Ahrefs,2026-08-26
naruto-sc.rpg-board.net,https://naruto-sc.rpg-board.net/forum,,,GAMING_ESPORTS,GAMING_ESPORTS,INDEPENDENT,ACTIVE,57,Ahrefs,2026-08-26
naruto-worlds.rpg-board.net,https://naruto-worlds.rpg-board.net/,,en,GAMING_ESPORTS,GAMING_ESPORTS,INDEPENDENT,DORMANT,57,Ahrefs,2026-08-26
naruto-x.rpg-board.net,https://naruto-x.rpg-board.net/,,en,GAMING_ESPORTS,GAMING_ESPORTS,INDEPENDENT,UNKNOWN,57,Ahrefs,2026-08-26
narutoageofthepast.rpg-board.net,https://narutoageofthepast.rpg-board.net/,,en,TRAVEL_EXPAT_IMMIGRATION,TRAVEL_EXPAT_IMMIGRATION; GAMING_ESPORTS; NEWS_POLITICS_SOCIETY,INDEPENDENT,ACTIVE,57,Ahrefs,2026-08-26
narutoanimeworld.rpg-board.net,https://narutoanimeworld.rpg-board.net/,,,TRAVEL_EXPAT_IMMIGRATION,TRAVEL_EXPAT_IMMIGRATION; GAMING_ESPORTS; NEWS_POLITICS_SOCIETY,INDEPENDENT,ACTIVE,57,Ahrefs,2026-08-26
narutobd.rpg-board.net,https://narutobd.rpg-board.net/,,,GAMING_ESPORTS,GAMING_ESPORTS,INDEPENDENT,ACTIVE,57,Ahrefs,2026-08-26
narutobeginning.rpg-board.net,https://narutobeginning.rpg-board.net/,,en,GAMING_ESPORTS,GAMING_ESPORTS; ANIMALS_PETS,INDEPENDENT,ACTIVE,57,Ahrefs,2026-08-26
narutobl.rpg-board.net,https://narutobl.rpg-board.net/,,en,GAMING_ESPORTS,GAMING_ESPORTS,INDEPENDENT,ACTIVE,57,Ahrefs,2026-08-26
narutobros.rpg-board.net,https://narutobros.rpg-board.net/,,en,GAMING_ESPORTS,GAMING_ESPORTS,HOBBY_COMMUNITY,ACTIVE,57,Ahrefs,2026-08-26
narutocataclysm.rpg-board.net,https://narutocataclysm.rpg-board.net/,,en,GAMING_ESPORTS,GAMING_ESPORTS,HOBBY_COMMUNITY,DORMANT,57,Ahrefs,2026-08-26
narutocrossroadsrpg.rpg-board.net,https://narutocrossroadsrpg.rpg-board.net/,,en,GAMING_ESPORTS,GAMING_ESPORTS; NEWS_POLITICS_SOCIETY,INDEPENDENT,ACTIVE,57,Ahrefs,2026-08-26
narutodimension.rpg-board.net,https://narutodimension.rpg-board.net/,,,GAMING_ESPORTS,GAMING_ESPORTS,INDEPENDENT,ACTIVE,57,Ahrefs,2026-08-26
narutodivinity.darkbb.com,https://narutodivinity.darkbb.com/,,,GENERAL_MULTI_TOPIC,GENERAL_MULTI_TOPIC,INDEPENDENT,DORMANT,51,Ahrefs,2026-08-26
narutodivinity.rpg-board.net,https://narutodivinity.rpg-board.net/,,,GAMING_ESPORTS,GAMING_ESPORTS; NEWS_POLITICS_SOCIETY,INDEPENDENT,ACTIVE,57,Ahrefs,2026-08-26
narutoelements.rpg-board.net,https://narutoelements.rpg-board.net/,,,GAMING_ESPORTS,GAMING_ESPORTS,INDEPENDENT,ACTIVE,57,Ahrefs,2026-08-26
narutoexplosion.rpg-board.net,https://narutoexplosion.rpg-board.net/forum,,,GAMING_ESPORTS,GAMING_ESPORTS; NEWS_POLITICS_SOCIETY,INDEPENDENT,ACTIVE,57,Ahrefs,2026-08-26
narutofanforums.1talk.net,https://narutofanforums.1talk.net/,,,GAMING_ESPORTS,GAMING_ESPORTS; MUSIC_ENTERTAINMENT_CULTURE; CONSUMER_DEALS_REVIEWS,INDEPENDENT,DORMANT,34,Ahrefs,2026-08-26
narutofight.rpg-board.net,https://narutofight.rpg-board.net/,,en,GAMING_ESPORTS,GAMING_ESPORTS; NEWS_POLITICS_SOCIETY,INDEPENDENT,ACTIVE,57,Ahrefs,2026-08-26
narutogaiden.darkbb.com,https://narutogaiden.darkbb.com/,,,GENERAL_MULTI_TOPIC,GENERAL_MULTI_TOPIC,INDEPENDENT,ACTIVE,51,Ahrefs,2026-08-26
narutogen.forummotion.com,https://narutogen.forummotion.com/,,en,GAMING_ESPORTS,GAMING_ESPORTS,INDEPENDENT,ACTIVE,45,Ahrefs,2026-08-26
narutogenin.darkbb.com,https://narutogenin.darkbb.com/,,,GENERAL_MULTI_TOPIC,GENERAL_MULTI_TOPIC,INDEPENDENT,DORMANT,51,Ahrefs,2026-08-26
narutoh.rpg-board.net,https://narutoh.rpg-board.net/,,,GAMING_ESPORTS,GAMING_ESPORTS,INDEPENDENT,DORMANT,57,Ahrefs,2026-08-26
narutohurricane.rpg-board.net,https://narutohurricane.rpg-board.net/,,,GENERAL_MULTI_TOPIC,GENERAL_MULTI_TOPIC; GAMING_ESPORTS,INDEPENDENT,ACTIVE,57,Ahrefs,2026-08-26
narutojidai.rpg-board.net,https://narutojidai.rpg-board.net/,,en,GENERAL_MULTI_TOPIC,GENERAL_MULTI_TOPIC; GAMING_ESPORTS,INDEPENDENT,ACTIVE,57,Ahrefs,2026-08-26
narutokai.rpg-board.net,https://narutokai.rpg-board.net/,,,GAMING_ESPORTS,GAMING_ESPORTS,INDEPENDENT,ACTIVE,57,Ahrefs,2026-08-26
narutolandsofshinobi.rpg-board.net,https://narutolandsofshinobi.rpg-board.net/,,,GAMING_ESPORTS,GAMING_ESPORTS,INDEPENDENT,ACTIVE,57,Ahrefs,2026-08-26
narutolegacy.rpg-board.net,https://narutolegacy.rpg-board.net/,,en,GAMING_ESPORTS,GAMING_ESPORTS,INDEPENDENT,ACTIVE,57,Ahrefs,2026-08-26
narutolegacyrpgs.rpg-board.net,https://narutolegacyrpgs.rpg-board.net/,,en,GAMING_ESPORTS,GAMING_ESPORTS; CONSUMER_DEALS_REVIEWS,INDEPENDENT,ACTIVE,57,Ahrefs,2026-08-26
narutomansion.rpg-board.net,https://narutomansion.rpg-board.net/,,en,GENERAL_MULTI_TOPIC,GENERAL_MULTI_TOPIC; GAMING_ESPORTS,HOBBY_COMMUNITY,ACTIVE,57,Ahrefs,2026-08-26
narutomodernwars.rpg-board.net,https://narutomodernwars.rpg-board.net/,,en,GAMING_ESPORTS,GAMING_ESPORTS; ANIMALS_PETS; NEWS_POLITICS_SOCIETY,HOBBY_COMMUNITY,ACTIVE,57,Ahrefs,2026-08-26
narutonextgeneration.canadian-forum.com,https://narutonextgeneration.canadian-forum.com/,,en,GENERAL_MULTI_TOPIC,GENERAL_MULTI_TOPIC,INDEPENDENT,ACTIVE,29,Ahrefs,2026-08-26
narutonexus.rpg-board.net,https://narutonexus.rpg-board.net/,,,GAMING_ESPORTS,GAMING_ESPORTS; ANIMALS_PETS,INDEPENDENT,ACTIVE,57,Ahrefs,2026-08-26
narutoninja-rpg.rpg-board.net,https://narutoninja-rpg.rpg-board.net/,,,GAMING_ESPORTS,GAMING_ESPORTS,INDEPENDENT,DORMANT,57,Ahrefs,2026-08-26
narutoninjaarts.rpg-board.net,https://narutoninjaarts.rpg-board.net/,,,EDUCATION_STUDENTS,EDUCATION_STUDENTS; GAMING_ESPORTS; NEWS_POLITICS_SOCIETY,INDEPENDENT,ACTIVE,57,Ahrefs,2026-08-26
narutoninjalegend.rpg-board.net,https://narutoninjalegend.rpg-board.net/forum,,en,GAMING_ESPORTS,GAMING_ESPORTS; NEWS_POLITICS_SOCIETY,INDEPENDENT,DORMANT,57,Ahrefs,2026-08-26
narutoofdarkness.rpg-board.net,https://narutoofdarkness.rpg-board.net/,,en,GAMING_ESPORTS,GAMING_ESPORTS,INDEPENDENT,DORMANT,57,Ahrefs,2026-08-26
narutoorigins.rpg-board.net,https://narutoorigins.rpg-board.net/,,en,GENERAL_MULTI_TOPIC,GENERAL_MULTI_TOPIC; GAMING_ESPORTS,INDEPENDENT,DORMANT,57,Ahrefs,2026-08-26
narutoprovince.rpg-board.net,https://narutoprovince.rpg-board.net/,,,GAMING_ESPORTS,GAMING_ESPORTS,INDEPENDENT,ACTIVE,57,Ahrefs,2026-08-26
narutor.forummotion.com,https://narutor.forummotion.com/,,en,GENERAL_MULTI_TOPIC,GENERAL_MULTI_TOPIC; GAMING_ESPORTS,INDEPENDENT,DORMANT,45,Ahrefs,2026-08-26
narutor.rpg-board.net,https://narutor.rpg-board.net/,,,GAMING_ESPORTS,GAMING_ESPORTS,INDEPENDENT,ACTIVE,57,Ahrefs,2026-08-26
narutorebirth.darkbb.com,https://narutorebirth.darkbb.com/,,en,GENERAL_MULTI_TOPIC,GENERAL_MULTI_TOPIC,INDEPENDENT,DORMANT,51,Ahrefs,2026-08-26
narutorequiemofages.rpg-board.net,https://narutorequiemofages.rpg-board.net/,,,GAMING_ESPORTS,GAMING_ESPORTS,INDEPENDENT,DORMANT,57,Ahrefs,2026-08-26
narutoresistance.rpg-board.net,https://narutoresistance.rpg-board.net/,,en,GAMING_ESPORTS,GAMING_ESPORTS; ANIMALS_PETS; NEWS_POLITICS_SOCIETY,INDEPENDENT,ACTIVE,57,Ahrefs,2026-08-26
narutorevelations.rpg-board.net,https://narutorevelations.rpg-board.net/,,,GENERAL_MULTI_TOPIC,GENERAL_MULTI_TOPIC; GAMING_ESPORTS,INDEPENDENT,ACTIVE,57,Ahrefs,2026-08-26
narutorp.4umer.com,https://narutorp.4umer.com/,,,GENERAL_MULTI_TOPIC,GENERAL_MULTI_TOPIC,INDEPENDENT,ACTIVE,39,Ahrefs,2026-08-26
narutorp.canadian-forum.com,https://narutorp.canadian-forum.com/forum,,,GAMING_ESPORTS,GAMING_ESPORTS,INDEPENDENT,DORMANT,29,Ahrefs,2026-08-26
narutorp.hooxs.com,https://narutorp.hooxs.com/,,en,ANIMALS_PETS,ANIMALS_PETS; CREATIVE_DESIGN,INDEPENDENT,DORMANT,30,Ahrefs,2026-08-26
narutorp.niceboard.com,https://narutorp.niceboard.com/,,,GAMING_ESPORTS,GAMING_ESPORTS,HOBBY_COMMUNITY,ACTIVE,50,Ahrefs,2026-08-26
narutorpgsage.rpg-board.net,https://narutorpgsage.rpg-board.net/,,en,GAMING_ESPORTS,GAMING_ESPORTS; NEWS_POLITICS_SOCIETY,INDEPENDENT,DORMANT,57,Ahrefs,2026-08-26
narutorpgsurvey.rpg-board.net,https://narutorpgsurvey.rpg-board.net/,,,GAMING_ESPORTS,GAMING_ESPORTS,INDEPENDENT,ACTIVE,57,Ahrefs,2026-08-26
narutorpuniverse.rpg-board.net,https://narutorpuniverse.rpg-board.net/forum,,en,GENERAL_MULTI_TOPIC,GENERAL_MULTI_TOPIC; GAMING_ESPORTS; NEWS_POLITICS_SOCIETY,INDEPENDENT,ACTIVE,57,Ahrefs,2026-08-26
narutoruby.rpg-board.net,https://narutoruby.rpg-board.net/,,,GAMING_ESPORTS,GAMING_ESPORTS; NEWS_POLITICS_SOCIETY,HOBBY_COMMUNITY,ACTIVE,57,Ahrefs,2026-08-26
narutosd.rpg-board.net,https://narutosd.rpg-board.net/,,,GAMING_ESPORTS,GAMING_ESPORTS,INDEPENDENT,ACTIVE,57,Ahrefs,2026-08-26
narutoshit.rpg-board.net,https://narutoshit.rpg-board.net/,,en,GAMING_ESPORTS,GAMING_ESPORTS,HOBBY_COMMUNITY,ACTIVE,57,Ahrefs,2026-08-26
narutosol.rpg-board.net,https://narutosol.rpg-board.net/,,en,CAREERS_HR_RECRUITMENT,CAREERS_HR_RECRUITMENT; GAMING_ESPORTS; NEWS_POLITICS_SOCIETY,INDEPENDENT,ACTIVE,57,Ahrefs,2026-08-26
narutothelastborns.rpg-board.net,https://narutothelastborns.rpg-board.net/forum,,,GAMING_ESPORTS,GAMING_ESPORTS; ANIMALS_PETS,INDEPENDENT,ACTIVE,57,Ahrefs,2026-08-26
narutoultimatelegend.rpg-board.net,https://narutoultimatelegend.rpg-board.net/,,,TRAVEL_EXPAT_IMMIGRATION,TRAVEL_EXPAT_IMMIGRATION; GAMING_ESPORTS,INDEPENDENT,ACTIVE,57,Ahrefs,2026-08-26
narutouniverse-rp.rpg-board.net,https://narutouniverse-rp.rpg-board.net/,,,BUSINESS_ENTREPRENEURSHIP,BUSINESS_ENTREPRENEURSHIP; GAMING_ESPORTS,INDEPENDENT,ACTIVE,57,Ahrefs,2026-08-26
narutoverse.darkbb.com,https://narutoverse.darkbb.com/,,,TECHNOLOGY_SOFTWARE,TECHNOLOGY_SOFTWARE; MUSIC_ENTERTAINMENT_CULTURE,INDEPENDENT,DORMANT,51,Ahrefs,2026-08-26
narutoverserpg.rpg-board.net,https://narutoverserpg.rpg-board.net/,,en,GAMING_ESPORTS,GAMING_ESPORTS; NEWS_POLITICS_SOCIETY,INDEPENDENT,ACTIVE,57,Ahrefs,2026-08-26
narutow.rpg-board.net,https://narutow.rpg-board.net/,,,GAMING_ESPORTS,GAMING_ESPORTS,INDEPENDENT,ACTIVE,57,Ahrefs,2026-08-26
narutowarringstates.rpg-board.net,https://narutowarringstates.rpg-board.net/,,en,GAMING_ESPORTS,GAMING_ESPORTS,HOBBY_COMMUNITY,ACTIVE,57,Ahrefs,2026-08-26
narutowebrpg.rpg-board.net,https://narutowebrpg.rpg-board.net/,,,CAREERS_HR_RECRUITMENT,CAREERS_HR_RECRUITMENT; GAMING_ESPORTS,INDEPENDENT,DORMANT,57,Ahrefs,2026-08-26
narutowod.rpg-board.net,https://narutowod.rpg-board.net/,,en,GAMING_ESPORTS,GAMING_ESPORTS,INDEPENDENT,ACTIVE,57,Ahrefs,2026-08-26
narutowof.rpg-board.net,https://narutowof.rpg-board.net/,,,GAMING_ESPORTS,GAMING_ESPORTS; ANIMALS_PETS,INDEPENDENT,ACTIVE,57,Ahrefs,2026-08-26
narutowoftn.rpg-board.net,https://narutowoftn.rpg-board.net/,,,GAMING_ESPORTS,GAMING_ESPORTS,INDEPENDENT,ACTIVE,57,Ahrefs,2026-08-26
naruversereborn.rpg-board.net,https://naruversereborn.rpg-board.net/,,,GAMING_ESPORTS,GAMING_ESPORTS,INDEPENDENT,ACTIVE,57,Ahrefs,2026-08-26
Nation POP Community,https://comunidade.nationpop.com.br/,,pt,MUSIC_ENTERTAINMENT_CULTURE,MUSIC_ENTERTAINMENT_CULTURE,OTHER,ACTIVE,26,Ahrefs,2026-08-26
nationcivrun.rpg-board.net,https://nationcivrun.rpg-board.net/,,,GAMING_ESPORTS,GAMING_ESPORTS,INDEPENDENT,ACTIVE,57,Ahrefs,2026-08-26
Natural Japanese - NIJ Discussions,https://community.nijapanese.com/,,zh; en,GENERAL_MULTI_TOPIC,GENERAL_MULTI_TOPIC,OTHER,ACTIVE,21,Ahrefs,2026-08-26
Nature Photographers Network,https://community.naturephotographers.network/,,en,EDUCATION_STUDENTS,EDUCATION_STUDENTS,OTHER,ACTIVE,52,Ahrefs,2026-08-26
nature.forummotion.com,https://nature.forummotion.com/,,en,PHOTOGRAPHY_VIDEO,PHOTOGRAPHY_VIDEO,INDEPENDENT,ACTIVE,45,Ahrefs,2026-08-26
Navigraph,https://forum.navigraph.com/,,en,GENERAL_MULTI_TOPIC,GENERAL_MULTI_TOPIC,HOBBY_COMMUNITY,ACTIVE,62,Ahrefs,2026-08-26
nayukilove.forummotion.com,https://nayukilove.forummotion.com/,,,MUSIC_ENTERTAINMENT_CULTURE,MUSIC_ENTERTAINMENT_CULTURE,INDEPENDENT,ACTIVE,45,Ahrefs,2026-08-26
nbdv2.rpg-board.net,https://nbdv2.rpg-board.net/forum,,,GAMING_ESPORTS,GAMING_ESPORTS,INDEPENDENT,ACTIVE,57,Ahrefs,2026-08-26
NC Fossil Club,https://explore.ncfossilclub.org/,,en,EDUCATION_STUDENTS,EDUCATION_STUDENTS; NEWS_POLITICS_SOCIETY,OTHER,ACTIVE,24,Ahrefs,2026-08-26
NCAS Modelling Support,https://cms-helpdesk.ncas.ac.uk/,,en,SCIENCE,SCIENCE,OTHER,ACTIVE,67,Ahrefs,2026-08-26
NEAR Forum - NEAR's mission is to enable community-driven innovation to benefit people around the world. NEAR's platform provides decentralized storage and compute that is secure e,https://gov.near.org/,,en,GENERAL_MULTI_TOPIC,GENERAL_MULTI_TOPIC; MARKETING_SEO_GROWTH; FINANCE_INVESTING_BANKING; PROGRAMMING_DEVELOPMENT; EDUCATION_STUDENTS,HOBBY_COMMUNITY,ACTIVE,76,Ahrefs,2026-08-26
nekorpgworld.rpg-board.net,https://nekorpgworld.rpg-board.net/forum,,,EDUCATION_STUDENTS,EDUCATION_STUDENTS; GAMING_ESPORTS,INDEPENDENT,DORMANT,57,Ahrefs,2026-08-26
nemesis-divine.rpg-board.net,https://nemesis-divine.rpg-board.net/,,,GAMING_ESPORTS,GAMING_ESPORTS,INDEPENDENT,ACTIVE,57,Ahrefs,2026-08-26
Neo Financial Community Forum,https://neofinancial.discourse.group/,,en,FINANCE_INVESTING_BANKING,FINANCE_INVESTING_BANKING,OTHER,ACTIVE,81,Ahrefs,2026-08-26
Neo4j Online Community,https://community.neo4j.com/,,en,AI_DATA,AI_DATA; SCIENCE,OTHER,UNKNOWN,82,Ahrefs,2026-08-26
neoaporia.rpg-board.net,https://neoaporia.rpg-board.net/,,en,GAMING_ESPORTS,GAMING_ESPORTS,HOBBY_COMMUNITY,DORMANT,57,Ahrefs,2026-08-26
neonaruto.rpg-board.net,https://neonaruto.rpg-board.net/,,en,GAMING_ESPORTS,GAMING_ESPORTS; CREATIVE_DESIGN,INDEPENDENT,UNKNOWN,57,Ahrefs,2026-08-26
nerd.forummotion.com,https://nerd.forummotion.com/,,en,GENERAL_MULTI_TOPIC,GENERAL_MULTI_TOPIC; MUSIC_ENTERTAINMENT_CULTURE; PARENTING_FAMILY,INDEPENDENT,ACTIVE,45,Ahrefs,2026-08-26
nerdlounge.canadian-forum.com,https://nerdlounge.canadian-forum.com/,,en,HEALTH_MEDICINE,HEALTH_MEDICINE; MUSIC_ENTERTAINMENT_CULTURE; NEWS_POLITICS_SOCIETY,INDEPENDENT,ACTIVE,29,Ahrefs,2026-08-26
NetBird - NetBird,https://forum.netbird.io/,,en,GENERAL_MULTI_TOPIC,GENERAL_MULTI_TOPIC; CYBERSECURITY_IT; NEWS_POLITICS_SOCIETY,OTHER,ACTIVE,69,Ahrefs,2026-08-26
Network Engineering Stack Exchange,https://networkengineering.stackexchange.com/,,,CYBERSECURITY_IT,CYBERSECURITY_IT; TECHNOLOGY_SOFTWARE; ENGINEERING,Q_AND_A,UNKNOWN,91,Ahrefs,2026-08-26
Netwrix Community - Home for all Netwrix users!,https://community.netwrix.com/,,en,CYBERSECURITY_IT,CYBERSECURITY_IT; NEWS_POLITICS_SOCIETY,OTHER,ACTIVE,76,Ahrefs,2026-08-26
Neural DSP - Neural DSP Forum,https://unity.neuraldsp.com/,,,GENERAL_MULTI_TOPIC,GENERAL_MULTI_TOPIC,OTHER,ACTIVE,68,Ahrefs,2026-08-26
new-age.rpg-board.net,https://new-age.rpg-board.net/forum,,,ECOMMERCE_MARKETPLACES,ECOMMERCE_MARKETPLACES; GAMING_ESPORTS,INDEPENDENT,ACTIVE,57,Ahrefs,2026-08-26
newage.rpg-board.net,https://newage.rpg-board.net/,,,GENERAL_MULTI_TOPIC,GENERAL_MULTI_TOPIC; GAMING_ESPORTS; ANIMALS_PETS,INDEPENDENT,UNKNOWN,57,Ahrefs,2026-08-26
newagerp.rpg-board.net,https://newagerp.rpg-board.net/,,en,GAMING_ESPORTS,GAMING_ESPORTS; ANIMALS_PETS,HOBBY_COMMUNITY,ACTIVE,57,Ahrefs,2026-08-26
newfrontier.rpg-board.net,https://newfrontier.rpg-board.net/,,,GAMING_ESPORTS,GAMING_ESPORTS; NEWS_POLITICS_SOCIETY,INDEPENDENT,ACTIVE,57,Ahrefs,2026-08-26
newhoap.rpg-board.net,https://newhoap.rpg-board.net/,,en,GAMING_ESPORTS,GAMING_ESPORTS; NEWS_POLITICS_SOCIETY,HOBBY_COMMUNITY,ACTIVE,57,Ahrefs,2026-08-26
newhorizon.rpg-board.net,https://newhorizon.rpg-board.net/,,en,GAMING_ESPORTS,GAMING_ESPORTS; NEWS_POLITICS_SOCIETY,INDEPENDENT,DORMANT,57,Ahrefs,2026-08-26
Nexa Forum - Nexa is an open source community project.,https://forum.nexa.org/,,en,TECHNOLOGY_SOFTWARE,TECHNOLOGY_SOFTWARE,OTHER,ACTIVE,51,Ahrefs,2026-08-26
Nextcloud community - Keep your data safe!,https://help.nextcloud.com/,,zh; en,NEWS_POLITICS_SOCIETY,NEWS_POLITICS_SOCIETY,OTHER,ACTIVE,86,Ahrefs,2026-08-26
Nextstrain Discussion,https://nextstrain.discourse.group/,,en,GENERAL_MULTI_TOPIC,GENERAL_MULTI_TOPIC,OTHER,ACTIVE,81,Ahrefs,2026-08-26
Nextworld User Community,https://community.nextw.com/,,en,BUSINESS_ENTREPRENEURSHIP,BUSINESS_ENTREPRENEURSHIP; NEWS_POLITICS_SOCIETY,OTHER,ACTIVE,35,Ahrefs,2026-08-26
NHS England Developer Community,https://developer.community.nhs.uk/,,en,PROGRAMMING_DEVELOPMENT,PROGRAMMING_DEVELOPMENT; HEALTH_MEDICINE,OTHER,ACTIVE,20,Ahrefs,2026-08-26
"Niantic Spatial SDK Community - Join conversations with other Niantic Spatial developers, share your work, and blaze new trails in AR.",https://community.nianticspatial.com/,,en,PROGRAMMING_DEVELOPMENT,PROGRAMMING_DEVELOPMENT,OTHER,ACTIVE,71,Ahrefs,2026-08-26
nightcity.forumpolish.com,https://nightcity.forumpolish.com/,,,GENERAL_MULTI_TOPIC,GENERAL_MULTI_TOPIC,INDEPENDENT,UNKNOWN,47,Ahrefs,2026-08-26
nightshaderpg.rpg-board.net,https://nightshaderpg.rpg-board.net/,,,GAMING_ESPORTS,GAMING_ESPORTS,INDEPENDENT,ACTIVE,57,Ahrefs,2026-08-26
nihilistic.darkbb.com,https://nihilistic.darkbb.com/,,,GENERAL_MULTI_TOPIC,GENERAL_MULTI_TOPIC,INDEPENDENT,UNKNOWN,51,Ahrefs,2026-08-26
nimmbus.indonesianforum.net,https://nimmbus.indonesianforum.net/,Indonesia,en,EDUCATION_STUDENTS,EDUCATION_STUDENTS; MUSIC_ENTERTAINMENT_CULTURE; NEWS_POLITICS_SOCIETY,LOCAL_REGIONAL,DORMANT,24,Ahrefs,2026-08-26
nindobeginning.rpg-board.net,https://nindobeginning.rpg-board.net/,,,GAMING_ESPORTS,GAMING_ESPORTS,INDEPENDENT,ACTIVE,57,Ahrefs,2026-08-26
ninja-gen3.rpg-board.net,https://ninja-gen3.rpg-board.net/forum,,en,GAMING_ESPORTS,GAMING_ESPORTS,INDEPENDENT,ACTIVE,57,Ahrefs,2026-08-26
ninja-legends.rpg-board.net,https://ninja-legends.rpg-board.net/,,en,CAREERS_HR_RECRUITMENT,CAREERS_HR_RECRUITMENT; GAMING_ESPORTS; NEWS_POLITICS_SOCIETY,INDEPENDENT,ACTIVE,57,Ahrefs,2026-08-26
ninja-reborn.rpg-board.net,https://ninja-reborn.rpg-board.net/,,en,GAMING_ESPORTS,GAMING_ESPORTS; NEWS_POLITICS_SOCIETY,INDEPENDENT,ACTIVE,57,Ahrefs,2026-08-26
ninjaaceadventure.rpg-board.net,https://ninjaaceadventure.rpg-board.net/,,,MARKETING_SEO_GROWTH,MARKETING_SEO_GROWTH; GAMING_ESPORTS; LEGAL,INDEPENDENT,ACTIVE,57,Ahrefs,2026-08-26
ninjaballad.rpg-board.net,https://ninjaballad.rpg-board.net/,,,GAMING_ESPORTS,GAMING_ESPORTS,INDEPENDENT,ACTIVE,57,Ahrefs,2026-08-26
ninjalegacy.rpg-board.net,https://ninjalegacy.rpg-board.net/,,en,TRAVEL_EXPAT_IMMIGRATION,TRAVEL_EXPAT_IMMIGRATION; GAMING_ESPORTS,INDEPENDENT,ACTIVE,57,Ahrefs,2026-08-26
ninjamaster.rpg-board.net,https://ninjamaster.rpg-board.net/,,en,ECOMMERCE_MARKETPLACES,ECOMMERCE_MARKETPLACES; GAMING_ESPORTS,INDEPENDENT,ACTIVE,57,Ahrefs,2026-08-26
ninjaraising.rpg-board.net,https://ninjaraising.rpg-board.net/,,,GAMING_ESPORTS,GAMING_ESPORTS,INDEPENDENT,ACTIVE,57,Ahrefs,2026-08-26
"Nintendo-Online.de Forum - Deine aktive Nintendo-Community zu Nintendo Switch, Nintendo Switch 2 und mehr",https://forum.nintendo-online.de/,,de,GAMING_ESPORTS,GAMING_ESPORTS; NEWS_POLITICS_SOCIETY,OTHER,ACTIVE,44,Ahrefs,2026-08-26
NixOS Discourse - NixOS community forum,https://discourse.nixos.org/,,en,MARKETING_SEO_GROWTH,MARKETING_SEO_GROWTH; CYBERSECURITY_IT; CAREERS_HR_RECRUITMENT; ARCHITECTURE_DESIGN,OTHER,ACTIVE,82,Ahrefs,2026-08-26
Niyo Community - A community of International travellers!,https://community.goniyo.com/,,en,FINANCE_INVESTING_BANKING,FINANCE_INVESTING_BANKING; EDUCATION_STUDENTS; TRAVEL_EXPAT_IMMIGRATION,EDUCATION_COMMUNITY,ACTIVE,52,Ahrefs,2026-08-26
NLR Forum - The National Laboratory of the Rockies (NLR),https://forums.nlr.gov/,,en,TECHNOLOGY_SOFTWARE,TECHNOLOGY_SOFTWARE; ENGINEERING; NEWS_POLITICS_SOCIETY,OTHER,ACTIVE,84,Ahrefs,2026-08-26
nms-serbia.rpg-board.net,https://nms-serbia.rpg-board.net/,,,GAMING_ESPORTS,GAMING_ESPORTS,INDEPENDENT,UNKNOWN,57,Ahrefs,2026-08-26
No Rest For The Wicked - Your home for all things No Rest for the Wicked!,https://forum.norestforthewicked.com/,,en,GAMING_ESPORTS,GAMING_ESPORTS; NEWS_POLITICS_SOCIETY,HOBBY_COMMUNITY,ACTIVE,42,Ahrefs,2026-08-26
NocoDB - All things related to NocoDB,https://community.nocodb.com/,,en,PROGRAMMING_DEVELOPMENT,PROGRAMMING_DEVELOPMENT,OTHER,ACTIVE,70,Ahrefs,2026-08-26
Node-RED Forum,https://discourse.nodered.org/,,en,TECHNOLOGY_SOFTWARE,TECHNOLOGY_SOFTWARE; CAREERS_HR_RECRUITMENT; NEWS_POLITICS_SOCIETY,OTHER,ACTIVE,78,Ahrefs,2026-08-26
NodeLoc - 自由、平等、友好、开放、有趣的交流社区,https://nodeloc.com/,,zh,GENERAL_MULTI_TOPIC,GENERAL_MULTI_TOPIC,OTHER,ACTIVE,54,Ahrefs,2026-08-26
noir-sakura.rpg-board.net,https://noir-sakura.rpg-board.net/,,en,GENERAL_MULTI_TOPIC,GENERAL_MULTI_TOPIC; TECHNOLOGY_SOFTWARE; ENGINEERING; GAMING_ESPORTS; MUSIC_ENTERTAINMENT_CULTURE,INDEPENDENT,ACTIVE,57,Ahrefs,2026-08-26
Noloco,https://community.noloco.io/,,zh; en,GENERAL_MULTI_TOPIC,GENERAL_MULTI_TOPIC,OTHER,ACTIVE,58,Ahrefs,2026-08-26
Nomad Sculpt,https://forum.nomadsculpt.com/,,,CREATIVE_DESIGN,CREATIVE_DESIGN,OTHER,ACTIVE,52,Ahrefs,2026-08-26
north.forumotion.co.uk,https://north.forumotion.co.uk/,,ar,GENERAL_MULTI_TOPIC,GENERAL_MULTI_TOPIC,INDEPENDENT,ACTIVE,52,Ahrefs,2026-08-26
Notary Cafe Forums,https://forum.notarycafe.com/,,en,TECHNOLOGY_SOFTWARE,TECHNOLOGY_SOFTWARE; LEGAL; NEWS_POLITICS_SOCIETY,OTHER,ACTIVE,59,Ahrefs,2026-08-26
npoo.rpg-board.net,https://npoo.rpg-board.net/,,en,GAMING_ESPORTS,GAMING_ESPORTS,INDEPENDENT,ACTIVE,57,Ahrefs,2026-08-26
nrnewbeginnings.rpg-board.net,https://nrnewbeginnings.rpg-board.net/,,,GAMING_ESPORTS,GAMING_ESPORTS; NEWS_POLITICS_SOCIETY,INDEPENDENT,DORMANT,57,Ahrefs,2026-08-26
nrpgm.rpg-board.net,https://nrpgm.rpg-board.net/,,en,GAMING_ESPORTS,GAMING_ESPORTS; NEWS_POLITICS_SOCIETY,INDEPENDENT,ACTIVE,57,Ahrefs,2026-08-26
nshax.rpg-board.net,https://nshax.rpg-board.net/,,,GAMING_ESPORTS,GAMING_ESPORTS,INDEPENDENT,ACTIVE,57,Ahrefs,2026-08-26
nsl-forumx.rpg-board.net,https://nsl-forumx.rpg-board.net/,,,GAMING_ESPORTS,GAMING_ESPORTS,INDEPENDENT,DORMANT,57,Ahrefs,2026-08-26
nspc.rpg-board.net,https://nspc.rpg-board.net/forum,,,GAMING_ESPORTS,GAMING_ESPORTS,INDEPENDENT,ACTIVE,57,Ahrefs,2026-08-26
nssrpg.rpg-board.net,https://nssrpg.rpg-board.net/,,,GAMING_ESPORTS,GAMING_ESPORTS,INDEPENDENT,ACTIVE,57,Ahrefs,2026-08-26
nswbandits.forumotion.net,https://nswbandits.forumotion.net/,Australia,en,ENGINEERING,ENGINEERING; CONSUMER_DEALS_REVIEWS,LOCAL_REGIONAL,UNKNOWN,60,Ahrefs,2026-08-26
ntbn.rpg-board.net,https://ntbn.rpg-board.net/,,en,GAMING_ESPORTS,GAMING_ESPORTS; MUSIC_ENTERTAINMENT_CULTURE,HOBBY_COMMUNITY,ACTIVE,57,Ahrefs,2026-08-26
NTP Pool Project - NTP Pool Community,https://community.ntppool.org/,,en,GENERAL_MULTI_TOPIC,GENERAL_MULTI_TOPIC,OTHER,ACTIVE,77,Ahrefs,2026-08-26
nu-rp.rpg-board.net,https://nu-rp.rpg-board.net/,,en,GAMING_ESPORTS,GAMING_ESPORTS,INDEPENDENT,ACTIVE,57,Ahrefs,2026-08-26
Nujub,https://forum.nujub.org/,,,EDUCATION_STUDENTS,EDUCATION_STUDENTS; SCIENCE,OTHER,ACTIVE,0,Ahrefs,2026-08-26
NVIDIA Developer Forums - NVIDIA Developer Forums,https://forums.developer.nvidia.com/,,en,PROGRAMMING_DEVELOPMENT,PROGRAMMING_DEVELOPMENT; EDUCATION_STUDENTS,OTHER,ACTIVE,91,Ahrefs,2026-08-26
nwotn3.rpg-board.net,https://nwotn3.rpg-board.net/,,en,GAMING_ESPORTS,GAMING_ESPORTS,INDEPENDENT,DORMANT,57,Ahrefs,2026-08-26
"Nylas Community - A place for Nylas users to learn about Nylas APIs, get help, attend events, and support others.",https://forums.nylas.com/,,en,GENERAL_MULTI_TOPIC,GENERAL_MULTI_TOPIC; PROGRAMMING_DEVELOPMENT; NEWS_POLITICS_SOCIETY,OTHER,ACTIVE,80,Ahrefs,2026-08-26
"Nym Community - Join and help create an online world free from surveillance, targeting and discrimination. The Nym community is all about achieving this mission together!",https://forum.nym.com/,,en,EDUCATION_STUDENTS,EDUCATION_STUDENTS; NEWS_POLITICS_SOCIETY,OTHER,ACTIVE,71,Ahrefs,2026-08-26
obscurehearts.rpg-board.net,https://obscurehearts.rpg-board.net/,,en,GAMING_ESPORTS,GAMING_ESPORTS,INDEPENDENT,UNKNOWN,57,Ahrefs,2026-08-26
obsidiansrealm.rpg-board.net,https://obsidiansrealm.rpg-board.net/,,en,GENERAL_MULTI_TOPIC,GENERAL_MULTI_TOPIC; GAMING_ESPORTS,INDEPENDENT,ACTIVE,57,Ahrefs,2026-08-26
OCaml,https://discuss.ocaml.org/,,en,CAREERS_HR_RECRUITMENT,CAREERS_HR_RECRUITMENT; EDUCATION_STUDENTS,OTHER,ACTIVE,76,Ahrefs,2026-08-26
occupylondonon.rpg-board.net,https://occupylondonon.rpg-board.net/,,en,GENERAL_MULTI_TOPIC,GENERAL_MULTI_TOPIC; TRANSPORT_LOGISTICS; GAMING_ESPORTS; FOOD_COOKING; LEGAL,INDEPENDENT,ACTIVE,57,Ahrefs,2026-08-26
Ocean Acoustics & Technology,https://discourse.ocean-acoustics.org/,,en,TECHNOLOGY_SOFTWARE,TECHNOLOGY_SOFTWARE; CAREERS_HR_RECRUITMENT; NEWS_POLITICS_SOCIETY,OTHER,ACTIVE,18,Ahrefs,2026-08-26
oceandb.rpg-board.net,https://oceandb.rpg-board.net/,,en,TECHNOLOGY_SOFTWARE,TECHNOLOGY_SOFTWARE; GAMING_ESPORTS; MUSIC_ENTERTAINMENT_CULTURE,INDEPENDENT,ACTIVE,57,Ahrefs,2026-08-26
ochs.forummotion.com,https://ochs.forummotion.com/,,en,NEWS_POLITICS_SOCIETY,NEWS_POLITICS_SOCIETY,INDEPENDENT,ACTIVE,45,Ahrefs,2026-08-26
oddshot.rpg-board.net,https://oddshot.rpg-board.net/,,,GAMING_ESPORTS,GAMING_ESPORTS; ANIMALS_PETS,INDEPENDENT,UNKNOWN,57,Ahrefs,2026-08-26
ODK Forum,https://forum.getodk.org/,,en,ECOMMERCE_MARKETPLACES,ECOMMERCE_MARKETPLACES,OTHER,ACTIVE,73,Ahrefs,2026-08-26
"OFFDEM - Open For Freedom, Desire, Emancipation, Meaning",https://oxygen.offdem.net/,,en,GENERAL_MULTI_TOPIC,GENERAL_MULTI_TOPIC,OTHER,ACTIVE,30,Ahrefs,2026-08-26
Official Hero Hunters Community,https://hhforum.superchargemobile.app/,,en,NEWS_POLITICS_SOCIETY,NEWS_POLITICS_SOCIETY,OTHER,ACTIVE,14,Ahrefs,2026-08-26
Official Thimbleweed Park Forums,https://forums.thimbleweedpark.com/,,en,GENERAL_MULTI_TOPIC,GENERAL_MULTI_TOPIC,HOBBY_COMMUNITY,ACTIVE,58,Ahrefs,2026-08-26
OffOn - Vendor-neutral. Open Source. Community Driven.,https://community.offon.dev/,,en,PROGRAMMING_DEVELOPMENT,PROGRAMMING_DEVELOPMENT; ENGINEERING; CONSTRUCTION,Q_AND_A,ACTIVE,33,Ahrefs,2026-08-26
Okta Developer Community,https://devforum.okta.com/,,en,PROGRAMMING_DEVELOPMENT,PROGRAMMING_DEVELOPMENT; ARCHITECTURE_DESIGN; NEWS_POLITICS_SOCIETY,OTHER,ACTIVE,90,Ahrefs,2026-08-26
OldWorld.app Community - OldWorld.app Community,https://community.oldworld.app/,,en,GENERAL_MULTI_TOPIC,GENERAL_MULTI_TOPIC; CRYPTO_WEB3; CAREERS_HR_RECRUITMENT; EDUCATION_STUDENTS; GAMING_ESPORTS,HOBBY_COMMUNITY,ACTIVE,0,Ahrefs,2026-08-26
omgpopforums.rpg-board.net,https://omgpopforums.rpg-board.net/,,en,GENERAL_MULTI_TOPIC,GENERAL_MULTI_TOPIC; TECHNOLOGY_SOFTWARE; GAMING_ESPORTS; SPORTS_FITNESS; ANIMALS_PETS,HOBBY_COMMUNITY,ACTIVE,57,Ahrefs,2026-08-26
Omni Community,https://community.omni.co/,,,CAREERS_HR_RECRUITMENT,CAREERS_HR_RECRUITMENT,OTHER,ACTIVE,66,Ahrefs,2026-08-26
omoiame.rpg-board.net,https://omoiame.rpg-board.net/,,,AUTOMOTIVE,AUTOMOTIVE; GAMING_ESPORTS; MUSIC_ENTERTAINMENT_CULTURE; NEWS_POLITICS_SOCIETY,INDEPENDENT,ACTIVE,57,Ahrefs,2026-08-26
onceuponadiscussion.rpg-board.net,https://onceuponadiscussion.rpg-board.net/,,en,GENERAL_MULTI_TOPIC,GENERAL_MULTI_TOPIC; GAMING_ESPORTS; ANIMALS_PETS; MUSIC_ENTERTAINMENT_CULTURE; NEWS_POLITICS_SOCIETY,HOBBY_COMMUNITY,ACTIVE,57,Ahrefs,2026-08-26
one-piece-oc-rp.rpg-board.net,https://one-piece-oc-rp.rpg-board.net/,,en,GAMING_ESPORTS,GAMING_ESPORTS,INDEPENDENT,ACTIVE,57,Ahrefs,2026-08-26
one-piece-serbia.rpg-board.net,https://one-piece-serbia.rpg-board.net/,Serbia,,GAMING_ESPORTS,GAMING_ESPORTS,LOCAL_REGIONAL,DORMANT,57,Ahrefs,2026-08-26
Onefinity CNC Forum - Onefinity CNC Community Forum,https://forum.onefinitycnc.com/,,en,TECHNOLOGY_SOFTWARE,TECHNOLOGY_SOFTWARE,OTHER,ACTIVE,43,Ahrefs,2026-08-26
onenarutonation.rpg-board.net,https://onenarutonation.rpg-board.net/,,,GAMING_ESPORTS,GAMING_ESPORTS; ANIMALS_PETS,INDEPENDENT,UNKNOWN,57,Ahrefs,2026-08-26
onepiece-rp.rpg-board.net,https://onepiece-rp.rpg-board.net/,,en,GAMING_ESPORTS,GAMING_ESPORTS,INDEPENDENT,ACTIVE,57,Ahrefs,2026-08-26
onepiece-rpg1.rpg-board.net,https://onepiece-rpg1.rpg-board.net/,,en,GAMING_ESPORTS,GAMING_ESPORTS; MUSIC_ENTERTAINMENT_CULTURE; NEWS_POLITICS_SOCIETY; CONSUMER_DEALS_REVIEWS,INDEPENDENT,ACTIVE,57,Ahrefs,2026-08-26
onepiecedream.rpg-board.net,https://onepiecedream.rpg-board.net/,,,GAMING_ESPORTS,GAMING_ESPORTS,INDEPENDENT,UNKNOWN,57,Ahrefs,2026-08-26
onepiecegla.rpg-board.net,https://onepiecegla.rpg-board.net/,,en,GAMING_ESPORTS,GAMING_ESPORTS; NEWS_POLITICS_SOCIETY,INDEPENDENT,ACTIVE,57,Ahrefs,2026-08-26
onepieceislands.rpg-board.net,https://onepieceislands.rpg-board.net/,,,GAMING_ESPORTS,GAMING_ESPORTS,INDEPENDENT,ACTIVE,57,Ahrefs,2026-08-26
onepiecememories.rpg-board.net,https://onepiecememories.rpg-board.net/,,en,GAMING_ESPORTS,GAMING_ESPORTS; NEWS_POLITICS_SOCIETY,INDEPENDENT,ACTIVE,57,Ahrefs,2026-08-26
onepiecenw.rpg-board.net,https://onepiecenw.rpg-board.net/,,,GAMING_ESPORTS,GAMING_ESPORTS,INDEPENDENT,ACTIVE,57,Ahrefs,2026-08-26
onepieceriseandfall.rpg-board.net,https://onepieceriseandfall.rpg-board.net/,,en,GAMING_ESPORTS,GAMING_ESPORTS; GOVERNMENT_PUBLIC_SECTOR,HOBBY_COMMUNITY,UNKNOWN,57,Ahrefs,2026-08-26
onepiecerp.forumotion.net,https://onepiecerp.forumotion.net/,,,NEWS_POLITICS_SOCIETY,NEWS_POLITICS_SOCIETY,INDEPENDENT,DORMANT,60,Ahrefs,2026-08-26
onepunchmanrpg.rpg-board.net,https://onepunchmanrpg.rpg-board.net/,,,GAMING_ESPORTS,GAMING_ESPORTS,INDEPENDENT,DORMANT,57,Ahrefs,2026-08-26
oneworldalliance.rpg-board.net,https://oneworldalliance.rpg-board.net/,,en,GAMING_ESPORTS,GAMING_ESPORTS; NEWS_POLITICS_SOCIETY,INDUSTRY_COMMUNITY,DORMANT,57,Ahrefs,2026-08-26
oneworldrp.rpg-board.net,https://oneworldrp.rpg-board.net/,,,CAREERS_HR_RECRUITMENT,CAREERS_HR_RECRUITMENT; GAMING_ESPORTS,INDEPENDENT,ACTIVE,57,Ahrefs,2026-08-26
Onix Community - Get help and explore best practices in Onix apps.,https://community.onix.com/,,en,GENERAL_MULTI_TOPIC,GENERAL_MULTI_TOPIC,Q_AND_A,ACTIVE,42,Ahrefs,2026-08-26
online-2.forummotion.com,https://online-2.forummotion.com/,,,TECHNOLOGY_SOFTWARE,TECHNOLOGY_SOFTWARE; NEWS_POLITICS_SOCIETY,INDEPENDENT,DORMANT,45,Ahrefs,2026-08-26
Onyx Community - Onyx is the backbone of Web3 and blockchain infrastructure powered by Onyxcoin (XCN).,https://community.onyx.org/,,en,CRYPTO_WEB3,CRYPTO_WEB3; NEWS_POLITICS_SOCIETY,OTHER,ACTIVE,53,Ahrefs,2026-08-26
op-piratenation.rpg-board.net,https://op-piratenation.rpg-board.net/,,en,GAMING_ESPORTS,GAMING_ESPORTS,HOBBY_COMMUNITY,ACTIVE,57,Ahrefs,2026-08-26
Open Data - Transport for NSW forum,https://opendataforum.transport.nsw.gov.au/,,,TRANSPORT_LOGISTICS,TRANSPORT_LOGISTICS; NEWS_POLITICS_SOCIETY,OTHER,ACTIVE,92,Ahrefs,2026-08-26
Open Data Stack Exchange,https://opendata.stackexchange.com/,,en,TELECOM_VOIP,TELECOM_VOIP; SCIENCE; TRANSPORT_LOGISTICS,Q_AND_A,UNKNOWN,91,Ahrefs,2026-08-26
"Open edX discussions - For everyone in the Open edX world: instructional designers, educators, learning researchers, software developers, and operators. Come together and collabora",https://discuss.openedx.org/,,en,GENERAL_MULTI_TOPIC,GENERAL_MULTI_TOPIC; CYBERSECURITY_IT; TECHNOLOGY_SOFTWARE; CAREERS_HR_RECRUITMENT; EDUCATION_STUDENTS,OTHER,ACTIVE,78,Ahrefs,2026-08-26
Open OnDemand - Open OnDemand Community Forums,https://discourse.openondemand.org/,,en,GENERAL_MULTI_TOPIC,GENERAL_MULTI_TOPIC,OTHER,ACTIVE,62,Ahrefs,2026-08-26
Open Robotics Discourse - Open Robotics Discourse,https://discourse.openrobotics.org/,,en; zh,BUSINESS_ENTREPRENEURSHIP,BUSINESS_ENTREPRENEURSHIP; NEWS_POLITICS_SOCIETY,INDUSTRY_COMMUNITY,ACTIVE,57,Ahrefs,2026-08-26
Open Science Data Repository Analysis Working Groups - Open Science for Life in Space,https://awg.osdr.space/,,zh; en,GENERAL_MULTI_TOPIC,GENERAL_MULTI_TOPIC; TECHNOLOGY_SOFTWARE; CAREERS_HR_RECRUITMENT; SCIENCE; AGRICULTURE_GARDENING,OTHER,ACTIVE,13,Ahrefs,2026-08-26
Open Source Conversational AI Community - Home for Voice AI Open Source Projects,https://community.openconversational.ai/,,en,GENERAL_MULTI_TOPIC,GENERAL_MULTI_TOPIC; AI_DATA; TECHNOLOGY_SOFTWARE; CAREERS_HR_RECRUITMENT,OTHER,ACTIVE,30,Ahrefs,2026-08-26
Open Source Stack Exchange,https://opensource.stackexchange.com/,,en,MARKETING_SEO_GROWTH,MARKETING_SEO_GROWTH; AI_DATA,Q_AND_A,UNKNOWN,91,Ahrefs,2026-08-26
Open Technology Fund,https://we.opentech.fund/,,en,TECHNOLOGY_SOFTWARE,TECHNOLOGY_SOFTWARE; EDUCATION_STUDENTS; ENGINEERING,OTHER,ACTIVE,75,Ahrefs,2026-08-26
"Open-Source Leg Community Space - Open-source robotics and prosthetics community for hardware, software, and collaborative innovation in mobility and research.",https://opensourceleg.discourse.group/,,en,PROGRAMMING_DEVELOPMENT,PROGRAMMING_DEVELOPMENT; TECHNOLOGY_SOFTWARE; EDUCATION_STUDENTS,OTHER,ACTIVE,81,Ahrefs,2026-08-26
OpenAI Developer Community - Community of developers building with OpenAI.,https://community.openai.com/,,en,PROGRAMMING_DEVELOPMENT,PROGRAMMING_DEVELOPMENT; AI_DATA; CONSTRUCTION,OTHER,ACTIVE,93,Ahrefs,2026-08-26
openBIS community - Discussions on openBIS and RDM topics,https://community.openbis.ch/,,en,BUSINESS_ENTREPRENEURSHIP,BUSINESS_ENTREPRENEURSHIP,OTHER,ACTIVE,33,Ahrefs,2026-08-26
"OpenCV - Ask OpenCV Questions, Get OpenCV Answers",https://forum.opencv.org/,,en,GENERAL_MULTI_TOPIC,GENERAL_MULTI_TOPIC; PROGRAMMING_DEVELOPMENT; AI_DATA; TECHNOLOGY_SOFTWARE; CAREERS_HR_RECRUITMENT,OTHER,ACTIVE,83,Ahrefs,2026-08-26
OpenEMS Community,https://community.openems.io/,,en,GENERAL_MULTI_TOPIC,GENERAL_MULTI_TOPIC; TECHNOLOGY_SOFTWARE; BUSINESS_ENTREPRENEURSHIP,OTHER,ACTIVE,39,Ahrefs,2026-08-26
OpenFlexure Forum - A place to discuss the OpenFlexure project,https://openflexure.discourse.group/,,en,AI_DATA,AI_DATA; EDUCATION_STUDENTS; ENGINEERING,OTHER,ACTIVE,81,Ahrefs,2026-08-26
openFrameworks,https://forum.openframeworks.cc/,,,GENERAL_MULTI_TOPIC,GENERAL_MULTI_TOPIC,OTHER,ACTIVE,71,Ahrefs,2026-08-27
OpenIAP,https://discourse.openiap.io/,,en,GENERAL_MULTI_TOPIC,GENERAL_MULTI_TOPIC,OTHER,ACTIVE,32,Ahrefs,2026-08-26
OpenMandriva forum - The community forum around OpenMandriva development,https://forum.openmandriva.org/,,en,TECHNOLOGY_SOFTWARE,TECHNOLOGY_SOFTWARE,OTHER,ACTIVE,60,Ahrefs,2026-08-26
OpenMC - OpenMC Discussion Group,https://openmc.discourse.group/,,en,TRANSPORT_LOGISTICS,TRANSPORT_LOGISTICS,OTHER,ACTIVE,81,Ahrefs,2026-08-26
OpenMV Forums - Machine Vision with MicroPython,https://forums.openmv.io/,,en; zh,AI_DATA,AI_DATA; EDUCATION_STUDENTS,OTHER,ACTIVE,56,Ahrefs,2026-08-26
OpenNebula Community Forum,https://forum.opennebula.io/,,en,ECOMMERCE_MARKETPLACES,ECOMMERCE_MARKETPLACES,OTHER,ACTIVE,70,Ahrefs,2026-08-26
OpenNMS Community,https://opennms.discourse.group/,,en,CYBERSECURITY_IT,CYBERSECURITY_IT,OTHER,ACTIVE,81,Ahrefs,2026-08-27
OpenPBS,https://community.openpbs.org/,,en,GENERAL_MULTI_TOPIC,GENERAL_MULTI_TOPIC,OTHER,ACTIVE,57,Ahrefs,2026-08-26
"OpenRefine - A free, open source, powerful tool for working with messy data.",https://forum.openrefine.org/,,zh; en,SPORTS_FITNESS,SPORTS_FITNESS; NEWS_POLITICS_SOCIETY,OTHER,ACTIVE,73,Ahrefs,2026-08-26
OpenRent Landlord & Tenant Forum,https://community.openrent.co.uk/,,en,LEGAL,LEGAL; NEWS_POLITICS_SOCIETY,OTHER,ACTIVE,70,Ahrefs,2026-08-26
OpenSanctions,https://discuss.opensanctions.org/,,en,GENERAL_MULTI_TOPIC,GENERAL_MULTI_TOPIC,OTHER,ACTIVE,71,Ahrefs,2026-08-26
"OpenSearch - Fully open source, community-driven search & analytics suite",https://forum.opensearch.org/,,en,GENERAL_MULTI_TOPIC,GENERAL_MULTI_TOPIC; AI_DATA; CYBERSECURITY_IT; BUSINESS_ENTREPRENEURSHIP; CAREERS_HR_RECRUITMENT,OTHER,ACTIVE,81,Ahrefs,2026-08-26
OpenStreetMap Community Forum - OSM Community Forum,https://community.openstreetmap.org/,,ko; en,GENERAL_MULTI_TOPIC,GENERAL_MULTI_TOPIC,OTHER,ACTIVE,94,Ahrefs,2026-08-26
openSUSE Forums - The meeting place of all the geekos from around the openSUSE Project,https://forums.opensuse.org/,,en; nl,TECHNOLOGY_SOFTWARE,TECHNOLOGY_SOFTWARE; PARENTING_FAMILY; NEWS_POLITICS_SOCIETY,OTHER,ACTIVE,85,Ahrefs,2026-08-26
OpenTAP Community Forum - Community discussion forums for OpenTAP,https://forum.opentap.io/,,en,GENERAL_MULTI_TOPIC,GENERAL_MULTI_TOPIC,OTHER,ACTIVE,38,Ahrefs,2026-08-26
OpenZeppelin Forum - OpenZeppelin Community Forum,https://forum.openzeppelin.com/,,en,CRYPTO_WEB3,CRYPTO_WEB3; PROGRAMMING_DEVELOPMENT; CYBERSECURITY_IT; CONSUMER_DEALS_REVIEWS,OTHER,ACTIVE,78,Ahrefs,2026-08-26
openziti - OpenZiti's Community Forum,https://openziti.discourse.group/,,en,CYBERSECURITY_IT,CYBERSECURITY_IT; CAREERS_HR_RECRUITMENT,OTHER,ACTIVE,81,Ahrefs,2026-08-26
Operations Research Stack Exchange,https://or.stackexchange.com/,,en,AI_DATA,AI_DATA; EDUCATION_STUDENTS; AUTOMOTIVE,Q_AND_A,UNKNOWN,91,Ahrefs,2026-08-26
oprp.darkbb.com,https://oprp.darkbb.com/,,,GENERAL_MULTI_TOPIC,GENERAL_MULTI_TOPIC,INDEPENDENT,UNKNOWN,51,Ahrefs,2026-08-26
optruthiness.rpg-board.net,https://optruthiness.rpg-board.net/,,,GAMING_ESPORTS,GAMING_ESPORTS,INDEPENDENT,ACTIVE,57,Ahrefs,2026-08-26
orodism.forumotion.co.uk,https://orodism.forumotion.co.uk/,,,EDUCATION_STUDENTS,EDUCATION_STUDENTS; CONSUMER_DEALS_REVIEWS,INDEPENDENT,ACTIVE,52,Ahrefs,2026-08-26
"OSGeo Discourse - If you have an OSGeo account or Github, use with LDAP or Github login options, and do not try to register or use the regular login form.",https://discourse.osgeo.org/,,en,PROGRAMMING_DEVELOPMENT,PROGRAMMING_DEVELOPMENT,OTHER,ACTIVE,81,Ahrefs,2026-08-26
OSI Discuss - OSI Discuss,https://discuss.opensource.org/,,en,GENERAL_MULTI_TOPIC,GENERAL_MULTI_TOPIC,OTHER,ACTIVE,91,Ahrefs,2026-08-26
Osmosis Community Hall - Osmosis Chain Governance Forum,https://forum.osmosis.zone/,,en,GENERAL_MULTI_TOPIC,GENERAL_MULTI_TOPIC,OTHER,ACTIVE,73,Ahrefs,2026-08-26
ossbase.org,https://discourse.ossbase.org/,,en,CYBERSECURITY_IT,CYBERSECURITY_IT; TECHNOLOGY_SOFTWARE,OTHER,ACTIVE,26,Ahrefs,2026-08-26
oureternity.rpg-board.net,https://oureternity.rpg-board.net/,,en,SCIENCE,SCIENCE; GAMING_ESPORTS; NEWS_POLITICS_SOCIETY,INDEPENDENT,DORMANT,57,Ahrefs,2026-08-26
overdark.rpg-board.net,https://overdark.rpg-board.net/,,,GAMING_ESPORTS,GAMING_ESPORTS,HOBBY_COMMUNITY,ACTIVE,57,Ahrefs,2026-08-26
padillalegend.rpg-board.net,https://padillalegend.rpg-board.net/,,,FINANCE_INVESTING_BANKING,FINANCE_INVESTING_BANKING; GAMING_ESPORTS; CONSUMER_DEALS_REVIEWS,INDEPENDENT,ACTIVE,57,Ahrefs,2026-08-26
pak4all.foroes.org,https://pak4all.foroes.org/,,,MUSIC_ENTERTAINMENT_CULTURE,MUSIC_ENTERTAINMENT_CULTURE,INDEPENDENT,ACTIVE,27,Ahrefs,2026-08-26
pamizardrpg.rpg-board.net,https://pamizardrpg.rpg-board.net/,,,GAMING_ESPORTS,GAMING_ESPORTS,INDEPENDENT,ACTIVE,57,Ahrefs,2026-08-26
pamperedpets.forummotion.com,https://pamperedpets.forummotion.com/forum,,,ANIMALS_PETS,ANIMALS_PETS; NEWS_POLITICS_SOCIETY,INDEPENDENT,DORMANT,45,Ahrefs,2026-08-26
pandorarp.rpg-board.net,https://pandorarp.rpg-board.net/,,,GAMING_ESPORTS,GAMING_ESPORTS,INDEPENDENT,ACTIVE,57,Ahrefs,2026-08-26
Pangeo - Open source science,https://discourse.pangeo.io/,,en,CAREERS_HR_RECRUITMENT,CAREERS_HR_RECRUITMENT; EDUCATION_STUDENTS; SCIENCE; NEWS_POLITICS_SOCIETY,OTHER,ACTIVE,59,Ahrefs,2026-08-26
Papara Topluluk - Papara Topluluk'a Hoş Geldin,https://topluluk.papara.com/,,,GENERAL_MULTI_TOPIC,GENERAL_MULTI_TOPIC,OTHER,ACTIVE,72,Ahrefs,2026-08-26
paradise.canadian-forum.com,https://paradise.canadian-forum.com/,,,GENERAL_MULTI_TOPIC,GENERAL_MULTI_TOPIC,HOBBY_COMMUNITY,ACTIVE,29,Ahrefs,2026-08-26
paragonpublishinginc.rpg-board.net,https://paragonpublishinginc.rpg-board.net/,,en,GENERAL_MULTI_TOPIC,GENERAL_MULTI_TOPIC; GAMING_ESPORTS; CREATIVE_DESIGN; NEWS_POLITICS_SOCIETY,INDEPENDENT,ACTIVE,57,Ahrefs,2026-08-26
paranoia-studio.rpg-board.net,https://paranoia-studio.rpg-board.net/,,en,GENERAL_MULTI_TOPIC,GENERAL_MULTI_TOPIC; GAMING_ESPORTS; MUSIC_ENTERTAINMENT_CULTURE,INDEPENDENT,UNKNOWN,57,Ahrefs,2026-08-26
Parenting Stack Exchange,https://parenting.stackexchange.com/,,en,FINANCE_INVESTING_BANKING,FINANCE_INVESTING_BANKING; PARENTING_FAMILY,Q_AND_A,UNKNOWN,91,Ahrefs,2026-08-26
Particle - Particle's Official Community,https://community.particle.io/,,en,PROGRAMMING_DEVELOPMENT,PROGRAMMING_DEVELOPMENT; TECHNOLOGY_SOFTWARE; CAREERS_HR_RECRUITMENT; EDUCATION_STUDENTS,OTHER,ACTIVE,73,Ahrefs,2026-08-26
Passbolt community forum,https://community.passbolt.com/,,en,NEWS_POLITICS_SOCIETY,NEWS_POLITICS_SOCIETY,OTHER,ACTIVE,73,Ahrefs,2026-08-26
pathtodestiny.rpg-board.net,https://pathtodestiny.rpg-board.net/,,,GAMING_ESPORTS,GAMING_ESPORTS,INDEPENDENT,DORMANT,57,Ahrefs,2026-08-26
"Patient Communities - Our community of patients, carers, and health-conscious individuals is here to help.",https://community.patient.info/,,en,HEALTH_MEDICINE,HEALTH_MEDICINE; TRAVEL_EXPAT_IMMIGRATION; PARENTING_FAMILY,OTHER,ACTIVE,82,Ahrefs,2026-08-26
"Patients Community - Real Surgery Reviews, 2026 Cost Guides & Patient Journeys.",https://patients.community/,South Korea,en,HEALTH_MEDICINE,HEALTH_MEDICINE; CONSUMER_DEALS_REVIEWS,LOCAL_REGIONAL,ACTIVE,0,Ahrefs,2026-08-26
Patreon Developers,https://patreondevelopers.com/,Global,en,GENERAL_MULTI_TOPIC,GENERAL_MULTI_TOPIC,OTHER,ACTIVE,20,Ahrefs,2026-08-26
pbarena.rpg-board.net,https://pbarena.rpg-board.net/,,,ECOMMERCE_MARKETPLACES,ECOMMERCE_MARKETPLACES; GAMING_ESPORTS,INDEPENDENT,DORMANT,57,Ahrefs,2026-08-26
pclosdebian.forumgratuit.ro,https://pclosdebian.forumgratuit.ro/,,en,CYBERSECURITY_IT,CYBERSECURITY_IT; TECHNOLOGY_SOFTWARE,INDEPENDENT,UNKNOWN,52,Ahrefs,2026-08-26
Peaceful Science - Exploring the grand questions together.,https://discourse.peacefulscience.org/,,en,SCIENCE,SCIENCE,OTHER,ACTIVE,34,Ahrefs,2026-08-26
Pebble,https://forum.repebble.com/,,en,GENERAL_MULTI_TOPIC,GENERAL_MULTI_TOPIC; PROGRAMMING_DEVELOPMENT,OTHER,ACTIVE,61,Ahrefs,2026-08-26
Pega Forums,https://forums.pega.com/,,en,GENERAL_MULTI_TOPIC,GENERAL_MULTI_TOPIC,OTHER,ACTIVE,79,Ahrefs,2026-08-26
pendidikanslotonline.goodforum.net,https://pendidikanslotonline.goodforum.net/,,,GENERAL_MULTI_TOPIC,GENERAL_MULTI_TOPIC,INDEPENDENT,ACTIVE,43,Ahrefs,2026-08-26
Penpot Community,https://community.penpot.app/,,en,EDUCATION_STUDENTS,EDUCATION_STUDENTS,OTHER,ACTIVE,73,Ahrefs,2026-08-26
"Percona Community Forum - Technical forum for help with Percona's open source software for MySQL®, PostgreSQL, Valkey/Redis, and MongoDB® databases.",https://forums.percona.com/,,en,GENERAL_MULTI_TOPIC,GENERAL_MULTI_TOPIC; TECHNOLOGY_SOFTWARE; BUSINESS_ENTREPRENEURSHIP,OTHER,ACTIVE,82,Ahrefs,2026-08-26
percyjackson2.rpg-board.net,https://percyjackson2.rpg-board.net/,,,GAMING_ESPORTS,GAMING_ESPORTS,INDEPENDENT,ACTIVE,57,Ahrefs,2026-08-26
Perplexity API Platform Forum,https://community.perplexity.ai/,,en,GENERAL_MULTI_TOPIC,GENERAL_MULTI_TOPIC,OTHER,ACTIVE,91,Ahrefs,2026-08-26
Personal Finance & Money Stack Exchange,https://money.stackexchange.com/,,en,FINANCE_INVESTING_BANKING,FINANCE_INVESTING_BANKING; PARENTING_FAMILY,Q_AND_A,UNKNOWN,91,Ahrefs,2026-08-26
petawawa247.rpg-board.net,https://petawawa247.rpg-board.net/,,en,ECOMMERCE_MARKETPLACES,ECOMMERCE_MARKETPLACES; GAMING_ESPORTS,INDEPENDENT,ACTIVE,57,Ahrefs,2026-08-26
petforum.forumotion.co.uk,https://petforum.forumotion.co.uk/,,,HEALTH_MEDICINE,HEALTH_MEDICINE; ANIMALS_PETS,INDEPENDENT,ACTIVE,52,Ahrefs,2026-08-26
Pets Stack Exchange,https://pets.stackexchange.com/,,en,HEALTH_MEDICINE,HEALTH_MEDICINE; ANIMALS_PETS; HOBBIES_COLLECTING_OUTDOORS,Q_AND_A,UNKNOWN,91,Ahrefs,2026-08-26
phamnhamy.forumvi.com,https://phamnhamy.forumvi.com/,,,GENERAL_MULTI_TOPIC,GENERAL_MULTI_TOPIC,INDEPENDENT,ACTIVE,56,Ahrefs,2026-08-26
phantasmics.rpg-board.net,https://phantasmics.rpg-board.net/,,,FINANCE_INVESTING_BANKING,FINANCE_INVESTING_BANKING; GAMING_ESPORTS; NEWS_POLITICS_SOCIETY,INDEPENDENT,ACTIVE,57,Ahrefs,2026-08-26
phantomhivehideout.rpg-board.net,https://phantomhivehideout.rpg-board.net/,,en,GAMING_ESPORTS,GAMING_ESPORTS,HOBBY_COMMUNITY,ACTIVE,57,Ahrefs,2026-08-26
Phaser - The Phaser Forum,https://phaser.discourse.group/,,,GENERAL_MULTI_TOPIC,GENERAL_MULTI_TOPIC,OTHER,ACTIVE,81,Ahrefs,2026-08-26
Philosophy Stack Exchange,https://philosophy.stackexchange.com/,,en,SCIENCE,SCIENCE; NEWS_POLITICS_SOCIETY,Q_AND_A,UNKNOWN,91,Ahrefs,2026-08-26
Phocas user group,https://pug.phocassoftware.com/,,en,EDUCATION_STUDENTS,EDUCATION_STUDENTS,OTHER,ACTIVE,58,Ahrefs,2026-08-26
Photography Stack Exchange,https://photo.stackexchange.com/,,en,PHOTOGRAPHY_VIDEO,PHOTOGRAPHY_VIDEO,Q_AND_A,UNKNOWN,91,Ahrefs,2026-08-26
phpvms forum,https://forum.phpvms.net/,,en,PROGRAMMING_DEVELOPMENT,PROGRAMMING_DEVELOPMENT; NEWS_POLITICS_SOCIETY,OTHER,ACTIVE,73,Ahrefs,2026-08-26
Physical Fitness Stack Exchange,https://fitness.stackexchange.com/,,en,HEALTH_MEDICINE,HEALTH_MEDICINE; SPORTS_FITNESS,Q_AND_A,UNKNOWN,91,Ahrefs,2026-08-26
Physics Stack Exchange,https://physics.stackexchange.com/,,en,EDUCATION_STUDENTS,EDUCATION_STUDENTS; SCIENCE,Q_AND_A,UNKNOWN,91,Ahrefs,2026-08-26
Pickaxe Community Forum - A forum for prompt design and business applications of LLMs.,https://community.pickaxe.co/,,en,AI_DATA,AI_DATA; BUSINESS_ENTREPRENEURSHIP,OTHER,ACTIVE,70,Ahrefs,2026-08-26
pieces-of-eight.rpg-board.net,https://pieces-of-eight.rpg-board.net/,,en,GAMING_ESPORTS,GAMING_ESPORTS,INDEPENDENT,DORMANT,57,Ahrefs,2026-08-26
Pijul,https://discourse.pijul.org/,,en,GENERAL_MULTI_TOPIC,GENERAL_MULTI_TOPIC,OTHER,ACTIVE,56,Ahrefs,2026-08-26
pilihanrakyat.forumotion.asia,https://pilihanrakyat.forumotion.asia/,,,GENERAL_MULTI_TOPIC,GENERAL_MULTI_TOPIC,INDEPENDENT,ACTIVE,33,Ahrefs,2026-08-26
Pimoroni Buccaneers,https://forums.pimoroni.com/,,en,TECHNOLOGY_SOFTWARE,TECHNOLOGY_SOFTWARE; EDUCATION_STUDENTS,OTHER,ACTIVE,74,Ahrefs,2026-08-26
Pinegrow Community Forum - Help and Support about Pinegrow Web Editor,https://forum.pinegrow.com/,,en,PROGRAMMING_DEVELOPMENT,PROGRAMMING_DEVELOPMENT,OTHER,ACTIVE,65,Ahrefs,2026-08-26
pinoyabsolutezero.rpg-board.net,https://pinoyabsolutezero.rpg-board.net/,,,GENERAL_MULTI_TOPIC,GENERAL_MULTI_TOPIC; GAMING_ESPORTS,HOBBY_COMMUNITY,DORMANT,57,Ahrefs,2026-08-26
Pioreactor forum - Discussions about Pioreactor,https://forum.pioreactor.com/,,en,TECHNOLOGY_SOFTWARE,TECHNOLOGY_SOFTWARE,OTHER,ACTIVE,19,Ahrefs,2026-08-26
"Piwik PRO Community - Community of analysts, marketers and data privacy practitioners",https://community.piwik.pro/,,en,GENERAL_MULTI_TOPIC,GENERAL_MULTI_TOPIC,PROFESSIONAL_COMMUNITY,ACTIVE,80,Ahrefs,2026-08-26
PIX4D Community - The PIX4D Community aims to gather all our users and offer them a platform for exchanging and sharing their experiences about PIX4D Solutions,https://community.pix4d.com/,,en; zh,AGRICULTURE_GARDENING,AGRICULTURE_GARDENING; NEWS_POLITICS_SOCIETY,OTHER,ACTIVE,75,Ahrefs,2026-08-26
pixelarch.forumotion.net,https://pixelarch.forumotion.net/forum,,en,SPORTS_FITNESS,SPORTS_FITNESS; ARCHITECTURE_DESIGN; FOOD_COOKING; NEWS_POLITICS_SOCIETY,HOBBY_COMMUNITY,DORMANT,60,Ahrefs,2026-08-26
pixelempire.forumieren.de,https://pixelempire.forumieren.de/,,,CREATIVE_DESIGN,CREATIVE_DESIGN,INDEPENDENT,UNKNOWN,68,Ahrefs,2026-08-26
pixielott.forumotion.co.uk,https://pixielott.forumotion.co.uk/forum,,en,GENERAL_MULTI_TOPIC,GENERAL_MULTI_TOPIC; MUSIC_ENTERTAINMENT_CULTURE; NEWS_POLITICS_SOCIETY,INDEPENDENT,ACTIVE,52,Ahrefs,2026-08-26
pixielott.serbianforum.info,https://pixielott.serbianforum.info/forum,,,SPORTS_FITNESS,SPORTS_FITNESS; MUSIC_ENTERTAINMENT_CULTURE,HOBBY_COMMUNITY,ACTIVE,28,Ahrefs,2026-08-26
pkemonrp.rpg-board.net,https://pkemonrp.rpg-board.net/,,,GAMING_ESPORTS,GAMING_ESPORTS,INDEPENDENT,ACTIVE,57,Ahrefs,2026-08-26
Plain Text Accounting forum - PTA forum,https://forum.plaintextaccounting.org/,,en,FINANCE_INVESTING_BANKING,FINANCE_INVESTING_BANKING; NEWS_POLITICS_SOCIETY,OTHER,ACTIVE,54,Ahrefs,2026-08-26
Planaday,https://praatmee.planaday.nl/,,nl,AI_DATA,AI_DATA; EDUCATION_STUDENTS,OTHER,ACTIVE,34,Ahrefs,2026-08-26
Playdate Developer Forum - Learn all about developing for Playdate.,https://devforum.play.date/,,en,PROGRAMMING_DEVELOPMENT,PROGRAMMING_DEVELOPMENT,OTHER,ACTIVE,74,Ahrefs,2026-08-26
Plex Forum,https://forums.plex.tv/,,ar; en,GENERAL_MULTI_TOPIC,GENERAL_MULTI_TOPIC,OTHER,ACTIVE,83,Ahrefs,2026-08-26
"Plotly Community Forum - Community Forum for AI data analytics, Python Data Visualization, Data Apps, and Dashboards | Plotly",https://community.plotly.com/,,en,PROGRAMMING_DEVELOPMENT,PROGRAMMING_DEVELOPMENT,OTHER,ACTIVE,85,Ahrefs,2026-08-26
plusanime.rpg-board.net,https://plusanime.rpg-board.net/,,en,FINANCE_INVESTING_BANKING,FINANCE_INVESTING_BANKING; GAMING_ESPORTS,INDEPENDENT,ACTIVE,57,Ahrefs,2026-08-26
pmanager.rpg-board.net,https://pmanager.rpg-board.net/,,,GAMING_ESPORTS,GAMING_ESPORTS,INDEPENDENT,UNKNOWN,57,Ahrefs,2026-08-26
pmd-roleplay.forumotion.org,https://pmd-roleplay.forumotion.org/,,en,TRAVEL_EXPAT_IMMIGRATION,TRAVEL_EXPAT_IMMIGRATION; GAMING_ESPORTS; NEWS_POLITICS_SOCIETY,HOBBY_COMMUNITY,ACTIVE,27,Ahrefs,2026-08-26
pnpde.social Forum,https://forum.pnpde.social/,,de,GAMING_ESPORTS,GAMING_ESPORTS; NEWS_POLITICS_SOCIETY,OTHER,ACTIVE,57,Ahrefs,2026-08-26
pnspunishers.rpg-board.net,https://pnspunishers.rpg-board.net/,,en,GAMING_ESPORTS,GAMING_ESPORTS,INDEPENDENT,DORMANT,57,Ahrefs,2026-08-26
Pocket Community,https://community.heypocket.com/,,en,TRANSPORT_LOGISTICS,TRANSPORT_LOGISTICS,OTHER,ACTIVE,49,Ahrefs,2026-08-26
Podkasts - Red de oyentes de podkasts y radios libres,https://red.podkasts.org/,,es,GENERAL_MULTI_TOPIC,GENERAL_MULTI_TOPIC,OTHER,ACTIVE,13,Ahrefs,2026-08-26
Podtalk Community - Help for indie podcasters!,https://forum.podcaster.community/,,,GENERAL_MULTI_TOPIC,GENERAL_MULTI_TOPIC,OTHER,ACTIVE,12,Ahrefs,2026-08-26
poetryfantasy.editboard.com,https://poetryfantasy.editboard.com/forum,,en,SPORTS_FITNESS,SPORTS_FITNESS; MUSIC_ENTERTAINMENT_CULTURE,PROFESSIONAL_COMMUNITY,ACTIVE,52,Ahrefs,2026-08-26
poetryintheworks.editboard.com,https://poetryintheworks.editboard.com/,,en,ANIMALS_PETS,ANIMALS_PETS,PROFESSIONAL_COMMUNITY,DORMANT,52,Ahrefs,2026-08-26
pokemon-roleplay.rpg-board.net,https://pokemon-roleplay.rpg-board.net/,,,GAMING_ESPORTS,GAMING_ESPORTS; NEWS_POLITICS_SOCIETY,HOBBY_COMMUNITY,DORMANT,57,Ahrefs,2026-08-26
pokemon-rpg-portal.rpg-board.net,https://pokemon-rpg-portal.rpg-board.net/forum,,,GAMING_ESPORTS,GAMING_ESPORTS,INDEPENDENT,ACTIVE,57,Ahrefs,2026-08-26
pokemon-rpg.forumotion.co.uk,https://pokemon-rpg.forumotion.co.uk/,,en,FINANCE_INVESTING_BANKING,FINANCE_INVESTING_BANKING; GAMING_ESPORTS,INDEPENDENT,DORMANT,52,Ahrefs,2026-08-26
pokemonbattle.forumotion.co.uk,https://pokemonbattle.forumotion.co.uk/,,,GAMING_ESPORTS,GAMING_ESPORTS,INDEPENDENT,DORMANT,52,Ahrefs,2026-08-26
pokemondarknessrpg.rpg-board.net,https://pokemondarknessrpg.rpg-board.net/,,en,GAMING_ESPORTS,GAMING_ESPORTS; NEWS_POLITICS_SOCIETY,INDEPENDENT,ACTIVE,57,Ahrefs,2026-08-26
pokemoneliterpg.rpg-board.net,https://pokemoneliterpg.rpg-board.net/forum,,,GENERAL_MULTI_TOPIC,GENERAL_MULTI_TOPIC; GAMING_ESPORTS; NEWS_POLITICS_SOCIETY,INDEPENDENT,DORMANT,57,Ahrefs,2026-08-26
pokemongenesis.rpg-board.net,https://pokemongenesis.rpg-board.net/,,en,ECOMMERCE_MARKETPLACES,ECOMMERCE_MARKETPLACES; GAMING_ESPORTS,HOBBY_COMMUNITY,ACTIVE,57,Ahrefs,2026-08-26
pokemonrift.rpg-board.net,https://pokemonrift.rpg-board.net/,,,GAMING_ESPORTS,GAMING_ESPORTS; MUSIC_ENTERTAINMENT_CULTURE,INDEPENDENT,ACTIVE,57,Ahrefs,2026-08-26
pokemonsaga.rpg-board.net,https://pokemonsaga.rpg-board.net/,,,GAMING_ESPORTS,GAMING_ESPORTS,INDEPENDENT,ACTIVE,57,Ahrefs,2026-08-26
pokemonshishidou.rpg-board.net,https://pokemonshishidou.rpg-board.net/,,en,GAMING_ESPORTS,GAMING_ESPORTS,HOBBY_COMMUNITY,DORMANT,57,Ahrefs,2026-08-26
pokenaruto.rpg-board.net,https://pokenaruto.rpg-board.net/,,en,GAMING_ESPORTS,GAMING_ESPORTS,HOBBY_COMMUNITY,ACTIVE,57,Ahrefs,2026-08-26
Poker Stack Exchange,https://poker.stackexchange.com/,,en,GAMING_ESPORTS,GAMING_ESPORTS,Q_AND_A,UNKNOWN,91,Ahrefs,2026-08-26
pokerdepositpulsa.forumotion.asia,https://pokerdepositpulsa.forumotion.asia/,,,GENERAL_MULTI_TOPIC,GENERAL_MULTI_TOPIC,INDEPENDENT,DORMANT,33,Ahrefs,2026-08-26
pokerplayersonline.forumotion.net,https://pokerplayersonline.forumotion.net/,,en,SPORTS_FITNESS,SPORTS_FITNESS,HOBBY_COMMUNITY,ACTIVE,60,Ahrefs,2026-08-26
pokerpulsa.forumotion.asia,https://pokerpulsa.forumotion.asia/,,,GENERAL_MULTI_TOPIC,GENERAL_MULTI_TOPIC,INDEPENDENT,ACTIVE,33,Ahrefs,2026-08-26
Politics Stack Exchange,https://politics.stackexchange.com/,,en,TRAVEL_EXPAT_IMMIGRATION,TRAVEL_EXPAT_IMMIGRATION; LEGAL; NEWS_POLITICS_SOCIETY,Q_AND_A,UNKNOWN,91,Ahrefs,2026-08-26
Polkadot Forum - A place for Polkadot Pioneers to discuss the future,https://forum.polkadot.network/,,en,GENERAL_MULTI_TOPIC,GENERAL_MULTI_TOPIC,OTHER,ACTIVE,77,Ahrefs,2026-08-26
Polyend Backstage - The official Polyend community,https://backstage.polyend.com/,,en,GENERAL_MULTI_TOPIC,GENERAL_MULTI_TOPIC,OTHER,ACTIVE,48,Ahrefs,2026-08-26
poog.rpg-board.net,https://poog.rpg-board.net/,,,GAMING_ESPORTS,GAMING_ESPORTS,INDEPENDENT,UNKNOWN,57,Ahrefs,2026-08-26
Portuguese Language Stack Exchange,https://portuguese.stackexchange.com/,,en,EDUCATION_STUDENTS,EDUCATION_STUDENTS,Q_AND_A,UNKNOWN,91,Ahrefs,2026-08-26
potions-master.rpg-board.net,https://potions-master.rpg-board.net/forum,,en,GAMING_ESPORTS,GAMING_ESPORTS,INDEPENDENT,DORMANT,57,Ahrefs,2026-08-26
pousthdeswebmouses.rpg-board.net,https://pousthdeswebmouses.rpg-board.net/,,,GAMING_ESPORTS,GAMING_ESPORTS; NEWS_POLITICS_SOCIETY,INDEPENDENT,DORMANT,57,Ahrefs,2026-08-26
PowerShell Forums - PowerShell community forums,https://forums.powershell.org/,,en,BUSINESS_ENTREPRENEURSHIP,BUSINESS_ENTREPRENEURSHIP,OTHER,ACTIVE,60,Ahrefs,2026-08-26
Pragmatic Entrepreneurs Forum - Forum francophone d'entrepreneurs et freelances,https://forum.pragmaticentrepreneurs.com/,,fr,GENERAL_MULTI_TOPIC,GENERAL_MULTI_TOPIC; MARKETING_SEO_GROWTH; BUSINESS_ENTREPRENEURSHIP; CAREERS_HR_RECRUITMENT; ANIMALS_PETS,OTHER,ACTIVE,17,Ahrefs,2026-08-26
preCICE Forum on Discourse,https://precice.discourse.group/,,en,CAREERS_HR_RECRUITMENT,CAREERS_HR_RECRUITMENT; NEWS_POLITICS_SOCIETY,OTHER,ACTIVE,81,Ahrefs,2026-08-26
PrePoMax - PrePoMax at Discourse,https://prepomax.discourse.group/,,en,NEWS_POLITICS_SOCIETY,NEWS_POLITICS_SOCIETY,OTHER,ACTIVE,81,Ahrefs,2026-08-26
pridesofporttown.rpg-board.net,https://pridesofporttown.rpg-board.net/,,en,HEALTH_MEDICINE,HEALTH_MEDICINE; GAMING_ESPORTS; ANIMALS_PETS; CREATIVE_DESIGN,INDEPENDENT,ACTIVE,57,Ahrefs,2026-08-26
primalserenade.rpg-board.net,https://primalserenade.rpg-board.net/forum,,,GAMING_ESPORTS,GAMING_ESPORTS; ANIMALS_PETS,INDEPENDENT,ACTIVE,57,Ahrefs,2026-08-26
primusninja.rpg-board.net,https://primusninja.rpg-board.net/,,,GAMING_ESPORTS,GAMING_ESPORTS; NEWS_POLITICS_SOCIETY,INDEPENDENT,ACTIVE,57,Ahrefs,2026-08-26
princesdomain.rpg-board.net,https://princesdomain.rpg-board.net/forum,,en,GAMING_ESPORTS,GAMING_ESPORTS; NEWS_POLITICS_SOCIETY,INDEPENDENT,ACTIVE,57,Ahrefs,2026-08-26
"Prismic People - Here you can search for common questions, comment in ongoing conversations, and pose questions of your own to find out everything you could want to know about usin",https://community.prismic.io/,,en,GENERAL_MULTI_TOPIC,GENERAL_MULTI_TOPIC; LEGAL,OTHER,ACTIVE,88,Ahrefs,2026-08-26
"Privacy Guides Community - The largest personal privacy forum - Ask questions, find consumer privacy tools, and stay informed",https://discuss.privacyguides.net/,,en,TECHNOLOGY_SOFTWARE,TECHNOLOGY_SOFTWARE; NEWS_POLITICS_SOCIETY; CONSUMER_DEALS_REVIEWS,OTHER,ACTIVE,56,Ahrefs,2026-08-26
Processing Community Forum,https://discourse.processing.org/,,en,PROGRAMMING_DEVELOPMENT,PROGRAMMING_DEVELOPMENT,OTHER,ACTIVE,81,Ahrefs,2026-08-26
prodeo.actieforum.com,https://prodeo.actieforum.com/,,en,TECHNOLOGY_SOFTWARE,TECHNOLOGY_SOFTWARE; SCIENCE; MUSIC_ENTERTAINMENT_CULTURE,INDEPENDENT,ACTIVE,53,Ahrefs,2026-08-26
Programming Language Design and Implementation Stack Exchange,https://langdev.stackexchange.com/,,en,PROGRAMMING_DEVELOPMENT,PROGRAMMING_DEVELOPMENT; TECHNOLOGY_SOFTWARE,Q_AND_A,UNKNOWN,91,Ahrefs,2026-08-26
Progression Project Forum - Progression Project Foil Forum,https://forum.progressionproject.com/,,en,EDUCATION_STUDENTS,EDUCATION_STUDENTS; TRAVEL_EXPAT_IMMIGRATION,OTHER,ACTIVE,16,Ahrefs,2026-08-26
Project Management Stack Exchange,https://pm.stackexchange.com/,,,BUSINESS_ENTREPRENEURSHIP,BUSINESS_ENTREPRENEURSHIP; EDUCATION_STUDENTS; CONSUMER_DEALS_REVIEWS,Q_AND_A,UNKNOWN,91,Ahrefs,2026-08-26
projectshinobi.forumotion.co.uk,https://projectshinobi.forumotion.co.uk/,,en,GAMING_ESPORTS,GAMING_ESPORTS; NEWS_POLITICS_SOCIETY,INDEPENDENT,ACTIVE,52,Ahrefs,2026-08-26
"Prominence Poker - A place to share, connect, discuss, and challenge",https://community.pipeworks.com/,,en,GENERAL_MULTI_TOPIC,GENERAL_MULTI_TOPIC,OTHER,ACTIVE,45,Ahrefs,2026-08-26
promisedisland.rpg-board.net,https://promisedisland.rpg-board.net/,,,GAMING_ESPORTS,GAMING_ESPORTS,INDEPENDENT,ACTIVE,57,Ahrefs,2026-08-26
promopokeronline.forumotion.asia,https://promopokeronline.forumotion.asia/,,,GENERAL_MULTI_TOPIC,GENERAL_MULTI_TOPIC,INDEPENDENT,ACTIVE,33,Ahrefs,2026-08-26
Proof Assistants Stack Exchange,https://proofassistants.stackexchange.com/,,en,TECHNOLOGY_SOFTWARE,TECHNOLOGY_SOFTWARE,Q_AND_A,UNKNOWN,91,Ahrefs,2026-08-26
Property Success with NEW KIDS - Rebalancing the real estate equation for all!,https://newkids.discourse.group/,,en,GENERAL_MULTI_TOPIC,GENERAL_MULTI_TOPIC; ECOMMERCE_MARKETPLACES; BUSINESS_ENTREPRENEURSHIP; CAREERS_HR_RECRUITMENT; EDUCATION_STUDENTS,Q_AND_A,ACTIVE,81,Ahrefs,2026-08-26
PS Audio,https://forum.psaudio.com/,,,GENERAL_MULTI_TOPIC,GENERAL_MULTI_TOPIC; MUSIC_ENTERTAINMENT_CULTURE,OTHER,ACTIVE,62,Ahrefs,2026-08-26
PSAppDeployToolkit Community,https://discourse.psappdeploytoolkit.com/,,en,GENERAL_MULTI_TOPIC,GENERAL_MULTI_TOPIC,OTHER,ACTIVE,51,Ahrefs,2026-08-26
Psychology & Neuroscience Stack Exchange,https://psychology.stackexchange.com/,,en,TECHNOLOGY_SOFTWARE,TECHNOLOGY_SOFTWARE; EDUCATION_STUDENTS; SCIENCE,Q_AND_A,UNKNOWN,91,Ahrefs,2026-08-26
PsychoPy,https://discourse.psychopy.org/,,en,PROGRAMMING_DEVELOPMENT,PROGRAMMING_DEVELOPMENT; CAREERS_HR_RECRUITMENT; CONSTRUCTION,OTHER,ACTIVE,63,Ahrefs,2026-08-26
psyrenreborn.rpg-board.net,https://psyrenreborn.rpg-board.net/,,,GAMING_ESPORTS,GAMING_ESPORTS,INDEPENDENT,ACTIVE,57,Ahrefs,2026-08-26
ptts.rpg-board.net,https://ptts.rpg-board.net/forum,,en,GAMING_ESPORTS,GAMING_ESPORTS; AGRICULTURE_GARDENING; MUSIC_ENTERTAINMENT_CULTURE; FOOD_COOKING,INDEPENDENT,ACTIVE,57,Ahrefs,2026-08-26
PurpleAir Community - Your Air Quality Forum,https://community.purpleair.com/,,en,TRANSPORT_LOGISTICS,TRANSPORT_LOGISTICS,OTHER,ACTIVE,76,Ahrefs,2026-08-26
Push Language Discourse,https://discourse.pushlanguage.org/,,,GENERAL_MULTI_TOPIC,GENERAL_MULTI_TOPIC,OTHER,ACTIVE,5,Ahrefs,2026-08-26
Puzzle Quest 3 Community - Puzzle Quest 3 Community,https://community.puzzlequest3.com/,,en,PROGRAMMING_DEVELOPMENT,PROGRAMMING_DEVELOPMENT; NEWS_POLITICS_SOCIETY,OTHER,ACTIVE,31,Ahrefs,2026-08-26
Puzzling Stack Exchange,https://puzzling.stackexchange.com/,,en,SCIENCE,SCIENCE,Q_AND_A,UNKNOWN,91,Ahrefs,2026-08-26
pwdev.rpg-board.net,https://pwdev.rpg-board.net/forum,,,TECHNOLOGY_SOFTWARE,TECHNOLOGY_SOFTWARE; GAMING_ESPORTS; CREATIVE_DESIGN; MUSIC_ENTERTAINMENT_CULTURE,INDEPENDENT,ACTIVE,57,Ahrefs,2026-08-26
PyMC Discourse,https://discourse.pymc.io/,,en,CAREERS_HR_RECRUITMENT,CAREERS_HR_RECRUITMENT; NEWS_POLITICS_SOCIETY,OTHER,ACTIVE,67,Ahrefs,2026-08-26
PYNQ - This forum is for questions related to the PYNQ (Python productivity for Zynq) open source project from Xilinx. See the PYNQ webpage www.pynq.io for details on the PYNQ proj,https://discuss.pynq.io/,,en,PROGRAMMING_DEVELOPMENT,PROGRAMMING_DEVELOPMENT; TECHNOLOGY_SOFTWARE,OTHER,ACTIVE,51,Ahrefs,2026-08-26
Pyth Developer Forum,https://dev-forum.pyth.network/,,en,PROGRAMMING_DEVELOPMENT,PROGRAMMING_DEVELOPMENT,OTHER,ACTIVE,76,Ahrefs,2026-08-26
PyTorch Developer Mailing List,https://dev-discuss.pytorch.org/,,en,PROGRAMMING_DEVELOPMENT,PROGRAMMING_DEVELOPMENT; TECHNOLOGY_SOFTWARE,OTHER,ACTIVE,86,Ahrefs,2026-08-26
PyTorchKR - PyTorchKR | 파이토치 한국어 커뮤니티,https://discuss.pytorch.kr/,,ko,GENERAL_MULTI_TOPIC,GENERAL_MULTI_TOPIC,OTHER,ACTIVE,35,Ahrefs,2026-08-26
QField community - QField community,https://community.qfield.org/,,en,TECHNOLOGY_SOFTWARE,TECHNOLOGY_SOFTWARE,OTHER,ACTIVE,62,Ahrefs,2026-08-26
Qoder forum - Think Deeper. Build Better.,https://forum.qoder.com/,,,PROGRAMMING_DEVELOPMENT,PROGRAMMING_DEVELOPMENT; TECHNOLOGY_SOFTWARE,OTHER,ACTIVE,71,Ahrefs,2026-08-26
Quantitative Finance Stack Exchange,https://quant.stackexchange.com/,,en,FINANCE_INVESTING_BANKING,FINANCE_INVESTING_BANKING; BUSINESS_ENTREPRENEURSHIP,Q_AND_A,UNKNOWN,91,Ahrefs,2026-08-26
Quantum Computing Stack Exchange,https://quantumcomputing.stackexchange.com/,,en,ENGINEERING,ENGINEERING,Q_AND_A,UNKNOWN,91,Ahrefs,2026-08-26
Quarter To Three Forums - Qt3 Forums,https://forum.quartertothree.com/,,en,GENERAL_MULTI_TOPIC,GENERAL_MULTI_TOPIC; TECHNOLOGY_SOFTWARE; MUSIC_ENTERTAINMENT_CULTURE,OTHER,ACTIVE,53,Ahrefs,2026-08-26
"QuestDB Community - For developers, by developers. Interact with the QuestDB developers and the open source community.",https://community.questdb.com/,,en; zh,GENERAL_MULTI_TOPIC,GENERAL_MULTI_TOPIC,OTHER,ACTIVE,70,Ahrefs,2026-08-26
r-1616motoclub.forummotion.com,https://r-1616motoclub.forummotion.com/,,en,AUTOMOTIVE,AUTOMOTIVE; NEWS_POLITICS_SOCIETY,INDEPENDENT,ACTIVE,45,Ahrefs,2026-08-26
"rabbit community // break free - the official forum for rabbit, creators of the r1 and large action model",https://forum.rabbitcommunity.tech/,,en; zh,GAMING_ESPORTS,GAMING_ESPORTS; MUSIC_ENTERTAINMENT_CULTURE,HOBBY_COMMUNITY,ACTIVE,14,Ahrefs,2026-08-26
Radicals' Lounge,https://forum.soundradix.com/,,en,GENERAL_MULTI_TOPIC,GENERAL_MULTI_TOPIC; NEWS_POLITICS_SOCIETY,OTHER,ACTIVE,53,Ahrefs,2026-08-26
ragnarokrp.rpg-board.net,https://ragnarokrp.rpg-board.net/,,,GAMING_ESPORTS,GAMING_ESPORTS,INDEPENDENT,ACTIVE,57,Ahrefs,2026-08-26
ran-xtreme.rpg-board.net,https://ran-xtreme.rpg-board.net/forum,,,GAMING_ESPORTS,GAMING_ESPORTS,INDEPENDENT,ACTIVE,57,Ahrefs,2026-08-26
randomskittles.rpg-board.net,https://randomskittles.rpg-board.net/,,en,GAMING_ESPORTS,GAMING_ESPORTS,INDEPENDENT,DORMANT,57,Ahrefs,2026-08-26
raovat.yoo7.com,https://raovat.yoo7.com/,,,GENERAL_MULTI_TOPIC,GENERAL_MULTI_TOPIC,INDEPENDENT,UNKNOWN,56,Ahrefs,2026-08-26
rapidrose.forum.st,https://rapidrose.forum.st/forum,,en,GENERAL_MULTI_TOPIC,GENERAL_MULTI_TOPIC,INDEPENDENT,UNKNOWN,40,Ahrefs,2026-08-26
RapidWeaver Elements Forum - Elements Forum,https://forums.realmacsoftware.com/,,en,WEB_HOSTING_DOMAINS,WEB_HOSTING_DOMAINS,OTHER,ACTIVE,75,Ahrefs,2026-08-26
"Rapyd Community - Changing the way developers around the world build applications that send, receive, and hold money.",https://community.rapyd.net/,,en,GENERAL_MULTI_TOPIC,GENERAL_MULTI_TOPIC; FINANCE_INVESTING_BANKING; PROGRAMMING_DEVELOPMENT; CYBERSECURITY_IT; BUSINESS_ENTREPRENEURSHIP,OTHER,ACTIVE,75,Ahrefs,2026-08-26
Raspberry Pi Stack Exchange,https://raspberrypi.stackexchange.com/,,en,PROGRAMMING_DEVELOPMENT,PROGRAMMING_DEVELOPMENT; WEB_HOSTING_DOMAINS; TECHNOLOGY_SOFTWARE,Q_AND_A,UNKNOWN,91,Ahrefs,2026-08-26
Ray - Join the Ray community!,https://discuss.ray.io/,,en,GENERAL_MULTI_TOPIC,GENERAL_MULTI_TOPIC,OTHER,ACTIVE,76,Ahrefs,2026-08-26
rayquinn.forumotion.net,https://rayquinn.forumotion.net/,,en,NEWS_POLITICS_SOCIETY,NEWS_POLITICS_SOCIETY; CONSUMER_DEALS_REVIEWS,INDEPENDENT,ACTIVE,60,Ahrefs,2026-08-26
rbelysium.rpg-board.net,https://rbelysium.rpg-board.net/,,en,GAMING_ESPORTS,GAMING_ESPORTS,HOBBY_COMMUNITY,DORMANT,57,Ahrefs,2026-08-26
rcmb.forumotion.com,https://rcmb.forumotion.com/,,en,HOBBIES_COLLECTING_OUTDOORS,HOBBIES_COLLECTING_OUTDOORS,INDEPENDENT,ACTIVE,77,Ahrefs,2026-08-26
ReachBack - ReachBack,https://reachback.builtintelligence.com/,,en,HEALTH_MEDICINE,HEALTH_MEDICINE; CONSTRUCTION; AGRICULTURE_GARDENING; LEGAL,OTHER,ACTIVE,38,Ahrefs,2026-08-26
readfairytailrebirth.rpg-board.net,https://readfairytailrebirth.rpg-board.net/,,,CAREERS_HR_RECRUITMENT,CAREERS_HR_RECRUITMENT; GAMING_ESPORTS,INDEPENDENT,DORMANT,57,Ahrefs,2026-08-26
"Readymag Forum - The place for Readymag users to ask questions, share knowledge, and learn.",https://forum.readymag.com/,,en,ECOMMERCE_MARKETPLACES,ECOMMERCE_MARKETPLACES; CAREERS_HR_RECRUITMENT,OTHER,ACTIVE,80,Ahrefs,2026-08-26
Real World Users,https://forums.rwusers.com/,,en,TECHNOLOGY_SOFTWARE,TECHNOLOGY_SOFTWARE; NEWS_POLITICS_SOCIETY; CONSUMER_DEALS_REVIEWS,OTHER,ACTIVE,0,Ahrefs,2026-08-26
RealEquity Developer Forum - Real estate platform of the future,https://developerforum.realequity.dk/,,en,PROGRAMMING_DEVELOPMENT,PROGRAMMING_DEVELOPMENT; CYBERSECURITY_IT,OTHER,ACTIVE,65,Ahrefs,2026-08-26
reanimated.rpg-board.net,https://reanimated.rpg-board.net/,,en,GAMING_ESPORTS,GAMING_ESPORTS,HOBBY_COMMUNITY,UNKNOWN,57,Ahrefs,2026-08-26
Rebble Developer Forum - Rebble Dev,https://forum.rebble.io/,,en,GENERAL_MULTI_TOPIC,GENERAL_MULTI_TOPIC; PROGRAMMING_DEVELOPMENT; TECHNOLOGY_SOFTWARE; NEWS_POLITICS_SOCIETY,OTHER,ACTIVE,60,Ahrefs,2026-08-26
recipefun.forumotion.net,https://recipefun.forumotion.net/,,en,FOOD_COOKING,FOOD_COOKING,INDEPENDENT,UNKNOWN,60,Ahrefs,2026-08-26
red-like-roses.rpg-board.net,https://red-like-roses.rpg-board.net/forum,,en,GAMING_ESPORTS,GAMING_ESPORTS,INDEPENDENT,DORMANT,57,Ahrefs,2026-08-26
refreshed.rpg-board.net,https://refreshed.rpg-board.net/,,en,GAMING_ESPORTS,GAMING_ESPORTS,INDEPENDENT,ACTIVE,57,Ahrefs,2026-08-26
refugeofallis.rpg-board.net,https://refugeofallis.rpg-board.net/,,en,GAMING_ESPORTS,GAMING_ESPORTS,INDEPENDENT,ACTIVE,57,Ahrefs,2026-08-26
reloadedroleplay.rpg-board.net,https://reloadedroleplay.rpg-board.net/,,,GAMING_ESPORTS,GAMING_ESPORTS,HOBBY_COMMUNITY,UNKNOWN,57,Ahrefs,2026-08-26
renaultwind.forumotion.co.uk,https://renaultwind.forumotion.co.uk/,,en,ECOMMERCE_MARKETPLACES,ECOMMERCE_MARKETPLACES; AUTOMOTIVE; NEWS_POLITICS_SOCIETY,HOBBY_COMMUNITY,UNKNOWN,52,Ahrefs,2026-08-26
rennysforum.rpg-board.net,https://rennysforum.rpg-board.net/,,,GAMING_ESPORTS,GAMING_ESPORTS,INDEPENDENT,UNKNOWN,57,Ahrefs,2026-08-26
"Repeal OBBBA Forum - Repeal the One Big Beautiful Bill Act - Information, discussion, stories, impact AND state by state district by district accountability.",https://forum.repealobbba.org/,,en,LEGAL,LEGAL,OTHER,ACTIVE,8,Ahrefs,2026-08-26
Replit Community Forum - Connect & build with Replit's community of software creators.,https://replit.discourse.group/,,en,TECHNOLOGY_SOFTWARE,TECHNOLOGY_SOFTWARE,OTHER,ACTIVE,81,Ahrefs,2026-08-26
ResetEra,https://resetera.com/,,en,TECHNOLOGY_SOFTWARE,TECHNOLOGY_SOFTWARE; GAMING_ESPORTS; NEWS_POLITICS_SOCIETY,HOBBY_COMMUNITY,ACTIVE,72,Ahrefs,2026-08-27
resita-network.rpg-board.net,https://resita-network.rpg-board.net/,,,GAMING_ESPORTS,GAMING_ESPORTS,INDEPENDENT,ACTIVE,57,Ahrefs,2026-08-26
Resolute Legal's Disability Claim Forum,https://forum.resolutelegal.ca/,Canada,en,GENERAL_MULTI_TOPIC,GENERAL_MULTI_TOPIC; LEGAL,LOCAL_REGIONAL,ACTIVE,26,Ahrefs,2026-08-26
resonanceofthesouls.rpg-board.net,https://resonanceofthesouls.rpg-board.net/,,,GAMING_ESPORTS,GAMING_ESPORTS; NEWS_POLITICS_SOCIETY,INDEPENDENT,ACTIVE,57,Ahrefs,2026-08-26
resurreccion.rpg-board.net,https://resurreccion.rpg-board.net/,,,GAMING_ESPORTS,GAMING_ESPORTS; NEWS_POLITICS_SOCIETY,INDEPENDENT,ACTIVE,57,Ahrefs,2026-08-26
Retool Forum,https://community.retool.com/,,en,BUSINESS_ENTREPRENEURSHIP,BUSINESS_ENTREPRENEURSHIP,OTHER,ACTIVE,81,Ahrefs,2026-08-26
Retro Game Boards,https://retrogameboards.com/,,,GAMING_ESPORTS,GAMING_ESPORTS,HOBBY_COMMUNITY,ACTIVE,15,Ahrefs,2026-08-26
Retrocomputing Stack Exchange,https://retrocomputing.stackexchange.com/,,en,TECHNOLOGY_SOFTWARE,TECHNOLOGY_SOFTWARE; GAMING_ESPORTS; NEWS_POLITICS_SOCIETY,Q_AND_A,UNKNOWN,91,Ahrefs,2026-08-26
revansfist.rpg-board.net,https://revansfist.rpg-board.net/forum,,en,GAMING_ESPORTS,GAMING_ESPORTS,INDEPENDENT,ACTIVE,57,Ahrefs,2026-08-26
Reverse Engineering Stack Exchange,https://reverseengineering.stackexchange.com/,,en,CYBERSECURITY_IT,CYBERSECURITY_IT; TECHNOLOGY_SOFTWARE; ENGINEERING,Q_AND_A,UNKNOWN,91,Ahrefs,2026-08-26
revolution-uk6.forumotion.net,https://revolution-uk6.forumotion.net/,,,GENERAL_MULTI_TOPIC,GENERAL_MULTI_TOPIC,INDEPENDENT,ACTIVE,60,Ahrefs,2026-08-26
Revopoint 3D - The Difference you can Sense,https://forum.revopoint3d.com/,,en,TECHNOLOGY_SOFTWARE,TECHNOLOGY_SOFTWARE; PHOTOGRAPHY_VIDEO; NEWS_POLITICS_SOCIETY,OTHER,ACTIVE,58,Ahrefs,2026-08-26
Rewire Companion Forum - Stop fapping addiction,https://rewirecompanion.com/,,ar; en,GENERAL_MULTI_TOPIC,GENERAL_MULTI_TOPIC,OTHER,ACTIVE,10,Ahrefs,2026-08-26
rf-tactical.rpg-board.net,https://rf-tactical.rpg-board.net/,,,GAMING_ESPORTS,GAMING_ESPORTS; NEWS_POLITICS_SOCIETY,INDEPENDENT,UNKNOWN,57,Ahrefs,2026-08-26
rihannarocks.forum.st,https://rihannarocks.forum.st/,,,MUSIC_ENTERTAINMENT_CULTURE,MUSIC_ENTERTAINMENT_CULTURE,HOBBY_COMMUNITY,UNKNOWN,40,Ahrefs,2026-08-26
RIPE NCC Forum,https://forum.ripe.net/,,en,GENERAL_MULTI_TOPIC,GENERAL_MULTI_TOPIC,OTHER,ACTIVE,87,Ahrefs,2026-08-26
riseofninja.rpg-board.net,https://riseofninja.rpg-board.net/,,,GAMING_ESPORTS,GAMING_ESPORTS,HOBBY_COMMUNITY,ACTIVE,57,Ahrefs,2026-08-26
rivetroleplay.rpg-board.net,https://rivetroleplay.rpg-board.net/,,en,GAMING_ESPORTS,GAMING_ESPORTS; NEWS_POLITICS_SOCIETY,HOBBY_COMMUNITY,ACTIVE,57,Ahrefs,2026-08-26
Roboflow - Computer Vision Community,https://discuss.roboflow.com/,,en,TECHNOLOGY_SOFTWARE,TECHNOLOGY_SOFTWARE,OTHER,ACTIVE,77,Ahrefs,2026-08-26
Robot Framework - Robot Framework Community,https://forum.robotframework.org/,,en,PROGRAMMING_DEVELOPMENT,PROGRAMMING_DEVELOPMENT,OTHER,ACTIVE,73,Ahrefs,2026-08-26
Robotics Stack Exchange,https://robotics.stackexchange.com/,,en,EDUCATION_STUDENTS,EDUCATION_STUDENTS; ENGINEERING,Q_AND_A,UNKNOWN,91,Ahrefs,2026-08-26
"Robotime Community - Relax, Connect, and Discover DIY 3D Puzzles & Miniature House",https://community.robotime.com/,,en,ENGINEERING,ENGINEERING; HOME_DIY; CREATIVE_DESIGN; NEWS_POLITICS_SOCIETY,OTHER,ACTIVE,48,Ahrefs,2026-08-26
Rocket.Chat,https://forums.rocket.chat/,,en,CAREERS_HR_RECRUITMENT,CAREERS_HR_RECRUITMENT,OTHER,ACTIVE,79,Ahrefs,2026-08-26
rockingrockerz.rpg-board.net,https://rockingrockerz.rpg-board.net/forum,,,GENERAL_MULTI_TOPIC,GENERAL_MULTI_TOPIC; GAMING_ESPORTS; MUSIC_ENTERTAINMENT_CULTURE,INDEPENDENT,ACTIVE,57,Ahrefs,2026-08-26
Rocky Linux Forum - The community hub for the Rocky Linux project.,https://forums.rockylinux.org/,,en,ENGINEERING,ENGINEERING; GAMING_ESPORTS,HOBBY_COMMUNITY,ACTIVE,82,Ahrefs,2026-08-26
roguemuonline.rpg-board.net,https://roguemuonline.rpg-board.net/,,,GAMING_ESPORTS,GAMING_ESPORTS; CREATIVE_DESIGN; NEWS_POLITICS_SOCIETY,INDEPENDENT,ACTIVE,57,Ahrefs,2026-08-26
Role-playing Games Stack Exchange,https://rpg.stackexchange.com/,,en,GAMING_ESPORTS,GAMING_ESPORTS; NEWS_POLITICS_SOCIETY,Q_AND_A,UNKNOWN,91,Ahrefs,2026-08-26
roleplaycorner.rpg-board.net,https://roleplaycorner.rpg-board.net/,,,GAMING_ESPORTS,GAMING_ESPORTS; NEWS_POLITICS_SOCIETY,HOBBY_COMMUNITY,UNKNOWN,57,Ahrefs,2026-08-26
roleplayersdelight.rpg-board.net,https://roleplayersdelight.rpg-board.net/,,en,GAMING_ESPORTS,GAMING_ESPORTS; MUSIC_ENTERTAINMENT_CULTURE,HOBBY_COMMUNITY,DORMANT,57,Ahrefs,2026-08-26
roleplayhangout.rpg-board.net,https://roleplayhangout.rpg-board.net/forum,,en,GAMING_ESPORTS,GAMING_ESPORTS,INDEPENDENT,DORMANT,57,Ahrefs,2026-08-26
roleplayheaven.forumotion.net,https://roleplayheaven.forumotion.net/,,,MUSIC_ENTERTAINMENT_CULTURE,MUSIC_ENTERTAINMENT_CULTURE,INDEPENDENT,DORMANT,60,Ahrefs,2026-08-26
roleplaying.forummotion.com,https://roleplaying.forummotion.com/,,en,GAMING_ESPORTS,GAMING_ESPORTS,HOBBY_COMMUNITY,ACTIVE,45,Ahrefs,2026-08-26
roleplayingadventure.rpg-board.net,https://roleplayingadventure.rpg-board.net/,,en,GAMING_ESPORTS,GAMING_ESPORTS; MUSIC_ENTERTAINMENT_CULTURE,INDEPENDENT,DORMANT,57,Ahrefs,2026-08-26
roleplayparadisu.rpg-board.net,https://roleplayparadisu.rpg-board.net/,,en,GAMING_ESPORTS,GAMING_ESPORTS; NEWS_POLITICS_SOCIETY,HOBBY_COMMUNITY,UNKNOWN,57,Ahrefs,2026-08-26
roleplayspot.rpg-board.net,https://roleplayspot.rpg-board.net/,,en,GAMING_ESPORTS,GAMING_ESPORTS; MUSIC_ENTERTAINMENT_CULTURE; NEWS_POLITICS_SOCIETY,HOBBY_COMMUNITY,ACTIVE,57,Ahrefs,2026-08-26
romantictravel.forumieren.de,https://romantictravel.forumieren.de/,,,TRAVEL_EXPAT_IMMIGRATION,TRAVEL_EXPAT_IMMIGRATION,INDEPENDENT,ACTIVE,68,Ahrefs,2026-08-26
"RootsMagic Community - Ask, Share, Discuss",https://community.rootsmagic.com/,,en,TECHNOLOGY_SOFTWARE,TECHNOLOGY_SOFTWARE; PARENTING_FAMILY; NEWS_POLITICS_SOCIETY,OTHER,ACTIVE,72,Ahrefs,2026-08-26
Rose Hybridizers Association - The place to learn about rose breeding.,https://forum.rosehybridizers.org/,,en,GENERAL_MULTI_TOPIC,GENERAL_MULTI_TOPIC; HEALTH_MEDICINE; AGRICULTURE_GARDENING; MUSIC_ENTERTAINMENT_CULTURE,OTHER,ACTIVE,11,Ahrefs,2026-08-26
rotgm.rpg-board.net,https://rotgm.rpg-board.net/,,,GAMING_ESPORTS,GAMING_ESPORTS,INDEPENDENT,ACTIVE,57,Ahrefs,2026-08-26
Royal Osteoporosis Society Online Community,https://community.theros.org.uk/,,en,HEALTH_MEDICINE,HEALTH_MEDICINE; PARENTING_FAMILY; NEWS_POLITICS_SOCIETY,OTHER,ACTIVE,74,Ahrefs,2026-08-26
royalknights111.rpg-board.net,https://royalknights111.rpg-board.net/,,,GAMING_ESPORTS,GAMING_ESPORTS,INDEPENDENT,ACTIVE,57,Ahrefs,2026-08-26
royals-reborn.rpg-board.net,https://royals-reborn.rpg-board.net/,,en,GAMING_ESPORTS,GAMING_ESPORTS; NEWS_POLITICS_SOCIETY,INDEPENDENT,ACTIVE,57,Ahrefs,2026-08-26
rpcentral.forumotion.net,https://rpcentral.forumotion.net/,,en,GAMING_ESPORTS,GAMING_ESPORTS; NEWS_POLITICS_SOCIETY,INDEPENDENT,ACTIVE,60,Ahrefs,2026-08-26
RPG Foren,https://rpg-foren.com/,,de,TECHNOLOGY_SOFTWARE,TECHNOLOGY_SOFTWARE; GAMING_ESPORTS,OTHER,ACTIVE,7,Ahrefs,2026-08-26
RPG Trader Support,https://support.rpg-trader.com/,,en,GAMING_ESPORTS,GAMING_ESPORTS,OTHER,ACTIVE,46,Ahrefs,2026-08-26
rpg-eon.forumotion.eu,https://rpg-eon.forumotion.eu/,,,GAMING_ESPORTS,GAMING_ESPORTS,INDEPENDENT,UNKNOWN,42,Ahrefs,2026-08-26
rpg-naruto.rpg-board.net,https://rpg-naruto.rpg-board.net/,,,GAMING_ESPORTS,GAMING_ESPORTS,INDEPENDENT,ACTIVE,57,Ahrefs,2026-08-26
rpg-onepiece.rpg-board.net,https://rpg-onepiece.rpg-board.net/,,,GAMING_ESPORTS,GAMING_ESPORTS; GOVERNMENT_PUBLIC_SECTOR,INDEPENDENT,UNKNOWN,57,Ahrefs,2026-08-26
rpglounge.rpg-board.net,https://rpglounge.rpg-board.net/,,en,GAMING_ESPORTS,GAMING_ESPORTS; NEWS_POLITICS_SOCIETY; CONSUMER_DEALS_REVIEWS,HOBBY_COMMUNITY,ACTIVE,57,Ahrefs,2026-08-26
rpguniverse.rpg-board.net,https://rpguniverse.rpg-board.net/,,en,GAMING_ESPORTS,GAMING_ESPORTS,INDEPENDENT,ACTIVE,57,Ahrefs,2026-08-26
RTEMS Users - RTEMS Users,https://users.rtems.org/,,en,ARCHITECTURE_DESIGN,ARCHITECTURE_DESIGN,OTHER,ACTIVE,61,Ahrefs,2026-08-26
Ruby on Rails Discussions - Ruby on Rails Discussions,https://discuss.rubyonrails.org/,,,CYBERSECURITY_IT,CYBERSECURITY_IT,OTHER,ACTIVE,87,Ahrefs,2026-08-26
Ruby Users Forum - Discussion forum to connect with other Ruby users,https://rubyforum.org/,,en,EDUCATION_STUDENTS,EDUCATION_STUDENTS,OTHER,ACTIVE,30,Ahrefs,2026-08-26
runningwithreason.rpg-board.net,https://runningwithreason.rpg-board.net/,,en,GAMING_ESPORTS,GAMING_ESPORTS; AGRICULTURE_GARDENING,HOBBY_COMMUNITY,ACTIVE,57,Ahrefs,2026-08-26
Russian Language Stack Exchange,https://russian.stackexchange.com/,,en,EDUCATION_STUDENTS,EDUCATION_STUDENTS,Q_AND_A,UNKNOWN,91,Ahrefs,2026-08-26
Rust Internals,https://internals.rust-lang.org/,,en,GENERAL_MULTI_TOPIC,GENERAL_MULTI_TOPIC,OTHER,ACTIVE,90,Ahrefs,2026-08-26
rwbyunglued.rpg-board.net,https://rwbyunglued.rpg-board.net/,,en,GENERAL_MULTI_TOPIC,GENERAL_MULTI_TOPIC; GAMING_ESPORTS,HOBBY_COMMUNITY,ACTIVE,57,Ahrefs,2026-08-26
s2family.rpg-board.net,https://s2family.rpg-board.net/,,,GAMING_ESPORTS,GAMING_ESPORTS,INDEPENDENT,UNKNOWN,57,Ahrefs,2026-08-26
"Safe Community Forum - Governance, proposals and support",https://forum.safefoundation.org/,,en,GENERAL_MULTI_TOPIC,GENERAL_MULTI_TOPIC; PROGRAMMING_DEVELOPMENT; NEWS_POLITICS_SOCIETY,OTHER,ACTIVE,40,Ahrefs,2026-08-26
Safesky - Safeky' serious community,https://forum.safesky.app/,,,GENERAL_MULTI_TOPIC,GENERAL_MULTI_TOPIC,OTHER,ACTIVE,52,Ahrefs,2026-08-26
safesound.rpg-board.net,https://safesound.rpg-board.net/forum,,,GAMING_ESPORTS,GAMING_ESPORTS,HOBBY_COMMUNITY,DORMANT,57,Ahrefs,2026-08-26
sagaflyff.rpg-board.net,https://sagaflyff.rpg-board.net/,Philippines,,CAREERS_HR_RECRUITMENT,CAREERS_HR_RECRUITMENT; GAMING_ESPORTS; NEWS_POLITICS_SOCIETY,LOCAL_REGIONAL,ACTIVE,57,Ahrefs,2026-08-26
sahabat.forumotion.asia,https://sahabat.forumotion.asia/,,,GENERAL_MULTI_TOPIC,GENERAL_MULTI_TOPIC,INDEPENDENT,ACTIVE,33,Ahrefs,2026-08-26
SailPoint Developer Community - Learn. Build. Connect.,https://developer.sailpoint.com/discuss,,en,PROGRAMMING_DEVELOPMENT,PROGRAMMING_DEVELOPMENT; CYBERSECURITY_IT; CAREERS_HR_RECRUITMENT; NEWS_POLITICS_SOCIETY,OTHER,ACTIVE,78,Ahrefs,2026-08-26
saintermediary.canadaboard.net,https://saintermediary.canadaboard.net/,,en,MARKETING_SEO_GROWTH,MARKETING_SEO_GROWTH; LEGAL; NEWS_POLITICS_SOCIETY,INDEPENDENT,DORMANT,14,Ahrefs,2026-08-26
saky-paky.canadian-forum.com,https://saky-paky.canadian-forum.com/,,en,GENERAL_MULTI_TOPIC,GENERAL_MULTI_TOPIC,INDEPENDENT,ACTIVE,29,Ahrefs,2026-08-26
Salesforce Stack Exchange,https://salesforce.stackexchange.com/,,en,MARKETING_SEO_GROWTH,MARKETING_SEO_GROWTH; CYBERSECURITY_IT,Q_AND_A,UNKNOWN,91,Ahrefs,2026-08-26
SameBoat - Talk to someone in the same boat,https://sameboat.com/,,en,GENERAL_MULTI_TOPIC,GENERAL_MULTI_TOPIC; MARKETING_SEO_GROWTH; FINANCE_INVESTING_BANKING; BUSINESS_ENTREPRENEURSHIP; HEALTH_MEDICINE,OTHER,ACTIVE,4,Ahrefs,2026-08-26
sanctiterras.rpg-board.net,https://sanctiterras.rpg-board.net/,,,GAMING_ESPORTS,GAMING_ESPORTS; NEWS_POLITICS_SOCIETY,INDEPENDENT,DORMANT,57,Ahrefs,2026-08-26
Sanctuary - La communauté Sanctuary,https://forum.sanctuary.fr/,,fr,GENERAL_MULTI_TOPIC,GENERAL_MULTI_TOPIC,OTHER,ACTIVE,39,Ahrefs,2026-08-26
SanDisk Forums,https://forums.sandisk.com/,,en,NEWS_POLITICS_SOCIETY,NEWS_POLITICS_SOCIETY,OTHER,ACTIVE,82,Ahrefs,2026-08-26
SanForum.at,https://sanforum.at/,,de,NEWS_POLITICS_SOCIETY,NEWS_POLITICS_SOCIETY,OTHER,ACTIVE,4,Ahrefs,2026-08-26
sannin.rpg-board.net,https://sannin.rpg-board.net/forum,,,GAMING_ESPORTS,GAMING_ESPORTS; LEGAL,INDEPENDENT,ACTIVE,57,Ahrefs,2026-08-26
saor.rpg-board.net,https://saor.rpg-board.net/,,,GAMING_ESPORTS,GAMING_ESPORTS; NEWS_POLITICS_SOCIETY,INDEPENDENT,ACTIVE,57,Ahrefs,2026-08-26
sapphiremarri.rpg-board.net,https://sapphiremarri.rpg-board.net/,,,GAMING_ESPORTS,GAMING_ESPORTS,INDEPENDENT,ACTIVE,57,Ahrefs,2026-08-26
Sat4all,https://community.sat4all.com/,,,TELECOM_VOIP,TELECOM_VOIP; TECHNOLOGY_SOFTWARE,OTHER,ACTIVE,21,Ahrefs,2026-08-26
saudiarobia.rpg-board.net,https://saudiarobia.rpg-board.net/,,,GAMING_ESPORTS,GAMING_ESPORTS,INDEPENDENT,UNKNOWN,57,Ahrefs,2026-08-26
Saulala - Discourse,https://saulala.discourse.group/,,en,GENERAL_MULTI_TOPIC,GENERAL_MULTI_TOPIC,OTHER,ACTIVE,81,Ahrefs,2026-08-26
sausagemaking.forumotion.net,https://sausagemaking.forumotion.net/,,,FOOD_COOKING,FOOD_COOKING,HOBBY_COMMUNITY,ACTIVE,60,Ahrefs,2026-08-26
Save The Panel | DIY Alarm & Smart Home Community,https://discussion.savethepanel.com/,,en,CYBERSECURITY_IT,CYBERSECURITY_IT; HOME_DIY,PROFESSIONAL_COMMUNITY,ACTIVE,10,Ahrefs,2026-08-26
scaforum.rpg-board.net,https://scaforum.rpg-board.net/,,en,GENERAL_MULTI_TOPIC,GENERAL_MULTI_TOPIC; GAMING_ESPORTS; CREATIVE_DESIGN; NEWS_POLITICS_SOCIETY,INDEPENDENT,ACTIVE,57,Ahrefs,2026-08-26
Scaler Music - Community Forum - Scaler Music,https://forum.scalermusic.com/,,en,GENERAL_MULTI_TOPIC,GENERAL_MULTI_TOPIC; MUSIC_ENTERTAINMENT_CULTURE,OTHER,ACTIVE,35,Ahrefs,2026-08-26
Schizophrenia Support Forum,https://schizophreniasupport.discourse.group/,,en,EDUCATION_STUDENTS,EDUCATION_STUDENTS; HEALTH_MEDICINE; FOOD_COOKING; NEWS_POLITICS_SOCIETY,OTHER,ACTIVE,81,Ahrefs,2026-08-26
schoolofls.rpg-board.net,https://schoolofls.rpg-board.net/,,,EDUCATION_STUDENTS,EDUCATION_STUDENTS; GAMING_ESPORTS; HOBBIES_COLLECTING_OUTDOORS,INDEPENDENT,DORMANT,57,Ahrefs,2026-08-26
Science Fiction & Fantasy Stack Exchange,https://scifi.stackexchange.com/,,en,SCIENCE,SCIENCE; TRAVEL_EXPAT_IMMIGRATION; NEWS_POLITICS_SOCIETY,Q_AND_A,UNKNOWN,91,Ahrefs,2026-08-26
sclub.rpg-board.net,https://sclub.rpg-board.net/,,,GAMING_ESPORTS,GAMING_ESPORTS; SPORTS_FITNESS,HOBBY_COMMUNITY,ACTIVE,57,Ahrefs,2026-08-26
Scopely Explore Wayfarer Community,https://community.wayfarer.scopely.com/,,ja; en,GENERAL_MULTI_TOPIC,GENERAL_MULTI_TOPIC; NEWS_POLITICS_SOCIETY; CONSUMER_DEALS_REVIEWS,OTHER,ACTIVE,77,Ahrefs,2026-08-26
scribblesanddoodles.rpg-board.net,https://scribblesanddoodles.rpg-board.net/,,,GAMING_ESPORTS,GAMING_ESPORTS,HOBBY_COMMUNITY,DORMANT,57,Ahrefs,2026-08-26
scs-cruise.forum.st,https://scs-cruise.forum.st/,,en,GENERAL_MULTI_TOPIC,GENERAL_MULTI_TOPIC,INDEPENDENT,ACTIVE,40,Ahrefs,2026-08-26
ScyllaDB Community NoSQL Forum - Explore NoSQL topics as you learn from the ScyllaDB community,https://forum.scylladb.com/,,en,EDUCATION_STUDENTS,EDUCATION_STUDENTS,EDUCATION_COMMUNITY,ACTIVE,73,Ahrefs,2026-08-26
Seamly Patterns Forum - Seamly Forum,https://forum.seamly.io/,,en,GENERAL_MULTI_TOPIC,GENERAL_MULTI_TOPIC; PROGRAMMING_DEVELOPMENT; TECHNOLOGY_SOFTWARE; BUSINESS_ENTREPRENEURSHIP; CAREERS_HR_RECRUITMENT,INDUSTRY_COMMUNITY,ACTIVE,31,Ahrefs,2026-08-26
Search Guard Forum,https://forum.search-guard.com/,,en,GENERAL_MULTI_TOPIC,GENERAL_MULTI_TOPIC,OTHER,ACTIVE,59,Ahrefs,2026-08-26
seasonal-trackers.rpg-board.net,https://seasonal-trackers.rpg-board.net/,,en,GAMING_ESPORTS,GAMING_ESPORTS; ANIMALS_PETS,INDEPENDENT,ACTIVE,57,Ahrefs,2026-08-26
Seasoned Advice,https://cooking.stackexchange.com/,,en,FOOD_COOKING,FOOD_COOKING,Q_AND_A,UNKNOWN,91,Ahrefs,2026-08-26
secretsandlies.rpg-board.net,https://secretsandlies.rpg-board.net/,,,GENERAL_MULTI_TOPIC,GENERAL_MULTI_TOPIC; GAMING_ESPORTS; LEGAL,INDEPENDENT,ACTIVE,57,Ahrefs,2026-08-26
sempervivum.aforumfree.com,https://sempervivum.aforumfree.com/,Global,,AGRICULTURE_GARDENING,AGRICULTURE_GARDENING,INDEPENDENT,ACTIVE,41,Ahrefs,2026-08-26
"Sendbird Community - Join Sendbird experts online to ask questions, discuss projects, and help one another",https://community.sendbird.com/,,en,PROGRAMMING_DEVELOPMENT,PROGRAMMING_DEVELOPMENT; BUSINESS_ENTREPRENEURSHIP,OTHER,ACTIVE,75,Ahrefs,2026-08-26
sentougakuin.rpg-board.net,https://sentougakuin.rpg-board.net/forum,,en,GAMING_ESPORTS,GAMING_ESPORTS,HOBBY_COMMUNITY,UNKNOWN,57,Ahrefs,2026-08-26
seraphoftheend.rpg-board.net,https://seraphoftheend.rpg-board.net/,,,GAMING_ESPORTS,GAMING_ESPORTS; ANIMALS_PETS,INDEPENDENT,DORMANT,57,Ahrefs,2026-08-26
serbiaatxpam.rpg-board.net,https://serbiaatxpam.rpg-board.net/,,,GAMING_ESPORTS,GAMING_ESPORTS,INDEPENDENT,ACTIVE,57,Ahrefs,2026-08-26
Server Fault,https://serverfault.com/,,en,PROGRAMMING_DEVELOPMENT,PROGRAMMING_DEVELOPMENT,Q_AND_A,UNKNOWN,83,Ahrefs,2026-08-26
Servoy Community,https://forum.servoy.com/,,en,TECHNOLOGY_SOFTWARE,TECHNOLOGY_SOFTWARE,OTHER,ACTIVE,59,Ahrefs,2026-08-26
Settlement.Org Discussion Forum - Settlement.Org Discussion Forum | Information You Can Trust,https://discourse.settlement.org/,,en,GENERAL_MULTI_TOPIC,GENERAL_MULTI_TOPIC; EDUCATION_STUDENTS; HEALTH_MEDICINE; PARENTING_FAMILY; LEGAL,OTHER,ACTIVE,69,Ahrefs,2026-08-26
shadowxstorm.rpg-board.net,https://shadowxstorm.rpg-board.net/,,,GAMING_ESPORTS,GAMING_ESPORTS,INDEPENDENT,ACTIVE,57,Ahrefs,2026-08-26
Shaper Community,https://community.shapertools.com/,,en,TECHNOLOGY_SOFTWARE,TECHNOLOGY_SOFTWARE; EDUCATION_STUDENTS,OTHER,ACTIVE,60,Ahrefs,2026-08-26
ShapeShift,https://forum.shapeshift.com/,,en,MARKETING_SEO_GROWTH,MARKETING_SEO_GROWTH; ENGINEERING,OTHER,ACTIVE,70,Ahrefs,2026-08-26
Shapr3D Community,https://discourse.shapr3d.com/,,en,ENGINEERING,ENGINEERING; HOME_DIY; NEWS_POLITICS_SOCIETY,OTHER,ACTIVE,67,Ahrefs,2026-08-26
SharePoint Stack Exchange,https://sharepoint.stackexchange.com/,,en,GENERAL_MULTI_TOPIC,GENERAL_MULTI_TOPIC,Q_AND_A,UNKNOWN,91,Ahrefs,2026-08-26
Sharesight Community Forum,https://community.sharesight.com/,Global,en,FINANCE_INVESTING_BANKING,FINANCE_INVESTING_BANKING; NEWS_POLITICS_SOCIETY,OTHER,ACTIVE,55,Ahrefs,2026-08-26
shatteredseal.rpg-board.net,https://shatteredseal.rpg-board.net/,,,GAMING_ESPORTS,GAMING_ESPORTS,INDEPENDENT,ACTIVE,57,Ahrefs,2026-08-26
sheeptag.forumotion.net,https://sheeptag.forumotion.net/,,en,GENERAL_MULTI_TOPIC,GENERAL_MULTI_TOPIC,INDEPENDENT,ACTIVE,60,Ahrefs,2026-08-26
shiaanewali.rpg-board.net,https://shiaanewali.rpg-board.net/,,en,HEALTH_MEDICINE,HEALTH_MEDICINE; GAMING_ESPORTS; MUSIC_ENTERTAINMENT_CULTURE; NEWS_POLITICS_SOCIETY,INDEPENDENT,ACTIVE,57,Ahrefs,2026-08-26
shibusen.rpg-board.net,https://shibusen.rpg-board.net/,,,GAMING_ESPORTS,GAMING_ESPORTS,INDEPENDENT,DORMANT,57,Ahrefs,2026-08-26
shibutalia.rpg-board.net,https://shibutalia.rpg-board.net/,,en,EDUCATION_STUDENTS,EDUCATION_STUDENTS; GAMING_ESPORTS,INDEPENDENT,ACTIVE,57,Ahrefs,2026-08-26
shingekinokyojin.rpg-board.net,https://shingekinokyojin.rpg-board.net/,,en,GENERAL_MULTI_TOPIC,GENERAL_MULTI_TOPIC; GAMING_ESPORTS; NEWS_POLITICS_SOCIETY,INDEPENDENT,ACTIVE,57,Ahrefs,2026-08-26
shinobi-beginning-rp.rpg-board.net,https://shinobi-beginning-rp.rpg-board.net/,,,GAMING_ESPORTS,GAMING_ESPORTS,INDEPENDENT,ACTIVE,57,Ahrefs,2026-08-26
shinobi-rpg.forumotion.net,https://shinobi-rpg.forumotion.net/forum,,,GAMING_ESPORTS,GAMING_ESPORTS,INDEPENDENT,ACTIVE,60,Ahrefs,2026-08-26
shinobiarmada.rpg-board.net,https://shinobiarmada.rpg-board.net/,,en,GENERAL_MULTI_TOPIC,GENERAL_MULTI_TOPIC; GAMING_ESPORTS,INDEPENDENT,ACTIVE,57,Ahrefs,2026-08-26
shinobicentral.rpg-board.net,https://shinobicentral.rpg-board.net/,,en,GENERAL_MULTI_TOPIC,GENERAL_MULTI_TOPIC; GAMING_ESPORTS; NEWS_POLITICS_SOCIETY,INDEPENDENT,DORMANT,57,Ahrefs,2026-08-26
shinobichron.rpg-board.net,https://shinobichron.rpg-board.net/,,,GAMING_ESPORTS,GAMING_ESPORTS; CONSTRUCTION,INDEPENDENT,UNKNOWN,57,Ahrefs,2026-08-26
shinobichronicles.rpg-board.net,https://shinobichronicles.rpg-board.net/,,en,GAMING_ESPORTS,GAMING_ESPORTS; NEWS_POLITICS_SOCIETY,INDEPENDENT,DORMANT,57,Ahrefs,2026-08-26
shinobifables.rpg-board.net,https://shinobifables.rpg-board.net/,,,GAMING_ESPORTS,GAMING_ESPORTS,INDEPENDENT,ACTIVE,57,Ahrefs,2026-08-26
shinobigaiden.rpg-board.net,https://shinobigaiden.rpg-board.net/,,,GAMING_ESPORTS,GAMING_ESPORTS; NEWS_POLITICS_SOCIETY,HOBBY_COMMUNITY,ACTIVE,57,Ahrefs,2026-08-26
shinobigods.rpg-board.net,https://shinobigods.rpg-board.net/,,en,GAMING_ESPORTS,GAMING_ESPORTS,INDEPENDENT,ACTIVE,57,Ahrefs,2026-08-26
shinobilegacies.rpg-board.net,https://shinobilegacies.rpg-board.net/,,en,GAMING_ESPORTS,GAMING_ESPORTS; NEWS_POLITICS_SOCIETY,INDEPENDENT,ACTIVE,57,Ahrefs,2026-08-26
shinobiliferp.rpg-board.net,https://shinobiliferp.rpg-board.net/,,,GAMING_ESPORTS,GAMING_ESPORTS,HOBBY_COMMUNITY,ACTIVE,57,Ahrefs,2026-08-26
shinobirevo.rpg-board.net,https://shinobirevo.rpg-board.net/,,en,ECOMMERCE_MARKETPLACES,ECOMMERCE_MARKETPLACES; TRAVEL_EXPAT_IMMIGRATION; GAMING_ESPORTS,INDEPENDENT,ACTIVE,57,Ahrefs,2026-08-26
shinobirisings.rpg-board.net,https://shinobirisings.rpg-board.net/,,en,GAMING_ESPORTS,GAMING_ESPORTS; NEWS_POLITICS_SOCIETY,HOBBY_COMMUNITY,ACTIVE,57,Ahrefs,2026-08-26
shinobisrequiem.rpg-board.net,https://shinobisrequiem.rpg-board.net/,,,GENERAL_MULTI_TOPIC,GENERAL_MULTI_TOPIC; GAMING_ESPORTS; NEWS_POLITICS_SOCIETY,INDEPENDENT,ACTIVE,57,Ahrefs,2026-08-26
shinobitale.rpg-board.net,https://shinobitale.rpg-board.net/,,en,GAMING_ESPORTS,GAMING_ESPORTS,INDEPENDENT,ACTIVE,57,Ahrefs,2026-08-26
shinobitales.rpg-board.net,https://shinobitales.rpg-board.net/,,,GAMING_ESPORTS,GAMING_ESPORTS,INDEPENDENT,ACTIVE,57,Ahrefs,2026-08-26
shinobiwar.rpg-board.net,https://shinobiwar.rpg-board.net/,,,HEALTH_MEDICINE,HEALTH_MEDICINE; GAMING_ESPORTS,INDEPENDENT,ACTIVE,57,Ahrefs,2026-08-26
shinobiworldwar.rpg-board.net,https://shinobiworldwar.rpg-board.net/,,en,GAMING_ESPORTS,GAMING_ESPORTS; SPORTS_FITNESS; NEWS_POLITICS_SOCIETY,INDEPENDENT,ACTIVE,57,Ahrefs,2026-08-26
shinobiyume.rpg-board.net,https://shinobiyume.rpg-board.net/,,,GAMING_ESPORTS,GAMING_ESPORTS,PROFESSIONAL_COMMUNITY,ACTIVE,57,Ahrefs,2026-08-26
"ShipHero Community - Learn, Ask, Share & Build",https://community.shiphero.com/,,en,GENERAL_MULTI_TOPIC,GENERAL_MULTI_TOPIC,OTHER,ACTIVE,72,Ahrefs,2026-08-26
shippudenfaithrpg.rpg-board.net,https://shippudenfaithrpg.rpg-board.net/,,,GAMING_ESPORTS,GAMING_ESPORTS,INDEPENDENT,ACTIVE,57,Ahrefs,2026-08-26
shld.rpg-board.net,https://shld.rpg-board.net/,,,GENERAL_MULTI_TOPIC,GENERAL_MULTI_TOPIC; TRANSPORT_LOGISTICS; GAMING_ESPORTS,INDEPENDENT,ACTIVE,57,Ahrefs,2026-08-26
Shopify Community,https://community.shopify.com/,,en,GENERAL_MULTI_TOPIC,GENERAL_MULTI_TOPIC; MARKETING_SEO_GROWTH; ECOMMERCE_MARKETPLACES; FINANCE_INVESTING_BANKING; BUSINESS_ENTREPRENEURSHIP,Q_AND_A,ACTIVE,96,Ahrefs,2026-08-26
Shopware Community Forum,https://forum.shopware.com/,,de; en,GENERAL_MULTI_TOPIC,GENERAL_MULTI_TOPIC; MARKETING_SEO_GROWTH; ECOMMERCE_MARKETPLACES; TECHNOLOGY_SOFTWARE; CAREERS_HR_RECRUITMENT,OTHER,ACTIVE,86,Ahrefs,2026-08-26
shugocharasanctuary.rpg-board.net,https://shugocharasanctuary.rpg-board.net/,,en,GAMING_ESPORTS,GAMING_ESPORTS,HOBBY_COMMUNITY,UNKNOWN,57,Ahrefs,2026-08-26
Sidemount-Forum - Erlebe den Unterschied! Die Community rund ums Sidemount-Tauchen.,https://sidemount-forum.com/,,de,NEWS_POLITICS_SOCIETY,NEWS_POLITICS_SOCIETY,OTHER,ACTIVE,8,Ahrefs,2026-08-26
Sidetmedord - På Sidetmedord kan du skrive anonymt med en av våre veiledere om hva som helst.,https://sidetmedord.mentalhelse.no/,,,GENERAL_MULTI_TOPIC,GENERAL_MULTI_TOPIC,OTHER,ACTIVE,73,Ahrefs,2026-08-26
Sierra Wireless Forum - Sierra Wireless forum,https://forum.sierrawireless.com/,,en,PROGRAMMING_DEVELOPMENT,PROGRAMMING_DEVELOPMENT,OTHER,ACTIVE,72,Ahrefs,2026-08-26
SierraConnect - PCB forum for designers and engineers,https://sierraconnect.protoexpress.com/,,en,GENERAL_MULTI_TOPIC,GENERAL_MULTI_TOPIC; TECHNOLOGY_SOFTWARE; ENGINEERING; LEGAL; NEWS_POLITICS_SOCIETY,OTHER,ACTIVE,57,Ahrefs,2026-08-26
Sigma Community,https://community.sigmacomputing.com/,,en,CAREERS_HR_RECRUITMENT,CAREERS_HR_RECRUITMENT,OTHER,ACTIVE,74,Ahrefs,2026-08-26
Signal Processing Stack Exchange,https://dsp.stackexchange.com/,,en,SCIENCE,SCIENCE,Q_AND_A,UNKNOWN,91,Ahrefs,2026-08-26
SignalRGB,https://forum.signalrgb.com/,,,TECHNOLOGY_SOFTWARE,TECHNOLOGY_SOFTWARE; HOME_DIY,OTHER,ACTIVE,56,Ahrefs,2026-08-26
sijlforum.rpg-board.net,https://sijlforum.rpg-board.net/,,,GAMING_ESPORTS,GAMING_ESPORTS,INDEPENDENT,ACTIVE,57,Ahrefs,2026-08-26
silverarrows.rpg-board.net,https://silverarrows.rpg-board.net/,,en,GAMING_ESPORTS,GAMING_ESPORTS; NEWS_POLITICS_SOCIETY,INDEPENDENT,UNKNOWN,57,Ahrefs,2026-08-26
SilverBullet Community,https://community.silverbullet.md/,,en,GENERAL_MULTI_TOPIC,GENERAL_MULTI_TOPIC,OTHER,ACTIVE,62,Ahrefs,2026-08-26
Silverfin,https://community.silverfin.com/,,,GENERAL_MULTI_TOPIC,GENERAL_MULTI_TOPIC,HOBBY_COMMUNITY,ACTIVE,62,Ahrefs,2026-08-26
SIM Dispatcher Forums - Forums - SIM Dispatcher,https://forums.sim-dispatcher.com/,,en,GENERAL_MULTI_TOPIC,GENERAL_MULTI_TOPIC,OTHER,ACTIVE,27,Ahrefs,2026-08-26
"simon42 Community - Home Assistant, Smarthome & Technik für alle",https://community.simon42.com/,,,GENERAL_MULTI_TOPIC,GENERAL_MULTI_TOPIC,OTHER,ACTIVE,34,Ahrefs,2026-08-26
singlewhitefemale.forumotion.net,https://singlewhitefemale.forumotion.net/,,en,GENERAL_MULTI_TOPIC,GENERAL_MULTI_TOPIC,INDEPENDENT,ACTIVE,60,Ahrefs,2026-08-26
Sitecore Stack Exchange,https://sitecore.stackexchange.com/,,en,MARKETING_SEO_GROWTH,MARKETING_SEO_GROWTH; TECHNOLOGY_SOFTWARE; BUSINESS_ENTREPRENEURSHIP,Q_AND_A,UNKNOWN,91,Ahrefs,2026-08-26
SitePoint Forums | Web Development & Design Community,https://sitepoint.com/community,,en,GENERAL_MULTI_TOPIC,GENERAL_MULTI_TOPIC; MARKETING_SEO_GROWTH; ECOMMERCE_MARKETPLACES; PROGRAMMING_DEVELOPMENT; CYBERSECURITY_IT,OTHER,ACTIVE,85,Ahrefs,2026-08-27
skaianwars.rpg-board.net,https://skaianwars.rpg-board.net/,,,GAMING_ESPORTS,GAMING_ESPORTS,HOBBY_COMMUNITY,DORMANT,57,Ahrefs,2026-08-26
Skeptics Stack Exchange,https://skeptics.stackexchange.com/,,en,SCIENCE,SCIENCE; HEALTH_MEDICINE; ANIMALS_PETS; NEWS_POLITICS_SOCIETY,Q_AND_A,UNKNOWN,91,Ahrefs,2026-08-26
SketchUp Community,https://forums.sketchup.com/,,en,TECHNOLOGY_SOFTWARE,TECHNOLOGY_SOFTWARE,OTHER,ACTIVE,85,Ahrefs,2026-08-26
"Skiff HQ Community - SkiffHQ Forum – Microskiffs, Flats Skiffs & Shallow-Water Boats",https://forum.skiffhq.com/,,en,GENERAL_MULTI_TOPIC,GENERAL_MULTI_TOPIC; TRAVEL_EXPAT_IMMIGRATION; MUSIC_ENTERTAINMENT_CULTURE; HOBBIES_COLLECTING_OUTDOORS,OTHER,ACTIVE,1,Ahrefs,2026-08-26
SL Colonies - SL Colonies Discourse Community,https://forum.slcolonies.com/,,en,GENERAL_MULTI_TOPIC,GENERAL_MULTI_TOPIC; FINANCE_INVESTING_BANKING; AGRICULTURE_GARDENING; FOOD_COOKING,OTHER,ACTIVE,4,Ahrefs,2026-08-26
slotpoker.forumotion.asia,https://slotpoker.forumotion.asia/,,,GENERAL_MULTI_TOPIC,GENERAL_MULTI_TOPIC,INDEPENDENT,ACTIVE,33,Ahrefs,2026-08-26
SmartThings Community,https://community.smartthings.com/,,en,PROGRAMMING_DEVELOPMENT,PROGRAMMING_DEVELOPMENT; CONSUMER_DEALS_REVIEWS,OTHER,ACTIVE,76,Ahrefs,2026-08-26
Snapmaker: where creation happens,https://forum.snapmaker.com/,,en,GENERAL_MULTI_TOPIC,GENERAL_MULTI_TOPIC; TECHNOLOGY_SOFTWARE; NEWS_POLITICS_SOCIETY,OTHER,ACTIVE,65,Ahrefs,2026-08-26
sneakyworld.rpg-board.net,https://sneakyworld.rpg-board.net/,,en,GAMING_ESPORTS,GAMING_ESPORTS; CREATIVE_DESIGN; NEWS_POLITICS_SOCIETY,HOBBY_COMMUNITY,ACTIVE,57,Ahrefs,2026-08-26
snnrpwv2.rpg-board.net,https://snnrpwv2.rpg-board.net/,,,GAMING_ESPORTS,GAMING_ESPORTS,INDEPENDENT,ACTIVE,57,Ahrefs,2026-08-26
Soaps.com's Message Board - Soap opera message board,https://soaps.sheknows.com/message-boards,,en,MUSIC_ENTERTAINMENT_CULTURE,MUSIC_ENTERTAINMENT_CULTURE; NEWS_POLITICS_SOCIETY,OTHER,ACTIVE,82,Ahrefs,2026-08-26
socalhorses.forummotion.com,https://socalhorses.forummotion.com/,,,ANIMALS_PETS,ANIMALS_PETS,INDEPENDENT,ACTIVE,45,Ahrefs,2026-08-26
socialchaos.rpg-board.net,https://socialchaos.rpg-board.net/,,en,GAMING_ESPORTS,GAMING_ESPORTS; MUSIC_ENTERTAINMENT_CULTURE,HOBBY_COMMUNITY,DORMANT,57,Ahrefs,2026-08-26
SocialHub - ActivityPub Special Interest Group,https://socialhub.activitypub.rocks/,,en,TECHNOLOGY_SOFTWARE,TECHNOLOGY_SOFTWARE,OTHER,ACTIVE,73,Ahrefs,2026-08-26
"Software AG Tech Community - Adabas & Natural, CONNX, JOPAZ forums, tutorials and experts",https://techcommunity.softwareag.com/,,en,TECHNOLOGY_SOFTWARE,TECHNOLOGY_SOFTWARE; NEWS_POLITICS_SOCIETY,OTHER,ACTIVE,78,Ahrefs,2026-08-26
Software Engineering Stack Exchange,https://softwareengineering.stackexchange.com/,,en,GENERAL_MULTI_TOPIC,GENERAL_MULTI_TOPIC; PROGRAMMING_DEVELOPMENT; AI_DATA; TECHNOLOGY_SOFTWARE; EDUCATION_STUDENTS,Q_AND_A,UNKNOWN,91,Ahrefs,2026-08-26
Software Quality Assurance & Testing Stack Exchange,https://sqa.stackexchange.com/,,en,PROGRAMMING_DEVELOPMENT,PROGRAMMING_DEVELOPMENT; TECHNOLOGY_SOFTWARE; ENGINEERING,Q_AND_A,UNKNOWN,91,Ahrefs,2026-08-26
Software Recommendations Stack Exchange,https://softwarerecs.stackexchange.com/,,en,CYBERSECURITY_IT,CYBERSECURITY_IT; TECHNOLOGY_SOFTWARE; BUSINESS_ENTREPRENEURSHIP; MUSIC_ENTERTAINMENT_CULTURE,Q_AND_A,UNKNOWN,91,Ahrefs,2026-08-26
Solana Developer Forums - Welcome to the Solana Developer Forums,https://forum.solana.com/,,en,PROGRAMMING_DEVELOPMENT,PROGRAMMING_DEVELOPMENT,OTHER,ACTIVE,86,Ahrefs,2026-08-26
Solana Stack Exchange,https://solana.stackexchange.com/,,en,CRYPTO_WEB3,CRYPTO_WEB3; TECHNOLOGY_SOFTWARE,Q_AND_A,UNKNOWN,91,Ahrefs,2026-08-26
Soldered Community - Soldered Community,https://community.soldered.com/,,en,GENERAL_MULTI_TOPIC,GENERAL_MULTI_TOPIC,OTHER,ACTIVE,57,Ahrefs,2026-08-26
"Sonar Community - Build better software, faster",https://community.sonarsource.com/,,en,TECHNOLOGY_SOFTWARE,TECHNOLOGY_SOFTWARE; ARCHITECTURE_DESIGN,OTHER,ACTIVE,84,Ahrefs,2026-08-26
soul-eater-madness.rpg-board.net,https://soul-eater-madness.rpg-board.net/,,,GAMING_ESPORTS,GAMING_ESPORTS,HOBBY_COMMUNITY,ACTIVE,57,Ahrefs,2026-08-26
soul-eater-papermoon.rpg-board.net,https://soul-eater-papermoon.rpg-board.net/,,en,GAMING_ESPORTS,GAMING_ESPORTS,HOBBY_COMMUNITY,DORMANT,57,Ahrefs,2026-08-26
soul-hazard.rpg-board.net,https://soul-hazard.rpg-board.net/,,en,GENERAL_MULTI_TOPIC,GENERAL_MULTI_TOPIC; GAMING_ESPORTS,INDEPENDENT,DORMANT,57,Ahrefs,2026-08-26
soul-revival.rpg-board.net,https://soul-revival.rpg-board.net/,,,GAMING_ESPORTS,GAMING_ESPORTS,INDEPENDENT,ACTIVE,57,Ahrefs,2026-08-26
soulabyss.rpg-board.net,https://soulabyss.rpg-board.net/,,en,GAMING_ESPORTS,GAMING_ESPORTS,INDEPENDENT,ACTIVE,57,Ahrefs,2026-08-26
soulawakening.rpg-board.net,https://soulawakening.rpg-board.net/,,en,GAMING_ESPORTS,GAMING_ESPORTS; LEGAL; NEWS_POLITICS_SOCIETY,INDEPENDENT,ACTIVE,57,Ahrefs,2026-08-26
souldisruption.rpg-board.net,https://souldisruption.rpg-board.net/,,,GAMING_ESPORTS,GAMING_ESPORTS; NEWS_POLITICS_SOCIETY,INDEPENDENT,ACTIVE,57,Ahrefs,2026-08-26
souleaterprivate.rpg-board.net,https://souleaterprivate.rpg-board.net/,,,EDUCATION_STUDENTS,EDUCATION_STUDENTS; GAMING_ESPORTS,HOBBY_COMMUNITY,ACTIVE,57,Ahrefs,2026-08-26
souleaterroleplaying.rpg-board.net,https://souleaterroleplaying.rpg-board.net/,,,GAMING_ESPORTS,GAMING_ESPORTS,INDEPENDENT,UNKNOWN,57,Ahrefs,2026-08-26
souleaterx.rpg-board.net,https://souleaterx.rpg-board.net/,,en,EDUCATION_STUDENTS,EDUCATION_STUDENTS; GAMING_ESPORTS,INDEPENDENT,ACTIVE,57,Ahrefs,2026-08-26
souloftheshinobi.rpg-board.net,https://souloftheshinobi.rpg-board.net/forum,,,GAMING_ESPORTS,GAMING_ESPORTS,INDEPENDENT,ACTIVE,57,Ahrefs,2026-08-26
soulreaper-ninja.rpg-board.net,https://soulreaper-ninja.rpg-board.net/,,en,GAMING_ESPORTS,GAMING_ESPORTS,INDEPENDENT,ACTIVE,57,Ahrefs,2026-08-26
soulreaperonline.rpg-board.net,https://soulreaperonline.rpg-board.net/,,,GAMING_ESPORTS,GAMING_ESPORTS; NEWS_POLITICS_SOCIETY,INDEPENDENT,ACTIVE,57,Ahrefs,2026-08-26
soulreaperz.rpg-board.net,https://soulreaperz.rpg-board.net/,,,GENERAL_MULTI_TOPIC,GENERAL_MULTI_TOPIC; TECHNOLOGY_SOFTWARE; GAMING_ESPORTS; SPORTS_FITNESS; MUSIC_ENTERTAINMENT_CULTURE,HOBBY_COMMUNITY,ACTIVE,57,Ahrefs,2026-08-26
soulwarz.rpg-board.net,https://soulwarz.rpg-board.net/,,,GAMING_ESPORTS,GAMING_ESPORTS,INDEPENDENT,ACTIVE,57,Ahrefs,2026-08-26
Sound Design Stack Exchange,https://sound.stackexchange.com/,,en,ENGINEERING,ENGINEERING,Q_AND_A,UNKNOWN,91,Ahrefs,2026-08-26
southwalestrailrider.forumotion.net,https://southwalestrailrider.forumotion.net/,,en,GENERAL_MULTI_TOPIC,GENERAL_MULTI_TOPIC,INDEPENDENT,ACTIVE,60,Ahrefs,2026-08-26
"Sovol3d forum - Sovol Official Forum to talk about Sovol 3D Printers, FDM Parts, LCD Parts, 3D Printing, Firmware, etc.",https://forum.sovol3d.com/,,,NEWS_POLITICS_SOCIETY,NEWS_POLITICS_SOCIETY,OTHER,ACTIVE,51,Ahrefs,2026-08-26
Space Exploration Stack Exchange,https://space.stackexchange.com/,,en,ENGINEERING,ENGINEERING; NEWS_POLITICS_SOCIETY,Q_AND_A,UNKNOWN,91,Ahrefs,2026-08-26
Spanish Language Stack Exchange,https://spanish.stackexchange.com/,,en,EDUCATION_STUDENTS,EDUCATION_STUDENTS,Q_AND_A,UNKNOWN,91,Ahrefs,2026-08-26
SparkFun Community - Where Electronics Enthusiasts Find Answers,https://community.sparkfun.com/,,en,CONSUMER_DEALS_REVIEWS,CONSUMER_DEALS_REVIEWS,HOBBY_COMMUNITY,ACTIVE,83,Ahrefs,2026-08-26
"SparkPNT Community - SparkPNT Positioning, Navigation, and Timing Community Discussions",https://community.sparkpnt.com/,,en,GENERAL_MULTI_TOPIC,GENERAL_MULTI_TOPIC,OTHER,ACTIVE,31,Ahrefs,2026-08-26
Speed Life Network,https://forums.speedlife.net/,,,ECOMMERCE_MARKETPLACES,ECOMMERCE_MARKETPLACES; AUTOMOTIVE,OTHER,ACTIVE,4,Ahrefs,2026-08-26
Spiceworks Community - Connecting technology professionals since 2008,https://community.spiceworks.com/,,en,CYBERSECURITY_IT,CYBERSECURITY_IT; TELECOM_VOIP; TECHNOLOGY_SOFTWARE; CAREERS_HR_RECRUITMENT,OTHER,ACTIVE,87,Ahrefs,2026-08-26
Spokes Dunedin - Speaking out for cycling,https://spokes.nz/,,en,SPORTS_FITNESS,SPORTS_FITNESS,OTHER,ACTIVE,2,Ahrefs,2026-08-26
Sports Stack Exchange,https://sports.stackexchange.com/,,en,SPORTS_FITNESS,SPORTS_FITNESS; NEWS_POLITICS_SOCIETY,Q_AND_A,UNKNOWN,91,Ahrefs,2026-08-26
sportszone.forumotion.net,https://sportszone.forumotion.net/,,,SPORTS_FITNESS,SPORTS_FITNESS; NEWS_POLITICS_SOCIETY,HOBBY_COMMUNITY,UNKNOWN,60,Ahrefs,2026-08-26
Springshare Lounge,https://lounge.springshare.com/,,,GENERAL_MULTI_TOPIC,GENERAL_MULTI_TOPIC,OTHER,ACTIVE,59,Ahrefs,2026-08-26
"Spritely Institute - Open and Secure Decentralized Identity, Community, and Applications",https://community.spritely.institute/,,en,ARCHITECTURE_DESIGN,ARCHITECTURE_DESIGN; NEWS_POLITICS_SOCIETY,OTHER,ACTIVE,60,Ahrefs,2026-08-26
Square Developer Forums - Forums for asking about Square APIs and SDKs,https://developer.squareup.com/forums,,en,PROGRAMMING_DEVELOPMENT,PROGRAMMING_DEVELOPMENT,OTHER,ACTIVE,93,Ahrefs,2026-08-26
sst-underground.rpg-board.net,https://sst-underground.rpg-board.net/forum,,en,GENERAL_MULTI_TOPIC,GENERAL_MULTI_TOPIC; HEALTH_MEDICINE; GAMING_ESPORTS; MUSIC_ENTERTAINMENT_CULTURE; FOOD_COOKING,INDEPENDENT,DORMANT,57,Ahrefs,2026-08-26
Stack Apps,https://stackapps.com/,,en,PROGRAMMING_DEVELOPMENT,PROGRAMMING_DEVELOPMENT,Q_AND_A,UNKNOWN,59,Ahrefs,2026-08-26
Stack Overflow &#x43D;&#x430; &#x440;&#x443;&#x441;&#x441;&#x43A;&#x43E;&#x43C;,https://ru.stackoverflow.com/,,,PROGRAMMING_DEVELOPMENT,PROGRAMMING_DEVELOPMENT,Q_AND_A,UNKNOWN,92,Ahrefs,2026-08-26
Stack Overflow em Portugu&#xEA;s,https://pt.stackoverflow.com/,,pt,PROGRAMMING_DEVELOPMENT,PROGRAMMING_DEVELOPMENT,Q_AND_A,UNKNOWN,92,Ahrefs,2026-08-26
Stack Overflow en espa&#xF1;ol,https://es.stackoverflow.com/,,en; es,PROGRAMMING_DEVELOPMENT,PROGRAMMING_DEVELOPMENT,Q_AND_A,UNKNOWN,92,Ahrefs,2026-08-26
Stack Overflow for Agents Meta,https://agents.meta.stackoverflow.com/,,en,GENERAL_MULTI_TOPIC,GENERAL_MULTI_TOPIC,Q_AND_A,ACTIVE,92,Ahrefs,2026-08-27
staffy-bull-terrier.niceboard.com,https://staffy-bull-terrier.niceboard.com/,,en,ANIMALS_PETS,ANIMALS_PETS; PARENTING_FAMILY; NEWS_POLITICS_SOCIETY,INDEPENDENT,ACTIVE,50,Ahrefs,2026-08-26
stainednight.rpg-board.net,https://stainednight.rpg-board.net/,,,GAMING_ESPORTS,GAMING_ESPORTS; CREATIVE_DESIGN,INDEPENDENT,ACTIVE,57,Ahrefs,2026-08-26
stainlesssteel.rpg-board.net,https://stainlesssteel.rpg-board.net/,,,GENERAL_MULTI_TOPIC,GENERAL_MULTI_TOPIC; GAMING_ESPORTS,INDEPENDENT,ACTIVE,57,Ahrefs,2026-08-26
Stalker Team,https://stalkerteam.pl/,,,GENERAL_MULTI_TOPIC,GENERAL_MULTI_TOPIC,OTHER,ACTIVE,3,Ahrefs,2026-08-26
standyourground.rpg-board.net,https://standyourground.rpg-board.net/,,en,GENERAL_MULTI_TOPIC,GENERAL_MULTI_TOPIC; PROGRAMMING_DEVELOPMENT; GAMING_ESPORTS; CONSUMER_DEALS_REVIEWS,INDEPENDENT,DORMANT,57,Ahrefs,2026-08-26
Stardog Community,https://community.stardog.com/,,en,GENERAL_MULTI_TOPIC,GENERAL_MULTI_TOPIC,OTHER,ACTIVE,66,Ahrefs,2026-08-26
stargatecommand.rpg-board.net,https://stargatecommand.rpg-board.net/,,en,GAMING_ESPORTS,GAMING_ESPORTS,INDEPENDENT,ACTIVE,57,Ahrefs,2026-08-26
starguardians.rpg-board.net,https://starguardians.rpg-board.net/,,,GAMING_ESPORTS,GAMING_ESPORTS,INDEPENDENT,UNKNOWN,57,Ahrefs,2026-08-26
starlight-wishes.rpg-board.net,https://starlight-wishes.rpg-board.net/,,,GAMING_ESPORTS,GAMING_ESPORTS; MUSIC_ENTERTAINMENT_CULTURE,HOBBY_COMMUNITY,ACTIVE,57,Ahrefs,2026-08-26
starwarscalamity.rpg-board.net,https://starwarscalamity.rpg-board.net/,,en,GAMING_ESPORTS,GAMING_ESPORTS,INDEPENDENT,ACTIVE,57,Ahrefs,2026-08-26
starwarssu.rpg-board.net,https://starwarssu.rpg-board.net/,,,CAREERS_HR_RECRUITMENT,CAREERS_HR_RECRUITMENT; GAMING_ESPORTS; NEWS_POLITICS_SOCIETY,INDEPENDENT,ACTIVE,57,Ahrefs,2026-08-26
Steinberg Forums,https://forums.steinberg.net/,,en,PROGRAMMING_DEVELOPMENT,PROGRAMMING_DEVELOPMENT; TECHNOLOGY_SOFTWARE,OTHER,ACTIVE,80,Ahrefs,2026-08-26
Stellar Stack Exchange,https://stellar.stackexchange.com/,,en,PROGRAMMING_DEVELOPMENT,PROGRAMMING_DEVELOPMENT; CYBERSECURITY_IT,Q_AND_A,UNKNOWN,91,Ahrefs,2026-08-26
StepSmash Community,https://community.stepsmash.com/,,en,GENERAL_MULTI_TOPIC,GENERAL_MULTI_TOPIC,OTHER,ACTIVE,12,Ahrefs,2026-08-26
"Stessa Community - Investors who ask, learn, and succeed together",https://community.stessa.com/,,en,NEWS_POLITICS_SOCIETY,NEWS_POLITICS_SOCIETY,Q_AND_A,ACTIVE,72,Ahrefs,2026-08-26
stlanimeclub.forummotion.com,https://stlanimeclub.forummotion.com/,,,GENERAL_MULTI_TOPIC,GENERAL_MULTI_TOPIC,INDEPENDENT,ACTIVE,45,Ahrefs,2026-08-26
"Straight Dope Message Board - Your direct line to thousands of the smartest, hippest people on the planet, plus a few total dipsticks.",https://boards.straightdope.com/,,en,ECOMMERCE_MARKETPLACES,ECOMMERCE_MARKETPLACES; NEWS_POLITICS_SOCIETY,OTHER,ACTIVE,77,Ahrefs,2026-08-26
strawhats.rpg-board.net,https://strawhats.rpg-board.net/,,,GAMING_ESPORTS,GAMING_ESPORTS; NEWS_POLITICS_SOCIETY,HOBBY_COMMUNITY,ACTIVE,57,Ahrefs,2026-08-26
straydogsrp.rpg-board.net,https://straydogsrp.rpg-board.net/,,en,TRAVEL_EXPAT_IMMIGRATION,TRAVEL_EXPAT_IMMIGRATION; GAMING_ESPORTS; ANIMALS_PETS,HOBBY_COMMUNITY,ACTIVE,57,Ahrefs,2026-08-26
strongbadiathefree.rpg-board.net,https://strongbadiathefree.rpg-board.net/,,,GAMING_ESPORTS,GAMING_ESPORTS; NEWS_POLITICS_SOCIETY,INDEPENDENT,ACTIVE,57,Ahrefs,2026-08-26
strophe-horizon.rpg-board.net,https://strophe-horizon.rpg-board.net/,,en,GENERAL_MULTI_TOPIC,GENERAL_MULTI_TOPIC; GAMING_ESPORTS; CREATIVE_DESIGN; NEWS_POLITICS_SOCIETY,HOBBY_COMMUNITY,ACTIVE,57,Ahrefs,2026-08-26
strq.rpg-board.net,https://strq.rpg-board.net/,,en,GAMING_ESPORTS,GAMING_ESPORTS,INDEPENDENT,ACTIVE,57,Ahrefs,2026-08-26
Studmed.dk - forum for lægestuderende,https://studmed.dk/,,,GENERAL_MULTI_TOPIC,GENERAL_MULTI_TOPIC,OTHER,ACTIVE,10,Ahrefs,2026-08-26
Substrate and Polkadot Stack Exchange,https://substrate.stackexchange.com/,,en,CRYPTO_WEB3,CRYPTO_WEB3,Q_AND_A,UNKNOWN,91,Ahrefs,2026-08-26
Summer Community,https://forum.summer.fi/,,en,GENERAL_MULTI_TOPIC,GENERAL_MULTI_TOPIC,OTHER,ACTIVE,60,Ahrefs,2026-08-26
sunnypilot Community - sunnypilot Community,https://community.sunnypilot.ai/,,en,AUTOMOTIVE,AUTOMOTIVE,Q_AND_A,ACTIVE,38,Ahrefs,2026-08-26
Super User,https://superuser.com/,,en,TECHNOLOGY_SOFTWARE,TECHNOLOGY_SOFTWARE,Q_AND_A,UNKNOWN,84,Ahrefs,2026-08-26
Superhuman Community,https://connect.superhuman.com/,,en,ECOMMERCE_MARKETPLACES,ECOMMERCE_MARKETPLACES; NEWS_POLITICS_SOCIETY,OTHER,ACTIVE,80,Ahrefs,2026-08-26
supernovasector.rpg-board.net,https://supernovasector.rpg-board.net/,,en,GENERAL_MULTI_TOPIC,GENERAL_MULTI_TOPIC; HEALTH_MEDICINE; GAMING_ESPORTS; CREATIVE_DESIGN; NEWS_POLITICS_SOCIETY,HOBBY_COMMUNITY,DORMANT,57,Ahrefs,2026-08-26
superville.rpg-board.net,https://superville.rpg-board.net/,,en,GAMING_ESPORTS,GAMING_ESPORTS,INDEPENDENT,DORMANT,57,Ahrefs,2026-08-26
Support Forum - Finsweet Support Forum,https://forum.finsweet.com/,,en,GENERAL_MULTI_TOPIC,GENERAL_MULTI_TOPIC,OTHER,ACTIVE,83,Ahrefs,2026-08-26
"Surety Support Forum - Surety Alarm.com Home Security, Cameras & Automation",https://support.suretyhome.com/,,en,CYBERSECURITY_IT,CYBERSECURITY_IT,OTHER,ACTIVE,29,Ahrefs,2026-08-26
SUSE,https://forums.suse.com/,,en,PROGRAMMING_DEVELOPMENT,PROGRAMMING_DEVELOPMENT; CYBERSECURITY_IT; TECHNOLOGY_SOFTWARE,OTHER,ACTIVE,84,Ahrefs,2026-08-26
Sustainable Living Stack Exchange,https://sustainability.stackexchange.com/,,en,FOOD_COOKING,FOOD_COOKING,Q_AND_A,UNKNOWN,91,Ahrefs,2026-08-26
suzukix7.forumotion.co.uk,https://suzukix7.forumotion.co.uk/,,,GENERAL_MULTI_TOPIC,GENERAL_MULTI_TOPIC,HOBBY_COMMUNITY,UNKNOWN,52,Ahrefs,2026-08-26
SWAPD - Digital Rights Marketplace,https://swapd.co/,,en,MARKETING_SEO_GROWTH,MARKETING_SEO_GROWTH; ECOMMERCE_MARKETPLACES; CRYPTO_WEB3; AI_DATA,PROFESSIONAL_COMMUNITY,ACTIVE,48,Ahrefs,2026-08-26
swforgottenera.rpg-board.net,https://swforgottenera.rpg-board.net/forum,,en,GAMING_ESPORTS,GAMING_ESPORTS; MUSIC_ENTERTAINMENT_CULTURE,INDEPENDENT,ACTIVE,57,Ahrefs,2026-08-26
Swift Forums,https://forums.swift.org/,,en,PROGRAMMING_DEVELOPMENT,PROGRAMMING_DEVELOPMENT; CONSUMER_DEALS_REVIEWS,OTHER,ACTIVE,84,Ahrefs,2026-08-26
swiftclan.rpg-board.net,https://swiftclan.rpg-board.net/,,en,GAMING_ESPORTS,GAMING_ESPORTS; ANIMALS_PETS; CREATIVE_DESIGN,INDEPENDENT,ACTIVE,57,Ahrefs,2026-08-26
Swipe,https://community.getswipe.in/,,en,GENERAL_MULTI_TOPIC,GENERAL_MULTI_TOPIC,OTHER,ACTIVE,53,Ahrefs,2026-08-26
swordartonlinerpg.rpg-board.net,https://swordartonlinerpg.rpg-board.net/,,,GAMING_ESPORTS,GAMING_ESPORTS,INDEPENDENT,DORMANT,57,Ahrefs,2026-08-26
Swordbattle Community - The community for all swordbattlers!,https://forum.swordbattle.io/,,en; zh,GENERAL_MULTI_TOPIC,GENERAL_MULTI_TOPIC,OTHER,ACTIVE,38,Ahrefs,2026-08-26
swthelegacyera.rpg-board.net,https://swthelegacyera.rpg-board.net/,,,GAMING_ESPORTS,GAMING_ESPORTS; NEWS_POLITICS_SOCIETY,INDEPENDENT,ACTIVE,57,Ahrefs,2026-08-26
Syncloud - Get help about running Syncloud,https://syncloud.discourse.group/,,en,MARKETING_SEO_GROWTH,MARKETING_SEO_GROWTH; SPORTS_FITNESS; NEWS_POLITICS_SOCIETY,OTHER,ACTIVE,81,Ahrefs,2026-08-26
T Nation by Biotest - The Community for Enhanced Fitness,https://t-nation.com/,,en,SPORTS_FITNESS,SPORTS_FITNESS; MUSIC_ENTERTAINMENT_CULTURE; NEWS_POLITICS_SOCIETY,OTHER,ACTIVE,72,Ahrefs,2026-08-26
TagoIO Community,https://community.tago.io/,,en,GENERAL_MULTI_TOPIC,GENERAL_MULTI_TOPIC,OTHER,ACTIVE,57,Ahrefs,2026-08-26
TagTomat - Vejen til grønne fællesskaber,https://forum.tagtomat.dk/,,,GENERAL_MULTI_TOPIC,GENERAL_MULTI_TOPIC,OTHER,ACTIVE,38,Ahrefs,2026-08-26
Tainacan - Lar da comunidade Tainacan,https://tainacan.discourse.group/,,pt,GENERAL_MULTI_TOPIC,GENERAL_MULTI_TOPIC,OTHER,ACTIVE,81,Ahrefs,2026-08-26
TALER ICH - TALER Integration Community Hub,https://ich.taler.net/,,en,TECHNOLOGY_SOFTWARE,TECHNOLOGY_SOFTWARE; BUSINESS_ENTREPRENEURSHIP; HEALTH_MEDICINE,OTHER,ACTIVE,63,Ahrefs,2026-08-26
talesoflinklu.rpg-board.net,https://talesoflinklu.rpg-board.net/,,en,GAMING_ESPORTS,GAMING_ESPORTS,INDEPENDENT,UNKNOWN,57,Ahrefs,2026-08-26
"Talk in the Forum of the Arolsen Archives - Stand up for respect, diversity, and democracy",https://talk.arolsen-archives.org/,,en,GENERAL_MULTI_TOPIC,GENERAL_MULTI_TOPIC,OTHER,ACTIVE,74,Ahrefs,2026-08-26
talk-anime.rpg-board.net,https://talk-anime.rpg-board.net/,,en,GENERAL_MULTI_TOPIC,GENERAL_MULTI_TOPIC; GAMING_ESPORTS; NEWS_POLITICS_SOCIETY,INDEPENDENT,DORMANT,57,Ahrefs,2026-08-26
talknow123.rpg-board.net,https://talknow123.rpg-board.net/,,,GAMING_ESPORTS,GAMING_ESPORTS; MUSIC_ENTERTAINMENT_CULTURE,HOBBY_COMMUNITY,DORMANT,57,Ahrefs,2026-08-26
tallendon.niceboard.com,https://tallendon.niceboard.com/,,en,EDUCATION_STUDENTS,EDUCATION_STUDENTS,INDEPENDENT,ACTIVE,50,Ahrefs,2026-08-26
tamilunit.rpg-board.net,https://tamilunit.rpg-board.net/,,,GAMING_ESPORTS,GAMING_ESPORTS; MUSIC_ENTERTAINMENT_CULTURE,INDEPENDENT,ACTIVE,57,Ahrefs,2026-08-26
tamrielns.rpg-board.net,https://tamrielns.rpg-board.net/,,,GAMING_ESPORTS,GAMING_ESPORTS,INDEPENDENT,ACTIVE,57,Ahrefs,2026-08-26
Tappara.co,https://tappara.co/,,,GENERAL_MULTI_TOPIC,GENERAL_MULTI_TOPIC,OTHER,ACTIVE,2,Ahrefs,2026-08-26
TARDIS Guide Forum,https://forum.tardis.guide/,,en,HEALTH_MEDICINE,HEALTH_MEDICINE; MUSIC_ENTERTAINMENT_CULTURE; NEWS_POLITICS_SOCIETY,HOBBY_COMMUNITY,ACTIVE,16,Ahrefs,2026-08-26
Tarnkappe.info Forum,https://tarnkappe.info/forum,,,CYBERSECURITY_IT,CYBERSECURITY_IT; TECHNOLOGY_SOFTWARE; ENGINEERING,OTHER,ACTIVE,62,Ahrefs,2026-08-26
Tax Q&A by Quicko - Get answers to all your tax related queries - Tax Q&A (QnA) by Quicko is a community-driven question & answer platform for everything taxes including income tax,https://qna.tax/,,en,GENERAL_MULTI_TOPIC,GENERAL_MULTI_TOPIC; BUSINESS_ENTREPRENEURSHIP,Q_AND_A,ACTIVE,13,Ahrefs,2026-08-26
tces.rpg-board.net,https://tces.rpg-board.net/,,,HEALTH_MEDICINE,HEALTH_MEDICINE; GAMING_ESPORTS; NEWS_POLITICS_SOCIETY,INDEPENDENT,ACTIVE,57,Ahrefs,2026-08-26
tcfp.rpg-board.net,https://tcfp.rpg-board.net/,,,GAMING_ESPORTS,GAMING_ESPORTS; NEWS_POLITICS_SOCIETY,HOBBY_COMMUNITY,ACTIVE,57,Ahrefs,2026-08-26
teamkios.rpg-board.net,https://teamkios.rpg-board.net/,,en,GAMING_ESPORTS,GAMING_ESPORTS,HOBBY_COMMUNITY,DORMANT,57,Ahrefs,2026-08-26
teammollscheater.forumtl.com,https://teammollscheater.forumtl.com/,,,GENERAL_MULTI_TOPIC,GENERAL_MULTI_TOPIC,INDEPENDENT,UNKNOWN,36,Ahrefs,2026-08-26
teamrocket.forumotion.co.uk,https://teamrocket.forumotion.co.uk/,,,GAMING_ESPORTS,GAMING_ESPORTS,HOBBY_COMMUNITY,UNKNOWN,52,Ahrefs,2026-08-26
Tech Soft 3D Forum,https://forum.techsoft3d.com/,,en,GENERAL_MULTI_TOPIC,GENERAL_MULTI_TOPIC,OTHER,ACTIVE,59,Ahrefs,2026-08-26
Teckids-Forum - Forum der Teckids-Gemeinschaft,https://forum.teckids.org/,,de; zh,TECHNOLOGY_SOFTWARE,TECHNOLOGY_SOFTWARE,OTHER,ACTIVE,57,Ahrefs,2026-08-26
Tedee Community,https://community.tedee.com/,,en,GENERAL_MULTI_TOPIC,GENERAL_MULTI_TOPIC,OTHER,ACTIVE,58,Ahrefs,2026-08-26
teens-world.bbactif.com,https://teens-world.bbactif.com/,,en,SPORTS_FITNESS,SPORTS_FITNESS; MUSIC_ENTERTAINMENT_CULTURE,HOBBY_COMMUNITY,DORMANT,38,Ahrefs,2026-08-26
teentitansdcrpg.rpg-board.net,https://teentitansdcrpg.rpg-board.net/,,,GAMING_ESPORTS,GAMING_ESPORTS,HOBBY_COMMUNITY,ACTIVE,57,Ahrefs,2026-08-26
teessidefishkeepers.forumotion.co.uk,https://teessidefishkeepers.forumotion.co.uk/,,en,HOME_DIY,HOME_DIY; AGRICULTURE_GARDENING; ANIMALS_PETS; NEWS_POLITICS_SOCIETY,INDEPENDENT,ACTIVE,52,Ahrefs,2026-08-26
"telecomHall Forum - telecomHall – Connecting Telecom, Technology, AI, and Innovation Professionals for Digital Transformation.",https://telecomhall.net/,,en,CYBERSECURITY_IT,CYBERSECURITY_IT; TELECOM_VOIP; TECHNOLOGY_SOFTWARE; TRANSPORT_LOGISTICS,OTHER,ACTIVE,29,Ahrefs,2026-08-26
temple-ofthe-legends.rpg-board.net,https://temple-ofthe-legends.rpg-board.net/,,en,GAMING_ESPORTS,GAMING_ESPORTS; NEWS_POLITICS_SOCIETY,HOBBY_COMMUNITY,ACTIVE,57,Ahrefs,2026-08-26
Temporal Community Forum - Durable Execution System,https://community.temporal.io/,,en; zh,PROGRAMMING_DEVELOPMENT,PROGRAMMING_DEVELOPMENT,OTHER,ACTIVE,78,Ahrefs,2026-08-26
tenku.rpg-board.net,https://tenku.rpg-board.net/,,en,GAMING_ESPORTS,GAMING_ESPORTS,INDEPENDENT,ACTIVE,57,Ahrefs,2026-08-26
tenseirp.rpg-board.net,https://tenseirp.rpg-board.net/,,,GAMING_ESPORTS,GAMING_ESPORTS,HOBBY_COMMUNITY,ACTIVE,57,Ahrefs,2026-08-26
tenshinobicrimes.rpg-board.net,https://tenshinobicrimes.rpg-board.net/,,en,GAMING_ESPORTS,GAMING_ESPORTS,INDEPENDENT,ACTIVE,57,Ahrefs,2026-08-26
tentangkayu.1talk.net,https://tentangkayu.1talk.net/,,,MARKETING_SEO_GROWTH,MARKETING_SEO_GROWTH; CAREERS_HR_RECRUITMENT,INDEPENDENT,UNKNOWN,34,Ahrefs,2026-08-26
testbatmat86.forumactif.com,https://testbatmat86.forumactif.com/,,,GENERAL_MULTI_TOPIC,GENERAL_MULTI_TOPIC,INDEPENDENT,UNKNOWN,78,Ahrefs,2026-08-26
testdeindecross.forumotion.me,https://testdeindecross.forumotion.me/,,,GENERAL_MULTI_TOPIC,GENERAL_MULTI_TOPIC,INDEPENDENT,UNKNOWN,41,Ahrefs,2026-08-26
Testiny Forum,https://testiny.io/forum,,en,BUSINESS_ENTREPRENEURSHIP,BUSINESS_ENTREPRENEURSHIP,OTHER,ACTIVE,54,Ahrefs,2026-08-26
TeX - LaTeX Stack Exchange,https://tex.stackexchange.com/,,en,SCIENCE,SCIENCE,Q_AND_A,UNKNOWN,91,Ahrefs,2026-08-26
Text Blaze Community,https://community.blaze.today/,,en,HEALTH_MEDICINE,HEALTH_MEDICINE; NEWS_POLITICS_SOCIETY,OTHER,ACTIVE,70,Ahrefs,2026-08-26
Tezos Stack Exchange,https://tezos.stackexchange.com/,,en,CRYPTO_WEB3,CRYPTO_WEB3; FOOD_COOKING,Q_AND_A,UNKNOWN,91,Ahrefs,2026-08-26
thaimess.thai-forum.net,https://thaimess.thai-forum.net/,Thailand,de,SPORTS_FITNESS,SPORTS_FITNESS; MUSIC_ENTERTAINMENT_CULTURE; NEWS_POLITICS_SOCIETY,LOCAL_REGIONAL,UNKNOWN,29,Ahrefs,2026-08-26
thaspot.rpg-board.net,https://thaspot.rpg-board.net/,,,GAMING_ESPORTS,GAMING_ESPORTS; SPORTS_FITNESS; CREATIVE_DESIGN; MUSIC_ENTERTAINMENT_CULTURE,HOBBY_COMMUNITY,ACTIVE,57,Ahrefs,2026-08-26
THE ANFIELD NOISE - The most up-to-date and welcoming forum to discuss everything related to Liverpool Football Club.,https://theanfieldnoise.com/,,en,GENERAL_MULTI_TOPIC,GENERAL_MULTI_TOPIC; SPORTS_FITNESS,HOBBY_COMMUNITY,ACTIVE,3,Ahrefs,2026-08-26
The Artist's Community by The Virtual Instructor - Artists sharing with artists,https://community.thevirtualinstructor.com/,,en,EDUCATION_STUDENTS,EDUCATION_STUDENTS; CREATIVE_DESIGN,OTHER,ACTIVE,55,Ahrefs,2026-08-26
The Atlassian Developer Community,https://community.developer.atlassian.com/,,en,PROGRAMMING_DEVELOPMENT,PROGRAMMING_DEVELOPMENT; CYBERSECURITY_IT,OTHER,ACTIVE,92,Ahrefs,2026-08-26
The Barbell Medicine Forum - Forum for the Barbell Medicine Community,https://forum.barbellmedicine.com/,,en,GENERAL_MULTI_TOPIC,GENERAL_MULTI_TOPIC; EDUCATION_STUDENTS; SCIENCE; HEALTH_MEDICINE,Q_AND_A,ACTIVE,56,Ahrefs,2026-08-26
The bioBakery help forum - Biobakery Tools support forum,https://forum.biobakery.org/,,en,SCIENCE,SCIENCE,OTHER,ACTIVE,46,Ahrefs,2026-08-26
The Broadband Genius Community - The Broadband Genius community from Broadband Genie,https://broadbandgenie.discourse.group/,,en,CONSUMER_DEALS_REVIEWS,CONSUMER_DEALS_REVIEWS,OTHER,ACTIVE,81,Ahrefs,2026-08-26
The Club: Software Testing & Quality Engineering Community Forum | Ministry of Testing - The Club,https://club.ministryoftesting.com/,,en,TECHNOLOGY_SOFTWARE,TECHNOLOGY_SOFTWARE; CAREERS_HR_RECRUITMENT; ENGINEERING,OTHER,ACTIVE,69,Ahrefs,2026-08-26
The Commons - Common Dreams,https://commons.commondreams.org/,,en,NEWS_POLITICS_SOCIETY,NEWS_POLITICS_SOCIETY,OTHER,ACTIVE,80,Ahrefs,2026-08-26
The Construct ROS Community - Everything about Robotics with ROS is here,https://get-help.theconstruct.ai/,,en,GENERAL_MULTI_TOPIC,GENERAL_MULTI_TOPIC; PROGRAMMING_DEVELOPMENT; EDUCATION_STUDENTS; AUTOMOTIVE,OTHER,ACTIVE,48,Ahrefs,2026-08-26
The Den - A Detroit Football Forum and Fan Community,https://thedenforum.com/,,en,SPORTS_FITNESS,SPORTS_FITNESS,HOBBY_COMMUNITY,ACTIVE,5,Ahrefs,2026-08-26
The Eldraeverse - The Associated Worlds welcome you!,https://eldraeverse.discourse.group/,,en,GENERAL_MULTI_TOPIC,GENERAL_MULTI_TOPIC,HOBBY_COMMUNITY,ACTIVE,81,Ahrefs,2026-08-26
The Evolve Authoring Community,https://community.evolveauthoring.com/,,en,GENERAL_MULTI_TOPIC,GENERAL_MULTI_TOPIC,OTHER,ACTIVE,41,Ahrefs,2026-08-26
The FlyNumber Forum - Local phone numbers and VoIP,https://discuss.flynumber.com/,,en,TELECOM_VOIP,TELECOM_VOIP,OTHER,ACTIVE,27,Ahrefs,2026-08-26
The freeCodeCamp Forum - Join the developer community and learn to code for free.,https://forum.freecodecamp.org/,,en,GENERAL_MULTI_TOPIC,GENERAL_MULTI_TOPIC; PROGRAMMING_DEVELOPMENT; CYBERSECURITY_IT; TECHNOLOGY_SOFTWARE; CAREERS_HR_RECRUITMENT,OTHER,ACTIVE,89,Ahrefs,2026-08-26
"The Gasroom - Wycombe Wanderers forum, news and content",https://gasroom.org/,,,SPORTS_FITNESS,SPORTS_FITNESS; NEWS_POLITICS_SOCIETY,OTHER,ACTIVE,9,Ahrefs,2026-08-26
The Gramps Project (Discourse Forum & Mailing List) - Collecting our past.,https://gramps.discourse.group/,,en,TECHNOLOGY_SOFTWARE,TECHNOLOGY_SOFTWARE,OTHER,ACTIVE,81,Ahrefs,2026-08-26
The Graph,https://forum.thegraph.com/,,en,GENERAL_MULTI_TOPIC,GENERAL_MULTI_TOPIC,OTHER,ACTIVE,76,Ahrefs,2026-08-26
The Great Outdoors Stack Exchange,https://outdoors.stackexchange.com/,,en,EDUCATION_STUDENTS,EDUCATION_STUDENTS; HOBBIES_COLLECTING_OUTDOORS,Q_AND_A,UNKNOWN,91,Ahrefs,2026-08-26
The Interactive Fiction Community Forum - The IF Community Forum,https://intfiction.org/,,zh; en,EDUCATION_STUDENTS,EDUCATION_STUDENTS; CONSUMER_DEALS_REVIEWS,HOBBY_COMMUNITY,ACTIVE,59,Ahrefs,2026-08-26
The Last Forum,https://discourse.thelastforum.com/,,,GENERAL_MULTI_TOPIC,GENERAL_MULTI_TOPIC; FINANCE_INVESTING_BANKING; TECHNOLOGY_SOFTWARE; HEALTH_MEDICINE; SPORTS_FITNESS,HOBBY_COMMUNITY,ACTIVE,0,Ahrefs,2026-08-26
The Nonsuch Community Forum,https://nonsuch.discourse.group/,,en,GENERAL_MULTI_TOPIC,GENERAL_MULTI_TOPIC,OTHER,ACTIVE,81,Ahrefs,2026-08-26
The Observable Forum,https://talk.observablehq.com/,,en,GENERAL_MULTI_TOPIC,GENERAL_MULTI_TOPIC; ECOMMERCE_MARKETPLACES,OTHER,ACTIVE,82,Ahrefs,2026-08-26
The Philosophy Forum,https://thephilosophyforum.com/,,en,GENERAL_MULTI_TOPIC,GENERAL_MULTI_TOPIC; TECHNOLOGY_SOFTWARE; EDUCATION_STUDENTS; SCIENCE; LEGAL,OTHER,ACTIVE,31,Ahrefs,2026-08-26
The Rust Programming Language Forum,https://users.rust-lang.org/,,en,GENERAL_MULTI_TOPIC,GENERAL_MULTI_TOPIC; CONSUMER_DEALS_REVIEWS,OTHER,ACTIVE,90,Ahrefs,2026-08-26
The Social Music Network - Fairness and autonomy for music makers and friends,https://the.socialmusic.network/,,zh; en,MUSIC_ENTERTAINMENT_CULTURE,MUSIC_ENTERTAINMENT_CULTURE,OTHER,ACTIVE,20,Ahrefs,2026-08-26
The South Pacific - Official forums,https://thesouthpacific.org/,,zh; en,CYBERSECURITY_IT,CYBERSECURITY_IT; LEGAL,OTHER,ACTIVE,1,Ahrefs,2026-08-26
The Spaghetti Western Database Forum,https://forum.spaghetti-western.net/,,en,FINANCE_INVESTING_BANKING,FINANCE_INVESTING_BANKING; MUSIC_ENTERTAINMENT_CULTURE,OTHER,ACTIVE,47,Ahrefs,2026-08-26
The Stan Forums,https://discourse.mc-stan.org/,,en,CAREERS_HR_RECRUITMENT,CAREERS_HR_RECRUITMENT,OTHER,ACTIVE,73,Ahrefs,2026-08-26
The Success Community,https://success.vanillaforums.com/,,en,NEWS_POLITICS_SOCIETY,NEWS_POLITICS_SOCIETY,OTHER,ACTIVE,78,Ahrefs,2026-08-27
The Tempest Weather Community,https://community.tempest.earth/,,zh; en,GENERAL_MULTI_TOPIC,GENERAL_MULTI_TOPIC,OTHER,ACTIVE,68,Ahrefs,2026-08-26
The Uncharted Blue Community Forums,https://forums.unchartedblue.com/,,en,NEWS_POLITICS_SOCIETY,NEWS_POLITICS_SOCIETY,OTHER,ACTIVE,25,Ahrefs,2026-08-26
The Workplace Stack Exchange,https://workplace.stackexchange.com/,,en,PROGRAMMING_DEVELOPMENT,PROGRAMMING_DEVELOPMENT; TECHNOLOGY_SOFTWARE; BUSINESS_ENTREPRENEURSHIP; CAREERS_HR_RECRUITMENT,Q_AND_A,UNKNOWN,91,Ahrefs,2026-08-26
"The YouCanBookMe Community Forum - The YouCanBookMe Community Forum - Ask Questions, Help Other",https://forum.youcanbook.me/,,en,BUSINESS_ENTREPRENEURSHIP,BUSINESS_ENTREPRENEURSHIP,OTHER,ACTIVE,89,Ahrefs,2026-08-26
the-evilness.rpg-board.net,https://the-evilness.rpg-board.net/,,,GAMING_ESPORTS,GAMING_ESPORTS,INDEPENDENT,DORMANT,57,Ahrefs,2026-08-26
the-game-rpg.rpg-board.net,https://the-game-rpg.rpg-board.net/,,,GAMING_ESPORTS,GAMING_ESPORTS,HOBBY_COMMUNITY,ACTIVE,57,Ahrefs,2026-08-26
the-originals-rpg.rpg-board.net,https://the-originals-rpg.rpg-board.net/,,en,GAMING_ESPORTS,GAMING_ESPORTS,INDEPENDENT,DORMANT,57,Ahrefs,2026-08-26
"the.fmsoup.org - Independent FileMaker Forum. Help, Discussions & Answers for Developers and Users - A independent discussion forum and knowledge development project for FileMaker ",https://the.fmsoup.org/,,en,WEB_HOSTING_DOMAINS,WEB_HOSTING_DOMAINS; NEWS_POLITICS_SOCIETY,HOBBY_COMMUNITY,ACTIVE,29,Ahrefs,2026-08-26
theakatsuki.forummotion.com,https://theakatsuki.forummotion.com/,,,GENERAL_MULTI_TOPIC,GENERAL_MULTI_TOPIC,INDEPENDENT,ACTIVE,45,Ahrefs,2026-08-26
theameliarevival.rpg-board.net,https://theameliarevival.rpg-board.net/,,,GAMING_ESPORTS,GAMING_ESPORTS; PARENTING_FAMILY,INDEPENDENT,ACTIVE,57,Ahrefs,2026-08-26
theaphroleplaysite.rpg-board.net,https://theaphroleplaysite.rpg-board.net/,,en,GAMING_ESPORTS,GAMING_ESPORTS; CREATIVE_DESIGN,HOBBY_COMMUNITY,DORMANT,57,Ahrefs,2026-08-26
thearkrp.rpg-board.net,https://thearkrp.rpg-board.net/,,en,GAMING_ESPORTS,GAMING_ESPORTS,HOBBY_COMMUNITY,DORMANT,57,Ahrefs,2026-08-26
thebestforumever.rpg-board.net,https://thebestforumever.rpg-board.net/,,en,GAMING_ESPORTS,GAMING_ESPORTS; NEWS_POLITICS_SOCIETY,INDEPENDENT,ACTIVE,57,Ahrefs,2026-08-26
thebeyond.rpg-board.net,https://thebeyond.rpg-board.net/,,en,GENERAL_MULTI_TOPIC,GENERAL_MULTI_TOPIC; ECOMMERCE_MARKETPLACES; SCIENCE; AUTOMOTIVE; GAMING_ESPORTS,INDEPENDENT,ACTIVE,57,Ahrefs,2026-08-26
thechalkloft.catsboard.com,https://thechalkloft.catsboard.com/,,en,MUSIC_ENTERTAINMENT_CULTURE,MUSIC_ENTERTAINMENT_CULTURE,INDEPENDENT,DORMANT,45,Ahrefs,2026-08-26
thecorruptions.keuf.net,https://thecorruptions.keuf.net/,,,TECHNOLOGY_SOFTWARE,TECHNOLOGY_SOFTWARE,INDEPENDENT,DORMANT,32,Ahrefs,2026-08-26
thedualers.catsboard.com,https://thedualers.catsboard.com/,,,GENERAL_MULTI_TOPIC,GENERAL_MULTI_TOPIC,INDEPENDENT,DORMANT,45,Ahrefs,2026-08-26
Theengs and OpenMQTTGateway,https://community.openmqttgateway.com/,,en,GENERAL_MULTI_TOPIC,GENERAL_MULTI_TOPIC,OTHER,ACTIVE,29,Ahrefs,2026-08-26
thefishforum.darkbb.com,https://thefishforum.darkbb.com/forum,,en,GENERAL_MULTI_TOPIC,GENERAL_MULTI_TOPIC; TECHNOLOGY_SOFTWARE; HOME_DIY,INDEPENDENT,ACTIVE,51,Ahrefs,2026-08-26
thefiveclansrpg.rpg-board.net,https://thefiveclansrpg.rpg-board.net/,,,GAMING_ESPORTS,GAMING_ESPORTS,INDEPENDENT,ACTIVE,57,Ahrefs,2026-08-26
theforbiddenforest.rpg-board.net,https://theforbiddenforest.rpg-board.net/,,en,GAMING_ESPORTS,GAMING_ESPORTS; MUSIC_ENTERTAINMENT_CULTURE,HOBBY_COMMUNITY,UNKNOWN,57,Ahrefs,2026-08-26
thegalacticempire.rpg-board.net,https://thegalacticempire.rpg-board.net/,,en,GENERAL_MULTI_TOPIC,GENERAL_MULTI_TOPIC; GAMING_ESPORTS; NEWS_POLITICS_SOCIETY,INDEPENDENT,UNKNOWN,57,Ahrefs,2026-08-26
thehungergamesbalkan.rpg-board.net,https://thehungergamesbalkan.rpg-board.net/,,,GAMING_ESPORTS,GAMING_ESPORTS; MUSIC_ENTERTAINMENT_CULTURE,INDEPENDENT,ACTIVE,57,Ahrefs,2026-08-26
theinvincible.rpg-board.net,https://theinvincible.rpg-board.net/,,en,GENERAL_MULTI_TOPIC,GENERAL_MULTI_TOPIC; GAMING_ESPORTS,INDEPENDENT,DORMANT,57,Ahrefs,2026-08-26
thejsaclan.rpg-board.net,https://thejsaclan.rpg-board.net/forum,,en,GAMING_ESPORTS,GAMING_ESPORTS; NEWS_POLITICS_SOCIETY,INDEPENDENT,DORMANT,57,Ahrefs,2026-08-26
thenarrowcorner.rpg-board.net,https://thenarrowcorner.rpg-board.net/,,,GAMING_ESPORTS,GAMING_ESPORTS,INDEPENDENT,UNKNOWN,57,Ahrefs,2026-08-26
thenarutorp.darkbb.com,https://thenarutorp.darkbb.com/,,en,GENERAL_MULTI_TOPIC,GENERAL_MULTI_TOPIC,INDEPENDENT,DORMANT,51,Ahrefs,2026-08-26
thenarutouzumaki-rpg.rpg-board.net,https://thenarutouzumaki-rpg.rpg-board.net/forum,,en,GAMING_ESPORTS,GAMING_ESPORTS,INDEPENDENT,DORMANT,57,Ahrefs,2026-08-26
thenetwork.rpg-board.net,https://thenetwork.rpg-board.net/,,en,GENERAL_MULTI_TOPIC,GENERAL_MULTI_TOPIC; GAMING_ESPORTS,INDEPENDENT,ACTIVE,57,Ahrefs,2026-08-26
thenewshaniaforums.forumotion.net,https://thenewshaniaforums.forumotion.net/,,en,SPORTS_FITNESS,SPORTS_FITNESS; CREATIVE_DESIGN; MUSIC_ENTERTAINMENT_CULTURE; NEWS_POLITICS_SOCIETY,HOBBY_COMMUNITY,ACTIVE,60,Ahrefs,2026-08-26
theninerealms.rpg-board.net,https://theninerealms.rpg-board.net/,,,GAMING_ESPORTS,GAMING_ESPORTS; CREATIVE_DESIGN; MUSIC_ENTERTAINMENT_CULTURE,HOBBY_COMMUNITY,ACTIVE,57,Ahrefs,2026-08-26
theninjaway.forumakers.com,https://theninjaway.forumakers.com/,,en,GENERAL_MULTI_TOPIC,GENERAL_MULTI_TOPIC; GAMING_ESPORTS; NEWS_POLITICS_SOCIETY,INDEPENDENT,DORMANT,36,Ahrefs,2026-08-26
Theoretical Computer Science Stack Exchange,https://cstheory.stackexchange.com/,,en,AI_DATA,AI_DATA; TECHNOLOGY_SOFTWARE; EDUCATION_STUDENTS; SCIENCE,Q_AND_A,UNKNOWN,91,Ahrefs,2026-08-26
theparagonpaladins.rpg-board.net,https://theparagonpaladins.rpg-board.net/,,en,GAMING_ESPORTS,GAMING_ESPORTS; NEWS_POLITICS_SOCIETY,HOBBY_COMMUNITY,UNKNOWN,57,Ahrefs,2026-08-26
thepathofsoul.rpg-board.net,https://thepathofsoul.rpg-board.net/forum,,en,GAMING_ESPORTS,GAMING_ESPORTS,INDEPENDENT,DORMANT,57,Ahrefs,2026-08-26
theroleplayzone.rpg-board.net,https://theroleplayzone.rpg-board.net/,,en,GAMING_ESPORTS,GAMING_ESPORTS; MUSIC_ENTERTAINMENT_CULTURE,HOBBY_COMMUNITY,ACTIVE,57,Ahrefs,2026-08-26
therpforum.rpg-board.net,https://therpforum.rpg-board.net/,,en,GAMING_ESPORTS,GAMING_ESPORTS; MUSIC_ENTERTAINMENT_CULTURE; NEWS_POLITICS_SOCIETY,HOBBY_COMMUNITY,DORMANT,57,Ahrefs,2026-08-26
therpg.rpg-board.net,https://therpg.rpg-board.net/,,,GAMING_ESPORTS,GAMING_ESPORTS; MUSIC_ENTERTAINMENT_CULTURE,HOBBY_COMMUNITY,ACTIVE,57,Ahrefs,2026-08-26
thesanbox.rpg-board.net,https://thesanbox.rpg-board.net/,,,GAMING_ESPORTS,GAMING_ESPORTS,INDEPENDENT,ACTIVE,57,Ahrefs,2026-08-26
thesequel.rpg-board.net,https://thesequel.rpg-board.net/,,en,GAMING_ESPORTS,GAMING_ESPORTS,INDEPENDENT,DORMANT,57,Ahrefs,2026-08-26
theshinobiwayrp.rpg-board.net,https://theshinobiwayrp.rpg-board.net/,,en,GENERAL_MULTI_TOPIC,GENERAL_MULTI_TOPIC; GAMING_ESPORTS,HOBBY_COMMUNITY,ACTIVE,57,Ahrefs,2026-08-26
thesocietyofsouls.rpg-board.net,https://thesocietyofsouls.rpg-board.net/,,,GAMING_ESPORTS,GAMING_ESPORTS,INDEPENDENT,ACTIVE,57,Ahrefs,2026-08-26
thesoulsocietyfm.rpg-board.net,https://thesoulsocietyfm.rpg-board.net/,,en,GENERAL_MULTI_TOPIC,GENERAL_MULTI_TOPIC; GAMING_ESPORTS,HOBBY_COMMUNITY,ACTIVE,57,Ahrefs,2026-08-26
thestickcult.rpg-board.net,https://thestickcult.rpg-board.net/,,en,GAMING_ESPORTS,GAMING_ESPORTS; NEWS_POLITICS_SOCIETY,INDEPENDENT,DORMANT,57,Ahrefs,2026-08-26
thetrueuniverse.rpg-board.net,https://thetrueuniverse.rpg-board.net/,,en,GAMING_ESPORTS,GAMING_ESPORTS,INDEPENDENT,UNKNOWN,57,Ahrefs,2026-08-26
thetwilightsagarpg.forumotion.net,https://thetwilightsagarpg.forumotion.net/forum,,,GENERAL_MULTI_TOPIC,GENERAL_MULTI_TOPIC,INDEPENDENT,ACTIVE,60,Ahrefs,2026-08-26
thevampdiaries.forumotion.net,https://thevampdiaries.forumotion.net/,,,GENERAL_MULTI_TOPIC,GENERAL_MULTI_TOPIC,INDEPENDENT,UNKNOWN,60,Ahrefs,2026-08-26
thevampirediaries.rpg-board.net,https://thevampirediaries.rpg-board.net/forum,,en,GAMING_ESPORTS,GAMING_ESPORTS,HOBBY_COMMUNITY,DORMANT,57,Ahrefs,2026-08-26
theworldacademy.rpg-board.net,https://theworldacademy.rpg-board.net/,,en,EDUCATION_STUDENTS,EDUCATION_STUDENTS; GAMING_ESPORTS,EDUCATION_COMMUNITY,ACTIVE,57,Ahrefs,2026-08-26
theworldscollide.rpg-board.net,https://theworldscollide.rpg-board.net/,,,GAMING_ESPORTS,GAMING_ESPORTS; NEWS_POLITICS_SOCIETY,INDEPENDENT,ACTIVE,57,Ahrefs,2026-08-26
thexgene.rpg-board.net,https://thexgene.rpg-board.net/,,,GAMING_ESPORTS,GAMING_ESPORTS,INDEPENDENT,DORMANT,57,Ahrefs,2026-08-26
ThinLinc Community Forum,https://community.thinlinc.com/,,en,GENERAL_MULTI_TOPIC,GENERAL_MULTI_TOPIC,OTHER,ACTIVE,38,Ahrefs,2026-08-26
thlenouvelotrela.forumgreek.com,https://thlenouvelotrela.forumgreek.com/,,,GENERAL_MULTI_TOPIC,GENERAL_MULTI_TOPIC,INDEPENDENT,ACTIVE,45,Ahrefs,2026-08-26
three.js forum,https://discourse.threejs.org/,,en,CAREERS_HR_RECRUITMENT,CAREERS_HR_RECRUITMENT,OTHER,ACTIVE,85,Ahrefs,2026-08-26
Thrive Community Forum,https://community.revolutionarygamesstudio.com/,,en,SCIENCE,SCIENCE; NEWS_POLITICS_SOCIETY,HOBBY_COMMUNITY,ACTIVE,55,Ahrefs,2026-08-26
Thriving Now - Community Center - Emotional Freedom and Embodied Love for All,https://thrivingnow.center/,,en,GENERAL_MULTI_TOPIC,GENERAL_MULTI_TOPIC,OTHER,ACTIVE,2,Ahrefs,2026-08-26
Thunkable Community - Find no code mobile app development answers,https://community.thunkable.com/,,en,EDUCATION_STUDENTS,EDUCATION_STUDENTS; GAMING_ESPORTS; HOME_DIY,HOBBY_COMMUNITY,ACTIVE,71,Ahrefs,2026-08-26
TiDB 的问答社区 - TiDB 社区,https://pingkai.cn/tidbcommunity/forum,,zh,GENERAL_MULTI_TOPIC,GENERAL_MULTI_TOPIC,OTHER,ACTIVE,46,Ahrefs,2026-08-26
TidBITS Talk,https://talk.tidbits.com/,,en,GENERAL_MULTI_TOPIC,GENERAL_MULTI_TOPIC,OTHER,ACTIVE,74,Ahrefs,2026-08-26
Tiled Forum,https://discourse.mapeditor.org/,,en,NEWS_POLITICS_SOCIETY,NEWS_POLITICS_SOCIETY,OTHER,ACTIVE,73,Ahrefs,2026-08-26
Tiller Community - Find and share inspiration about using Tiller to get in control of your money.,https://community.tiller.com/,,en,FINANCE_INVESTING_BANKING,FINANCE_INVESTING_BANKING; NEWS_POLITICS_SOCIETY,OTHER,ACTIVE,65,Ahrefs,2026-08-26
timelessworlds.rpg-board.net,https://timelessworlds.rpg-board.net/,,,GAMING_ESPORTS,GAMING_ESPORTS,INDEPENDENT,ACTIVE,57,Ahrefs,2026-08-26
titanrebellion.rpg-board.net,https://titanrebellion.rpg-board.net/,,,GAMING_ESPORTS,GAMING_ESPORTS,INDEPENDENT,DORMANT,57,Ahrefs,2026-08-26
tkos.rpg-board.net,https://tkos.rpg-board.net/,,,AUTOMOTIVE,AUTOMOTIVE; GAMING_ESPORTS; ANIMALS_PETS,INDEPENDENT,DORMANT,57,Ahrefs,2026-08-26
tlc-opp-war3.rpg-board.net,https://tlc-opp-war3.rpg-board.net/,,en,GAMING_ESPORTS,GAMING_ESPORTS,INDEPENDENT,DORMANT,57,Ahrefs,2026-08-26
tlg-rp.rpg-board.net,https://tlg-rp.rpg-board.net/,,en,GAMING_ESPORTS,GAMING_ESPORTS; CONSTRUCTION; NEWS_POLITICS_SOCIETY,HOBBY_COMMUNITY,ACTIVE,57,Ahrefs,2026-08-26
tljhnemo2.forumactif.org,https://tljhnemo2.forumactif.org/,,en,NEWS_POLITICS_SOCIETY,NEWS_POLITICS_SOCIETY,INDEPENDENT,UNKNOWN,73,Ahrefs,2026-08-26
tlkdh.rpg-board.net,https://tlkdh.rpg-board.net/,,,GAMING_ESPORTS,GAMING_ESPORTS,INDEPENDENT,ACTIVE,57,Ahrefs,2026-08-26
tnnarupg.rpg-board.net,https://tnnarupg.rpg-board.net/,,,GAMING_ESPORTS,GAMING_ESPORTS; NEWS_POLITICS_SOCIETY,INDEPENDENT,ACTIVE,57,Ahrefs,2026-08-26
Toad World® Forums,https://forums.toadworld.com/,,en,BUSINESS_ENTREPRENEURSHIP,BUSINESS_ENTREPRENEURSHIP,OTHER,ACTIVE,65,Ahrefs,2026-08-26
"Toggl Community - A place for Toggl users to discuss their use of Toggl apps, share advice, and get help.",https://community.toggl.com/,,en,BUSINESS_ENTREPRENEURSHIP,BUSINESS_ENTREPRENEURSHIP,OTHER,ACTIVE,84,Ahrefs,2026-08-26
tokyoghoular.rpg-board.net,https://tokyoghoular.rpg-board.net/,,en,GENERAL_MULTI_TOPIC,GENERAL_MULTI_TOPIC; GAMING_ESPORTS; CREATIVE_DESIGN,HOBBY_COMMUNITY,ACTIVE,57,Ahrefs,2026-08-26
tokyoghoulrp.rpg-board.net,https://tokyoghoulrp.rpg-board.net/,,,GAMING_ESPORTS,GAMING_ESPORTS,INDEPENDENT,ACTIVE,57,Ahrefs,2026-08-26
topmusic.forumgreek.com,https://topmusic.forumgreek.com/,,,MUSIC_ENTERTAINMENT_CULTURE,MUSIC_ENTERTAINMENT_CULTURE,INDEPENDENT,UNKNOWN,45,Ahrefs,2026-08-26
Tor Project Forum - Defend yourself against tracking and surveillance. Circumvent censorship.,https://forum.torproject.org/,,en,GENERAL_MULTI_TOPIC,GENERAL_MULTI_TOPIC; NEWS_POLITICS_SOCIETY,OTHER,ACTIVE,90,Ahrefs,2026-08-26
Tor Stack Exchange,https://tor.stackexchange.com/,,en,WEB_HOSTING_DOMAINS,WEB_HOSTING_DOMAINS,Q_AND_A,UNKNOWN,91,Ahrefs,2026-08-26
TourRadar Community,https://community.tourradar.com/,,en,TRAVEL_EXPAT_IMMIGRATION,TRAVEL_EXPAT_IMMIGRATION,OTHER,ACTIVE,75,Ahrefs,2026-08-26
tpbs.rpg-board.net,https://tpbs.rpg-board.net/,,,TRAVEL_EXPAT_IMMIGRATION,TRAVEL_EXPAT_IMMIGRATION; GAMING_ESPORTS; ANIMALS_PETS; CONSUMER_DEALS_REVIEWS,INDEPENDENT,ACTIVE,57,Ahrefs,2026-08-26
tpyc-version2.rpg-board.net,https://tpyc-version2.rpg-board.net/,,en,GAMING_ESPORTS,GAMING_ESPORTS; MUSIC_ENTERTAINMENT_CULTURE,INDEPENDENT,ACTIVE,57,Ahrefs,2026-08-26
tracklistings.forum.st,https://tracklistings.forum.st/,,en,MUSIC_ENTERTAINMENT_CULTURE,MUSIC_ENTERTAINMENT_CULTURE,INDEPENDENT,ACTIVE,40,Ahrefs,2026-08-26
Trading 212 Community,https://community.trading212.com/,,en,FINANCE_INVESTING_BANKING,FINANCE_INVESTING_BANKING,OTHER,ACTIVE,73,Ahrefs,2026-08-26
Trading Q&A by Zerodha - All your queries on trading and markets answered,https://tradingqna.com/,,en,FINANCE_INVESTING_BANKING,FINANCE_INVESTING_BANKING; CRYPTO_WEB3; CONSUMER_DEALS_REVIEWS,Q_AND_A,ACTIVE,35,Ahrefs,2026-08-26
Tradovate Forum - Tradovate's user forum,https://community.tradovate.com/,,en,GENERAL_MULTI_TOPIC,GENERAL_MULTI_TOPIC,OTHER,ACTIVE,67,Ahrefs,2026-08-26
TRAE 官方中文社区,https://forum.trae.cn/,,zh,GENERAL_MULTI_TOPIC,GENERAL_MULTI_TOPIC,OTHER,ACTIVE,74,Ahrefs,2026-08-26
Trakt Forums,https://forums.trakt.tv/,,en,MUSIC_ENTERTAINMENT_CULTURE,MUSIC_ENTERTAINMENT_CULTURE,OTHER,ACTIVE,75,Ahrefs,2026-08-26
transfans.serbianforum.info,https://transfans.serbianforum.info/,Serbia,,GENERAL_MULTI_TOPIC,GENERAL_MULTI_TOPIC,LOCAL_REGIONAL,ACTIVE,28,Ahrefs,2026-08-26
transformiceplace.rpg-board.net,https://transformiceplace.rpg-board.net/,,en,FINANCE_INVESTING_BANKING,FINANCE_INVESTING_BANKING; GAMING_ESPORTS; NEWS_POLITICS_SOCIETY,INDEPENDENT,DORMANT,57,Ahrefs,2026-08-26
Transifex - Transifex Community Forum where users can interact and ask questions.,https://community.transifex.com/,,en,GENERAL_MULTI_TOPIC,GENERAL_MULTI_TOPIC,Q_AND_A,ACTIVE,84,Ahrefs,2026-08-26
Travel Stack Exchange,https://travel.stackexchange.com/,,en,TRAVEL_EXPAT_IMMIGRATION,TRAVEL_EXPAT_IMMIGRATION,Q_AND_A,UNKNOWN,91,Ahrefs,2026-08-26
travel-com.ahlamontada.com,https://travel-com.ahlamontada.com/,,en,TRAVEL_EXPAT_IMMIGRATION,TRAVEL_EXPAT_IMMIGRATION; ANIMALS_PETS,INDEPENDENT,ACTIVE,61,Ahrefs,2026-08-26
Tridion Stack Exchange,https://tridion.stackexchange.com/,,en,GENERAL_MULTI_TOPIC,GENERAL_MULTI_TOPIC,Q_AND_A,UNKNOWN,91,Ahrefs,2026-08-26
TriTalk.co.uk - TriTalk Forum,https://forum.tritalk.co.uk/,,en,ECOMMERCE_MARKETPLACES,ECOMMERCE_MARKETPLACES,OTHER,ACTIVE,15,Ahrefs,2026-08-26
Triumph Motorcycle Forum - For the Riders,https://triumphmotorcycleforum.com/,,en,AUTOMOTIVE,AUTOMOTIVE; SPORTS_FITNESS,HOBBY_COMMUNITY,ACTIVE,2,Ahrefs,2026-08-26
TRON DAO Forum - A TRON community forum,https://forum.trondao.org/,,en,GENERAL_MULTI_TOPIC,GENERAL_MULTI_TOPIC,OTHER,ACTIVE,72,Ahrefs,2026-08-26
"TroopTrack User Community - The TroopTrack Community is a collaborative place for TroopTrack Users to find answers to questions, give advice to other users, and to connect with Tro",https://community.trooptrack.com/,,en,PROGRAMMING_DEVELOPMENT,PROGRAMMING_DEVELOPMENT; LEGAL,OTHER,ACTIVE,56,Ahrefs,2026-08-26
TrueNAS Community Forums - TrueNAS and TrueCommand Discussion,https://forums.truenas.com/,,en,GENERAL_MULTI_TOPIC,GENERAL_MULTI_TOPIC,OTHER,ACTIVE,77,Ahrefs,2026-08-26
TrustedHousesitters Community Forum,https://forum.trustedhousesitters.com/,,en,TRAVEL_EXPAT_IMMIGRATION,TRAVEL_EXPAT_IMMIGRATION; ANIMALS_PETS; NEWS_POLITICS_SOCIETY,OTHER,ACTIVE,75,Ahrefs,2026-08-26
Tryton Discussion - Tryton forum,https://discuss.tryton.org/,,en,PROGRAMMING_DEVELOPMENT,PROGRAMMING_DEVELOPMENT; TECHNOLOGY_SOFTWARE; BUSINESS_ENTREPRENEURSHIP; NEWS_POLITICS_SOCIETY,OTHER,ACTIVE,66,Ahrefs,2026-08-26
tsiblogs.rpg-board.net,https://tsiblogs.rpg-board.net/,,,GAMING_ESPORTS,GAMING_ESPORTS,HOBBY_COMMUNITY,ACTIVE,57,Ahrefs,2026-08-26
Tuners Guild - ECU calibration community by Tuners Guild,https://community.tunersguild.com/,,en,ENGINEERING,ENGINEERING; NEWS_POLITICS_SOCIETY; CONSUMER_DEALS_REVIEWS,Q_AND_A,ACTIVE,16,Ahrefs,2026-08-26
TurboRenault.co.uk,https://turborenault.co.uk/,,en,AUTOMOTIVE,AUTOMOTIVE,OTHER,ACTIVE,29,Ahrefs,2026-08-26
twilightofthegods.rpg-board.net,https://twilightofthegods.rpg-board.net/,,,GAMING_ESPORTS,GAMING_ESPORTS,INDEPENDENT,DORMANT,57,Ahrefs,2026-08-26
twisted.rpg-board.net,https://twisted.rpg-board.net/,,en,GAMING_ESPORTS,GAMING_ESPORTS,INDEPENDENT,ACTIVE,57,Ahrefs,2026-08-26
TYCHOS Forum - About our Geoaxial Binary System,https://forum.tychos.space/,,en,GENERAL_MULTI_TOPIC,GENERAL_MULTI_TOPIC,OTHER,ACTIVE,15,Ahrefs,2026-08-26
"Typst Forum - Q&A and threads about Typst, the technical writing platform",https://forum.typst.app/,,en,GENERAL_MULTI_TOPIC,GENERAL_MULTI_TOPIC,Q_AND_A,ACTIVE,75,Ahrefs,2026-08-26
TZM Forum - The Unofficial Zeitgeist Movement Forum,https://tzm.one/,,en,NEWS_POLITICS_SOCIETY,NEWS_POLITICS_SOCIETY; CONSUMER_DEALS_REVIEWS,OTHER,ACTIVE,2,Ahrefs,2026-08-26
Übergabe Community - Übergabe Community,https://community.uebergabe.de/,,,GENERAL_MULTI_TOPIC,GENERAL_MULTI_TOPIC,OTHER,ACTIVE,40,Ahrefs,2026-08-26
Ubuntu Budgie Discourse,https://discourse.ubuntubudgie.org/,,en,GENERAL_MULTI_TOPIC,GENERAL_MULTI_TOPIC,OTHER,ACTIVE,55,Ahrefs,2026-08-26
Ubuntu Community Hub,https://discourse.ubuntu.com/,,en,GENERAL_MULTI_TOPIC,GENERAL_MULTI_TOPIC,OTHER,ACTIVE,91,Ahrefs,2026-08-26
UDO Audio Forum - UDO Audio community forum,https://forum.udo-audio.com/,,en,GENERAL_MULTI_TOPIC,GENERAL_MULTI_TOPIC; MUSIC_ENTERTAINMENT_CULTURE,OTHER,ACTIVE,40,Ahrefs,2026-08-26
ugrp.rpg-board.net,https://ugrp.rpg-board.net/,,en,GENERAL_MULTI_TOPIC,GENERAL_MULTI_TOPIC; TECHNOLOGY_SOFTWARE; SCIENCE; GAMING_ESPORTS,HOBBY_COMMUNITY,ACTIVE,57,Ahrefs,2026-08-26
uine.rpg-board.net,https://uine.rpg-board.net/,,,GAMING_ESPORTS,GAMING_ESPORTS,INDEPENDENT,UNKNOWN,57,Ahrefs,2026-08-26
UiPath Community Forum,https://forum.uipath.com/,,en,BUSINESS_ENTREPRENEURSHIP,BUSINESS_ENTREPRENEURSHIP; EDUCATION_STUDENTS; CONSTRUCTION; NEWS_POLITICS_SOCIETY,OTHER,ACTIVE,82,Ahrefs,2026-08-26
Ukrainian Language Stack Exchange,https://ukrainian.stackexchange.com/,,en,EDUCATION_STUDENTS,EDUCATION_STUDENTS,Q_AND_A,UNKNOWN,91,Ahrefs,2026-08-26
ultimarpg.rpg-board.net,https://ultimarpg.rpg-board.net/,,,GENERAL_MULTI_TOPIC,GENERAL_MULTI_TOPIC; GAMING_ESPORTS,INDEPENDENT,ACTIVE,57,Ahrefs,2026-08-26
ultimateshinobi.rpg-board.net,https://ultimateshinobi.rpg-board.net/,,en,GENERAL_MULTI_TOPIC,GENERAL_MULTI_TOPIC; TRAVEL_EXPAT_IMMIGRATION; GAMING_ESPORTS; ANIMALS_PETS,INDEPENDENT,ACTIVE,57,Ahrefs,2026-08-26
ultimatestarwarsrpg.rpg-board.net,https://ultimatestarwarsrpg.rpg-board.net/,,,TRAVEL_EXPAT_IMMIGRATION,TRAVEL_EXPAT_IMMIGRATION; GAMING_ESPORTS; NEWS_POLITICS_SOCIETY,INDEPENDENT,DORMANT,57,Ahrefs,2026-08-26
ULTRALOQ Community - We look forward to your joining and sharing your idea here,https://community.ultraloq.com/,,en,MARKETING_SEO_GROWTH,MARKETING_SEO_GROWTH,OTHER,ACTIVE,44,Ahrefs,2026-08-26
Ultralytics,https://community.ultralytics.com/,,en,TECHNOLOGY_SOFTWARE,TECHNOLOGY_SOFTWARE; EDUCATION_STUDENTS; NEWS_POLITICS_SOCIETY,OTHER,ACTIVE,76,Ahrefs,2026-08-26
Umbraco community forum,https://forum.umbraco.com/,,en,GENERAL_MULTI_TOPIC,GENERAL_MULTI_TOPIC,OTHER,ACTIVE,82,Ahrefs,2026-08-26
Umbrel Community - A friendly place to discuss all things Umbrel and to connect with the community.,https://community.umbrel.com/,,en,CRYPTO_WEB3,CRYPTO_WEB3,OTHER,ACTIVE,68,Ahrefs,2026-08-26
umw-fed.rpg-board.net,https://umw-fed.rpg-board.net/,,,GAMING_ESPORTS,GAMING_ESPORTS; CREATIVE_DESIGN,INDEPENDENT,ACTIVE,57,Ahrefs,2026-08-26
underthefullmoon.rpg-board.net,https://underthefullmoon.rpg-board.net/,,en,GAMING_ESPORTS,GAMING_ESPORTS,INDEPENDENT,ACTIVE,57,Ahrefs,2026-08-26
undraurpg.rpg-board.net,https://undraurpg.rpg-board.net/,,,GAMING_ESPORTS,GAMING_ESPORTS,INDEPENDENT,UNKNOWN,57,Ahrefs,2026-08-26
unersaettliche.rpg-board.net,https://unersaettliche.rpg-board.net/,,,GAMING_ESPORTS,GAMING_ESPORTS,INDEPENDENT,UNKNOWN,57,Ahrefs,2026-08-26
Unicyclist.com - The World’s Largest Unicycling Community,https://unicyclist.com/,,en,FINANCE_INVESTING_BANKING,FINANCE_INVESTING_BANKING,OTHER,ACTIVE,42,Ahrefs,2026-08-26
unita-mentibus.rpg-board.net,https://unita-mentibus.rpg-board.net/,,en,GAMING_ESPORTS,GAMING_ESPORTS,INDEPENDENT,UNKNOWN,57,Ahrefs,2026-08-26
unitednation.rpg-board.net,https://unitednation.rpg-board.net/,,,GAMING_ESPORTS,GAMING_ESPORTS,INDEPENDENT,ACTIVE,57,Ahrefs,2026-08-26
unitewithart.forumotion.co.uk,https://unitewithart.forumotion.co.uk/,,en,GENERAL_MULTI_TOPIC,GENERAL_MULTI_TOPIC,INDEPENDENT,DORMANT,52,Ahrefs,2026-08-26
Universal Blue - Discussing and Contributing to Universal Blue,https://universal-blue.discourse.group/,,en,GENERAL_MULTI_TOPIC,GENERAL_MULTI_TOPIC,OTHER,ACTIVE,81,Ahrefs,2026-08-26
Universal Robots Forum,https://forum.universal-robots.com/,,zh; en,PROGRAMMING_DEVELOPMENT,PROGRAMMING_DEVELOPMENT; NEWS_POLITICS_SOCIETY,OTHER,ACTIVE,77,Ahrefs,2026-08-26
Unix & Linux Stack Exchange,https://unix.stackexchange.com/,,en,TECHNOLOGY_SOFTWARE,TECHNOLOGY_SOFTWARE,Q_AND_A,UNKNOWN,91,Ahrefs,2026-08-26
unstoppablemind.forumotion.co.uk,https://unstoppablemind.forumotion.co.uk/,Japan,en,MUSIC_ENTERTAINMENT_CULTURE,MUSIC_ENTERTAINMENT_CULTURE; NEWS_POLITICS_SOCIETY,LOCAL_REGIONAL,ACTIVE,52,Ahrefs,2026-08-26
untold-tales.rpg-board.net,https://untold-tales.rpg-board.net/,,,EDUCATION_STUDENTS,EDUCATION_STUDENTS; GAMING_ESPORTS,INDEPENDENT,ACTIVE,57,Ahrefs,2026-08-26
untoldstories.rpg-board.net,https://untoldstories.rpg-board.net/,,,GAMING_ESPORTS,GAMING_ESPORTS,INDEPENDENT,DORMANT,57,Ahrefs,2026-08-26
uotw.catsboard.com,https://uotw.catsboard.com/,,en,CREATIVE_DESIGN,CREATIVE_DESIGN,INDEPENDENT,UNKNOWN,45,Ahrefs,2026-08-26
upperfield.rpg-board.net,https://upperfield.rpg-board.net/,,,GAMING_ESPORTS,GAMING_ESPORTS,INDEPENDENT,ACTIVE,57,Ahrefs,2026-08-26
Upstox Community,https://community.upstox.com/,,en,FINANCE_INVESTING_BANKING,FINANCE_INVESTING_BANKING; PROGRAMMING_DEVELOPMENT,OTHER,ACTIVE,77,Ahrefs,2026-08-26
"Urbanity — Foro de Arquitectura y Urbanismo - El mayor foro en español sobre urbanismo, arquitectura y ciudad",https://urbanity.one/,,,GENERAL_MULTI_TOPIC,GENERAL_MULTI_TOPIC,OTHER,ACTIVE,13,Ahrefs,2026-08-26
USCCA Community,https://community.usconcealedcarry.com/,,en,GENERAL_MULTI_TOPIC,GENERAL_MULTI_TOPIC; EDUCATION_STUDENTS; HOME_DIY; LEGAL; NEWS_POLITICS_SOCIETY,OTHER,ACTIVE,80,Ahrefs,2026-08-26
User Experience Stack Exchange,https://ux.stackexchange.com/,,en,GENERAL_MULTI_TOPIC,GENERAL_MULTI_TOPIC,Q_AND_A,UNKNOWN,91,Ahrefs,2026-08-26
User Forum - Morningstar Engineering - MIDI. Effects. Community.,https://forum.morningstar.io/,,en,GENERAL_MULTI_TOPIC,GENERAL_MULTI_TOPIC; TECHNOLOGY_SOFTWARE; ENGINEERING,OTHER,ACTIVE,51,Ahrefs,2026-08-26
"UV Community - Join our UV community! Share experiences, ask questions, connect!",https://uvcommunity.com/,,en,NEWS_POLITICS_SOCIETY,NEWS_POLITICS_SOCIETY; CONSUMER_DEALS_REVIEWS,INDUSTRY_COMMUNITY,ACTIVE,23,Ahrefs,2026-08-26
Vaadin Forum - Java developer discussions,https://vaadin.com/forum,,zh; en,PROGRAMMING_DEVELOPMENT,PROGRAMMING_DEVELOPMENT; CAREERS_HR_RECRUITMENT,OTHER,ACTIVE,74,Ahrefs,2026-08-26
Valar,https://valar.es/,,,GENERAL_MULTI_TOPIC,GENERAL_MULTI_TOPIC,OTHER,UNKNOWN,0,Ahrefs,2026-08-27
valorenforcers.rpg-board.net,https://valorenforcers.rpg-board.net/,,en,GAMING_ESPORTS,GAMING_ESPORTS,INDEPENDENT,UNKNOWN,57,Ahrefs,2026-08-26
various-unknowns.rpg-board.net,https://various-unknowns.rpg-board.net/forum,,en,GENERAL_MULTI_TOPIC,GENERAL_MULTI_TOPIC; GAMING_ESPORTS; SPORTS_FITNESS; MUSIC_ENTERTAINMENT_CULTURE; FOOD_COOKING,HOBBY_COMMUNITY,ACTIVE,57,Ahrefs,2026-08-26
Vaultwarden Forum (formerly Bitwarden_RS) - Vaultwarden Forum (formerly Bitwarden_RS),https://vaultwarden.discourse.group/,,en,GENERAL_MULTI_TOPIC,GENERAL_MULTI_TOPIC,OTHER,ACTIVE,81,Ahrefs,2026-08-26
vcoc.forumotion.co.uk,https://vcoc.forumotion.co.uk/,,en,AUTOMOTIVE,AUTOMOTIVE,HOBBY_COMMUNITY,UNKNOWN,52,Ahrefs,2026-08-26
Veganism & Vegetarianism Stack Exchange,https://vegetarianism.stackexchange.com/,,en,GENERAL_MULTI_TOPIC,GENERAL_MULTI_TOPIC; EDUCATION_STUDENTS; HEALTH_MEDICINE; AGRICULTURE_GARDENING; FOOD_COOKING,Q_AND_A,UNKNOWN,91,Ahrefs,2026-08-26
vegetasdbzrpg.rpg-board.net,https://vegetasdbzrpg.rpg-board.net/,,,GAMING_ESPORTS,GAMING_ESPORTS; NEWS_POLITICS_SOCIETY,INDEPENDENT,ACTIVE,57,Ahrefs,2026-08-26
venezuelanlovers.el-foro.net,https://venezuelanlovers.el-foro.net/,,,GENERAL_MULTI_TOPIC,GENERAL_MULTI_TOPIC,INDEPENDENT,ACTIVE,26,Ahrefs,2026-08-26
"Vercel Community — Discussions, events, and projects",https://community.vercel.com/,,en,GENERAL_MULTI_TOPIC,GENERAL_MULTI_TOPIC,OTHER,UNKNOWN,92,Ahrefs,2026-08-26
veteranbmwriders.forumotion.net,https://veteranbmwriders.forumotion.net/,,en,AUTOMOTIVE,AUTOMOTIVE; NEWS_POLITICS_SOCIETY; CONSUMER_DEALS_REVIEWS,HOBBY_COMMUNITY,ACTIVE,60,Ahrefs,2026-08-26
Vi and Vim Stack Exchange,https://vi.stackexchange.com/,,en,PROGRAMMING_DEVELOPMENT,PROGRAMMING_DEVELOPMENT,Q_AND_A,UNKNOWN,91,Ahrefs,2026-08-26
Victron Community,https://community.victronenergy.com/,,en,HOME_DIY,HOME_DIY,Q_AND_A,ACTIVE,81,Ahrefs,2026-08-26
victubiaroleplay.rpg-board.net,https://victubiaroleplay.rpg-board.net/,,en,GAMING_ESPORTS,GAMING_ESPORTS,HOBBY_COMMUNITY,DORMANT,57,Ahrefs,2026-08-26
Video Production Stack Exchange,https://video.stackexchange.com/,,en,ENGINEERING,ENGINEERING; PHOTOGRAPHY_VIDEO,Q_AND_A,UNKNOWN,91,Ahrefs,2026-08-26
"Virtualmin Community - Community for the discussion of Webmin, Virtualmin, Usermin, and Cloudmin.",https://forum.virtualmin.com/,,en,GENERAL_MULTI_TOPIC,GENERAL_MULTI_TOPIC; WEB_HOSTING_DOMAINS; CAREERS_HR_RECRUITMENT; NEWS_POLITICS_SOCIETY,OTHER,ACTIVE,91,Ahrefs,2026-08-26
virtualposition.forumotion.net,https://virtualposition.forumotion.net/,Pakistan,en,EDUCATION_STUDENTS,EDUCATION_STUDENTS; TRAVEL_EXPAT_IMMIGRATION; NEWS_POLITICS_SOCIETY,LOCAL_REGIONAL,ACTIVE,60,Ahrefs,2026-08-26
vLLM Forums,https://discuss.vllm.ai/,,en,TECHNOLOGY_SOFTWARE,TECHNOLOGY_SOFTWARE,OTHER,ACTIVE,80,Ahrefs,2026-08-26
vmassacre.forumotion.net,https://vmassacre.forumotion.net/,,en,GENERAL_MULTI_TOPIC,GENERAL_MULTI_TOPIC,INDEPENDENT,ACTIVE,60,Ahrefs,2026-08-26
vocaloidhouse.rpg-board.net,https://vocaloidhouse.rpg-board.net/,,en,GENERAL_MULTI_TOPIC,GENERAL_MULTI_TOPIC; GAMING_ESPORTS,HOBBY_COMMUNITY,ACTIVE,57,Ahrefs,2026-08-26
voipworld.forumtl.com,https://voipworld.forumtl.com/,,en,ECOMMERCE_MARKETPLACES,ECOMMERCE_MARKETPLACES; TELECOM_VOIP,INDEPENDENT,ACTIVE,36,Ahrefs,2026-08-26
VRChat Ask Forum - The official VRChat discussion forum.,https://ask.vrchat.com/,,en,GENERAL_MULTI_TOPIC,GENERAL_MULTI_TOPIC,Q_AND_A,ACTIVE,81,Ahrefs,2026-08-26
vstuning.forumotion.net,https://vstuning.forumotion.net/,,,AUTOMOTIVE,AUTOMOTIVE,INDEPENDENT,UNKNOWN,60,Ahrefs,2026-08-26
VW Camper - Le site des campers en VW,https://vw-camper.fr/,,,ANIMALS_PETS,ANIMALS_PETS,HOBBY_COMMUNITY,ACTIVE,6,Ahrefs,2026-08-26
Wahoo Forum,https://wahoox.forum.wahoofitness.com/,,en,TECHNOLOGY_SOFTWARE,TECHNOLOGY_SOFTWARE; SPORTS_FITNESS,OTHER,ACTIVE,77,Ahrefs,2026-08-26
walkersofwar.rpg-board.net,https://walkersofwar.rpg-board.net/,,en,TECHNOLOGY_SOFTWARE,TECHNOLOGY_SOFTWARE; GAMING_ESPORTS,INDEPENDENT,ACTIVE,57,Ahrefs,2026-08-26
WaniKani Community,https://community.wanikani.com/,,en,MUSIC_ENTERTAINMENT_CULTURE,MUSIC_ENTERTAINMENT_CULTURE,OTHER,ACTIVE,70,Ahrefs,2026-08-26
warriorcatera.rpg-board.net,https://warriorcatera.rpg-board.net/,,en,GAMING_ESPORTS,GAMING_ESPORTS; ANIMALS_PETS,HOBBY_COMMUNITY,ACTIVE,57,Ahrefs,2026-08-26
warriorduelacademy.forummotion.com,https://warriorduelacademy.forummotion.com/,,,EDUCATION_STUDENTS,EDUCATION_STUDENTS; NEWS_POLITICS_SOCIETY,INDEPENDENT,ACTIVE,45,Ahrefs,2026-08-26
warriorsofthelake.rpg-board.net,https://warriorsofthelake.rpg-board.net/,,en,GAMING_ESPORTS,GAMING_ESPORTS; ANIMALS_PETS; PARENTING_FAMILY,INDEPENDENT,DORMANT,57,Ahrefs,2026-08-26
warriorsrpgplace.rpg-board.net,https://warriorsrpgplace.rpg-board.net/,,,GAMING_ESPORTS,GAMING_ESPORTS,INDEPENDENT,ACTIVE,57,Ahrefs,2026-08-26
Water Polo Exchange,https://waterpoloexchange.com/,,en,CAREERS_HR_RECRUITMENT,CAREERS_HR_RECRUITMENT; EDUCATION_STUDENTS,OTHER,ACTIVE,1,Ahrefs,2026-08-26
"Waterloo Cycling Club Forum - Ride, Race, Lead",https://forum.waterloocyclingclub.ca/,,en,SPORTS_FITNESS,SPORTS_FITNESS; PARENTING_FAMILY,OTHER,ACTIVE,21,Ahrefs,2026-08-26
watershipdownrp.rpg-board.net,https://watershipdownrp.rpg-board.net/,,en,GAMING_ESPORTS,GAMING_ESPORTS; NEWS_POLITICS_SOCIETY,INDEPENDENT,UNKNOWN,57,Ahrefs,2026-08-26
Waves Community Forum - Community for Music Production & Mixing,https://forum.waves.com/,,en,TECHNOLOGY_SOFTWARE,TECHNOLOGY_SOFTWARE; MUSIC_ENTERTAINMENT_CULTURE,OTHER,ACTIVE,76,Ahrefs,2026-08-26
WD Community,https://community.wd.com/,,en,TECHNOLOGY_SOFTWARE,TECHNOLOGY_SOFTWARE; NEWS_POLITICS_SOCIETY,OTHER,ACTIVE,76,Ahrefs,2026-08-26
Weather-Watch Forum - A place for weather watchers to discuss watching the weather,https://discourse.weather-watch.com/,,en,GENERAL_MULTI_TOPIC,GENERAL_MULTI_TOPIC,OTHER,ACTIVE,58,Ahrefs,2026-08-26
Weaviate Community Forum - Weaviate support and success stories,https://forum.weaviate.io/,,en,GENERAL_MULTI_TOPIC,GENERAL_MULTI_TOPIC,OTHER,ACTIVE,78,Ahrefs,2026-08-26
Web Applications Stack Exchange,https://webapps.stackexchange.com/,,,GENERAL_MULTI_TOPIC,GENERAL_MULTI_TOPIC,Q_AND_A,UNKNOWN,91,Ahrefs,2026-08-26
Webmasters Stack Exchange,https://webmasters.stackexchange.com/,,en,MARKETING_SEO_GROWTH,MARKETING_SEO_GROWTH; PROGRAMMING_DEVELOPMENT,Q_AND_A,UNKNOWN,91,Ahrefs,2026-08-26
Wereldwijzer Reisforums - Meer dan 250.000 leden.,https://forum.wereldwijzer.nl/,,nl,GENERAL_MULTI_TOPIC,GENERAL_MULTI_TOPIC,OTHER,ACTIVE,29,Ahrefs,2026-08-26
WeWeb Community - Get help and learn what people are building with WeWeb,https://community.weweb.io/,,en,PROGRAMMING_DEVELOPMENT,PROGRAMMING_DEVELOPMENT; CAREERS_HR_RECRUITMENT,OTHER,ACTIVE,70,Ahrefs,2026-08-26
whatsyourstory.rpg-board.net,https://whatsyourstory.rpg-board.net/,,en,GENERAL_MULTI_TOPIC,GENERAL_MULTI_TOPIC; GAMING_ESPORTS; ANIMALS_PETS; CREATIVE_DESIGN,HOBBY_COMMUNITY,ACTIVE,57,Ahrefs,2026-08-26
wherethewolvesbelong.rpg-board.net,https://wherethewolvesbelong.rpg-board.net/,,,GAMING_ESPORTS,GAMING_ESPORTS; NEWS_POLITICS_SOCIETY,INDEPENDENT,DORMANT,57,Ahrefs,2026-08-26
WHOOP Community - Ask the WHOOP Community to unlock your human performance and healthspan,https://community.whoop.com/,,en,HEALTH_MEDICINE,HEALTH_MEDICINE,OTHER,ACTIVE,80,Ahrefs,2026-08-26
wikiHow,https://forums.wikihow.com/,,en,GENERAL_MULTI_TOPIC,GENERAL_MULTI_TOPIC,OTHER,ACTIVE,91,Ahrefs,2026-08-26
wildaboutanimals.forumotion.net,https://wildaboutanimals.forumotion.net/,,en,ANIMALS_PETS,ANIMALS_PETS; PHOTOGRAPHY_VIDEO; NEWS_POLITICS_SOCIETY,INDEPENDENT,ACTIVE,60,Ahrefs,2026-08-26
wildhorselands.rpg-board.net,https://wildhorselands.rpg-board.net/,,,GAMING_ESPORTS,GAMING_ESPORTS,INDEPENDENT,ACTIVE,57,Ahrefs,2026-08-26
wildnature.rpg-board.net,https://wildnature.rpg-board.net/,,,GAMING_ESPORTS,GAMING_ESPORTS,INDEPENDENT,UNKNOWN,57,Ahrefs,2026-08-26
winfun4e1.rpg-board.net,https://winfun4e1.rpg-board.net/forum,,,GENERAL_MULTI_TOPIC,GENERAL_MULTI_TOPIC; HEALTH_MEDICINE; GAMING_ESPORTS; MUSIC_ENTERTAINMENT_CULTURE; FOOD_COOKING,INDEPENDENT,DORMANT,57,Ahrefs,2026-08-26
wingsandwisdom.forumakers.com,https://wingsandwisdom.forumakers.com/,,en,HEALTH_MEDICINE,HEALTH_MEDICINE,INDEPENDENT,ACTIVE,36,Ahrefs,2026-08-26
winni.forumgratuit.ro,https://winni.forumgratuit.ro/,,en,GAMING_ESPORTS,GAMING_ESPORTS; MUSIC_ENTERTAINMENT_CULTURE,INDEPENDENT,ACTIVE,52,Ahrefs,2026-08-26
winrumbleset.forumotion.net,https://winrumbleset.forumotion.net/,,,GENERAL_MULTI_TOPIC,GENERAL_MULTI_TOPIC,INDEPENDENT,ACTIVE,60,Ahrefs,2026-08-26
wirral-history.rpg-board.net,https://wirral-history.rpg-board.net/forum,,en,GAMING_ESPORTS,GAMING_ESPORTS; NEWS_POLITICS_SOCIETY,INDEPENDENT,ACTIVE,57,Ahrefs,2026-08-26
withinmemories.rpg-board.net,https://withinmemories.rpg-board.net/,,en,GAMING_ESPORTS,GAMING_ESPORTS,INDEPENDENT,ACTIVE,57,Ahrefs,2026-08-26
WLED - WLED community forum,https://wled.discourse.group/,,en,TECHNOLOGY_SOFTWARE,TECHNOLOGY_SOFTWARE,OTHER,ACTIVE,81,Ahrefs,2026-08-26
wloviet.forumvi.com,https://wloviet.forumvi.com/,,,GENERAL_MULTI_TOPIC,GENERAL_MULTI_TOPIC,INDEPENDENT,DORMANT,56,Ahrefs,2026-08-26
Wohnzimmer Neurodivers e.V. - Autismus / ADHS Forum,https://forum.wohnzimmer-neurodivers.de/,,de,GENERAL_MULTI_TOPIC,GENERAL_MULTI_TOPIC,OTHER,ACTIVE,35,Ahrefs,2026-08-26
wolffight.rpg-board.net,https://wolffight.rpg-board.net/,,en,GAMING_ESPORTS,GAMING_ESPORTS; NEWS_POLITICS_SOCIETY,INDEPENDENT,ACTIVE,57,Ahrefs,2026-08-26
wolflikedog.forumotion.net,https://wolflikedog.forumotion.net/,,en,ANIMALS_PETS,ANIMALS_PETS,INDEPENDENT,ACTIVE,60,Ahrefs,2026-08-26
wolves-teritory.rpg-board.net,https://wolves-teritory.rpg-board.net/,,,GAMING_ESPORTS,GAMING_ESPORTS; FOOD_COOKING,INDEPENDENT,DORMANT,57,Ahrefs,2026-08-26
wonmud.rpg-board.net,https://wonmud.rpg-board.net/,,,GAMING_ESPORTS,GAMING_ESPORTS; NEWS_POLITICS_SOCIETY,INDEPENDENT,ACTIVE,57,Ahrefs,2026-08-26
Woo-Forum - Expertisecentrum voor Woo-verzoeken en transparantie.,https://forum.expertisecentrumspoon.nl/,,nl; zh,GENERAL_MULTI_TOPIC,GENERAL_MULTI_TOPIC,OTHER,ACTIVE,20,Ahrefs,2026-08-26
Woodworking Stack Exchange,https://woodworking.stackexchange.com/,,en,HOME_DIY,HOME_DIY; HOBBIES_COLLECTING_OUTDOORS,Q_AND_A,UNKNOWN,91,Ahrefs,2026-08-26
WordPress Development Stack Exchange,https://wordpress.stackexchange.com/,,en,PROGRAMMING_DEVELOPMENT,PROGRAMMING_DEVELOPMENT; CYBERSECURITY_IT,Q_AND_A,UNKNOWN,91,Ahrefs,2026-08-26
World Liberty Financial,https://governance.worldlibertyfinancial.com/,,en,GENERAL_MULTI_TOPIC,GENERAL_MULTI_TOPIC,OTHER,ACTIVE,71,Ahrefs,2026-08-26
World Radio League - On the air,https://community.worldradioleague.com/,,en,TECHNOLOGY_SOFTWARE,TECHNOLOGY_SOFTWARE; EDUCATION_STUDENTS; NEWS_POLITICS_SOCIETY,EDUCATION_COMMUNITY,ACTIVE,45,Ahrefs,2026-08-26
world-gamers.forumotion.net,https://world-gamers.forumotion.net/,,en,NEWS_POLITICS_SOCIETY,NEWS_POLITICS_SOCIETY,INDEPENDENT,UNKNOWN,60,Ahrefs,2026-08-26
Worldbuilding Stack Exchange,https://worldbuilding.stackexchange.com/,,en,GENERAL_MULTI_TOPIC,GENERAL_MULTI_TOPIC; SCIENCE; CREATIVE_DESIGN; MUSIC_ENTERTAINMENT_CULTURE; LEGAL,Q_AND_A,UNKNOWN,91,Ahrefs,2026-08-26
WorldGuessr Community - Learn geoguessing!,https://worldguessr.forum/,,en,GENERAL_MULTI_TOPIC,GENERAL_MULTI_TOPIC,OTHER,ACTIVE,0,Ahrefs,2026-08-26
worldofbleach-forum.rpg-board.net,https://worldofbleach-forum.rpg-board.net/,,en,GENERAL_MULTI_TOPIC,GENERAL_MULTI_TOPIC; PROGRAMMING_DEVELOPMENT; GAMING_ESPORTS; NEWS_POLITICS_SOCIETY,INDEPENDENT,ACTIVE,57,Ahrefs,2026-08-26
worldscubbetting.forumotion.co.uk,https://worldscubbetting.forumotion.co.uk/,,,GENERAL_MULTI_TOPIC,GENERAL_MULTI_TOPIC,INDEPENDENT,ACTIVE,52,Ahrefs,2026-08-26
WoW Lazy Macros - World of Warcraft Macros Community,https://wowlazymacros.com/,,en,GENERAL_MULTI_TOPIC,GENERAL_MULTI_TOPIC,OTHER,ACTIVE,37,Ahrefs,2026-08-26
wretchesandkings.rpg-board.net,https://wretchesandkings.rpg-board.net/,,,GAMING_ESPORTS,GAMING_ESPORTS,HOBBY_COMMUNITY,DORMANT,57,Ahrefs,2026-08-26
Writing Stack Exchange,https://writing.stackexchange.com/,,en,CAREERS_HR_RECRUITMENT,CAREERS_HR_RECRUITMENT; EDUCATION_STUDENTS; CREATIVE_DESIGN; HOBBIES_COLLECTING_OUTDOORS,Q_AND_A,UNKNOWN,91,Ahrefs,2026-08-26
wwetriplethreat2.rpg-board.net,https://wwetriplethreat2.rpg-board.net/,,en,GAMING_ESPORTS,GAMING_ESPORTS,INDEPENDENT,ACTIVE,57,Ahrefs,2026-08-26
wwrpg.rpg-board.net,https://wwrpg.rpg-board.net/,,,GAMING_ESPORTS,GAMING_ESPORTS,INDEPENDENT,ACTIVE,57,Ahrefs,2026-08-26
www.1879zuluwar.com,https://1879zuluwar.com/,,en,GENERAL_MULTI_TOPIC,GENERAL_MULTI_TOPIC; NEWS_POLITICS_SOCIETY; CONSUMER_DEALS_REVIEWS,INDEPENDENT,ACTIVE,17,Ahrefs,2026-08-26
www.20thcenturyforum.com,https://20thcenturyforum.com/,,,GENERAL_MULTI_TOPIC,GENERAL_MULTI_TOPIC,INDEPENDENT,UNKNOWN,23,Ahrefs,2026-08-26
www.aforums.net,https://aforums.net/,,,CONSUMER_DEALS_REVIEWS,CONSUMER_DEALS_REVIEWS,INDEPENDENT,UNKNOWN,5,Ahrefs,2026-08-26
www.afwrpg.com,https://afwrpg.com/,,en,MARKETING_SEO_GROWTH,MARKETING_SEO_GROWTH; GAMING_ESPORTS,INDEPENDENT,ACTIVE,4,Ahrefs,2026-08-26
www.autosleeper-ownersforum.com,https://autosleeper-ownersforum.com/,,en,GENERAL_MULTI_TOPIC,GENERAL_MULTI_TOPIC,INDEPENDENT,ACTIVE,8,Ahrefs,2026-08-26
www.faerycharm.com,https://faerycharm.com/forum,,en,AGRICULTURE_GARDENING,AGRICULTURE_GARDENING; CREATIVE_DESIGN,INDEPENDENT,UNKNOWN,4,Ahrefs,2026-08-26
www.fairytail-rp.com,https://fairytail-rp.com/,,en,GENERAL_MULTI_TOPIC,GENERAL_MULTI_TOPIC,INDEPENDENT,UNKNOWN,17,Ahrefs,2026-08-26
www.fairytailrp.com,https://fairytailrp.com/,,en,GAMING_ESPORTS,GAMING_ESPORTS; NEWS_POLITICS_SOCIETY; CONSUMER_DEALS_REVIEWS,INDEPENDENT,ACTIVE,7,Ahrefs,2026-08-26
www.fmcodes.net,https://fmcodes.net/,,en,PROGRAMMING_DEVELOPMENT,PROGRAMMING_DEVELOPMENT,INDEPENDENT,ACTIVE,4,Ahrefs,2026-08-26
www.ford100e.org,https://ford100e.org/,,en,AUTOMOTIVE,AUTOMOTIVE,HOBBY_COMMUNITY,ACTIVE,4,Ahrefs,2026-08-26
www.friday-the-13th.net,https://friday-the-13th.net/,,en,GAMING_ESPORTS,GAMING_ESPORTS; MUSIC_ENTERTAINMENT_CULTURE,INDEPENDENT,UNKNOWN,8,Ahrefs,2026-08-26
www.fxsforexsrbijaforum.com,https://fxsforexsrbijaforum.com/,,en,FINANCE_INVESTING_BANKING,FINANCE_INVESTING_BANKING; EDUCATION_STUDENTS; NEWS_POLITICS_SOCIETY,INDEPENDENT,ACTIVE,6,Ahrefs,2026-08-26
www.gmbbody.com,https://gmbbody.com/,,en,GENERAL_MULTI_TOPIC,GENERAL_MULTI_TOPIC,HOBBY_COMMUNITY,ACTIVE,3,Ahrefs,2026-08-26
www.grisoghetto.com,https://grisoghetto.com/,,en,AUTOMOTIVE,AUTOMOTIVE,HOBBY_COMMUNITY,ACTIVE,4,Ahrefs,2026-08-26
www.historicnavalfiction.net,https://historicnavalfiction.net/forum,,en,GENERAL_MULTI_TOPIC,GENERAL_MULTI_TOPIC,INDEPENDENT,UNKNOWN,4,Ahrefs,2026-08-26
www.indianterminal.net,https://indianterminal.net/forum,,,FINANCE_INVESTING_BANKING,FINANCE_INVESTING_BANKING; MUSIC_ENTERTAINMENT_CULTURE,INDEPENDENT,ACTIVE,3,Ahrefs,2026-08-26
www.intense-creative.com,https://intense-creative.com/,,en,CREATIVE_DESIGN,CREATIVE_DESIGN; NEWS_POLITICS_SOCIETY,HOBBY_COMMUNITY,UNKNOWN,4,Ahrefs,2026-08-26
www.itsahuskything.com,https://itsahuskything.com/,,en,HEALTH_MEDICINE,HEALTH_MEDICINE; ANIMALS_PETS; HOBBIES_COLLECTING_OUTDOORS,INDEPENDENT,ACTIVE,7,Ahrefs,2026-08-26
www.k100-forum.com,https://k100-forum.com/forum,,en,GENERAL_MULTI_TOPIC,GENERAL_MULTI_TOPIC; TECHNOLOGY_SOFTWARE; CAREERS_HR_RECRUITMENT; AUTOMOTIVE; HOME_DIY,INDEPENDENT,ACTIVE,12,Ahrefs,2026-08-26
www.narutoroleplaygame.com,https://narutoroleplaygame.com/,,,BUSINESS_ENTREPRENEURSHIP,BUSINESS_ENTREPRENEURSHIP; HOBBIES_COLLECTING_OUTDOORS,INDEPENDENT,ACTIVE,4,Ahrefs,2026-08-26
www.newzealandpottery.net,https://newzealandpottery.net/,,en,NEWS_POLITICS_SOCIETY,NEWS_POLITICS_SOCIETY,HOBBY_COMMUNITY,UNKNOWN,18,Ahrefs,2026-08-26
www.revivaldawn.com,https://revivaldawn.com/,,,GOVERNMENT_PUBLIC_SECTOR,GOVERNMENT_PUBLIC_SECTOR; NEWS_POLITICS_SOCIETY,INDEPENDENT,ACTIVE,5,Ahrefs,2026-08-26
www.silverwing600.com,https://silverwing600.com/,,en,GENERAL_MULTI_TOPIC,GENERAL_MULTI_TOPIC,INDEPENDENT,ACTIVE,7,Ahrefs,2026-08-26
www.suspectinsightforums.com,https://suspectinsightforums.com/,,en,GENERAL_MULTI_TOPIC,GENERAL_MULTI_TOPIC,INDEPENDENT,UNKNOWN,4,Ahrefs,2026-08-26
www.suzuki-intruder.org,https://suzuki-intruder.org/,,en,TECHNOLOGY_SOFTWARE,TECHNOLOGY_SOFTWARE; NEWS_POLITICS_SOCIETY,INDEPENDENT,UNKNOWN,10,Ahrefs,2026-08-26
www.tantivexi.com,https://tantivexi.com/,,en,GENERAL_MULTI_TOPIC,GENERAL_MULTI_TOPIC; TECHNOLOGY_SOFTWARE,HOBBY_COMMUNITY,ACTIVE,5,Ahrefs,2026-08-26
www.valleyofthesuncc.com,https://valleyofthesuncc.com/,,,GENERAL_MULTI_TOPIC,GENERAL_MULTI_TOPIC; TECHNOLOGY_SOFTWARE; HEALTH_MEDICINE; AUTOMOTIVE; SPORTS_FITNESS,HOBBY_COMMUNITY,DORMANT,5,Ahrefs,2026-08-26
www.webartzforum.net,https://webartzforum.net/,,en,GENERAL_MULTI_TOPIC,GENERAL_MULTI_TOPIC; PROGRAMMING_DEVELOPMENT; NEWS_POLITICS_SOCIETY; CONSUMER_DEALS_REVIEWS,INDEPENDENT,UNKNOWN,2,Ahrefs,2026-08-26
www.wiiwarewave.com,https://wiiwarewave.com/forum,,en,GAMING_ESPORTS,GAMING_ESPORTS; NEWS_POLITICS_SOCIETY; CONSUMER_DEALS_REVIEWS,HOBBY_COMMUNITY,UNKNOWN,5,Ahrefs,2026-08-26
www.zeldix.net,https://zeldix.net/,,en,GENERAL_MULTI_TOPIC,GENERAL_MULTI_TOPIC; NEWS_POLITICS_SOCIETY,INDEPENDENT,UNKNOWN,29,Ahrefs,2026-08-26
wwwz.rpg-board.net,https://wwwz.rpg-board.net/,,en,GAMING_ESPORTS,GAMING_ESPORTS; NEWS_POLITICS_SOCIETY,HOBBY_COMMUNITY,DORMANT,57,Ahrefs,2026-08-26
Wyze Forum,https://forums.wyze.com/,,en,CYBERSECURITY_IT,CYBERSECURITY_IT; NEWS_POLITICS_SOCIETY,OTHER,ACTIVE,75,Ahrefs,2026-08-26
X Developers,https://devcommunity.x.com/,,en,PROGRAMMING_DEVELOPMENT,PROGRAMMING_DEVELOPMENT; EDUCATION_STUDENTS,OTHER,ACTIVE,97,Ahrefs,2026-08-27
xaviersamuel.forumotion.net,https://xaviersamuel.forumotion.net/,,,GENERAL_MULTI_TOPIC,GENERAL_MULTI_TOPIC,INDEPENDENT,DORMANT,60,Ahrefs,2026-08-26
xeffect.rpg-board.net,https://xeffect.rpg-board.net/,,en,GAMING_ESPORTS,GAMING_ESPORTS; NEWS_POLITICS_SOCIETY,INDEPENDENT,DORMANT,57,Ahrefs,2026-08-26
XenForo community,https://xenforo.com/community,,en,WEB_HOSTING_DOMAINS,WEB_HOSTING_DOMAINS; TECHNOLOGY_SOFTWARE; BUSINESS_ENTREPRENEURSHIP,OTHER,ACTIVE,80,Ahrefs,2026-08-27
xforcewrestling.rpg-board.net,https://xforcewrestling.rpg-board.net/,,en,GAMING_ESPORTS,GAMING_ESPORTS; MUSIC_ENTERTAINMENT_CULTURE,INDEPENDENT,UNKNOWN,57,Ahrefs,2026-08-26
xheprahmu.rpg-board.net,https://xheprahmu.rpg-board.net/,,en,GENERAL_MULTI_TOPIC,GENERAL_MULTI_TOPIC; GAMING_ESPORTS; NEWS_POLITICS_SOCIETY,INDEPENDENT,ACTIVE,57,Ahrefs,2026-08-26
xmengenesis.rpg-board.net,https://xmengenesis.rpg-board.net/,,,GAMING_ESPORTS,GAMING_ESPORTS; GOVERNMENT_PUBLIC_SECTOR,INDEPENDENT,ACTIVE,57,Ahrefs,2026-08-26
xrose.rpg-board.net,https://xrose.rpg-board.net/,,en,GAMING_ESPORTS,GAMING_ESPORTS; NEWS_POLITICS_SOCIETY,INDEPENDENT,UNKNOWN,57,Ahrefs,2026-08-26
xuphx.rpg-board.net,https://xuphx.rpg-board.net/,,,GAMING_ESPORTS,GAMING_ESPORTS; MUSIC_ENTERTAINMENT_CULTURE,INDEPENDENT,DORMANT,57,Ahrefs,2026-08-26
Yarbo Forum - Yarbo Forum,https://forum.yarbo.com/,,en,TECHNOLOGY_SOFTWARE,TECHNOLOGY_SOFTWARE; NEWS_POLITICS_SOCIETY,OTHER,ACTIVE,59,Ahrefs,2026-08-26
YIMBY Forums,https://forum.newyorkyimby.com/,,,CONSTRUCTION,CONSTRUCTION,OTHER,ACTIVE,74,Ahrefs,2026-08-26
yosplinter.catsboard.com,https://yosplinter.catsboard.com/forum,,en,GENERAL_MULTI_TOPIC,GENERAL_MULTI_TOPIC; CONSUMER_DEALS_REVIEWS,HOBBY_COMMUNITY,ACTIVE,45,Ahrefs,2026-08-26
youngwritersandrpers.forumotion.net,https://youngwritersandrpers.forumotion.net/,,en,ANIMALS_PETS,ANIMALS_PETS,INDEPENDENT,DORMANT,60,Ahrefs,2026-08-26
yourheaven.forumlt.com,https://yourheaven.forumlt.com/,,en,FINANCE_INVESTING_BANKING,FINANCE_INVESTING_BANKING; PARENTING_FAMILY,INDEPENDENT,DORMANT,14,Ahrefs,2026-08-26
yourownworld.rpg-board.net,https://yourownworld.rpg-board.net/,,en,GAMING_ESPORTS,GAMING_ESPORTS; CONSUMER_DEALS_REVIEWS,INDEPENDENT,ACTIVE,57,Ahrefs,2026-08-26
YoYoExpert Forums,https://forums.yoyoexpert.com/,,en,CREATIVE_DESIGN,CREATIVE_DESIGN; NEWS_POLITICS_SOCIETY; CONSUMER_DEALS_REVIEWS,HOBBY_COMMUNITY,ACTIVE,46,Ahrefs,2026-08-26
Yugabyte Community Forum,https://forum.yugabyte.com/,,en,TECHNOLOGY_SOFTWARE,TECHNOLOGY_SOFTWARE,OTHER,ACTIVE,72,Ahrefs,2026-08-26
yugiohrpg.darkbb.com,https://yugiohrpg.darkbb.com/,,en,EDUCATION_STUDENTS,EDUCATION_STUDENTS; GAMING_ESPORTS; NEWS_POLITICS_SOCIETY,INDEPENDENT,DORMANT,51,Ahrefs,2026-08-26
yugo.forum.st,https://yugo.forum.st/,,,SPORTS_FITNESS,SPORTS_FITNESS; MUSIC_ENTERTAINMENT_CULTURE,HOBBY_COMMUNITY,UNKNOWN,40,Ahrefs,2026-08-26
yw-ladder.rpg-board.net,https://yw-ladder.rpg-board.net/,,ar,GAMING_ESPORTS,GAMING_ESPORTS,INDEPENDENT,ACTIVE,57,Ahrefs,2026-08-26
Zammad,https://community.zammad.org/,,en,GENERAL_MULTI_TOPIC,GENERAL_MULTI_TOPIC,OTHER,ACTIVE,80,Ahrefs,2026-08-26
zatchbellrpg.rpg-board.net,https://zatchbellrpg.rpg-board.net/forum,,en,GAMING_ESPORTS,GAMING_ESPORTS,INDEPENDENT,ACTIVE,57,Ahrefs,2026-08-26
"Zcash Community Forum - An open forum for Zcash users and enthusiasts, hosted by the Zcash Foundation.",https://forum.zcashcommunity.com/,,en,TECHNOLOGY_SOFTWARE,TECHNOLOGY_SOFTWARE; EDUCATION_STUDENTS,HOBBY_COMMUNITY,ACTIVE,59,Ahrefs,2026-08-26
Zeek - The Zeek network security monitor community,https://community.zeek.org/,,en,CYBERSECURITY_IT,CYBERSECURITY_IT,OTHER,ACTIVE,72,Ahrefs,2026-08-26
zeidrach.forumotion.net,https://zeidrach.forumotion.net/,,en,MUSIC_ENTERTAINMENT_CULTURE,MUSIC_ENTERTAINMENT_CULTURE,INDEPENDENT,DORMANT,60,Ahrefs,2026-08-26
zeroduelacademy.rpg-board.net,https://zeroduelacademy.rpg-board.net/forum,,en,EDUCATION_STUDENTS,EDUCATION_STUDENTS; GAMING_ESPORTS,INDEPENDENT,UNKNOWN,57,Ahrefs,2026-08-26
Zetetic Community Discussion,https://discuss.zetetic.net/,,en,GENERAL_MULTI_TOPIC,GENERAL_MULTI_TOPIC,OTHER,ACTIVE,71,Ahrefs,2026-08-26
zforexvietnam.forumvi.com,https://zforexvietnam.forumvi.com/,,,MARKETING_SEO_GROWTH,MARKETING_SEO_GROWTH; FINANCE_INVESTING_BANKING,INDEPENDENT,ACTIVE,56,Ahrefs,2026-08-26
zhornsoftware.forumotion.com,https://zhornsoftware.forumotion.com/,,en,GENERAL_MULTI_TOPIC,GENERAL_MULTI_TOPIC; TECHNOLOGY_SOFTWARE,INDEPENDENT,ACTIVE,77,Ahrefs,2026-08-26
ZigZaGame Forum,https://neomonstersforum.com/,,en,GENERAL_MULTI_TOPIC,GENERAL_MULTI_TOPIC; NEWS_POLITICS_SOCIETY,OTHER,ACTIVE,4,Ahrefs,2026-08-26
zoidsae.rpg-board.net,https://zoidsae.rpg-board.net/,,en,GAMING_ESPORTS,GAMING_ESPORTS,HOBBY_COMMUNITY,UNKNOWN,57,Ahrefs,2026-08-26
Zola,https://zola.discourse.group/,,en,GENERAL_MULTI_TOPIC,GENERAL_MULTI_TOPIC,OTHER,ACTIVE,81,Ahrefs,2026-08-26
Zoom Developer Forum,https://devforum.zoom.us/,,en,PROGRAMMING_DEVELOPMENT,PROGRAMMING_DEVELOPMENT,OTHER,ACTIVE,94,Ahrefs,2026-08-26
Zorin Forum - Get help with Zorin OS from the community.,https://forum.zorin.com/,,en,TECHNOLOGY_SOFTWARE,TECHNOLOGY_SOFTWARE; GAMING_ESPORTS,HOBBY_COMMUNITY,ACTIVE,73,Ahrefs,2026-08-26
Ρεμπέτικο Φόρουμ - Η μεγάλη ρεμπέτικη παρέα,https://rembetiko.gr/,,,GENERAL_MULTI_TOPIC,GENERAL_MULTI_TOPIC,OTHER,ACTIVE,32,Ahrefs,2026-08-26
"ВЗК форум - Форум о болезни Крона БК , язвенном колите ЯК (неспецифическом язвенном колите НЯК)",https://vzkforum.ru/,,,GENERAL_MULTI_TOPIC,GENERAL_MULTI_TOPIC,OTHER,ACTIVE,2,Ahrefs,2026-08-26
عالم الراوترات,https://routers.world/,,ar,GENERAL_MULTI_TOPIC,GENERAL_MULTI_TOPIC,OTHER,ACTIVE,4,Ahrefs,2026-08-26
닷넷데브 - 한국 닷넷 개발자 모임,https://forum.dotnetdev.kr/,,ko,CONSTRUCTION,CONSTRUCTION,Q_AND_A,ACTIVE,39,Ahrefs,2026-08-26
한컴디벨로퍼 포럼,https://forum.developer.hancom.com/,,ko,GENERAL_MULTI_TOPIC,GENERAL_MULTI_TOPIC,OTHER,ACTIVE,75,Ahrefs,2026-08-26
始徒Beginner - 学贯中西，兼容并蓄,https://forum.beginner.center/,,zh,GENERAL_MULTI_TOPIC,GENERAL_MULTI_TOPIC,OTHER,ACTIVE,37,Ahrefs,2026-08-26
小众软件官方论坛 - 小众软件,https://meta.appinn.net/,,zh,GENERAL_MULTI_TOPIC,GENERAL_MULTI_TOPIC,OTHER,ACTIVE,46,Ahrefs,2026-08-26
日本華人論壇 - 扶桑社區,https://fusou.org/,,zh,GENERAL_MULTI_TOPIC,GENERAL_MULTI_TOPIC,OTHER,ACTIVE,6,Ahrefs,2026-08-26
渐构社群 - 随着社会的飞速变化，人们不得不终身学习，来应对换岗转职的冲击。渐构就是应对这种冲击的「学习社群」，目标是用「信息和AI技术」来提升「学习速率」。为此，社群会为人们提供「新工具」「新方法」「新材料」。,https://club.modevol.com/,,zh,GENERAL_MULTI_TOPIC,GENERAL_MULTI_TOPIC,OTHER,ACTIVE,17,Ahrefs,2026-08-26
