platform,collection,country,audience,actionability_status,next_action,action_url,cost,execution_confidence,difficulty,publishing_time,evidence_action_url,blocker,missing,native_score,native_signal,source_collection_url
1-800-DENTIST,Business Directories,United States,united-states,NEEDS_RESEARCH,Research the submission route,,unknown,INSUFFICIENT,Unknown,Unknown,unknown,,what action the platform supports; the action URL,46,"tier tier3, priority P3",/research/business-directories/opportunities/
104 Job Bank,Business Directories,Taiwan,country-specific,NEEDS_RESEARCH,Research the submission route,,unknown,INSUFFICIENT,Unknown,Unknown,unknown,,what action the platform supports; the action URL,86,"tier tier1, priority P2",/research/business-directories/opportunities/
118000.fr,Business Directories,France,country-specific,NEEDS_RESEARCH,Research the submission route,,unknown,INSUFFICIENT,Unknown,Unknown,unknown,,what action the platform supports; the action URL,68,"tier tier2, priority P2",/research/business-directories/opportunities/
11870,Business Directories,Spain,country-specific,NEEDS_BROWSER,Verify the route in a browser,,unknown,INSUFFICIENT,Unknown,Unknown,unknown,,what action the platform supports; the action URL,68,"tier tier2, priority P2",/research/business-directories/opportunities/
11880.com,Business Directories,Germany,dach,NEEDS_RESEARCH,Research the submission route,,free,INSUFFICIENT,Easy,Unknown,unknown,,the action URL,96,"tier tier1, priority P2",/research/business-directories/opportunities/
11888.gr,Business Directories,Greece,country-specific,NEEDS_RESEARCH,Research the submission route,,unknown,INSUFFICIENT,Unknown,Unknown,unknown,,what action the platform supports; the action URL,68,"tier tier2, priority P2",/research/business-directories/opportunities/
11st,Business Directories,South Korea,country-specific,NEEDS_RESEARCH,Research the submission route,,unknown,INSUFFICIENT,Unknown,Unknown,unknown,,what action the platform supports; the action URL,82,"tier tier1, priority P3",/research/business-directories/opportunities/
1688,Marketplace & Classified Platforms,China,,NEEDS_BROWSER,Verify the route in a browser,,freemium,INSUFFICIENT,Unknown,Unknown,unknown,,the action URL,78,"accepts business sellers, freemium",/research/marketplaces/
1819,Business Directories,Iceland,country-specific,NEEDS_RESEARCH,Research the submission route,,free,INSUFFICIENT,Unknown,Unknown,unknown,,the action URL,78,"tier tier2, priority P2",/research/business-directories/opportunities/
192.com,Business Directories,United Kingdom,united-kingdom,NEEDS_RESEARCH,Research the submission route,,unknown,INSUFFICIENT,Unknown,Unknown,unknown,,what action the platform supports; the action URL,68,"tier tier2, priority P2",/research/business-directories/opportunities/
1stDibs,Marketplace & Classified Platforms,United States,,NEEDS_RESEARCH,Research the submission route,,paid,INSUFFICIENT,Unknown,Unknown,unknown,,the action URL,80,"accepts business sellers, paid",/research/marketplaces/
21food,Business Directories,China,global,NEEDS_RESEARCH,Research the submission route,,unknown,INSUFFICIENT,Unknown,Unknown,unknown,,what action the platform supports; the action URL,46,"tier tier3, priority P3",/research/business-directories/opportunities/
24-7 Press Release,"Media, PR & Publishing",United States,national,NEEDS_RESEARCH,Research the submission route,,paid,INSUFFICIENT,Unknown,Unknown,unknown,,the action URL,46,Media Score 46 (Limited),/research/media-pr-publishing/
24-7PressRelease,Business Directories,Global,global; north-america,NEEDS_RESEARCH,Research the submission route,,unknown,INSUFFICIENT,Unknown,Unknown,unknown,,what action the platform supports; the action URL,46,"tier tier3, priority P3",/research/business-directories/opportunities/
28Hse,Marketplace & Classified Platforms,Hong Kong,,NEEDS_RESEARCH,Research the submission route,,paid,INSUFFICIENT,Unknown,Unknown,unknown,,the action URL,68,"accepts both sellers, paid",/research/marketplaces/
2FindLocal,Business Directories,Global,global,READY,Create a business profile,https://www.2findlocal.com/Modules/Biz/bizPhoneLookup.php,unknown,LOW,Unknown,Unknown,verified,,,56,"tier tier3, priority P3",/research/business-directories/opportunities/
2PM,"Media, PR & Publishing",United States,national,READY,Buy a sponsored placement,https://2pml.com/,paid,LOW,Unknown,Unknown,verified,,,45,Media Score 45 (Limited),/research/media-pr-publishing/
2dehands,Business Directories,Belgium,country-specific,NEEDS_RESEARCH,Research the submission route,,unknown,INSUFFICIENT,Unknown,Unknown,unknown,,what action the platform supports; the action URL,64,"tier tier2, priority P3",/research/business-directories/opportunities/
2dehands,Marketplace & Classified Platforms,Belgium,,NEEDS_RESEARCH,Research the submission route,,freemium,INSUFFICIENT,Unknown,Unknown,unknown,,the action URL,77,"accepts both sellers, freemium",/research/marketplaces/
2merkato,Business Directories,Ethiopia,country-specific,READY,Create a business profile,https://www.2merkato.com/directory/add-listing,unknown,LOW,Unknown,Unknown,verified,,,78,"tier tier2, priority P2",/research/business-directories/opportunities/
36氪,"Media, PR & Publishing",China,national,NEEDS_RESEARCH,Research the submission route,,unknown,INSUFFICIENT,Unknown,Unknown,unknown,,what action the platform supports; the action URL,,below the Media Score evidence floor,/research/media-pr-publishing/
3D Printing Industry,"Media, PR & Publishing",United Kingdom,global,NEEDS_RESEARCH,Check what action the platform supports,https://3dprintingindustry.com/contact-us/,mixed,INSUFFICIENT,Unknown,Unknown,verified,,a route matching the stated action,81,Media Score 81 (Strong),/research/media-pr-publishing/
3DPrint.com,"Media, PR & Publishing",United States,global,NEEDS_RESEARCH,Research the submission route,,unknown,INSUFFICIENT,Unknown,Unknown,unknown,,what action the platform supports; the action URL,,below the Media Score evidence floor,/research/media-pr-publishing/
3byggetilbud,Business Directories,Denmark,country-specific,NEEDS_RESEARCH,Research the submission route,,unknown,INSUFFICIENT,Unknown,Unknown,unknown,,what action the platform supports; the action URL,46,"tier tier3, priority P3",/research/business-directories/opportunities/
411.ca,Business Directories,Canada,canada,READY,Create a business profile,https://solutions.yp.ca/free-online-listing,free,LOW,Unknown,Unknown,verified,,,78,"tier tier2, priority P2",/research/business-directories/opportunities/
500 Global,Business Directories,Global,global,NEEDS_RESEARCH,Research the submission route,,unknown,INSUFFICIENT,Unknown,Unknown,unknown,,what action the platform supports; the action URL,64,"tier tier2, priority P3",/research/business-directories/opportunities/
50Pros,Business Directories,Global,global,NEEDS_BROWSER,Verify the route in a browser,,unknown,INSUFFICIENT,Unknown,Unknown,unknown,,what action the platform supports; the action URL,46,"tier tier3, priority P3",/research/business-directories/opportunities/
58.com,Marketplace & Classified Platforms,China,,NEEDS_RESEARCH,Research the submission route,,freemium,INSUFFICIENT,Unknown,Unknown,unknown,,the action URL,77,"accepts both sellers, freemium",/research/marketplaces/
58同城 58.com,Business Directories,China,china,NEEDS_RESEARCH,Research the submission route,,unknown,INSUFFICIENT,Unknown,Unknown,unknown,,what action the platform supports; the action URL,86,"tier tier1, priority P2",/research/business-directories/opportunities/
591,Marketplace & Classified Platforms,Taiwan,,NEEDS_RESEARCH,Research the submission route,,paid,INSUFFICIENT,Unknown,Unknown,unknown,,the action URL,68,"accepts both sellers, paid",/research/marketplaces/
5miles,Marketplace & Classified Platforms,United States,,NEEDS_BROWSER,Verify the route in a browser,,freemium,INSUFFICIENT,Unknown,Unknown,unknown,,the action URL,66,"accepts both sellers, freemium",/research/marketplaces/
8891,Marketplace & Classified Platforms,Taiwan,,NEEDS_RESEARCH,Research the submission route,,paid,INSUFFICIENT,Unknown,Unknown,unknown,,the action URL,68,"accepts both sellers, paid",/research/marketplaces/
99.co,Marketplace & Classified Platforms,Singapore,,NEEDS_RESEARCH,Research the submission route,,paid,INSUFFICIENT,Unknown,Unknown,unknown,,the action URL,68,"accepts both sellers, paid",/research/marketplaces/
999.md,Marketplace & Classified Platforms,Moldova,,NEEDS_RESEARCH,Research the submission route,,freemium,INSUFFICIENT,Unknown,Unknown,unknown,,the action URL,77,"accepts both sellers, freemium",/research/marketplaces/
99acres,Marketplace & Classified Platforms,India,,NEEDS_BROWSER,Verify the route in a browser,,paid,INSUFFICIENT,Unknown,Unknown,unknown,,the action URL,60,"accepts both sellers, paid",/research/marketplaces/
99designs,Business Directories,Global,global,NEEDS_RESEARCH,Research the submission route,,unknown,INSUFFICIENT,Unknown,Unknown,unknown,,what action the platform supports; the action URL,64,"tier tier2, priority P3",/research/business-directories/opportunities/
'@Press,"Media, PR & Publishing",Japan,national,NEEDS_RESEARCH,Research the submission route,,paid,INSUFFICIENT,Unknown,Unknown,unknown,,the action URL,46,Media Score 46 (Limited),/research/media-pr-publishing/
A Dónde Vivir,Marketplace & Classified Platforms,Peru,,NEEDS_BROWSER,Verify the route in a browser,,paid,INSUFFICIENT,Unknown,Unknown,unknown,,the action URL,60,"accepts both sellers, paid",/research/marketplaces/
A Place for Mom,Business Directories,United States,north-america,NEEDS_RESEARCH,Research the submission route,,unknown,INSUFFICIENT,Unknown,Unknown,unknown,,what action the platform supports; the action URL,68,"tier tier2, priority P2",/research/business-directories/opportunities/
AACC,Business Directories,France,country-specific,NEEDS_RESEARCH,Research the submission route,,unknown,INSUFFICIENT,Unknown,Unknown,unknown,,what action the platform supports; the action URL,64,"tier tier2, priority P3",/research/business-directories/opportunities/
AAFP Family Physician Finder,Business Directories,United States,united-states,NEEDS_RESEARCH,Research the submission route,,unknown,INSUFFICIENT,Unknown,Unknown,unknown,,what action the platform supports; the action URL,64,"tier tier2, priority P3",/research/business-directories/opportunities/
AAHA Accredited Practice Locator,Business Directories,United States,north-america,NEEDS_RESEARCH,Research the submission route,,unknown,INSUFFICIENT,Unknown,Unknown,unknown,,what action the platform supports; the action URL,64,"tier tier2, priority P3",/research/business-directories/opportunities/
ABIH,Business Directories,Brazil,country-specific,NEEDS_BROWSER,Verify the route in a browser,,unknown,INSUFFICIENT,Unknown,Unknown,unknown,,what action the platform supports; the action URL,46,"tier tier3, priority P3",/research/business-directories/opportunities/
ABIMAQ,Business Directories,Brazil,country-specific,NEEDS_RESEARCH,Research the submission route,,unknown,INSUFFICIENT,Unknown,Unknown,unknown,,what action the platform supports; the action URL,64,"tier tier2, priority P3",/research/business-directories/opportunities/
ABINEE,Business Directories,Brazil,country-specific,NEEDS_RESEARCH,Research the submission route,,unknown,INSUFFICIENT,Unknown,Unknown,unknown,,what action the platform supports; the action URL,64,"tier tier2, priority P3",/research/business-directories/opportunities/
ABRASEL,Business Directories,Brazil,country-specific,NEEDS_RESEARCH,Research the submission route,,unknown,INSUFFICIENT,Unknown,Unknown,unknown,,what action the platform supports; the action URL,64,"tier tier2, priority P3",/research/business-directories/opportunities/
ABTA,Business Directories,United Kingdom,united-kingdom,NEEDS_RESEARCH,Research the submission route,,unknown,INSUFFICIENT,Unknown,Unknown,unknown,,what action the platform supports; the action URL,82,"tier tier1, priority P3",/research/business-directories/opportunities/
ACA Find a Doctor,Business Directories,United States,united-states,NEEDS_RESEARCH,Research the submission route,,unknown,INSUFFICIENT,Unknown,Unknown,unknown,,what action the platform supports; the action URL,46,"tier tier3, priority P3",/research/business-directories/opportunities/
ACCA Contractor Locator,Business Directories,United States,united-states,NEEDS_RESEARCH,Research the submission route,,unknown,INSUFFICIENT,Unknown,Unknown,unknown,,what action the platform supports; the action URL,64,"tier tier2, priority P3",/research/business-directories/opportunities/
ACCA Find an Accountant,Business Directories,United Kingdom,global,NEEDS_RESEARCH,Research the submission route,,unknown,INSUFFICIENT,Unknown,Unknown,unknown,,what action the platform supports; the action URL,86,"tier tier1, priority P2",/research/business-directories/opportunities/
ACCESS Newswire,Business Directories,Global,global; north-america,NEEDS_RESEARCH,Research the submission route,,unknown,INSUFFICIENT,Unknown,Unknown,unknown,,what action the platform supports; the action URL,64,"tier tier2, priority P3",/research/business-directories/opportunities/
ACCESS Newswire,"Media, PR & Publishing",United States,global,READY,Distribute a press release,https://www.accessnewswire.com/submit-a-press-release,paid,LOW,Unknown,Unknown,verified,,,55,Media Score 55 (Moderate),/research/media-pr-publishing/
AI News,"Media, PR & Publishing",United Kingdom,global,NEEDS_RESEARCH,Research the submission route,,unknown,INSUFFICIENT,Unknown,Unknown,unknown,,what action the platform supports; the action URL,,below the Media Score evidence floor,/research/media-pr-publishing/
AI Tool Mall,Business Directories,Global,global,NEEDS_RESEARCH,Research the submission route,,unknown,INSUFFICIENT,Unknown,Unknown,unknown,,what action the platform supports; the action URL,46,"tier tier3, priority P3",/research/business-directories/opportunities/
AIA Find an Architect,Business Directories,United States,united-states,NEEDS_BROWSER,Verify the route in a browser,,unknown,INSUFFICIENT,Unknown,Unknown,unknown,,what action the platform supports; the action URL,64,"tier tier2, priority P3",/research/business-directories/opportunities/
AICyclopedia,Business Directories,Global,global,NEEDS_RESEARCH,Research the submission route,,unknown,INSUFFICIENT,Unknown,Unknown,unknown,,what action the platform supports; the action URL,46,"tier tier3, priority P3",/research/business-directories/opportunities/
AIM,"Media, PR & Publishing",India,national,NEEDS_RESEARCH,Research the submission route,,unknown,INSUFFICIENT,Unknown,Unknown,unknown,,what action the platform supports; the action URL,,below the Media Score evidence floor,/research/media-pr-publishing/
AIN,"Media, PR & Publishing",Ukraine,national,NEEDS_RESEARCH,Research the submission route,,unknown,INSUFFICIENT,Unknown,Unknown,unknown,,what action the platform supports; the action URL,,below the Media Score evidence floor,/research/media-pr-publishing/
AINOW,"Media, PR & Publishing",Japan,national,NEEDS_RESEARCH,Research the submission route,,unknown,INSUFFICIENT,Unknown,Unknown,unknown,,what action the platform supports; the action URL,,below the Media Score evidence floor,/research/media-pr-publishing/
AITO,Business Directories,United Kingdom,united-kingdom,NEEDS_RESEARCH,Research the submission route,,unknown,INSUFFICIENT,Unknown,Unknown,unknown,,what action the platform supports; the action URL,46,"tier tier3, priority P3",/research/business-directories/opportunities/
AMITI,Business Directories,Mexico,country-specific,NEEDS_RESEARCH,Research the submission route,,unknown,INSUFFICIENT,Unknown,Unknown,unknown,,what action the platform supports; the action URL,46,"tier tier3, priority P3",/research/business-directories/opportunities/
AMSP ČR,Business Directories,Czech Republic,country-specific,NEEDS_RESEARCH,Research the submission route,,unknown,INSUFFICIENT,Unknown,Unknown,unknown,,what action the platform supports; the action URL,46,"tier tier3, priority P3",/research/business-directories/opportunities/
AMVO,Business Directories,Mexico,country-specific,NEEDS_RESEARCH,Research the submission route,,unknown,INSUFFICIENT,Unknown,Unknown,unknown,,what action the platform supports; the action URL,64,"tier tier2, priority P3",/research/business-directories/opportunities/
ANCE,Business Directories,Italy,country-specific,NEEDS_RESEARCH,Research the submission route,,unknown,INSUFFICIENT,Unknown,Unknown,unknown,,what action the platform supports; the action URL,64,"tier tier2, priority P3",/research/business-directories/opportunities/
ANP Pers Support,"Media, PR & Publishing",Netherlands,national,NEEDS_RESEARCH,Research the submission route,,paid,INSUFFICIENT,Unknown,Unknown,unknown,,the action URL,46,Media Score 46 (Limited),/research/media-pr-publishing/
AOA Doctor Locator,Business Directories,United States,united-states,NEEDS_RESEARCH,Research the submission route,,unknown,INSUFFICIENT,Unknown,Unknown,unknown,,what action the platform supports; the action URL,64,"tier tier2, priority P3",/research/business-directories/opportunities/
APINDO,Business Directories,Indonesia,country-specific,NEEDS_RESEARCH,Research the submission route,,unknown,INSUFFICIENT,Unknown,Unknown,unknown,,what action the platform supports; the action URL,64,"tier tier2, priority P3",/research/business-directories/opportunities/
APTA Find a PT,Business Directories,United States,united-states,NEEDS_RESEARCH,Research the submission route,,unknown,INSUFFICIENT,Unknown,Unknown,unknown,,what action the platform supports; the action URL,64,"tier tier2, priority P3",/research/business-directories/opportunities/
ASHA ProFind,Business Directories,United States,united-states,NEEDS_RESEARCH,Research the submission route,,unknown,INSUFFICIENT,Unknown,Unknown,unknown,,what action the platform supports; the action URL,64,"tier tier2, priority P3",/research/business-directories/opportunities/
ASHI,Business Directories,United States,united-states,NEEDS_RESEARCH,Research the submission route,,unknown,INSUFFICIENT,Unknown,Unknown,unknown,,what action the platform supports; the action URL,64,"tier tier2, priority P3",/research/business-directories/opportunities/
ASID,Business Directories,United States,united-states,NEEDS_RESEARCH,Research the submission route,,unknown,INSUFFICIENT,Unknown,Unknown,unknown,,what action the platform supports; the action URL,64,"tier tier2, priority P3",/research/business-directories/opportunities/
ASLA,Business Directories,United States,united-states,NEEDS_RESEARCH,Research the submission route,,unknown,INSUFFICIENT,Unknown,Unknown,unknown,,what action the platform supports; the action URL,46,"tier tier3, priority P3",/research/business-directories/opportunities/
ASME Singapore,Business Directories,Singapore,country-specific,NEEDS_RESEARCH,Research the submission route,,unknown,INSUFFICIENT,Unknown,Unknown,unknown,,what action the platform supports; the action URL,64,"tier tier2, priority P3",/research/business-directories/opportunities/
ASSEMBLY Magazine,"Media, PR & Publishing",United States,national,READY,Submit company news,https://www.assemblymag.com/contactus,free,MEDIUM,Unknown,Unknown,verified,,,87,Media Score 87 (Strong),/research/media-pr-publishing/
ASSOCHAM,Business Directories,India,india,NEEDS_RESEARCH,Research the submission route,,unknown,INSUFFICIENT,Unknown,Unknown,unknown,,what action the platform supports; the action URL,64,"tier tier2, priority P3",/research/business-directories/opportunities/
AUTO.RIA,Marketplace & Classified Platforms,Ukraine,,NEEDS_RESEARCH,Research the submission route,,freemium,INSUFFICIENT,Unknown,Unknown,unknown,,the action URL,74,"accepts both sellers, freemium",/research/marketplaces/
AWS Partner Solutions Finder,Business Directories,Global,global,NEEDS_RESEARCH,Research the submission route,,unknown,INSUFFICIENT,Unknown,Unknown,unknown,,what action the platform supports; the action URL,94,"tier tier1, priority P1",/research/business-directories/opportunities/
Aajjo,Business Directories,India,india,NEEDS_RESEARCH,Research the submission route,,unknown,INSUFFICIENT,Unknown,Unknown,unknown,,what action the platform supports; the action URL,68,"tier tier2, priority P2",/research/business-directories/opportunities/
AbeBooks,Marketplace & Classified Platforms,United States,,READY,Create a seller account,https://www.abebooks.com/books/sell/,paid,LOW,Unknown,Unknown,verified,,,83,"accepts business sellers, paid",/research/marketplaces/
Abeceda firem,Business Directories,Czech Republic,country-specific,NEEDS_RESEARCH,Research the submission route,,unknown,INSUFFICIENT,Unknown,Unknown,unknown,,what action the platform supports; the action URL,46,"tier tier3, priority P3",/research/business-directories/opportunities/
Above the Law,"Media, PR & Publishing",United States,national,NEEDS_RESEARCH,Research the submission route,,unknown,INSUFFICIENT,Unknown,Unknown,unknown,,what action the platform supports; the action URL,,below the Media Score evidence floor,/research/media-pr-publishing/
Abstartups,Business Directories,Brazil,country-specific,NEEDS_RESEARCH,Research the submission route,,unknown,INSUFFICIENT,Unknown,Unknown,unknown,,what action the platform supports; the action URL,64,"tier tier2, priority P3",/research/business-directories/opportunities/
Accounting Today,"Media, PR & Publishing",United States,national,NEEDS_RESEARCH,Research the submission route,,free,INSUFFICIENT,Unknown,Unknown,unknown,,the action URL,81,Media Score 81 (Strong),/research/media-pr-publishing/
AdForum,Business Directories,Global,global,READY,Create a business profile,https://www.adforum.com/agency,unknown,LOW,Unknown,Unknown,verified,,,74,"tier tier2, priority P3",/research/business-directories/opportunities/
Add-ons for Firefox,Business Directories,Global,global,NEEDS_RESEARCH,Research the submission route,,unknown,INSUFFICIENT,Unknown,Unknown,unknown,,what action the platform supports; the action URL,78,"tier tier1, priority P3",/research/business-directories/opportunities/
AddisBiz,Business Directories,Ethiopia,country-specific,READY,Create a business profile,https://addisbiz.com/business-directory/register-your-business,paid,LOW,Unknown,Unknown,verified,,,96,"tier tier1, priority P2",/research/business-directories/opportunities/
Adobe Commerce Marketplace,Business Directories,Global,global,NEEDS_RESEARCH,Research the submission route,,unknown,INSUFFICIENT,Unknown,Unknown,unknown,,what action the platform supports; the action URL,64,"tier tier2, priority P3",/research/business-directories/opportunities/
Adpost,Marketplace & Classified Platforms,United States,,READY,Post a classified listing,https://www.adpost.com/post-ad,free,LOW,Unknown,Unknown,verified,,,74,"accepts both sellers, freemium",/research/marketplaces/
Adverts.ie,Marketplace & Classified Platforms,Ireland,,NEEDS_BROWSER,Verify the route in a browser,,freemium,INSUFFICIENT,Unknown,Unknown,unknown,,the action URL,66,"accepts both sellers, freemium",/research/marketplaces/
Adzuna Australia,Business Directories,Australia,australia,NEEDS_RESEARCH,Research the submission route,,unknown,INSUFFICIENT,Unknown,Unknown,unknown,,what action the platform supports; the action URL,64,"tier tier2, priority P3",/research/business-directories/opportunities/
Africa Business Pages,Business Directories,Global,africa,READY,Create a business profile,https://directory.africa-business.com/plans,unknown,LOW,Unknown,Unknown,verified,,,56,"tier tier3, priority P3",/research/business-directories/opportunities/
Afrindex,Business Directories,Global,africa,NEEDS_RESEARCH,Research the submission route,,unknown,INSUFFICIENT,Unknown,Unknown,unknown,,what action the platform supports; the action URL,46,"tier tier3, priority P3",/research/business-directories/opportunities/
AgFunderNews,"Media, PR & Publishing",United States,national,NEEDS_RESEARCH,Research the submission route,,unknown,INSUFFICIENT,Unknown,Unknown,unknown,,what action the platform supports; the action URL,,below the Media Score evidence floor,/research/media-pr-publishing/
AgWeb,"Media, PR & Publishing",United States,national,NEEDS_RESEARCH,Research the submission route,,unknown,INSUFFICIENT,Unknown,Unknown,unknown,,what action the platform supports; the action URL,,below the Media Score evidence floor,/research/media-pr-publishing/
Agency Spotter,Business Directories,Global,global; north-america,NEEDS_RESEARCH,Research the submission route,,unknown,INSUFFICIENT,Unknown,Unknown,unknown,,what action the platform supports; the action URL,64,"tier tier2, priority P3",/research/business-directories/opportunities/
Agriculture Dive,"Media, PR & Publishing",United States,national,READY,Submit company news,https://www.agriculturedive.com/submit-tip/,unknown,LOW,Unknown,Unknown,verified,,,86,Media Score 86 (Strong),/research/media-pr-publishing/
Agriland,"Media, PR & Publishing",Ireland,national,NEEDS_RESEARCH,Research the submission route,,unknown,INSUFFICIENT,Unknown,Unknown,unknown,,the action URL,47,Media Score 47 (Limited),/research/media-pr-publishing/
Ahmedabad Yellow Pages,Business Directories,India,regional,NEEDS_RESEARCH,Research the submission route,,unknown,INSUFFICIENT,Unknown,Unknown,unknown,,what action the platform supports; the action URL,46,"tier tier3, priority P3",/research/business-directories/opportunities/
AiHuiShou,Marketplace & Classified Platforms,China,,NEEDS_RESEARCH,Research the submission route,,free,INSUFFICIENT,Unknown,Unknown,unknown,,the action URL,80,"accepts both sellers, free",/research/marketplaces/
Air Cargo News,"Media, PR & Publishing",United Kingdom,global,NEEDS_RESEARCH,Research the submission route,,free,INSUFFICIENT,Unknown,Unknown,unknown,,the action URL,83,Media Score 83 (Strong),/research/media-pr-publishing/
Airbnb Experiences,Business Directories,Global,global,NEEDS_RESEARCH,Research the submission route,,unknown,INSUFFICIENT,Unknown,Unknown,unknown,,what action the platform supports; the action URL,86,"tier tier1, priority P2",/research/business-directories/opportunities/
Airtable Marketplace,Business Directories,Global,global,NEEDS_RESEARCH,Research the submission route,,unknown,INSUFFICIENT,Unknown,Unknown,unknown,,what action the platform supports; the action URL,86,"tier tier1, priority P2",/research/business-directories/opportunities/
Airtasker,Business Directories,Australia,australia; united-kingdom,NEEDS_RESEARCH,Research the submission route,,free,INSUFFICIENT,Unknown,Unknown,unknown,,what action the platform supports; the action URL,86,"tier tier1, priority P2",/research/business-directories/opportunities/
Airtasker,Marketplace & Classified Platforms,Australia,,NEEDS_RESEARCH,Research the submission route,,free,INSUFFICIENT,Unknown,Unknown,unknown,,the action URL,74,"accepts both sellers, freemium",/research/marketplaces/
Aixploria,Business Directories,Global,global,NEEDS_RESEARCH,Research the submission route,,unknown,INSUFFICIENT,Unknown,Unknown,unknown,,what action the platform supports; the action URL,68,"tier tier2, priority P2",/research/business-directories/opportunities/
Albamon,Marketplace & Classified Platforms,South Korea,,NEEDS_RESEARCH,Research the submission route,,paid,INSUFFICIENT,Unknown,Unknown,unknown,,the action URL,80,"accepts business sellers, paid",/research/marketplaces/
Aleo,Business Directories,Poland,country-specific,NEEDS_BROWSER,Verify the route in a browser,,unknown,INSUFFICIENT,Unknown,Unknown,unknown,,what action the platform supports; the action URL,68,"tier tier2, priority P2",/research/business-directories/opportunities/
Alfreð,Marketplace & Classified Platforms,Iceland,,NEEDS_RESEARCH,Research the submission route,,paid,INSUFFICIENT,Unknown,Unknown,unknown,,the action URL,80,"accepts business sellers, paid",/research/marketplaces/
Alibaba.com,Business Directories,Global,asia; global,NEEDS_RESEARCH,Research the submission route,,unknown,INSUFFICIENT,Unknown,Unknown,unknown,,the action URL,100,"tier tier1, priority P1",/research/business-directories/opportunities/
Alignable,Business Directories,United States,united-states,READY,Create a business profile,https://www.alignable.com/biz_users/sign_up,unknown,LOW,Easy,Unknown,verified,,,92,"tier tier1, priority P3",/research/business-directories/opportunities/
Allegro,Business Directories,Poland,country-specific,NEEDS_BROWSER,Verify the route in a browser,,unknown,INSUFFICIENT,Unknown,Unknown,unknown,,what action the platform supports; the action URL,82,"tier tier1, priority P3",/research/business-directories/opportunities/
Allegro,Marketplace & Classified Platforms,Poland,,NEEDS_BROWSER,Verify the route in a browser,,freemium,INSUFFICIENT,Unknown,Unknown,unknown,,the action URL,69,"accepts both sellers, freemium",/research/marketplaces/
Allo-Commercants,Business Directories,France,country-specific,NEEDS_RESEARCH,Research the submission route,,unknown,INSUFFICIENT,Unknown,Unknown,unknown,,what action the platform supports; the action URL,46,"tier tier3, priority P3",/research/business-directories/opportunities/
Alodokter,Business Directories,Indonesia,country-specific,NEEDS_RESEARCH,Research the submission route,,unknown,INSUFFICIENT,Unknown,Unknown,unknown,,what action the platform supports; the action URL,68,"tier tier2, priority P2",/research/business-directories/opportunities/
Alonhadat,Marketplace & Classified Platforms,Vietnam,,NEEDS_RESEARCH,Research the submission route,,freemium,INSUFFICIENT,Unknown,Unknown,unknown,,the action URL,74,"accepts both sellers, freemium",/research/marketplaces/
Alternative.me,Business Directories,Global,global,NEEDS_RESEARCH,Research the submission route,,unknown,INSUFFICIENT,Unknown,Unknown,unknown,,what action the platform supports; the action URL,64,"tier tier2, priority P3",/research/business-directories/opportunities/
AlternativeTo,Business Directories,Global,global,NEEDS_BROWSER,Verify the route in a browser,,free,INSUFFICIENT,Unknown,Unknown,unknown,,what action the platform supports; the action URL,64,"tier tier2, priority P2",/research/business-directories/opportunities/
AlternativeTo,"Media, PR & Publishing",Sweden,global,NEEDS_RESEARCH,Research the submission route,,free,INSUFFICIENT,Unknown,Unknown,unknown,,the action URL,63,Media Score 63 (Moderate),/research/media-pr-publishing/
Amazon Seller Storefront,Business Directories,Global,global,NEEDS_RESEARCH,Research the submission route,,unknown,INSUFFICIENT,Unknown,Unknown,unknown,,what action the platform supports; the action URL,86,"tier tier1, priority P2",/research/business-directories/opportunities/
American Banker,"Media, PR & Publishing",United States,national,NEEDS_RESEARCH,Research the submission route,,free,INSUFFICIENT,Unknown,Unknown,unknown,,the action URL,81,Media Score 81 (Strong),/research/media-pr-publishing/
American City Business Journals,"Media, PR & Publishing",United States,national,NEEDS_BROWSER,Verify the route in a browser,,unknown,INSUFFICIENT,Unknown,Unknown,unknown,,what action the platform supports; the action URL,,below the Media Score evidence floor,/research/media-pr-publishing/
American Staffing Association,Business Directories,United States,united-states,NEEDS_RESEARCH,Research the submission route,,unknown,INSUFFICIENT,Unknown,Unknown,unknown,,the action URL,74,"tier tier2, priority P3",/research/business-directories/opportunities/
AmericanTowns,Business Directories,United States,united-states,NEEDS_RESEARCH,Research the submission route,,unknown,INSUFFICIENT,Unknown,Unknown,unknown,,what action the platform supports; the action URL,46,"tier tier3, priority P3",/research/business-directories/opportunities/
Americanas Marketplace,Business Directories,Brazil,country-specific,NEEDS_RESEARCH,Research the submission route,,unknown,INSUFFICIENT,Unknown,Unknown,unknown,,what action the platform supports; the action URL,82,"tier tier1, priority P3",/research/business-directories/opportunities/
Anaconda.org,Business Directories,Global,global,NEEDS_RESEARCH,Research the submission route,,unknown,INSUFFICIENT,Unknown,Unknown,unknown,,what action the platform supports; the action URL,64,"tier tier2, priority P3",/research/business-directories/opportunities/
Angi,Business Directories,United States,united-states,NEEDS_BROWSER,Verify the route in a browser,,unknown,INSUFFICIENT,Unknown,Unknown,unknown,,what action the platform supports; the action URL,94,"tier tier1, priority P1",/research/business-directories/opportunities/
Anitec-Assinform,Business Directories,Italy,country-specific,NEEDS_RESEARCH,Research the submission route,,unknown,INSUFFICIENT,Unknown,Unknown,unknown,,what action the platform supports; the action URL,64,"tier tier2, priority P3",/research/business-directories/opportunities/
Anmeldelser.dk,Business Directories,Denmark,country-specific,NEEDS_RESEARCH,Research the submission route,,unknown,INSUFFICIENT,Unknown,Unknown,unknown,,what action the platform supports; the action URL,46,"tier tier3, priority P3",/research/business-directories/opportunities/
Annonce.cz,Business Directories,Czech Republic,country-specific,NEEDS_RESEARCH,Research the submission route,,unknown,INSUFFICIENT,Unknown,Unknown,unknown,,what action the platform supports; the action URL,46,"tier tier3, priority P3",/research/business-directories/opportunities/
Annonce.cz,Marketplace & Classified Platforms,Czech Republic,,NEEDS_RESEARCH,Research the submission route,,freemium,INSUFFICIENT,Unknown,Unknown,unknown,,the action URL,77,"accepts both sellers, freemium",/research/marketplaces/
Annuaire Téléphone,Business Directories,France,country-specific,NEEDS_RESEARCH,Research the submission route,,unknown,INSUFFICIENT,Unknown,Unknown,unknown,,what action the platform supports; the action URL,46,"tier tier3, priority P3",/research/business-directories/opportunities/
Annuaire des Entreprises de France (CCI),Business Directories,France,country-specific,NEEDS_RESEARCH,Research the submission route,,unknown,INSUFFICIENT,Unknown,Unknown,unknown,,what action the platform supports; the action URL,68,"tier tier2, priority P2",/research/business-directories/opportunities/
Annuaire des entreprises locales,Business Directories,France,country-specific,NEEDS_RESEARCH,Research the submission route,,unknown,INSUFFICIENT,Unknown,Unknown,unknown,,what action the platform supports; the action URL,46,"tier tier3, priority P3",/research/business-directories/opportunities/
Annuaire-Entreprise.co,Business Directories,France,country-specific,NEEDS_RESEARCH,Research the submission route,,unknown,INSUFFICIENT,Unknown,Unknown,unknown,,what action the platform supports; the action URL,46,"tier tier3, priority P3",/research/business-directories/opportunities/
Antler,Business Directories,Global,global,NEEDS_RESEARCH,Research the submission route,,unknown,INSUFFICIENT,Unknown,Unknown,unknown,,what action the platform supports; the action URL,64,"tier tier2, priority P3",/research/business-directories/opportunities/
Apartments.com,Marketplace & Classified Platforms,United States,,NEEDS_BROWSER,Verify the route in a browser,,paid,INSUFFICIENT,Unknown,Unknown,unknown,,the action URL,72,"accepts business sellers, paid",/research/marketplaces/
Apontador,Business Directories,Brazil,latam,NEEDS_RESEARCH,Research the submission route,,unknown,INSUFFICIENT,Unknown,Unknown,unknown,,what action the platform supports; the action URL,94,"tier tier1, priority P1",/research/business-directories/opportunities/
AppFutura,Business Directories,United States,global,READY,Create a business profile,https://clutch.co/get-listed?utm_source=appfutura&utm_medium=getstarted,free,LOW,Unknown,Unknown,verified,,,56,"tier tier3, priority P3",/research/business-directories/opportunities/
AppSumo,Business Directories,Global,global,NEEDS_RESEARCH,Research the submission route,,unknown,INSUFFICIENT,Unknown,Unknown,unknown,,what action the platform supports; the action URL,68,"tier tier2, priority P2",/research/business-directories/opportunities/
Apparel Export Promotion Council,Business Directories,India,india,NEEDS_RESEARCH,Research the submission route,,unknown,INSUFFICIENT,Unknown,Unknown,unknown,,what action the platform supports; the action URL,64,"tier tier2, priority P3",/research/business-directories/opportunities/
Apple App Store,Business Directories,Global,global,READY,Create a business profile,https://developer.apple.com/programs/,unknown,LOW,Unknown,Unknown,verified,,,100,"tier tier1, priority P1",/research/business-directories/opportunities/
Apple Business Connect,Business Directories,Global,global,NEEDS_RESEARCH,Research the submission route,,unknown,INSUFFICIENT,Unknown,Unknown,unknown,,what action the platform supports; the action URL,94,"tier tier1, priority P1",/research/business-directories/opportunities/
Approved Business,Business Directories,United Kingdom,united-kingdom,READY,Create a business profile,https://www.approvedbusiness.co.uk/list-your-company,freemium,MEDIUM,Easy,Unknown,verified,,,96,"tier tier1, priority P2",/research/business-directories/opportunities/
Appvizer,Business Directories,France,europe,NEEDS_RESEARCH,Research the submission route,,unknown,INSUFFICIENT,Unknown,Unknown,unknown,,what action the platform supports; the action URL,68,"tier tier2, priority P2",/research/business-directories/opportunities/
Appvizer,Business Directories,Global,europe,NEEDS_RESEARCH,Research the submission route,,unknown,INSUFFICIENT,Unknown,Unknown,unknown,,what action the platform supports; the action URL,64,"tier tier2, priority P3",/research/business-directories/opportunities/
Apérza,Business Directories,Japan,japan,NEEDS_RESEARCH,Research the submission route,,unknown,INSUFFICIENT,Unknown,Unknown,unknown,,what action the platform supports; the action URL,68,"tier tier2, priority P2",/research/business-directories/opportunities/
Aqar,Marketplace & Classified Platforms,Saudi Arabia,,NEEDS_RESEARCH,Research the submission route,,unknown,INSUFFICIENT,Unknown,Unknown,unknown,,the action URL,74,"accepts both sellers, unknown",/research/marketplaces/
Aqarmap,Marketplace & Classified Platforms,Egypt,,NEEDS_RESEARCH,Research the submission route,,paid,INSUFFICIENT,Unknown,Unknown,unknown,,the action URL,68,"accepts both sellers, paid",/research/marketplaces/
Arabam.com,Marketplace & Classified Platforms,Turkey,,NEEDS_BROWSER,Verify the route in a browser,,paid,INSUFFICIENT,Unknown,Unknown,unknown,,the action URL,60,"accepts both sellers, paid",/research/marketplaces/
Arabian Business,"Media, PR & Publishing",United Arab Emirates,regional,NEEDS_RESEARCH,Research the submission route,,unknown,INSUFFICIENT,Unknown,Unknown,unknown,,what action the platform supports; the action URL,,below the Media Score evidence floor,/research/media-pr-publishing/
Arany Oldalak,Business Directories,Hungary,country-specific,NEEDS_RESEARCH,Research the submission route,,unknown,INSUFFICIENT,Unknown,Unknown,unknown,,what action the platform supports; the action URL,68,"tier tier2, priority P2",/research/business-directories/opportunities/
ArchDaily,"Media, PR & Publishing",Chile,global,READY,Submit company news,https://www.archdaily.com/submit-a-project,free,MEDIUM,Unknown,Unknown,verified,,,89,Media Score 89 (Exceptional),/research/media-pr-publishing/
Archilovers,Business Directories,Italy,global,NEEDS_RESEARCH,Research the submission route,,unknown,INSUFFICIENT,Unknown,Unknown,unknown,,what action the platform supports; the action URL,64,"tier tier2, priority P3",/research/business-directories/opportunities/
Archiproducts,Business Directories,Italy,europe,NEEDS_RESEARCH,Research the submission route,,unknown,INSUFFICIENT,Unknown,Unknown,unknown,,what action the platform supports; the action URL,68,"tier tier2, priority P2",/research/business-directories/opportunities/
ArcticStartup,"Media, PR & Publishing",Finland,regional,NEEDS_RESEARCH,Research the submission route,,unknown,INSUFFICIENT,Unknown,Unknown,unknown,,what action the platform supports; the action URL,,below the Media Score evidence floor,/research/media-pr-publishing/
Argaam,"Media, PR & Publishing",Saudi Arabia,national,NEEDS_RESEARCH,Research the submission route,,unknown,INSUFFICIENT,Unknown,Unknown,unknown,,what action the platform supports; the action URL,,below the Media Score evidence floor,/research/media-pr-publishing/
Argenprop,Marketplace & Classified Platforms,Argentina,,NEEDS_RESEARCH,Research the submission route,,paid,INSUFFICIENT,Unknown,Unknown,unknown,,the action URL,68,"accepts both sellers, paid",/research/marketplaces/
Ars Technica,"Media, PR & Publishing",United States,global,READY,Pitch the editorial team,https://arstechnica.com/contact-us/,free,MEDIUM,Unknown,Unknown,verified,,,88,Media Score 88 (Exceptional),/research/media-pr-publishing/
Artifact Hub,Business Directories,Global,global,NEEDS_RESEARCH,Research the submission route,,unknown,INSUFFICIENT,Unknown,Unknown,unknown,,what action the platform supports; the action URL,64,"tier tier2, priority P3",/research/business-directories/opportunities/
Aruodas.lt,Marketplace & Classified Platforms,Lithuania,,NEEDS_RESEARCH,Research the submission route,,paid,INSUFFICIENT,Unknown,Unknown,unknown,,the action URL,68,"accepts both sellers, paid",/research/marketplaces/
Arzt-Auskunft,Business Directories,Germany,country-specific,NEEDS_RESEARCH,Research the submission route,,unknown,INSUFFICIENT,Unknown,Unknown,unknown,,what action the platform supports; the action URL,68,"tier tier2, priority P2",/research/business-directories/opportunities/
Asana Apps,Business Directories,Global,global,NEEDS_RESEARCH,Research the submission route,,unknown,INSUFFICIENT,Unknown,Unknown,unknown,,what action the platform supports; the action URL,82,"tier tier1, priority P3",/research/business-directories/opportunities/
AskSpud.ie,Business Directories,Ireland,country-specific,NEEDS_RESEARCH,Research the submission route,,unknown,INSUFFICIENT,Unknown,Unknown,unknown,,what action the platform supports; the action URL,46,"tier tier3, priority P3",/research/business-directories/opportunities/
Assintel,Business Directories,Italy,country-specific,NEEDS_RESEARCH,Research the submission route,,unknown,INSUFFICIENT,Unknown,Unknown,unknown,,what action the platform supports; the action URL,46,"tier tier3, priority P3",/research/business-directories/opportunities/
Associated Builders and Contractors,Business Directories,United States,united-states,NEEDS_BROWSER,Verify the route in a browser,,unknown,INSUFFICIENT,Unknown,Unknown,unknown,,what action the platform supports; the action URL,64,"tier tier2, priority P3",/research/business-directories/opportunities/
Associated General Contractors,Business Directories,United States,united-states,NEEDS_RESEARCH,Research the submission route,,unknown,INSUFFICIENT,Unknown,Unknown,unknown,,what action the platform supports; the action URL,64,"tier tier2, priority P3",/research/business-directories/opportunities/
Association of Ghana Industries,Business Directories,Ghana,country-specific,NEEDS_RESEARCH,Research the submission route,,unknown,INSUFFICIENT,Unknown,Unknown,unknown,,what action the platform supports; the action URL,68,"tier tier2, priority P2",/research/business-directories/opportunities/
Assolombarda,Business Directories,Italy,regional,NEEDS_RESEARCH,Research the submission route,,unknown,INSUFFICIENT,Unknown,Unknown,unknown,,what action the platform supports; the action URL,64,"tier tier2, priority P3",/research/business-directories/opportunities/
Atlassian Marketplace,Business Directories,Global,global,NEEDS_RESEARCH,Research the submission route,,unknown,INSUFFICIENT,Unknown,Unknown,unknown,,what action the platform supports; the action URL,82,"tier tier1, priority P2",/research/business-directories/opportunities/
Atlassian Partners,Business Directories,Global,global,NEEDS_RESEARCH,Research the submission route,,unknown,INSUFFICIENT,Unknown,Unknown,unknown,,what action the platform supports; the action URL,86,"tier tier1, priority P2",/research/business-directories/opportunities/
Atrápalo,Business Directories,Spain,country-specific,NEEDS_RESEARCH,Research the submission route,,unknown,INSUFFICIENT,Unknown,Unknown,unknown,,what action the platform supports; the action URL,64,"tier tier2, priority P3",/research/business-directories/opportunities/
Attorneys.com,Business Directories,United States,united-states,NEEDS_BROWSER,Verify the route in a browser,,unknown,INSUFFICIENT,Unknown,Unknown,unknown,,what action the platform supports; the action URL,46,"tier tier3, priority P3",/research/business-directories/opportunities/
Aukro,Business Directories,Czech Republic,country-specific,NEEDS_RESEARCH,Research the submission route,,unknown,INSUFFICIENT,Unknown,Unknown,unknown,,what action the platform supports; the action URL,64,"tier tier2, priority P3",/research/business-directories/opportunities/
Aukro,Marketplace & Classified Platforms,Czech Republic,,NEEDS_RESEARCH,Research the submission route,,freemium,INSUFFICIENT,Unknown,Unknown,unknown,,the action URL,77,"accepts both sellers, freemium",/research/marketplaces/
AussieWeb Local Search,Business Directories,Australia,australia,READY,Create a business profile,https://mylisting.aussieweb.com.au/add-listing.aspx,freemium,MEDIUM,Easy,Unknown,verified,,,100,"tier tier1, priority P1",/research/business-directories/opportunities/
Austin Startups,"Media, PR & Publishing",United States,local,NEEDS_RESEARCH,Research the submission route,,unknown,INSUFFICIENT,Unknown,Unknown,unknown,,what action the platform supports; the action URL,,below the Media Score evidence floor,/research/media-pr-publishing/
Australian Hotels Association,Business Directories,Australia,australia,NEEDS_RESEARCH,Research the submission route,,unknown,INSUFFICIENT,Unknown,Unknown,unknown,,what action the platform supports; the action URL,64,"tier tier2, priority P3",/research/business-directories/opportunities/
Australian Institute of Architects,Business Directories,Australia,australia,NEEDS_RESEARCH,Research the submission route,,unknown,INSUFFICIENT,Unknown,Unknown,unknown,,what action the platform supports; the action URL,64,"tier tier2, priority P3",/research/business-directories/opportunities/
Auto Trader NZ,Marketplace & Classified Platforms,New Zealand,,READY,Post a classified listing,https://autotrader.co.nz/sell-my-car,freemium,LOW,Unknown,Unknown,verified,,,74,"accepts both sellers, freemium",/research/marketplaces/
Auto24.ee,Marketplace & Classified Platforms,Estonia,,NEEDS_RESEARCH,Research the submission route,,paid,INSUFFICIENT,Unknown,Unknown,unknown,,the action URL,68,"accepts both sellers, paid",/research/marketplaces/
AutoDeal,Marketplace & Classified Platforms,Philippines,,READY,Post a classified listing,https://www.autodeal.com.ph/sell-your-car,free,LOW,Unknown,Unknown,verified,,,68,"accepts both sellers, paid",/research/marketplaces/
AutoScout24,Business Directories,Germany,europe,NEEDS_RESEARCH,Research the submission route,,free,INSUFFICIENT,Unknown,Unknown,unknown,,what action the platform supports; the action URL,82,"tier tier1, priority P3",/research/business-directories/opportunities/
AutoTrader South Africa,Business Directories,South Africa,country-specific,NEEDS_RESEARCH,Research the submission route,,unknown,INSUFFICIENT,Unknown,Unknown,unknown,,what action the platform supports; the action URL,82,"tier tier1, priority P3",/research/business-directories/opportunities/
AutoTrader South Africa,Marketplace & Classified Platforms,South Africa,,NEEDS_RESEARCH,Research the submission route,,paid,INSUFFICIENT,Unknown,Unknown,unknown,,the action URL,68,"accepts both sellers, paid",/research/marketplaces/
AutoTrader.ca,Business Directories,Canada,canada,NEEDS_RESEARCH,Research the submission route,,free,INSUFFICIENT,Unknown,Unknown,unknown,,what action the platform supports; the action URL,82,"tier tier1, priority P3",/research/business-directories/opportunities/
AutoTrader.ca,Marketplace & Classified Platforms,Canada,,NEEDS_RESEARCH,Research the submission route,,free,INSUFFICIENT,Unknown,Unknown,unknown,,the action URL,68,"accepts both sellers, paid",/research/marketplaces/
Autochek,Marketplace & Classified Platforms,Nigeria,,NEEDS_RESEARCH,Research the submission route,,freemium,INSUFFICIENT,Unknown,Unknown,unknown,,the action URL,74,"accepts both sellers, freemium",/research/marketplaces/
Autocosmos México,Marketplace & Classified Platforms,Mexico,,NEEDS_RESEARCH,Research the submission route,,paid,INSUFFICIENT,Unknown,Unknown,unknown,,the action URL,68,"accepts both sellers, paid",/research/marketplaces/
Autodesk Partners,Business Directories,Global,global,NEEDS_RESEARCH,Research the submission route,,unknown,INSUFFICIENT,Unknown,Unknown,unknown,,what action the platform supports; the action URL,82,"tier tier1, priority P3",/research/business-directories/opportunities/
Automation World,"Media, PR & Publishing",United States,national,READY,Submit company news,https://www.automationworld.com/contact-us,free,MEDIUM,Unknown,Unknown,verified,,,87,Media Score 87 (Strong),/research/media-pr-publishing/
Automobile.tn,Marketplace & Classified Platforms,Tunisia,,READY,Post an advertisement,https://www.automobile.tn/fr/mon-espace/creer-une-annonce?o=1,unknown,LOW,Unknown,Unknown,verified,,,74,"accepts both sellers, unknown",/research/marketplaces/
Automotive News,"Media, PR & Publishing",United States,national,NEEDS_RESEARCH,Research the submission route,,unknown,INSUFFICIENT,Unknown,Unknown,unknown,,what action the platform supports; the action URL,,below the Media Score evidence floor,/research/media-pr-publishing/
Autoplius.lt,Marketplace & Classified Platforms,Lithuania,,NEEDS_RESEARCH,Research the submission route,,paid,INSUFFICIENT,Unknown,Unknown,unknown,,the action URL,68,"accepts both sellers, paid",/research/marketplaces/
Autovit,Marketplace & Classified Platforms,Romania,,NEEDS_RESEARCH,Research the submission route,,paid,INSUFFICIENT,Unknown,Unknown,unknown,,the action URL,68,"accepts both sellers, paid",/research/marketplaces/
Avis Vérifiés,Business Directories,France,country-specific,NEEDS_RESEARCH,Research the submission route,,unknown,INSUFFICIENT,Unknown,Unknown,unknown,,what action the platform supports; the action URL,68,"tier tier2, priority P2",/research/business-directories/opportunities/
Avito,Marketplace & Classified Platforms,Russia,,NEEDS_BROWSER,Verify the route in a browser,,freemium,INSUFFICIENT,Unknown,Unknown,unknown,,the action URL,69,"accepts both sellers, freemium",/research/marketplaces/
Avito Maroc,Business Directories,Morocco,country-specific,NEEDS_BROWSER,Verify the route in a browser,,unknown,INSUFFICIENT,Unknown,Unknown,unknown,,what action the platform supports; the action URL,82,"tier tier1, priority P3",/research/business-directories/opportunities/
Avocat.fr,Business Directories,France,country-specific,NEEDS_RESEARCH,Research the submission route,,unknown,INSUFFICIENT,Unknown,Unknown,unknown,,what action the platform supports; the action URL,86,"tier tier1, priority P2",/research/business-directories/opportunities/
Avto.net,Marketplace & Classified Platforms,Slovenia,,NEEDS_RESEARCH,Research the submission route,,paid,INSUFFICIENT,Unknown,Unknown,unknown,,the action URL,68,"accepts both sellers, paid",/research/marketplaces/
Avvo,Business Directories,United States,united-states,NEEDS_RESEARCH,Research the submission route,,unknown,INSUFFICIENT,Unknown,Unknown,unknown,,what action the platform supports; the action URL,86,"tier tier1, priority P2",/research/business-directories/opportunities/
Awwwards,Business Directories,Global,global,NEEDS_RESEARCH,Research the submission route,,unknown,INSUFFICIENT,Unknown,Unknown,unknown,,what action the platform supports; the action URL,68,"tier tier2, priority P2",/research/business-directories/opportunities/
Azet Katalóg,Business Directories,Slovakia,country-specific,NEEDS_RESEARCH,Research the submission route,,free,INSUFFICIENT,Unknown,Unknown,unknown,,the action URL,78,"tier tier2, priority P2",/research/business-directories/opportunities/
B Corp Directory,Business Directories,Global,global,NEEDS_RESEARCH,Research the submission route,,unknown,INSUFFICIENT,Unknown,Unknown,unknown,,what action the platform supports; the action URL,86,"tier tier1, priority P2",/research/business-directories/opportunities/
B2B Manufacturer,Business Directories,Global,asia,NEEDS_RESEARCH,Research the submission route,,unknown,INSUFFICIENT,Unknown,Unknown,unknown,,what action the platform supports; the action URL,46,"tier tier3, priority P3",/research/business-directories/opportunities/
B2B-Firmen,Business Directories,Germany,dach,NEEDS_BROWSER,Verify the route in a browser,,unknown,INSUFFICIENT,Unknown,Unknown,unknown,,what action the platform supports; the action URL,46,"tier tier3, priority P3",/research/business-directories/opportunities/
B2BHint,Business Directories,Global,europe; global,NEEDS_BROWSER,Verify the route in a browser,,unknown,INSUFFICIENT,Unknown,Unknown,unknown,,what action the platform supports; the action URL,46,"tier tier3, priority P3",/research/business-directories/opportunities/
B2BMap,Business Directories,Global,global,READY,Create a business profile,https://b2bmap.com/business-listing,freemium,LOW,Unknown,Unknown,verified,,,56,"tier tier3, priority P3",/research/business-directories/opportunities/
BASIS,Business Directories,Bangladesh,country-specific,NEEDS_RESEARCH,Research the submission route,,unknown,INSUFFICIENT,Unknown,Unknown,unknown,,what action the platform supports; the action URL,86,"tier tier1, priority P2",/research/business-directories/opportunities/
BD Business Directory,Business Directories,Bangladesh,country-specific,NEEDS_BROWSER,Verify the route in a browser,,unknown,INSUFFICIENT,Unknown,Unknown,unknown,,what action the platform supports; the action URL,46,"tier tier3, priority P3",/research/business-directories/opportunities/
BD Trade Info,Business Directories,Bangladesh,country-specific,READY,Create a business profile,https://www.bdtradeinfo.com/classified-listing,unknown,LOW,Unknown,Unknown,verified,,,96,"tier tier1, priority P2",/research/business-directories/opportunities/
BD Yellowpages,Business Directories,Bangladesh,country-specific,NEEDS_RESEARCH,Research the submission route,,unknown,INSUFFICIENT,Unknown,Unknown,unknown,,what action the platform supports; the action URL,46,"tier tier3, priority P3",/research/business-directories/opportunities/
BDU,Business Directories,Germany,dach,NEEDS_RESEARCH,Research the submission route,,unknown,INSUFFICIENT,Unknown,Unknown,unknown,,what action the platform supports; the action URL,64,"tier tier2, priority P3",/research/business-directories/opportunities/
BGMEA,Business Directories,Bangladesh,country-specific,NEEDS_RESEARCH,Research the submission route,,unknown,INSUFFICIENT,Unknown,Unknown,unknown,,what action the platform supports; the action URL,86,"tier tier1, priority P2",/research/business-directories/opportunities/
BKMEA,Business Directories,Bangladesh,country-specific,NEEDS_RESEARCH,Research the submission route,,unknown,INSUFFICIENT,Unknown,Unknown,unknown,,what action the platform supports; the action URL,68,"tier tier2, priority P2",/research/business-directories/opportunities/
BNA,Business Directories,Netherlands,country-specific,NEEDS_RESEARCH,Research the submission route,,unknown,INSUFFICIENT,Unknown,Unknown,unknown,,what action the platform supports; the action URL,64,"tier tier2, priority P3",/research/business-directories/opportunities/
BSearch,Business Directories,Belgium,country-specific,NEEDS_RESEARCH,Research the submission route,,unknown,INSUFFICIENT,Unknown,Unknown,unknown,,what action the platform supports; the action URL,46,"tier tier3, priority P3",/research/business-directories/opportunities/
BVDW,Business Directories,Germany,dach,NEEDS_RESEARCH,Research the submission route,,unknown,INSUFFICIENT,Unknown,Unknown,unknown,,what action the platform supports; the action URL,64,"tier tier2, priority P3",/research/business-directories/opportunities/
Baemin,Business Directories,South Korea,country-specific,NEEDS_RESEARCH,Research the submission route,,unknown,INSUFFICIENT,Unknown,Unknown,unknown,,what action the platform supports; the action URL,86,"tier tier1, priority P2",/research/business-directories/opportunities/
Bahamas Local,Business Directories,Bahamas,country-specific,READY,Create a business profile,https://www.bahamaslocal.com/new_listing/,unknown,LOW,Unknown,Unknown,verified,,,78,"tier tier2, priority P2",/research/business-directories/opportunities/
Bahamas.com,Business Directories,Bahamas,country-specific,NEEDS_RESEARCH,Research the submission route,,unknown,INSUFFICIENT,Unknown,Unknown,unknown,,what action the platform supports; the action URL,64,"tier tier2, priority P3",/research/business-directories/opportunities/
Bahrain Yellow Pages,Business Directories,Bahrain,country-specific,NEEDS_BROWSER,Verify the route in a browser,,unknown,INSUFFICIENT,Unknown,Unknown,unknown,,what action the platform supports; the action URL,68,"tier tier2, priority P2",/research/business-directories/opportunities/
Baitoru,Business Directories,Japan,japan,NEEDS_BROWSER,Verify the route in a browser,,unknown,INSUFFICIENT,Unknown,Unknown,unknown,,what action the platform supports; the action URL,64,"tier tier2, priority P3",/research/business-directories/opportunities/
Bangkok Post Business,"Media, PR & Publishing",Thailand,national,NEEDS_RESEARCH,Research the submission route,,unknown,INSUFFICIENT,Unknown,Unknown,unknown,,what action the platform supports; the action URL,,below the Media Score evidence floor,/research/media-pr-publishing/
Bankier.pl,"Media, PR & Publishing",Poland,national,NEEDS_RESEARCH,Research the submission route,,unknown,INSUFFICIENT,Unknown,Unknown,unknown,,what action the platform supports; the action URL,,below the Media Score evidence floor,/research/media-pr-publishing/
Banking Dive,"Media, PR & Publishing",United States,national,READY,Pitch the editorial team,https://www.bankingdive.com/submit-tip/,free,LOW,Unknown,Unknown,verified,,,89,Media Score 89 (Exceptional),/research/media-pr-publishing/
Barbados Yellow Pages,Business Directories,Barbados,country-specific,READY,Create a business profile,https://www.findyello.com/list-business/,unknown,LOW,Unknown,Unknown,verified,,,78,"tier tier2, priority P2",/research/business-directories/opportunities/
Bark.com,Business Directories,Global,global; united-kingdom,NEEDS_RESEARCH,Research the submission route,,unknown,INSUFFICIENT,Unknown,Unknown,unknown,,what action the platform supports; the action URL,68,"tier tier2, priority P2",/research/business-directories/opportunities/
Batdongsan,Marketplace & Classified Platforms,Vietnam,,NEEDS_RESEARCH,Research the submission route,,paid,INSUFFICIENT,Unknown,Unknown,unknown,,the action URL,68,"accepts both sellers, paid",/research/marketplaces/
Batiproduits,Business Directories,France,country-specific,NEEDS_RESEARCH,Research the submission route,,unknown,INSUFFICIENT,Unknown,Unknown,unknown,,what action the platform supports; the action URL,68,"tier tier2, priority P2",/research/business-directories/opportunities/
Batiweb,Business Directories,France,country-specific,NEEDS_RESEARCH,Research the submission route,,unknown,INSUFFICIENT,Unknown,Unknown,unknown,,what action the platform supports; the action URL,68,"tier tier2, priority P2",/research/business-directories/opportunities/
Bayt.com,Business Directories,United Arab Emirates,middle-east,NEEDS_RESEARCH,Research the submission route,,unknown,INSUFFICIENT,Unknown,Unknown,unknown,,what action the platform supports; the action URL,86,"tier tier1, priority P2",/research/business-directories/opportunities/
Baza Firm — Business Navigator,Business Directories,Poland,country-specific,NEEDS_RESEARCH,Research the submission route,,unknown,INSUFFICIENT,Unknown,Unknown,unknown,,what action the platform supports; the action URL,46,"tier tier3, priority P3",/research/business-directories/opportunities/
Bazar.bg,Marketplace & Classified Platforms,Bulgaria,,NEEDS_RESEARCH,Research the submission route,,freemium,INSUFFICIENT,Unknown,Unknown,unknown,,the action URL,77,"accepts both sellers, freemium",/research/marketplaces/
Bazar.sk,Marketplace & Classified Platforms,Slovakia,,NEEDS_RESEARCH,Research the submission route,,free,INSUFFICIENT,Unknown,Unknown,unknown,,the action URL,80,"accepts both sellers, free",/research/marketplaces/
Bazaraki,Marketplace & Classified Platforms,Cyprus,,READY,Post a classified listing,https://www.bazaraki.com/profile/login/?next=/post_ad/,freemium,LOW,Unknown,Unknown,verified,,,77,"accepts both sellers, freemium",/research/marketplaces/
Bazos.cz,Marketplace & Classified Platforms,Czech Republic,,NEEDS_RESEARCH,Research the submission route,,freemium,INSUFFICIENT,Unknown,Unknown,unknown,,the action URL,77,"accepts both sellers, freemium",/research/marketplaces/
Bazos.sk,Marketplace & Classified Platforms,Slovakia,,NEEDS_RESEARCH,Research the submission route,,freemium,INSUFFICIENT,Unknown,Unknown,unknown,,the action URL,77,"accepts both sellers, freemium",/research/marketplaces/
Bazoš,Business Directories,Czech Republic,country-specific,NEEDS_RESEARCH,Research the submission route,,unknown,INSUFFICIENT,Unknown,Unknown,unknown,,what action the platform supports; the action URL,64,"tier tier2, priority P3",/research/business-directories/opportunities/
Bdjobs,Business Directories,Bangladesh,country-specific,NEEDS_RESEARCH,Research the submission route,,unknown,INSUFFICIENT,Unknown,Unknown,unknown,,what action the platform supports; the action URL,86,"tier tier1, priority P2",/research/business-directories/opportunities/
Bedrifter.no,Business Directories,Norway,country-specific,NEEDS_RESEARCH,Research the submission route,,unknown,INSUFFICIENT,Unknown,Unknown,unknown,,what action the platform supports; the action URL,46,"tier tier3, priority P3",/research/business-directories/opportunities/
Bedrifts Guide,Business Directories,Norway,country-specific,NEEDS_RESEARCH,Research the submission route,,unknown,INSUFFICIENT,Unknown,Unknown,unknown,,what action the platform supports; the action URL,46,"tier tier3, priority P3",/research/business-directories/opportunities/
Bedrijven-vinden.be,Business Directories,Belgium,country-specific,NEEDS_RESEARCH,Research the submission route,,unknown,INSUFFICIENT,Unknown,Unknown,unknown,,what action the platform supports; the action URL,46,"tier tier3, priority P3",/research/business-directories/opportunities/
Bedrijvengids België,Business Directories,Belgium,country-specific,NEEDS_RESEARCH,Research the submission route,,unknown,INSUFFICIENT,Unknown,Unknown,unknown,,what action the platform supports; the action URL,46,"tier tier3, priority P3",/research/business-directories/opportunities/
Bedrijvengids.nl,Business Directories,Netherlands,country-specific,NEEDS_RESEARCH,Research the submission route,,unknown,INSUFFICIENT,Unknown,Unknown,unknown,,what action the platform supports; the action URL,46,"tier tier3, priority P3",/research/business-directories/opportunities/
Bedrijvenpagina,Business Directories,Netherlands,country-specific,NEEDS_RESEARCH,Research the submission route,,unknown,INSUFFICIENT,Unknown,Unknown,unknown,,what action the platform supports; the action URL,46,"tier tier3, priority P3",/research/business-directories/opportunities/
Behance,Business Directories,Global,global,NEEDS_RESEARCH,Research the submission route,,unknown,INSUFFICIENT,Unknown,Unknown,unknown,,what action the platform supports; the action URL,86,"tier tier1, priority P2",/research/business-directories/opportunities/
Belize.com,Business Directories,Belize,country-specific,NEEDS_RESEARCH,Research the submission route,,unknown,INSUFFICIENT,Unknown,Unknown,unknown,,what action the platform supports; the action URL,46,"tier tier3, priority P3",/research/business-directories/opportunities/
Benzinga,"Media, PR & Publishing",United States,national,NEEDS_RESEARCH,Research the submission route,,unknown,INSUFFICIENT,Unknown,Unknown,unknown,,what action the platform supports; the action URL,,below the Media Score evidence floor,/research/media-pr-publishing/
Ben’s Bites,"Media, PR & Publishing",United Kingdom,global,NEEDS_RESEARCH,Research the submission route,,unknown,INSUFFICIENT,Unknown,Unknown,unknown,,what action the platform supports; the action URL,,below the Media Score evidence floor,/research/media-pr-publishing/
BetaKit,"Media, PR & Publishing",Canada,national,NEEDS_RESEARCH,Research the submission route,,unknown,INSUFFICIENT,Unknown,Unknown,unknown,,what action the platform supports; the action URL,,below the Media Score evidence floor,/research/media-pr-publishing/
BetaList,Business Directories,Global,global,NEEDS_RESEARCH,Research the submission route,,unknown,INSUFFICIENT,Unknown,Unknown,unknown,,what action the platform supports; the action URL,68,"tier tier2, priority P2",/research/business-directories/opportunities/
BetaList,"Media, PR & Publishing",Netherlands,global,READY,Submit a product launch,https://betalist.com/submit,freemium,LOW,Unknown,Unknown,verified,,,77,Media Score 77 (Good),/research/media-pr-publishing/
BetaPage,Business Directories,Global,global,NEEDS_BROWSER,Verify the route in a browser,,unknown,INSUFFICIENT,Unknown,Unknown,unknown,,what action the platform supports; the action URL,46,"tier tier3, priority P3",/research/business-directories/opportunities/
Better Business Bureau,Business Directories,United States,united-states,NEEDS_RESEARCH,Research the submission route,,freemium,INSUFFICIENT,Unknown,Unknown,unknown,,what action the platform supports; the action URL,82,"tier tier1, priority P2",/research/business-directories/opportunities/
Beyond Menu,Business Directories,United States,united-states,NEEDS_RESEARCH,Research the submission route,,unknown,INSUFFICIENT,Unknown,Unknown,unknown,,what action the platform supports; the action URL,46,"tier tier3, priority P3",/research/business-directories/opportunities/
Bezeq B144,Business Directories,Israel,country-specific,NEEDS_RESEARCH,Research the submission route,,unknown,INSUFFICIENT,Unknown,Unknown,unknown,,what action the platform supports; the action URL,94,"tier tier1, priority P1",/research/business-directories/opportunities/
Bhinneka,Business Directories,Indonesia,country-specific,NEEDS_RESEARCH,Research the submission route,,unknown,INSUFFICIENT,Unknown,Unknown,unknown,,what action the platform supports; the action URL,68,"tier tier2, priority P2",/research/business-directories/opportunities/
Bikroy,Business Directories,Bangladesh,country-specific,NEEDS_BROWSER,Verify the route in a browser,,unknown,INSUFFICIENT,Unknown,Unknown,unknown,,what action the platform supports; the action URL,82,"tier tier1, priority P3",/research/business-directories/opportunities/
Bikroy,Marketplace & Classified Platforms,Bangladesh,,NEEDS_BROWSER,Verify the route in a browser,,freemium,INSUFFICIENT,Unknown,Unknown,unknown,,the action URL,69,"accepts both sellers, freemium",/research/marketplaces/
Bilbasen,Business Directories,Denmark,country-specific,NEEDS_RESEARCH,Research the submission route,,unknown,INSUFFICIENT,Unknown,Unknown,unknown,,what action the platform supports; the action URL,64,"tier tier2, priority P3",/research/business-directories/opportunities/
Bilbasen,Marketplace & Classified Platforms,Denmark,,NEEDS_RESEARCH,Research the submission route,,paid,INSUFFICIENT,Unknown,Unknown,unknown,,the action URL,68,"accepts both sellers, paid",/research/marketplaces/
Bing Places for Business,Business Directories,Global,global,NEEDS_RESEARCH,Research the submission route,,unknown,INSUFFICIENT,Unknown,Unknown,unknown,,what action the platform supports; the action URL,94,"tier tier1, priority P1",/research/business-directories/opportunities/
Bioconductor,Business Directories,Global,global,NEEDS_RESEARCH,Research the submission route,,unknown,INSUFFICIENT,Unknown,Unknown,unknown,,what action the platform supports; the action URL,64,"tier tier2, priority P3",/research/business-directories/opportunities/
Bisnow,"Media, PR & Publishing",United States,global,READY,Submit company news,https://www.bisnow.com/about,free,LOW,Unknown,Unknown,verified,,,90,Media Score 90 (Exceptional),/research/media-pr-publishing/
Bitkom,Business Directories,Germany,dach,NEEDS_RESEARCH,Research the submission route,,unknown,INSUFFICIENT,Unknown,Unknown,unknown,,what action the platform supports; the action URL,86,"tier tier1, priority P2",/research/business-directories/opportunities/
Biz New Orleans,"Media, PR & Publishing",United States,local,NEEDS_BROWSER,Verify the route in a browser,,unknown,INSUFFICIENT,Unknown,Unknown,unknown,,what action the platform supports; the action URL,,below the Media Score evidence floor,/research/media-pr-publishing/
BizBangBoom,Business Directories,India,india,READY,Create a business profile,https://www.bizbangboom.com/join,free,LOW,Unknown,Unknown,verified,,,56,"tier tier3, priority P3",/research/business-directories/opportunities/
BizHwy,Business Directories,United States,united-states,READY,Create a business profile,https://www.bizhwy.com/addlisting.php,free,LOW,Unknown,Unknown,verified,,,56,"tier tier3, priority P3",/research/business-directories/opportunities/
BizVibe,Business Directories,Global,global,NEEDS_RESEARCH,Research the submission route,,unknown,INSUFFICIENT,Unknown,Unknown,unknown,,what action the platform supports; the action URL,64,"tier tier2, priority P3",/research/business-directories/opportunities/
BizVoice,"Media, PR & Publishing",United States,local,NEEDS_RESEARCH,Research the submission route,,unknown,INSUFFICIENT,Unknown,Unknown,unknown,,what action the platform supports; the action URL,,below the Media Score evidence floor,/research/media-pr-publishing/
BizWest,"Media, PR & Publishing",United States,local,READY,Submit company news,https://bizwest.com/contact-us/,free,LOW,Unknown,Unknown,verified,,,85,Media Score 85 (Strong),/research/media-pr-publishing/
Bizcommunity,Business Directories,Global,africa,NEEDS_RESEARCH,Research the submission route,,unknown,INSUFFICIENT,Unknown,Unknown,unknown,,what action the platform supports; the action URL,64,"tier tier2, priority P3",/research/business-directories/opportunities/
Bizi.si,Business Directories,Slovenia,country-specific,NEEDS_RESEARCH,Research the submission route,,unknown,INSUFFICIENT,Unknown,Unknown,unknown,,what action the platform supports; the action URL,68,"tier tier2, priority P2",/research/business-directories/opportunities/
Bizify,Business Directories,United Kingdom,united-kingdom,READY,Create a business profile,https://www.bizify.co.uk/add-new-company,freemium,MEDIUM,Easy,Unknown,verified,,,92,"tier tier1, priority P3",/research/business-directories/opportunities/
Bizin Deutschland,Business Directories,Germany,dach,NEEDS_BROWSER,Verify the route in a browser,,unknown,INSUFFICIENT,Unknown,Unknown,unknown,,what action the platform supports; the action URL,46,"tier tier3, priority P3",/research/business-directories/opportunities/
BiznisMreža.mk,Business Directories,North Macedonia,country-specific,NEEDS_RESEARCH,Research the submission route,,unknown,INSUFFICIENT,Unknown,Unknown,unknown,,what action the platform supports; the action URL,64,"tier tier2, priority P3",/research/business-directories/opportunities/
Bizrate Surveys,Business Directories,United States,united-states,NEEDS_RESEARCH,Research the submission route,,unknown,INSUFFICIENT,Unknown,Unknown,unknown,,what action the platform supports; the action URL,46,"tier tier3, priority P3",/research/business-directories/opportunities/
Bland.is,Marketplace & Classified Platforms,Iceland,,NEEDS_RESEARCH,Research the submission route,,freemium,INSUFFICIENT,Unknown,Unknown,unknown,,the action URL,74,"accepts both sellers, freemium",/research/marketplaces/
Blauarbeit,Business Directories,Germany,dach,NEEDS_RESEARCH,Research the submission route,,unknown,INSUFFICIENT,Unknown,Unknown,unknown,,what action the platform supports; the action URL,46,"tier tier3, priority P3",/research/business-directories/opportunities/
BleepingComputer,"Media, PR & Publishing",United States,global,READY,Pitch the editorial team,https://www.bleepingcomputer.com/news-tip/,free,MEDIUM,Unknown,Unknown,verified,,,91,Media Score 91 (Exceptional),/research/media-pr-publishing/
Blibli,Business Directories,Indonesia,country-specific,NEEDS_RESEARCH,Research the submission route,,unknown,INSUFFICIENT,Unknown,Unknown,unknown,,what action the platform supports; the action URL,82,"tier tier1, priority P3",/research/business-directories/opportunities/
Blocket,Marketplace & Classified Platforms,Sweden,,NEEDS_RESEARCH,Research the submission route,,freemium,INSUFFICIENT,Unknown,Unknown,unknown,,the action URL,77,"accepts both sellers, freemium",/research/marketplaces/
Bloomberg,"Media, PR & Publishing",United States,global,READY,Submit company news,https://www.bloomberg.com/tips/,unknown,LOW,Unknown,Unknown,verified,,,88,Media Score 88 (Exceptional),/research/media-pr-publishing/
Bloovi,"Media, PR & Publishing",Belgium,national,NEEDS_RESEARCH,Research the submission route,,unknown,INSUFFICIENT,Unknown,Unknown,unknown,,what action the platform supports; the action URL,,below the Media Score evidence floor,/research/media-pr-publishing/
Bob Shop,Business Directories,South Africa,country-specific,NEEDS_RESEARCH,Research the submission route,,unknown,INSUFFICIENT,Unknown,Unknown,unknown,,what action the platform supports; the action URL,64,"tier tier2, priority P3",/research/business-directories/opportunities/
Bob Shop,Marketplace & Classified Platforms,South Africa,,READY,Create a seller account,https://bobshop.co.za/content/153/index.html,free,LOW,Unknown,Unknown,verified,,,77,"accepts both sellers, freemium",/research/marketplaces/
Bodas.net,Business Directories,Spain,country-specific,NEEDS_RESEARCH,Research the submission route,,unknown,INSUFFICIENT,Unknown,Unknown,unknown,,what action the platform supports; the action URL,68,"tier tier2, priority P2",/research/business-directories/opportunities/
Bolha.com,Marketplace & Classified Platforms,Slovenia,,NEEDS_RESEARCH,Research the submission route,,freemium,INSUFFICIENT,Unknown,Unknown,unknown,,the action URL,77,"accepts both sellers, freemium",/research/marketplaces/
Boligsiden,Marketplace & Classified Platforms,Denmark,,NEEDS_RESEARCH,Research the submission route,,paid,INSUFFICIENT,Unknown,Unknown,unknown,,the action URL,80,"accepts business sellers, paid",/research/marketplaces/
Bongthom,Marketplace & Classified Platforms,Cambodia,,NEEDS_RESEARCH,Research the submission route,,paid,INSUFFICIENT,Unknown,Unknown,unknown,,the action URL,80,"accepts business sellers, paid",/research/marketplaces/
BookMyShow,Business Directories,India,india,NEEDS_RESEARCH,Research the submission route,,unknown,INSUFFICIENT,Unknown,Unknown,unknown,,what action the platform supports; the action URL,82,"tier tier1, priority P3",/research/business-directories/opportunities/
Booking.com Partner Listing,Business Directories,Global,global,NEEDS_RESEARCH,Research the submission route,,unknown,INSUFFICIENT,Unknown,Unknown,unknown,,what action the platform supports; the action URL,94,"tier tier1, priority P1",/research/business-directories/opportunities/
Bookoo,Marketplace & Classified Platforms,United States,,NEEDS_RESEARCH,Research the submission route,,free,INSUFFICIENT,Unknown,Unknown,unknown,,the action URL,80,"accepts both sellers, free",/research/marketplaces/
Booksy,Business Directories,Global,europe; united-states,NEEDS_RESEARCH,Research the submission route,,unknown,INSUFFICIENT,Unknown,Unknown,unknown,,the action URL,100,"tier tier1, priority P1",/research/business-directories/opportunities/
Bouwend Nederland,Business Directories,Netherlands,country-specific,NEEDS_RESEARCH,Research the submission route,,unknown,INSUFFICIENT,Unknown,Unknown,unknown,,what action the platform supports; the action URL,64,"tier tier2, priority P3",/research/business-directories/opportunities/
Bproperty,Marketplace & Classified Platforms,Bangladesh,,NEEDS_RESEARCH,Research the submission route,,paid,INSUFFICIENT,Unknown,Unknown,unknown,,the action URL,68,"accepts both sellers, paid",/research/marketplaces/
Brabys,Business Directories,South Africa,country-specific,NEEDS_BROWSER,Verify the route in a browser,,unknown,INSUFFICIENT,Unknown,Unknown,unknown,,what action the platform supports; the action URL,68,"tier tier2, priority P2",/research/business-directories/opportunities/
Branchen-Domain,Business Directories,Germany,dach,NEEDS_RESEARCH,Research the submission route,,free,INSUFFICIENT,Unknown,Unknown,unknown,,what action the platform supports; the action URL,46,"tier tier3, priority P3",/research/business-directories/opportunities/
Branchenbuch Deutschland,Business Directories,Germany,dach,NEEDS_RESEARCH,Research the submission route,,free,INSUFFICIENT,Unknown,Unknown,unknown,,what action the platform supports; the action URL,46,"tier tier3, priority P3",/research/business-directories/opportunities/
Branchenbuch24,Business Directories,Germany,dach,NEEDS_RESEARCH,Research the submission route,,unknown,INSUFFICIENT,Unknown,Unknown,unknown,,what action the platform supports; the action URL,46,"tier tier3, priority P3",/research/business-directories/opportunities/
Branchenverzeichnis.at,Business Directories,Austria,dach,READY,Create a business profile,https://www.branchenverzeichnis.at/index.php?form=Login&RedirectTo=https%3A%2F%2Fwww.branchenverzeichnis.at%2Findex.php%3Fform%3DCompanyAdd,unknown,LOW,Unknown,Unknown,verified,,,56,"tier tier3, priority P3",/research/business-directories/opportunities/
Brasscom,Business Directories,Brazil,country-specific,NEEDS_RESEARCH,Research the submission route,,unknown,INSUFFICIENT,Unknown,Unknown,unknown,,what action the platform supports; the action URL,46,"tier tier3, priority P3",/research/business-directories/opportunities/
Breakit,"Media, PR & Publishing",Sweden,national,NEEDS_RESEARCH,Research the submission route,,free,INSUFFICIENT,Unknown,Unknown,unknown,,the action URL,79,Media Score 79 (Strong),/research/media-pr-publishing/
BrighterMonday,Marketplace & Classified Platforms,Kenya,,READY,Create a seller account,https://www.brightermonday.co.ke/learning/courses/787,paid,LOW,Unknown,Unknown,verified,,,80,"accepts business sellers, paid",/research/marketplaces/
BrighterMonday Uganda,Marketplace & Classified Platforms,Uganda,,NEEDS_RESEARCH,Research the submission route,,paid,INSUFFICIENT,Unknown,Unknown,unknown,,the action URL,80,"accepts business sellers, paid",/research/marketplaces/
Bring a Trailer,Marketplace & Classified Platforms,United States,,NEEDS_RESEARCH,Research the submission route,,paid,INSUFFICIENT,Unknown,Unknown,unknown,,the action URL,71,"accepts both sellers, paid",/research/marketplaces/
British Chambers of Commerce,Business Directories,United Kingdom,united-kingdom,NEEDS_RESEARCH,Research the submission route,,unknown,INSUFFICIENT,Unknown,Unknown,unknown,,what action the platform supports; the action URL,64,"tier tier2, priority P3",/research/business-directories/opportunities/
Broadsheet,Business Directories,Australia,australia,NEEDS_RESEARCH,Research the submission route,,unknown,INSUFFICIENT,Unknown,Unknown,unknown,,what action the platform supports; the action URL,64,"tier tier2, priority P3",/research/business-directories/opportunities/
Brownbook,Business Directories,Global,global,NEEDS_RESEARCH,Research the submission route,,free,INSUFFICIENT,Unknown,Unknown,unknown,,what action the platform supports; the action URL,46,"tier tier3, priority P3",/research/business-directories/opportunities/
BuildZoom,Business Directories,United States,united-states,NEEDS_BROWSER,Verify the route in a browser,,unknown,INSUFFICIENT,Unknown,Unknown,unknown,,what action the platform supports; the action URL,64,"tier tier2, priority P3",/research/business-directories/opportunities/
Builderscrack,Business Directories,New Zealand,country-specific,NEEDS_RESEARCH,Research the submission route,,unknown,INSUFFICIENT,Unknown,Unknown,unknown,,what action the platform supports; the action URL,68,"tier tier2, priority P2",/research/business-directories/opportunities/
Building Design+Construction,"Media, PR & Publishing",United States,national,READY,Submit company news,https://www.bdcnetwork.com/contact-us,free,MEDIUM,Unknown,Unknown,verified,,,87,Media Score 87 (Strong),/research/media-pr-publishing/
Built In,Business Directories,Global,united-states,NEEDS_RESEARCH,Research the submission route,,unknown,INSUFFICIENT,Unknown,Unknown,unknown,,what action the platform supports; the action URL,94,"tier tier1, priority P1",/research/business-directories/opportunities/
Built In,"Media, PR & Publishing",United States,national,NEEDS_RESEARCH,Research the submission route,,paid,INSUFFICIENT,Unknown,Unknown,unknown,,the action URL,56,Media Score 56 (Moderate),/research/media-pr-publishing/
Bukalapak,Business Directories,Indonesia,country-specific,NEEDS_BROWSER,Verify the route in a browser,,unknown,INSUFFICIENT,Unknown,Unknown,unknown,,what action the platform supports; the action URL,82,"tier tier1, priority P3",/research/business-directories/opportunities/
Bulgarian Chamber of Commerce and Industry,Business Directories,Bulgaria,country-specific,NEEDS_RESEARCH,Research the submission route,,unknown,INSUFFICIENT,Unknown,Unknown,unknown,,what action the platform supports; the action URL,64,"tier tier2, priority P3",/research/business-directories/opportunities/
Bulurum,Business Directories,Turkey,country-specific,NEEDS_RESEARCH,Research the submission route,,unknown,INSUFFICIENT,Unknown,Unknown,unknown,,what action the platform supports; the action URL,68,"tier tier2, priority P2",/research/business-directories/opportunities/
BundesTelefonbuch,Business Directories,Germany,dach,READY,Create a business profile,https://www.bundes-telefonbuch.de/firma/grund-eintrag,unknown,LOW,Unknown,Unknown,verified,,,56,"tier tier3, priority P3",/research/business-directories/opportunities/
Bunjang,Business Directories,South Korea,country-specific,NEEDS_RESEARCH,Research the submission route,,unknown,INSUFFICIENT,Unknown,Unknown,unknown,,what action the platform supports; the action URL,64,"tier tier2, priority P3",/research/business-directories/opportunities/
Bunjang,Marketplace & Classified Platforms,South Korea,,NEEDS_RESEARCH,Research the submission route,,freemium,INSUFFICIENT,Unknown,Unknown,unknown,,the action URL,74,"accepts both sellers, freemium",/research/marketplaces/
Bunz,Marketplace & Classified Platforms,Canada,,NEEDS_BROWSER,Verify the route in a browser,,free,INSUFFICIENT,Unknown,Unknown,unknown,,the action URL,72,"accepts both sellers, free",/research/marketplaces/
Burpple,Business Directories,Singapore,country-specific,READY,Claim the existing company profile,https://business.burpple.com/,unknown,LOW,Unknown,Unknown,verified,,,78,"tier tier2, priority P2",/research/business-directories/opportunities/
Buscja,Business Directories,Brazil,latam,NEEDS_RESEARCH,Research the submission route,,unknown,INSUFFICIENT,Unknown,Unknown,unknown,,what action the platform supports; the action URL,68,"tier tier2, priority P2",/research/business-directories/opportunities/
Business Centre Club,Business Directories,Poland,country-specific,NEEDS_RESEARCH,Research the submission route,,unknown,INSUFFICIENT,Unknown,Unknown,unknown,,what action the platform supports; the action URL,46,"tier tier3, priority P3",/research/business-directories/opportunities/
Business Daily,"Media, PR & Publishing",Kenya,national,NEEDS_RESEARCH,Research the submission route,,unknown,INSUFFICIENT,Unknown,Unknown,unknown,,what action the platform supports; the action URL,,below the Media Score evidence floor,/research/media-pr-publishing/
Business Day,"Media, PR & Publishing",South Africa,national,NEEDS_RESEARCH,Research the submission route,,unknown,INSUFFICIENT,Unknown,Unknown,unknown,,what action the platform supports; the action URL,,below the Media Score evidence floor,/research/media-pr-publishing/
Business Insider Japan,"Media, PR & Publishing",Japan,national,NEEDS_RESEARCH,Research the submission route,,unknown,INSUFFICIENT,Unknown,Unknown,unknown,,what action the platform supports; the action URL,,below the Media Score evidence floor,/research/media-pr-publishing/
Business NSW,Business Directories,Australia,regional,NEEDS_RESEARCH,Research the submission route,,unknown,INSUFFICIENT,Unknown,Unknown,unknown,,what action the platform supports; the action URL,46,"tier tier3, priority P3",/research/business-directories/opportunities/
Business North Carolina,"Media, PR & Publishing",United States,local,NEEDS_RESEARCH,Research the submission route,,unknown,INSUFFICIENT,Unknown,Unknown,unknown,,what action the platform supports; the action URL,,below the Media Score evidence floor,/research/media-pr-publishing/
Business Standard,"Media, PR & Publishing",India,national,NEEDS_RESEARCH,Research the submission route,,unknown,INSUFFICIENT,Unknown,Unknown,unknown,,what action the platform supports; the action URL,,below the Media Score evidence floor,/research/media-pr-publishing/
Business Wire,Business Directories,Global,global,NEEDS_BROWSER,Verify the route in a browser,,unknown,INSUFFICIENT,Unknown,Unknown,unknown,,what action the platform supports; the action URL,86,"tier tier1, priority P2",/research/business-directories/opportunities/
Business Wire,"Media, PR & Publishing",United States,global,NEEDS_BROWSER,Verify the route in a browser,,paid,INSUFFICIENT,Unknown,Unknown,unknown,,the action URL,43,Media Score 43 (Limited),/research/media-pr-publishing/
Business Wire India,"Media, PR & Publishing",India,national,READY,Distribute a press release,https://www.businesswireindia.com/submit-press-release,paid,LOW,Unknown,Unknown,verified,,,53,Media Score 53 (Moderate),/research/media-pr-publishing/
Business-Branchenbuch,Business Directories,Germany,dach,NEEDS_RESEARCH,Research the submission route,,unknown,INSUFFICIENT,Unknown,Unknown,unknown,,what action the platform supports; the action URL,46,"tier tier3, priority P3",/research/business-directories/opportunities/
BusinessCloud,"Media, PR & Publishing",United Kingdom,national,NEEDS_RESEARCH,Research the submission route,,unknown,INSUFFICIENT,Unknown,Unknown,unknown,,what action the platform supports; the action URL,,below the Media Score evidence floor,/research/media-pr-publishing/
BusinessDay,"Media, PR & Publishing",Nigeria,national,NEEDS_RESEARCH,Research the submission route,,unknown,INSUFFICIENT,Unknown,Unknown,unknown,,what action the platform supports; the action URL,,below the Media Score evidence floor,/research/media-pr-publishing/
BusinessList Indonesia,Business Directories,Indonesia,country-specific,NEEDS_RESEARCH,Research the submission route,,unknown,INSUFFICIENT,Unknown,Unknown,unknown,,what action the platform supports; the action URL,46,"tier tier3, priority P3",/research/business-directories/opportunities/
BusinessList Kenya,Business Directories,Kenya,country-specific,NEEDS_BROWSER,Verify the route in a browser,,unknown,INSUFFICIENT,Unknown,Unknown,unknown,,what action the platform supports; the action URL,68,"tier tier2, priority P2",/research/business-directories/opportunities/
BusinessList Malaysia,Business Directories,Malaysia,country-specific,NEEDS_BROWSER,Verify the route in a browser,,unknown,INSUFFICIENT,Unknown,Unknown,unknown,,what action the platform supports; the action URL,46,"tier tier3, priority P3",/research/business-directories/opportunities/
BusinessList Nigeria,Business Directories,Nigeria,country-specific,NEEDS_BROWSER,Verify the route in a browser,,unknown,INSUFFICIENT,Unknown,Unknown,unknown,,what action the platform supports; the action URL,68,"tier tier2, priority P2",/research/business-directories/opportunities/
BusinessList Pakistan,Business Directories,Pakistan,country-specific,NEEDS_BROWSER,Verify the route in a browser,,unknown,INSUFFICIENT,Unknown,Unknown,unknown,,what action the platform supports; the action URL,46,"tier tier3, priority P3",/research/business-directories/opportunities/
BusinessList Philippines,Business Directories,Philippines,country-specific,NEEDS_BROWSER,Verify the route in a browser,,unknown,INSUFFICIENT,Unknown,Unknown,unknown,,what action the platform supports; the action URL,46,"tier tier3, priority P3",/research/business-directories/opportunities/
BusinessMagnet,Business Directories,United Kingdom,united-kingdom,READY,Create a business profile,https://www.businessmagnet.co.uk/manage-account/register,free,LOW,Unknown,Unknown,verified,,,56,"tier tier3, priority P3",/research/business-directories/opportunities/
BusinessTech,"Media, PR & Publishing",South Africa,national,NEEDS_BROWSER,Verify the route in a browser,,unknown,INSUFFICIENT,Unknown,Unknown,unknown,,what action the platform supports; the action URL,,below the Media Score evidence floor,/research/media-pr-publishing/
BusinessWorld,"Media, PR & Publishing",Philippines,national,NEEDS_RESEARCH,Research the submission route,,unknown,INSUFFICIENT,Unknown,Unknown,unknown,,what action the platform supports; the action URL,,below the Media Score evidence floor,/research/media-pr-publishing/
BusinessYab,Business Directories,United States,north-america,READY,Create a business profile,https://www.businessyab.com/add-listing/,unknown,LOW,Unknown,Unknown,verified,,,56,"tier tier3, priority P3",/research/business-directories/opportunities/
BuyRentKenya,Marketplace & Classified Platforms,Kenya,,READY,Post a classified listing,https://www.buyrentkenya.com/crm/account/listings/create,paid,LOW,Unknown,Unknown,verified,,,68,"accepts both sellers, paid",/research/marketplaces/
Byggstart,Business Directories,Norway,country-specific,NEEDS_RESEARCH,Research the submission route,,unknown,INSUFFICIENT,Unknown,Unknown,unknown,,what action the platform supports; the action URL,46,"tier tier3, priority P3",/research/business-directories/opportunities/
Byoinnavi,Business Directories,Japan,japan,NEEDS_BROWSER,Verify the route in a browser,,unknown,INSUFFICIENT,Unknown,Unknown,unknown,,what action the platform supports; the action URL,64,"tier tier2, priority P3",/research/business-directories/opportunities/
Bytbil,Business Directories,Sweden,country-specific,NEEDS_RESEARCH,Research the submission route,,unknown,INSUFFICIENT,Unknown,Unknown,unknown,,what action the platform supports; the action URL,46,"tier tier3, priority P3",/research/business-directories/opportunities/
Bytbil,Marketplace & Classified Platforms,Sweden,,NEEDS_RESEARCH,Research the submission route,,paid,INSUFFICIENT,Unknown,Unknown,unknown,,the action URL,80,"accepts business sellers, paid",/research/marketplaces/
ByteByteGo,"Media, PR & Publishing",United States,global,READY,Submit a contributed article,https://bytebytego.com/become-a-contributor,unknown,LOW,Unknown,Unknown,verified,,,87,Media Score 87 (Strong),/research/media-pr-publishing/
Bílasölur,Marketplace & Classified Platforms,Iceland,,NEEDS_RESEARCH,Research the submission route,,unknown,INSUFFICIENT,Unknown,Unknown,unknown,,the action URL,74,"accepts both sellers, unknown",/research/marketplaces/
Børsen,"Media, PR & Publishing",Denmark,national,NEEDS_RESEARCH,Research the submission route,,unknown,INSUFFICIENT,Unknown,Unknown,unknown,,what action the platform supports; the action URL,,below the Media Score evidence floor,/research/media-pr-publishing/
CAIRNE,Business Directories,Global,europe,NEEDS_RESEARCH,Research the submission route,,unknown,INSUFFICIENT,Unknown,Unknown,unknown,,what action the platform supports; the action URL,46,"tier tier3, priority P3",/research/business-directories/opportunities/
CAME,Business Directories,Argentina,country-specific,NEEDS_RESEARCH,Research the submission route,,unknown,INSUFFICIENT,Unknown,Unknown,unknown,,what action the platform supports; the action URL,64,"tier tier2, priority P3",/research/business-directories/opportunities/
CANACINTRA,Business Directories,Mexico,country-specific,NEEDS_RESEARCH,Research the submission route,,unknown,INSUFFICIENT,Unknown,Unknown,unknown,,what action the platform supports; the action URL,64,"tier tier2, priority P3",/research/business-directories/opportunities/
CANIETI,Business Directories,Mexico,country-specific,NEEDS_RESEARCH,Research the submission route,,unknown,INSUFFICIENT,Unknown,Unknown,unknown,,what action the platform supports; the action URL,64,"tier tier2, priority P3",/research/business-directories/opportunities/
CANIRAC,Business Directories,Mexico,country-specific,NEEDS_RESEARCH,Research the submission route,,unknown,INSUFFICIENT,Unknown,Unknown,unknown,,what action the platform supports; the action URL,64,"tier tier2, priority P3",/research/business-directories/opportunities/
CCCME,Business Directories,China,china,NEEDS_RESEARCH,Research the submission route,,unknown,INSUFFICIENT,Unknown,Unknown,unknown,,what action the platform supports; the action URL,86,"tier tier1, priority P2",/research/business-directories/opportunities/
CCPIT,Business Directories,China,china,NEEDS_RESEARCH,Research the submission route,,unknown,INSUFFICIENT,Unknown,Unknown,unknown,,what action the platform supports; the action URL,86,"tier tier1, priority P2",/research/business-directories/opportunities/
CEHAT,Business Directories,Spain,country-specific,NEEDS_RESEARCH,Research the submission route,,unknown,INSUFFICIENT,Unknown,Unknown,unknown,,what action the platform supports; the action URL,46,"tier tier3, priority P3",/research/business-directories/opportunities/
CEOE,Business Directories,Spain,country-specific,NEEDS_RESEARCH,Research the submission route,,unknown,INSUFFICIENT,Unknown,Unknown,unknown,,what action the platform supports; the action URL,64,"tier tier2, priority P3",/research/business-directories/opportunities/
CEPYME,Business Directories,Spain,country-specific,NEEDS_RESEARCH,Research the submission route,,unknown,INSUFFICIENT,Unknown,Unknown,unknown,,what action the platform supports; the action URL,64,"tier tier2, priority P3",/research/business-directories/opportunities/
CESSI,Business Directories,Argentina,country-specific,NEEDS_RESEARCH,Research the submission route,,unknown,INSUFFICIENT,Unknown,Unknown,unknown,,what action the platform supports; the action URL,46,"tier tier3, priority P3",/research/business-directories/opportunities/
CFO,"Media, PR & Publishing",United States,national,READY,Submit company news,https://www.cfo.com/submit-tip/,unknown,LOW,Unknown,Unknown,verified,,,86,Media Score 86 (Strong),/research/media-pr-publishing/
CFO Brew,"Media, PR & Publishing",United States,global,NEEDS_BROWSER,Verify the route in a browser,,unknown,INSUFFICIENT,Unknown,Unknown,unknown,,what action the platform supports; the action URL,,below the Media Score evidence floor,/research/media-pr-publishing/
CFP Board Let's Make a Plan,Business Directories,United States,united-states,NEEDS_RESEARCH,Research the submission route,,unknown,INSUFFICIENT,Unknown,Unknown,unknown,,what action the platform supports; the action URL,64,"tier tier2, priority P3",/research/business-directories/opportunities/
CHEMEXCIL,Business Directories,India,india,NEEDS_RESEARCH,Research the submission route,,unknown,INSUFFICIENT,Unknown,Unknown,unknown,,what action the platform supports; the action URL,64,"tier tier2, priority P3",/research/business-directories/opportunities/
CIOB,Business Directories,United Kingdom,united-kingdom,NEEDS_RESEARCH,Research the submission route,,unknown,INSUFFICIENT,Unknown,Unknown,unknown,,what action the platform supports; the action URL,64,"tier tier2, priority P3",/research/business-directories/opportunities/
CMAI,Business Directories,India,india,NEEDS_RESEARCH,Research the submission route,,unknown,INSUFFICIENT,Unknown,Unknown,unknown,,what action the platform supports; the action URL,64,"tier tier2, priority P3",/research/business-directories/opportunities/
CNA,Business Directories,Italy,country-specific,NEEDS_RESEARCH,Research the submission route,,unknown,INSUFFICIENT,Unknown,Unknown,unknown,,what action the platform supports; the action URL,64,"tier tier2, priority P3",/research/business-directories/opportunities/
CNBC,"Media, PR & Publishing",United States,global,NEEDS_RESEARCH,Research the submission route,,unknown,INSUFFICIENT,Unknown,Unknown,unknown,,what action the platform supports; the action URL,,below the Media Score evidence floor,/research/media-pr-publishing/
CNCF Members,Business Directories,Global,global,NEEDS_RESEARCH,Research the submission route,,unknown,INSUFFICIENT,Unknown,Unknown,unknown,,what action the platform supports; the action URL,86,"tier tier1, priority P2",/research/business-directories/opportunities/
CNFI,Business Directories,Taiwan,country-specific,NEEDS_RESEARCH,Research the submission route,,unknown,INSUFFICIENT,Unknown,Unknown,unknown,,what action the platform supports; the action URL,64,"tier tier2, priority P3",/research/business-directories/opportunities/
CNI,Business Directories,Brazil,country-specific,NEEDS_RESEARCH,Research the submission route,,unknown,INSUFFICIENT,Unknown,Unknown,unknown,,what action the platform supports; the action URL,64,"tier tier2, priority P3",/research/business-directories/opportunities/
COMCE,Business Directories,Mexico,country-specific,NEEDS_RESEARCH,Research the submission route,,unknown,INSUFFICIENT,Unknown,Unknown,unknown,,what action the platform supports; the action URL,46,"tier tier3, priority P3",/research/business-directories/opportunities/
CONCANACO SERVYTUR,Business Directories,Mexico,country-specific,NEEDS_RESEARCH,Research the submission route,,unknown,INSUFFICIENT,Unknown,Unknown,unknown,,what action the platform supports; the action URL,64,"tier tier2, priority P3",/research/business-directories/opportunities/
CONFAPI,Business Directories,Italy,country-specific,NEEDS_RESEARCH,Research the submission route,,unknown,INSUFFICIENT,Unknown,Unknown,unknown,,what action the platform supports; the action URL,46,"tier tier3, priority P3",/research/business-directories/opportunities/
COPARMEX,Business Directories,Mexico,country-specific,NEEDS_RESEARCH,Research the submission route,,unknown,INSUFFICIENT,Unknown,Unknown,unknown,,what action the platform supports; the action URL,64,"tier tier2, priority P3",/research/business-directories/opportunities/
CPA Australia Find a CPA,Business Directories,Australia,australia,NEEDS_RESEARCH,Research the submission route,,unknown,INSUFFICIENT,Unknown,Unknown,unknown,,what action the platform supports; the action URL,64,"tier tier2, priority P3",/research/business-directories/opportunities/
CRAN,Business Directories,Global,global,NEEDS_RESEARCH,Research the submission route,,unknown,INSUFFICIENT,Unknown,Unknown,unknown,,what action the platform supports; the action URL,82,"tier tier1, priority P3",/research/business-directories/opportunities/
CRAutos,Marketplace & Classified Platforms,Costa Rica,,NEEDS_RESEARCH,Research the submission route,,unknown,INSUFFICIENT,Unknown,Unknown,unknown,,the action URL,74,"accepts both sellers, unknown",/research/marketplaces/
CSO Online,"Media, PR & Publishing",United States,global,NEEDS_RESEARCH,Research the submission route,,unknown,INSUFFICIENT,Unknown,Unknown,unknown,,what action the platform supports; the action URL,,below the Media Score evidence floor,/research/media-pr-publishing/
CSS Design Awards,Business Directories,Global,global,NEEDS_RESEARCH,Research the submission route,,unknown,INSUFFICIENT,Unknown,Unknown,unknown,,what action the platform supports; the action URL,46,"tier tier3, priority P3",/research/business-directories/opportunities/
CSS-Tricks,"Media, PR & Publishing",United States,global,READY,Submit a contributed article,https://css-tricks.com/guest-writing/,free,MEDIUM,Unknown,Unknown,verified,,,88,Media Score 88 (Exceptional),/research/media-pr-publishing/
CTech,"Media, PR & Publishing",Israel,national,NEEDS_RESEARCH,Research the submission route,,unknown,INSUFFICIENT,Unknown,Unknown,unknown,,what action the platform supports; the action URL,,below the Media Score evidence floor,/research/media-pr-publishing/
CV-Library,Business Directories,United Kingdom,united-kingdom,NEEDS_RESEARCH,Research the submission route,,unknown,INSUFFICIENT,Unknown,Unknown,unknown,,what action the platform supports; the action URL,64,"tier tier2, priority P3",/research/business-directories/opportunities/
CV.lv,Marketplace & Classified Platforms,Latvia,,NEEDS_RESEARCH,Research the submission route,,paid,INSUFFICIENT,Unknown,Unknown,unknown,,the action URL,80,"accepts business sellers, paid",/research/marketplaces/
CX Today,"Media, PR & Publishing",United Kingdom,global,READY,Submit company news,https://www.cxtoday.com/contact-us/,free,LOW,Unknown,Unknown,verified,,,90,Media Score 90 (Exceptional),/research/media-pr-publishing/
Callejeando,Business Directories,Spain,country-specific,NEEDS_RESEARCH,Research the submission route,,unknown,INSUFFICIENT,Unknown,Unknown,unknown,,what action the platform supports; the action URL,46,"tier tier3, priority P3",/research/business-directories/opportunities/
Campspot,Business Directories,United States,north-america,NEEDS_RESEARCH,Research the submission route,,unknown,INSUFFICIENT,Unknown,Unknown,unknown,,what action the platform supports; the action URL,46,"tier tier3, priority P3",/research/business-directories/opportunities/
Canadian Manufacturers & Exporters,Business Directories,Canada,canada,NEEDS_RESEARCH,Research the submission route,,unknown,INSUFFICIENT,Unknown,Unknown,unknown,,what action the platform supports; the action URL,64,"tier tier2, priority P3",/research/business-directories/opportunities/
Canadian Planet,Business Directories,Canada,canada,NEEDS_BROWSER,Verify the route in a browser,,unknown,INSUFFICIENT,Unknown,Unknown,unknown,,what action the platform supports; the action URL,46,"tier tier3, priority P3",/research/business-directories/opportunities/
Canary Media,"Media, PR & Publishing",United States,global,NEEDS_RESEARCH,Research the submission route,,unknown,INSUFFICIENT,Unknown,Unknown,unknown,,what action the platform supports; the action URL,,below the Media Score evidence floor,/research/media-pr-publishing/
Canpages,Business Directories,Canada,canada,NEEDS_BROWSER,Verify the route in a browser,,unknown,INSUFFICIENT,Unknown,Unknown,unknown,,what action the platform supports; the action URL,68,"tier tier2, priority P2",/research/business-directories/opportunities/
Canton Fair,Business Directories,China,global,NEEDS_RESEARCH,Research the submission route,,unknown,INSUFFICIENT,Unknown,Unknown,unknown,,what action the platform supports; the action URL,94,"tier tier1, priority P1",/research/business-directories/opportunities/
Canva Apps,Business Directories,Global,global,NEEDS_RESEARCH,Research the submission route,,unknown,INSUFFICIENT,Unknown,Unknown,unknown,,what action the platform supports; the action URL,86,"tier tier1, priority P2",/research/business-directories/opportunities/
Capacity Media,"Media, PR & Publishing",United Kingdom,global,NEEDS_RESEARCH,Research the submission route,,unknown,INSUFFICIENT,Unknown,Unknown,unknown,,what action the platform supports; the action URL,,below the Media Score evidence floor,/research/media-pr-publishing/
Capterra,Business Directories,Global,global,NEEDS_BROWSER,Verify the route in a browser,https://www.capterra.com/vendors/,unknown,INSUFFICIENT,Moderate,Unknown,verified,,what action the platform supports,90,"tier tier1, priority P1",/research/business-directories/opportunities/
Car.gr,Marketplace & Classified Platforms,Greece,,NEEDS_RESEARCH,Research the submission route,,freemium,INSUFFICIENT,Unknown,Unknown,unknown,,the action URL,77,"accepts both sellers, freemium",/research/marketplaces/
CarDekho,Marketplace & Classified Platforms,India,,NEEDS_RESEARCH,Research the submission route,,paid,INSUFFICIENT,Unknown,Unknown,unknown,,the action URL,68,"accepts both sellers, paid",/research/marketplaces/
CarGurus,Business Directories,United States,north-america,NEEDS_RESEARCH,Research the submission route,,unknown,INSUFFICIENT,Unknown,Unknown,unknown,,what action the platform supports; the action URL,82,"tier tier1, priority P3",/research/business-directories/opportunities/
CarGurus,Marketplace & Classified Platforms,United States,,NEEDS_BROWSER,Verify the route in a browser,,paid,INSUFFICIENT,Unknown,Unknown,unknown,,the action URL,60,"accepts both sellers, paid",/research/marketplaces/
Care.com,Business Directories,United States,north-america,READY,Create a business profile,https://www.care.com/app/pn-business/early-learning-centers,unknown,LOW,Unknown,Unknown,verified,,,96,"tier tier1, priority P2",/research/business-directories/opportunities/
Careem,Business Directories,United Arab Emirates,middle-east,NEEDS_RESEARCH,Research the submission route,,unknown,INSUFFICIENT,Unknown,Unknown,unknown,,what action the platform supports; the action URL,82,"tier tier1, priority P3",/research/business-directories/opportunities/
CareerJunction,Business Directories,South Africa,country-specific,NEEDS_RESEARCH,Research the submission route,,unknown,INSUFFICIENT,Unknown,Unknown,unknown,,what action the platform supports; the action URL,64,"tier tier2, priority P3",/research/business-directories/opportunities/
CareerJunction,Marketplace & Classified Platforms,South Africa,,NEEDS_RESEARCH,Research the submission route,,paid,INSUFFICIENT,Unknown,Unknown,unknown,,the action URL,80,"accepts business sellers, paid",/research/marketplaces/
Careers24,Business Directories,South Africa,country-specific,NEEDS_RESEARCH,Research the submission route,,unknown,INSUFFICIENT,Unknown,Unknown,unknown,,what action the platform supports; the action URL,64,"tier tier2, priority P3",/research/business-directories/opportunities/
CaribbeanJobs,Business Directories,Jamaica,regional,NEEDS_RESEARCH,Research the submission route,,unknown,INSUFFICIENT,Unknown,Unknown,unknown,,what action the platform supports; the action URL,64,"tier tier2, priority P3",/research/business-directories/opportunities/
Caring.com,Business Directories,United States,united-states,READY,Create a business profile,https://partners.caring.com/contact-us,unknown,LOW,Unknown,Unknown,verified,,,78,"tier tier2, priority P2",/research/business-directories/opportunities/
Carlist.my,Business Directories,Malaysia,country-specific,NEEDS_RESEARCH,Research the submission route,,unknown,INSUFFICIENT,Unknown,Unknown,unknown,,what action the platform supports; the action URL,82,"tier tier1, priority P3",/research/business-directories/opportunities/
Carlist.my,Marketplace & Classified Platforms,Malaysia,,READY,Post a classified listing,https://www.carlist.my/#,freemium,LOW,Unknown,Unknown,verified,,,74,"accepts both sellers, freemium",/research/marketplaces/
Carousell,Business Directories,Singapore,asia,NEEDS_BROWSER,Verify the route in a browser,,unknown,INSUFFICIENT,Unknown,Unknown,unknown,,what action the platform supports; the action URL,82,"tier tier1, priority P3",/research/business-directories/opportunities/
Carousell,Marketplace & Classified Platforms,Singapore,,NEEDS_BROWSER,Verify the route in a browser,,freemium,INSUFFICIENT,Unknown,Unknown,unknown,,the action URL,69,"accepts both sellers, freemium",/research/marketplaces/
Carousell Hong Kong,Marketplace & Classified Platforms,Hong Kong,,NEEDS_BROWSER,Verify the route in a browser,,freemium,INSUFFICIENT,Unknown,Unknown,unknown,,the action URL,69,"accepts both sellers, freemium",/research/marketplaces/
Carousell Malaysia,Marketplace & Classified Platforms,Malaysia,,NEEDS_BROWSER,Verify the route in a browser,,freemium,INSUFFICIENT,Unknown,Unknown,unknown,,the action URL,66,"accepts both sellers, freemium",/research/marketplaces/
Carousell Philippines,Marketplace & Classified Platforms,Philippines,,NEEDS_BROWSER,Verify the route in a browser,,freemium,INSUFFICIENT,Unknown,Unknown,unknown,,the action URL,69,"accepts both sellers, freemium",/research/marketplaces/
Carpages.ca,Business Directories,Canada,canada,NEEDS_RESEARCH,Research the submission route,,unknown,INSUFFICIENT,Unknown,Unknown,unknown,,what action the platform supports; the action URL,64,"tier tier2, priority P3",/research/business-directories/opportunities/
Carrier Dealer Locator,Business Directories,United States,north-america,NEEDS_RESEARCH,Research the submission route,,unknown,INSUFFICIENT,Unknown,Unknown,unknown,,what action the platform supports; the action URL,64,"tier tier2, priority P3",/research/business-directories/opportunities/
Cars.co.za,Business Directories,South Africa,country-specific,NEEDS_RESEARCH,Research the submission route,,unknown,INSUFFICIENT,Unknown,Unknown,unknown,,what action the platform supports; the action URL,64,"tier tier2, priority P3",/research/business-directories/opportunities/
Cars.com,Business Directories,United States,united-states,NEEDS_BROWSER,Verify the route in a browser,,unknown,INSUFFICIENT,Unknown,Unknown,unknown,,what action the platform supports; the action URL,82,"tier tier1, priority P3",/research/business-directories/opportunities/
Cars.com,Marketplace & Classified Platforms,United States,,NEEDS_BROWSER,Verify the route in a browser,,paid,INSUFFICIENT,Unknown,Unknown,unknown,,the action URL,60,"accepts both sellers, paid",/research/marketplaces/
Cars24,Marketplace & Classified Platforms,India,,READY,Create a seller account,https://www.cars24.com/become-our-partner/,freemium,LOW,Unknown,Unknown,verified,,,74,"accepts both sellers, freemium",/research/marketplaces/
Cars45,Marketplace & Classified Platforms,Nigeria,,NEEDS_BROWSER,Verify the route in a browser,,freemium,INSUFFICIENT,Unknown,Unknown,unknown,,the action URL,66,"accepts both sellers, freemium",/research/marketplaces/
CarsDB,Marketplace & Classified Platforms,Myanmar,,NEEDS_RESEARCH,Research the submission route,,unknown,INSUFFICIENT,Unknown,Unknown,unknown,,the action URL,74,"accepts both sellers, unknown",/research/marketplaces/
Carsensor,Marketplace & Classified Platforms,Japan,,NEEDS_RESEARCH,Research the submission route,,paid,INSUFFICIENT,Unknown,Unknown,unknown,,the action URL,68,"accepts both sellers, paid",/research/marketplaces/
Carzone,Marketplace & Classified Platforms,Ireland,,NEEDS_BROWSER,Verify the route in a browser,,paid,INSUFFICIENT,Unknown,Unknown,unknown,,the action URL,60,"accepts both sellers, paid",/research/marketplaces/
Catho,Business Directories,Brazil,country-specific,NEEDS_BROWSER,Verify the route in a browser,,unknown,INSUFFICIENT,Unknown,Unknown,unknown,,what action the platform supports; the action URL,86,"tier tier1, priority P2",/research/business-directories/opportunities/
Catraca Livre,Business Directories,Brazil,country-specific,NEEDS_RESEARCH,Research the submission route,,unknown,INSUFFICIENT,Unknown,Unknown,unknown,,what action the platform supports; the action URL,64,"tier tier2, priority P3",/research/business-directories/opportunities/
Cdnpages,Business Directories,Canada,canada,NEEDS_RESEARCH,Research the submission route,,free,INSUFFICIENT,Unknown,Unknown,unknown,,the action URL,56,"tier tier3, priority P3",/research/business-directories/opportunities/
Ceneo,Business Directories,Poland,country-specific,NEEDS_RESEARCH,Research the submission route,,unknown,INSUFFICIENT,Unknown,Unknown,unknown,,what action the platform supports; the action URL,94,"tier tier1, priority P1",/research/business-directories/opportunities/
Central America Living,Business Directories,Global,regional,NEEDS_RESEARCH,Research the submission route,,unknown,INSUFFICIENT,Unknown,Unknown,unknown,,what action the platform supports; the action URL,46,"tier tier3, priority P3",/research/business-directories/opportunities/
Certicalia,Business Directories,Spain,country-specific,NEEDS_RESEARCH,Research the submission route,,unknown,INSUFFICIENT,Unknown,Unknown,unknown,,what action the platform supports; the action URL,46,"tier tier3, priority P3",/research/business-directories/opportunities/
Certified Humane,Business Directories,United States,north-america,NEEDS_RESEARCH,Research the submission route,,unknown,INSUFFICIENT,Unknown,Unknown,unknown,,what action the platform supports; the action URL,46,"tier tier3, priority P3",/research/business-directories/opportunities/
Ceylon Chamber of Commerce,Business Directories,Sri Lanka,country-specific,NEEDS_RESEARCH,Research the submission route,,unknown,INSUFFICIENT,Unknown,Unknown,unknown,,what action the platform supports; the action URL,86,"tier tier1, priority P2",/research/business-directories/opportunities/
Chairish,Marketplace & Classified Platforms,United States,,READY,Post a classified listing,https://www.chairish.com/product/create,paid,LOW,Unknown,Unknown,verified,,,68,"accepts both sellers, paid",/research/marketplaces/
ChamberofCommerce.com,Business Directories,United States,united-states,READY,Create a business profile,https://www.chamberofcommerce.com/members/add-business,unknown,LOW,Unknown,Unknown,verified,,,78,"tier tier2, priority P2",/research/business-directories/opportunities/
ChamberofCommerce.org,Business Directories,United States,united-states,NEEDS_RESEARCH,Research the submission route,,unknown,INSUFFICIENT,Unknown,Unknown,unknown,,what action the platform supports; the action URL,64,"tier tier2, priority P3",/research/business-directories/opportunities/
Chambers and Partners,Business Directories,Global,europe; global,NEEDS_RESEARCH,Research the submission route,,unknown,INSUFFICIENT,Complex,Unknown,unknown,,what action the platform supports; the action URL,78,"tier tier1, priority P3",/research/business-directories/opportunities/
Channel Futures,"Media, PR & Publishing",United States,global,NEEDS_BROWSER,Verify the route in a browser,,unknown,INSUFFICIENT,Unknown,Unknown,unknown,,what action the platform supports; the action URL,,below the Media Score evidence floor,/research/media-pr-publishing/
Chartered Accountants ANZ,Business Directories,Australia,australia,NEEDS_RESEARCH,Research the submission route,,unknown,INSUFFICIENT,Unknown,Unknown,unknown,,what action the platform supports; the action URL,64,"tier tier2, priority P3",/research/business-directories/opportunities/
Chaves na Mão,Marketplace & Classified Platforms,Brazil,,READY,Post a classified listing,https://www.chavesnamao.com.br/anunciar-imoveis-carros-e-motos/,freemium,LOW,Unknown,Unknown,verified,,,77,"accepts both sellers, freemium",/research/marketplaces/
Checkatrade,Business Directories,United Kingdom,united-kingdom,NEEDS_RESEARCH,Research the submission route,,unknown,INSUFFICIENT,Unknown,Unknown,unknown,,what action the platform supports; the action URL,94,"tier tier1, priority P1",/research/business-directories/opportunities/
Chileautos,Marketplace & Classified Platforms,Chile,,READY,Post an advertisement,https://www.chileautos.cl/publicar/comenzar-venta/,paid,LOW,Unknown,Unknown,verified,,,68,"accepts both sellers, paid",/research/marketplaces/
China.cn,Business Directories,China,china,NEEDS_RESEARCH,Research the submission route,,unknown,INSUFFICIENT,Unknown,Unknown,unknown,,what action the platform supports; the action URL,64,"tier tier2, priority P3",/research/business-directories/opportunities/
Chinagoods,Business Directories,China,global,NEEDS_RESEARCH,Research the submission route,,unknown,INSUFFICIENT,Unknown,Unknown,unknown,,what action the platform supports; the action URL,86,"tier tier1, priority P2",/research/business-directories/opportunities/
Chocolatey Community Repository,Business Directories,Global,global,NEEDS_RESEARCH,Research the submission route,,unknown,INSUFFICIENT,Unknown,Unknown,unknown,,what action the platform supports; the action URL,64,"tier tier2, priority P3",/research/business-directories/opportunities/
Chope,Business Directories,Singapore,asia,NEEDS_RESEARCH,Research the submission route,,unknown,INSUFFICIENT,Unknown,Unknown,unknown,,what action the platform supports; the action URL,68,"tier tier2, priority P2",/research/business-directories/opportunities/
Chrome Web Store,Business Directories,Global,global,NEEDS_RESEARCH,Research the submission route,,unknown,INSUFFICIENT,Unknown,Unknown,unknown,,what action the platform supports; the action URL,94,"tier tier1, priority P1",/research/business-directories/opportunities/
Chợ Tốt,Business Directories,Vietnam,country-specific,NEEDS_RESEARCH,Research the submission route,,unknown,INSUFFICIENT,Unknown,Unknown,unknown,,what action the platform supports; the action URL,82,"tier tier1, priority P3",/research/business-directories/opportunities/
Chợ Tốt,Marketplace & Classified Platforms,Vietnam,,NEEDS_RESEARCH,Research the submission route,,freemium,INSUFFICIENT,Unknown,Unknown,unknown,,the action URL,77,"accepts both sellers, freemium",/research/marketplaces/
Cisco Partner Locator,Business Directories,Global,global,NEEDS_BROWSER,Verify the route in a browser,,unknown,INSUFFICIENT,Unknown,Unknown,unknown,,what action the platform supports; the action URL,86,"tier tier1, priority P2",/research/business-directories/opportunities/
CitiYellowPages,Business Directories,India,india,NEEDS_RESEARCH,Research the submission route,,unknown,INSUFFICIENT,Unknown,Unknown,unknown,,what action the platform supports; the action URL,46,"tier tier3, priority P3",/research/business-directories/opportunities/
CitySquares,Business Directories,United States,united-states,READY,Create a business profile,https://citysquares.com/add_business,free,LOW,Unknown,Unknown,verified,,,56,"tier tier3, priority P3",/research/business-directories/opportunities/
Citysearch,Business Directories,United States,united-states,NEEDS_RESEARCH,Research the submission route,,unknown,INSUFFICIENT,Unknown,Unknown,unknown,,what action the platform supports; the action URL,64,"tier tier2, priority P3",/research/business-directories/opportunities/
Claroshop,Business Directories,Mexico,country-specific,NEEDS_RESEARCH,Research the submission route,,unknown,INSUFFICIENT,Unknown,Unknown,unknown,,what action the platform supports; the action URL,64,"tier tier2, priority P3",/research/business-directories/opportunities/
Clasificados Online,Business Directories,Puerto Rico,country-specific,NEEDS_RESEARCH,Research the submission route,,unknown,INSUFFICIENT,Unknown,Unknown,unknown,,what action the platform supports; the action URL,68,"tier tier2, priority P2",/research/business-directories/opportunities/
Clasificados Online,Marketplace & Classified Platforms,Puerto Rico,,NEEDS_RESEARCH,Research the submission route,,free,INSUFFICIENT,Unknown,Unknown,unknown,,the action URL,83,"accepts both sellers, free",/research/marketplaces/
ClassPass,Business Directories,United States,global,NEEDS_RESEARCH,Research the submission route,,unknown,INSUFFICIENT,Unknown,Unknown,unknown,,the action URL,74,"tier tier2, priority P3",/research/business-directories/opportunities/
ClassifiedAds.com,Marketplace & Classified Platforms,United States,,READY,Post a classified listing,https://www.classifiedads.com/post.php,free,LOW,Unknown,Unknown,verified,,,83,"accepts both sellers, free",/research/marketplaces/
CleanTechnica,"Media, PR & Publishing",United States,global,READY,Submit a contributed article,https://cleantechnica.com/contact/,mixed,MEDIUM,Unknown,Unknown,verified,,,86,Media Score 86 (Strong),/research/media-pr-publishing/
ClickUp Integrations,Business Directories,Global,global,NEEDS_RESEARCH,Research the submission route,,unknown,INSUFFICIENT,Unknown,Unknown,unknown,,what action the platform supports; the action URL,64,"tier tier2, priority P3",/research/business-directories/opportunities/
Climate KIC,Business Directories,Global,europe,NEEDS_RESEARCH,Research the submission route,,unknown,INSUFFICIENT,Unknown,Unknown,unknown,,what action the platform supports; the action URL,64,"tier tier2, priority P3",/research/business-directories/opportunities/
Clutch,Business Directories,Global,global,NEEDS_BROWSER,Verify the route in a browser,,unknown,INSUFFICIENT,Unknown,Unknown,unknown,,what action the platform supports; the action URL,90,"tier tier1, priority P1",/research/business-directories/opportunities/
CocoaPods,Business Directories,Global,global,NEEDS_RESEARCH,Research the submission route,,unknown,INSUFFICIENT,Unknown,Unknown,unknown,,what action the platform supports; the action URL,64,"tier tier2, priority P3",/research/business-directories/opportunities/
Codeur.com,Business Directories,France,country-specific,NEEDS_RESEARCH,Research the submission route,,unknown,INSUFFICIENT,Unknown,Unknown,unknown,,what action the platform supports; the action URL,46,"tier tier3, priority P3",/research/business-directories/opportunities/
CoinAfrique,Marketplace & Classified Platforms,Nigeria,,NEEDS_RESEARCH,Research the submission route,,freemium,INSUFFICIENT,Unknown,Unknown,unknown,,the action URL,77,"accepts both sellers, freemium",/research/marketplaces/
Columbus CEO,"Media, PR & Publishing",United States,local,NEEDS_RESEARCH,Research the submission route,,unknown,INSUFFICIENT,Unknown,Unknown,unknown,,what action the platform supports; the action URL,,below the Media Score evidence floor,/research/media-pr-publishing/
Comms Business,"Media, PR & Publishing",United Kingdom,global,NEEDS_BROWSER,Verify the route in a browser,,unknown,INSUFFICIENT,Unknown,Unknown,unknown,,what action the platform supports; the action URL,,below the Media Score evidence floor,/research/media-pr-publishing/
Communitech,Business Directories,Canada,regional,NEEDS_RESEARCH,Research the submission route,,unknown,INSUFFICIENT,Unknown,Unknown,unknown,,what action the platform supports; the action URL,64,"tier tier2, priority P3",/research/business-directories/opportunities/
CompanyWall Bosna i Hercegovina,Business Directories,Bosnia and Herzegovina,country-specific,NEEDS_RESEARCH,Research the submission route,,unknown,INSUFFICIENT,Unknown,Unknown,unknown,,what action the platform supports; the action URL,64,"tier tier2, priority P3",/research/business-directories/opportunities/
CompanyWall Crna Gora,Business Directories,Montenegro,country-specific,NEEDS_RESEARCH,Research the submission route,,unknown,INSUFFICIENT,Unknown,Unknown,unknown,,what action the platform supports; the action URL,64,"tier tier2, priority P3",/research/business-directories/opportunities/
CompanyWall Hrvatska,Business Directories,Croatia,country-specific,NEEDS_RESEARCH,Research the submission route,,unknown,INSUFFICIENT,Unknown,Unknown,unknown,,what action the platform supports; the action URL,64,"tier tier2, priority P3",/research/business-directories/opportunities/
CompanyWall Shqipëri,Business Directories,Albania,country-specific,NEEDS_RESEARCH,Research the submission route,,unknown,INSUFFICIENT,Unknown,Unknown,unknown,,what action the platform supports; the action URL,64,"tier tier2, priority P3",/research/business-directories/opportunities/
CompanyWall Slovenija,Business Directories,Slovenia,country-specific,NEEDS_RESEARCH,Research the submission route,,unknown,INSUFFICIENT,Unknown,Unknown,unknown,,what action the platform supports; the action URL,64,"tier tier2, priority P3",/research/business-directories/opportunities/
CompanyWall Srbija,Business Directories,Serbia,country-specific,NEEDS_RESEARCH,Research the submission route,,unknown,INSUFFICIENT,Unknown,Unknown,unknown,,what action the platform supports; the action URL,64,"tier tier2, priority P3",/research/business-directories/opportunities/
Comparably,Business Directories,Global,global; united-states,NEEDS_RESEARCH,Research the submission route,,unknown,INSUFFICIENT,Unknown,Unknown,unknown,,what action the platform supports; the action URL,68,"tier tier2, priority P2",/research/business-directories/opportunities/
CompareSoftware,Business Directories,Global,global,NEEDS_RESEARCH,Research the submission route,,unknown,INSUFFICIENT,Unknown,Unknown,unknown,,what action the platform supports; the action URL,46,"tier tier3, priority P3",/research/business-directories/opportunities/
Compreoalquile,Marketplace & Classified Platforms,Panama,,NEEDS_RESEARCH,Research the submission route,,unknown,INSUFFICIENT,Unknown,Unknown,unknown,,the action URL,74,"accepts both sellers, unknown",/research/marketplaces/
Computer Weekly,"Media, PR & Publishing",United Kingdom,national,NEEDS_RESEARCH,Research the submission route,,unknown,INSUFFICIENT,Unknown,Unknown,unknown,,what action the platform supports; the action URL,,below the Media Score evidence floor,/research/media-pr-publishing/
Computrabajo Argentina,Business Directories,Argentina,latam,NEEDS_RESEARCH,Research the submission route,,free,INSUFFICIENT,Unknown,Unknown,unknown,,what action the platform supports; the action URL,86,"tier tier1, priority P2",/research/business-directories/opportunities/
Computrabajo Chile,Business Directories,Chile,latam,NEEDS_RESEARCH,Research the submission route,,free,INSUFFICIENT,Unknown,Unknown,unknown,,what action the platform supports; the action URL,86,"tier tier1, priority P2",/research/business-directories/opportunities/
Computrabajo Colombia,Business Directories,Colombia,latam,NEEDS_RESEARCH,Research the submission route,,free,INSUFFICIENT,Unknown,Unknown,unknown,,what action the platform supports; the action URL,86,"tier tier1, priority P2",/research/business-directories/opportunities/
Computrabajo Ecuador,Business Directories,Ecuador,latam,NEEDS_RESEARCH,Research the submission route,,free,INSUFFICIENT,Unknown,Unknown,unknown,,what action the platform supports; the action URL,86,"tier tier1, priority P2",/research/business-directories/opportunities/
Computrabajo México,Business Directories,Mexico,latam,NEEDS_RESEARCH,Research the submission route,,free,INSUFFICIENT,Unknown,Unknown,unknown,,what action the platform supports; the action URL,86,"tier tier1, priority P2",/research/business-directories/opportunities/
Computrabajo Perú,Business Directories,Peru,latam,NEEDS_RESEARCH,Research the submission route,,free,INSUFFICIENT,Unknown,Unknown,unknown,,what action the platform supports; the action URL,86,"tier tier1, priority P2",/research/business-directories/opportunities/
ConanCenter,Business Directories,Global,global,NEEDS_RESEARCH,Research the submission route,,unknown,INSUFFICIENT,Unknown,Unknown,unknown,,what action the platform supports; the action URL,64,"tier tier2, priority P3",/research/business-directories/opportunities/
Confesercenti,Business Directories,Italy,country-specific,NEEDS_RESEARCH,Research the submission route,,unknown,INSUFFICIENT,Unknown,Unknown,unknown,,what action the platform supports; the action URL,46,"tier tier3, priority P3",/research/business-directories/opportunities/
Confindustria,Business Directories,Italy,country-specific,NEEDS_RESEARCH,Research the submission route,,unknown,INSUFFICIENT,Unknown,Unknown,unknown,,what action the platform supports; the action URL,82,"tier tier1, priority P3",/research/business-directories/opportunities/
ConnectNigeria,Business Directories,Nigeria,country-specific,READY,Create a business profile,https://www.connectnigeria.com/user-manager/business/my-business,unknown,LOW,Unknown,Unknown,verified,,,78,"tier tier2, priority P2",/research/business-directories/opportunities/
Construction Dive,"Media, PR & Publishing",United States,national,READY,Submit company news,https://www.constructiondive.com/submit-tip/,unknown,LOW,Unknown,Unknown,verified,,,86,Media Score 86 (Strong),/research/media-pr-publishing/
Construnews,Business Directories,Spain,country-specific,NEEDS_RESEARCH,Research the submission route,,unknown,INSUFFICIENT,Unknown,Unknown,unknown,,what action the platform supports; the action URL,68,"tier tier2, priority P2",/research/business-directories/opportunities/
ConsumerAffairs,Business Directories,Global,united-states,READY,Claim the existing company profile,https://brands.consumeraffairs.com/,unknown,LOW,Unknown,Unknown,verified,,,96,"tier tier1, priority P2",/research/business-directories/opportunities/
Contractors.com,Business Directories,United States,united-states,READY,Create a business profile,https://www.contractors.com/become-a-contractor/,unknown,LOW,Unknown,Unknown,verified,,,56,"tier tier3, priority P3",/research/business-directories/opportunities/
Control Engineering,"Media, PR & Publishing",United States,national,NEEDS_BROWSER,Verify the route in a browser,,unknown,INSUFFICIENT,Unknown,Unknown,unknown,,what action the platform supports; the action URL,,below the Media Score evidence floor,/research/media-pr-publishing/
Contxto,"Media, PR & Publishing",Mexico,national,NEEDS_RESEARCH,Research the submission route,,unknown,INSUFFICIENT,Unknown,Unknown,unknown,,what action the platform supports; the action URL,,below the Media Score evidence floor,/research/media-pr-publishing/
Coodoeil,Business Directories,France,country-specific,NEEDS_RESEARCH,Research the submission route,,unknown,INSUFFICIENT,Unknown,Unknown,unknown,,what action the platform supports; the action URL,46,"tier tier3, priority P3",/research/business-directories/opportunities/
Council for Leather Exports,Business Directories,India,india,NEEDS_RESEARCH,Research the submission route,,unknown,INSUFFICIENT,Unknown,Unknown,unknown,,what action the platform supports; the action URL,64,"tier tier2, priority P3",/research/business-directories/opportunities/
Coupang,Business Directories,South Korea,country-specific,NEEDS_RESEARCH,Research the submission route,,unknown,INSUFFICIENT,Unknown,Unknown,unknown,,what action the platform supports; the action URL,82,"tier tier1, priority P3",/research/business-directories/opportunities/
Craft.co,Business Directories,Global,global,NEEDS_RESEARCH,Research the submission route,,unknown,INSUFFICIENT,Unknown,Unknown,unknown,,what action the platform supports; the action URL,64,"tier tier2, priority P3",/research/business-directories/opportunities/
Craigslist,Marketplace & Classified Platforms,United States,,NEEDS_RESEARCH,Research the submission route,,freemium,INSUFFICIENT,Unknown,Unknown,unknown,,the action URL,77,"accepts both sellers, freemium",/research/marketplaces/
Crain’s Detroit Business,"Media, PR & Publishing",United States,local,NEEDS_RESEARCH,Research the submission route,,unknown,INSUFFICIENT,Unknown,Unknown,unknown,,what action the platform supports; the action URL,,below the Media Score evidence floor,/research/media-pr-publishing/
Crain’s New York Business,"Media, PR & Publishing",United States,local,NEEDS_RESEARCH,Research the submission route,,unknown,INSUFFICIENT,Unknown,Unknown,unknown,,what action the platform supports; the action URL,,below the Media Score evidence floor,/research/media-pr-publishing/
Creative Hotlist,Business Directories,United States,united-states,NEEDS_RESEARCH,Research the submission route,,unknown,INSUFFICIENT,Unknown,Unknown,unknown,,what action the platform supports; the action URL,46,"tier tier3, priority P3",/research/business-directories/opportunities/
CrossFit Affiliate Directory,Business Directories,Global,global,NEEDS_RESEARCH,Research the submission route,,unknown,INSUFFICIENT,Unknown,Unknown,unknown,,what action the platform supports; the action URL,64,"tier tier2, priority P3",/research/business-directories/opportunities/
Crowdcube,Business Directories,Global,europe; united-kingdom,NEEDS_RESEARCH,Research the submission route,,unknown,INSUFFICIENT,Unknown,Unknown,unknown,,what action the platform supports; the action URL,82,"tier tier1, priority P3",/research/business-directories/opportunities/
Crozdesk,Business Directories,Global,europe; global,NEEDS_RESEARCH,Research the submission route,,unknown,INSUFFICIENT,Unknown,Unknown,unknown,,what action the platform supports; the action URL,46,"tier tier3, priority P3",/research/business-directories/opportunities/
Crunchbase,Business Directories,Global,global,NEEDS_RESEARCH,Research the submission route,,freemium,INSUFFICIENT,Unknown,Unknown,unknown,,what action the platform supports; the action URL,90,"tier tier1, priority P1",/research/business-directories/opportunities/
CustoJusto,Marketplace & Classified Platforms,Portugal,,READY,Post a classified listing,https://www.custojusto.pt/ai,freemium,LOW,Unknown,Unknown,verified,,,77,"accepts both sellers, freemium",/research/marketplaces/
Custplace,Business Directories,France,country-specific,NEEDS_RESEARCH,Research the submission route,,unknown,INSUFFICIENT,Unknown,Unknown,unknown,,what action the platform supports; the action URL,68,"tier tier2, priority P2",/research/business-directories/opportunities/
Cyberport,Business Directories,Hong Kong,country-specific,NEEDS_RESEARCH,Research the submission route,,unknown,INSUFFICIENT,Unknown,Unknown,unknown,,what action the platform supports; the action URL,64,"tier tier2, priority P3",/research/business-directories/opportunities/
Cybo,Business Directories,Global,global,NEEDS_BROWSER,Verify the route in a browser,,unknown,INSUFFICIENT,Unknown,Unknown,unknown,,what action the platform supports; the action URL,46,"tier tier3, priority P3",/research/business-directories/opportunities/
Cylex Argentina,Business Directories,Argentina,country-specific,NEEDS_RESEARCH,Research the submission route,,unknown,INSUFFICIENT,Unknown,Unknown,unknown,,what action the platform supports; the action URL,46,"tier tier3, priority P3",/research/business-directories/opportunities/
Cylex Belgium,Business Directories,Belgium,country-specific,NEEDS_RESEARCH,Research the submission route,,unknown,INSUFFICIENT,Unknown,Unknown,unknown,,what action the platform supports; the action URL,46,"tier tier3, priority P3",/research/business-directories/opportunities/
Cylex Brasil,Business Directories,Brazil,latam,NEEDS_RESEARCH,Research the submission route,,unknown,INSUFFICIENT,Unknown,Unknown,unknown,,what action the platform supports; the action URL,46,"tier tier3, priority P3",/research/business-directories/opportunities/
Cylex Chile,Business Directories,Chile,country-specific,NEEDS_RESEARCH,Research the submission route,,unknown,INSUFFICIENT,Unknown,Unknown,unknown,,what action the platform supports; the action URL,46,"tier tier3, priority P3",/research/business-directories/opportunities/
Cylex Colombia,Business Directories,Colombia,country-specific,NEEDS_BROWSER,Verify the route in a browser,,unknown,INSUFFICIENT,Unknown,Unknown,unknown,,what action the platform supports; the action URL,46,"tier tier3, priority P3",/research/business-directories/opportunities/
Cylex Danmark,Business Directories,Denmark,country-specific,NEEDS_RESEARCH,Research the submission route,,unknown,INSUFFICIENT,Unknown,Unknown,unknown,,what action the platform supports; the action URL,46,"tier tier3, priority P3",/research/business-directories/opportunities/
Cylex Deutschland,Business Directories,Germany,dach,NEEDS_RESEARCH,Research the submission route,,unknown,INSUFFICIENT,Unknown,Unknown,unknown,,what action the platform supports; the action URL,64,"tier tier2, priority P3",/research/business-directories/opportunities/
Cylex España,Business Directories,Spain,country-specific,NEEDS_RESEARCH,Research the submission route,,unknown,INSUFFICIENT,Unknown,Unknown,unknown,,what action the platform supports; the action URL,46,"tier tier3, priority P3",/research/business-directories/opportunities/
Cylex France,Business Directories,France,country-specific,NEEDS_RESEARCH,Research the submission route,,unknown,INSUFFICIENT,Unknown,Unknown,unknown,,what action the platform supports; the action URL,46,"tier tier3, priority P3",/research/business-directories/opportunities/
Cylex Ireland,Business Directories,Ireland,country-specific,NEEDS_RESEARCH,Research the submission route,,paid,INSUFFICIENT,Unknown,Unknown,unknown,,the action URL,46,"tier tier3, priority P3",/research/business-directories/opportunities/
Cylex Italia,Business Directories,Italy,country-specific,NEEDS_RESEARCH,Research the submission route,,unknown,INSUFFICIENT,Unknown,Unknown,unknown,,what action the platform supports; the action URL,46,"tier tier3, priority P3",/research/business-directories/opportunities/
Cylex México,Business Directories,Mexico,latam,NEEDS_BROWSER,Verify the route in a browser,,unknown,INSUFFICIENT,Unknown,Unknown,unknown,,what action the platform supports; the action URL,46,"tier tier3, priority P3",/research/business-directories/opportunities/
Cylex Nederland,Business Directories,Netherlands,country-specific,NEEDS_RESEARCH,Research the submission route,,unknown,INSUFFICIENT,Unknown,Unknown,unknown,,what action the platform supports; the action URL,46,"tier tier3, priority P3",/research/business-directories/opportunities/
Cylex New Zealand,Business Directories,New Zealand,country-specific,NEEDS_RESEARCH,Research the submission route,,paid,INSUFFICIENT,Unknown,Unknown,unknown,,the action URL,46,"tier tier3, priority P3",/research/business-directories/opportunities/
Cylex Norge,Business Directories,Norway,country-specific,NEEDS_RESEARCH,Research the submission route,,unknown,INSUFFICIENT,Unknown,Unknown,unknown,,what action the platform supports; the action URL,46,"tier tier3, priority P3",/research/business-directories/opportunities/
Cylex Polska,Business Directories,Poland,country-specific,NEEDS_RESEARCH,Research the submission route,,unknown,INSUFFICIENT,Unknown,Unknown,unknown,,what action the platform supports; the action URL,46,"tier tier3, priority P3",/research/business-directories/opportunities/
Cylex Portugal,Business Directories,Portugal,country-specific,NEEDS_RESEARCH,Research the submission route,,unknown,INSUFFICIENT,Unknown,Unknown,unknown,,what action the platform supports; the action URL,46,"tier tier3, priority P3",/research/business-directories/opportunities/
Cylex Schweiz,Business Directories,Switzerland,dach,NEEDS_RESEARCH,Research the submission route,,unknown,INSUFFICIENT,Unknown,Unknown,unknown,,what action the platform supports; the action URL,46,"tier tier3, priority P3",/research/business-directories/opportunities/
Cylex South Africa,Business Directories,South Africa,country-specific,NEEDS_RESEARCH,Research the submission route,,paid,INSUFFICIENT,Unknown,Unknown,unknown,,the action URL,46,"tier tier3, priority P3",/research/business-directories/opportunities/
Cylex Suomi,Business Directories,Finland,country-specific,NEEDS_RESEARCH,Research the submission route,,unknown,INSUFFICIENT,Unknown,Unknown,unknown,,what action the platform supports; the action URL,46,"tier tier3, priority P3",/research/business-directories/opportunities/
Cylex Sverige,Business Directories,Sweden,nordics,NEEDS_RESEARCH,Research the submission route,,unknown,INSUFFICIENT,Unknown,Unknown,unknown,,what action the platform supports; the action URL,46,"tier tier3, priority P3",/research/business-directories/opportunities/
Cylex UK,Business Directories,United Kingdom,united-kingdom,NEEDS_RESEARCH,Research the submission route,,paid,INSUFFICIENT,Unknown,Unknown,unknown,,the action URL,46,"tier tier3, priority P3",/research/business-directories/opportunities/
Cylex US,Business Directories,United States,united-states,NEEDS_RESEARCH,Research the submission route,,paid,INSUFFICIENT,Unknown,Unknown,unknown,,the action URL,46,"tier tier3, priority P3",/research/business-directories/opportunities/
Cylex Österreich,Business Directories,Austria,dach,NEEDS_RESEARCH,Research the submission route,,unknown,INSUFFICIENT,Unknown,Unknown,unknown,,what action the platform supports; the action URL,46,"tier tier3, priority P3",/research/business-directories/opportunities/
Cylex Česko,Business Directories,Czech Republic,country-specific,NEEDS_RESEARCH,Research the submission route,,unknown,INSUFFICIENT,Unknown,Unknown,unknown,,what action the platform supports; the action URL,46,"tier tier3, priority P3",/research/business-directories/opportunities/
CzechCrunch,"Media, PR & Publishing",Czech Republic,national,READY,Buy a sponsored placement,https://cc.cz/inzerce/,paid,LOW,Unknown,Unknown,verified,,,45,Media Score 45 (Limited),/research/media-pr-publishing/
Cámara Argentina de Comercio,Business Directories,Argentina,country-specific,NEEDS_RESEARCH,Research the submission route,,unknown,INSUFFICIENT,Unknown,Unknown,unknown,,what action the platform supports; the action URL,64,"tier tier2, priority P3",/research/business-directories/opportunities/
Cámara de España,Business Directories,Spain,country-specific,NEEDS_RESEARCH,Research the submission route,,unknown,INSUFFICIENT,Unknown,Unknown,unknown,,what action the platform supports; the action URL,86,"tier tier1, priority P2",/research/business-directories/opportunities/
DBA,Business Directories,Denmark,country-specific,NEEDS_RESEARCH,Research the submission route,,unknown,INSUFFICIENT,Unknown,Unknown,unknown,,what action the platform supports; the action URL,64,"tier tier2, priority P3",/research/business-directories/opportunities/
DBA,Marketplace & Classified Platforms,Denmark,,NEEDS_RESEARCH,Research the submission route,,freemium,INSUFFICIENT,Unknown,Unknown,unknown,,the action URL,77,"accepts both sellers, freemium",/research/marketplaces/
DCFever,Marketplace & Classified Platforms,Hong Kong,,NEEDS_RESEARCH,Research the submission route,,freemium,INSUFFICIENT,Unknown,Unknown,unknown,,the action URL,74,"accepts both sellers, freemium",/research/marketplaces/
DDproperty,Marketplace & Classified Platforms,Thailand,,NEEDS_RESEARCH,Research the submission route,,paid,INSUFFICIENT,Unknown,Unknown,unknown,,the action URL,68,"accepts both sellers, paid",/research/marketplaces/
DEV Community,"Media, PR & Publishing",United States,global,NEEDS_RESEARCH,Research the submission route,,free,INSUFFICIENT,Unknown,Unknown,unknown,,the action URL,52,Media Score 52 (Moderate),/research/media-pr-publishing/
DHgate,Business Directories,Global,asia; global,NEEDS_RESEARCH,Research the submission route,,unknown,INSUFFICIENT,Unknown,Unknown,unknown,,what action the platform supports; the action URL,64,"tier tier2, priority P3",/research/business-directories/opportunities/
DIGITALEUROPE,Business Directories,Global,europe,NEEDS_RESEARCH,Research the submission route,,unknown,INSUFFICIENT,Unknown,Unknown,unknown,,what action the platform supports; the action URL,82,"tier tier1, priority P3",/research/business-directories/opportunities/
DIGITIMES,"Media, PR & Publishing",Taiwan,global,NEEDS_RESEARCH,Research the submission route,,unknown,INSUFFICIENT,Unknown,Unknown,unknown,,what action the platform supports; the action URL,,below the Media Score evidence floor,/research/media-pr-publishing/
DNV Certified Client Directory,Business Directories,Global,global,NEEDS_BROWSER,Verify the route in a browser,,unknown,INSUFFICIENT,Unknown,Unknown,unknown,,what action the platform supports; the action URL,64,"tier tier2, priority P3",/research/business-directories/opportunities/
DSLV,Business Directories,Germany,dach,NEEDS_RESEARCH,Research the submission route,,unknown,INSUFFICIENT,Unknown,Unknown,unknown,,what action the platform supports; the action URL,46,"tier tier3, priority P3",/research/business-directories/opportunities/
Daft.ie,Marketplace & Classified Platforms,Ireland,,NEEDS_RESEARCH,Research the submission route,,paid,INSUFFICIENT,Unknown,Unknown,unknown,,the action URL,68,"accepts both sellers, paid",/research/marketplaces/
Dagens industri,"Media, PR & Publishing",Sweden,national,NEEDS_RESEARCH,Research the submission route,,unknown,INSUFFICIENT,Unknown,Unknown,unknown,,what action the platform supports; the action URL,,below the Media Score evidence floor,/research/media-pr-publishing/
DailySocial,"Media, PR & Publishing",Indonesia,national,NEEDS_RESEARCH,Research the submission route,,unknown,INSUFFICIENT,Unknown,Unknown,unknown,,what action the platform supports; the action URL,,below the Media Score evidence floor,/research/media-pr-publishing/
Dallas Innovates,"Media, PR & Publishing",United States,local,NEEDS_RESEARCH,Research the submission route,,unknown,INSUFFICIENT,Unknown,Unknown,unknown,,what action the platform supports; the action URL,,below the Media Score evidence floor,/research/media-pr-publishing/
Danawa,Business Directories,South Korea,country-specific,NEEDS_RESEARCH,Research the submission route,,unknown,INSUFFICIENT,Unknown,Unknown,unknown,,what action the platform supports; the action URL,64,"tier tier2, priority P3",/research/business-directories/opportunities/
Danggeun Market,Business Directories,South Korea,country-specific,NEEDS_RESEARCH,Research the submission route,,unknown,INSUFFICIENT,Unknown,Unknown,unknown,,what action the platform supports; the action URL,86,"tier tier1, priority P2",/research/business-directories/opportunities/
Dapey Zahav,Business Directories,Israel,country-specific,NEEDS_BROWSER,Verify the route in a browser,,unknown,INSUFFICIENT,Unknown,Unknown,unknown,,what action the platform supports; the action URL,86,"tier tier1, priority P2",/research/business-directories/opportunities/
Daraz Bangladesh,Business Directories,Bangladesh,asia,NEEDS_RESEARCH,Research the submission route,,unknown,INSUFFICIENT,Unknown,Unknown,unknown,,what action the platform supports; the action URL,86,"tier tier1, priority P2",/research/business-directories/opportunities/
Daraz Pakistan,Business Directories,Pakistan,asia,NEEDS_RESEARCH,Research the submission route,,unknown,INSUFFICIENT,Unknown,Unknown,unknown,,what action the platform supports; the action URL,86,"tier tier1, priority P2",/research/business-directories/opportunities/
Dark Reading,"Media, PR & Publishing",United States,global,NEEDS_RESEARCH,Research the submission route,,unknown,INSUFFICIENT,Unknown,Unknown,unknown,,what action the platform supports; the action URL,,below the Media Score evidence floor,/research/media-pr-publishing/
Das Telefonbuch,Business Directories,Germany,dach,READY,Create a business profile,https://www.dastelefonbuch.de/Firmeneintrag,free,MEDIUM,Easy,Unknown,verified,,,100,"tier tier1, priority P1",/research/business-directories/opportunities/
Das Örtliche,Business Directories,Germany,dach,READY,Create a business profile,https://www.dtme.de/ihr-eintrag/,free,MEDIUM,Easy,Unknown,verified,,,100,"tier tier1, priority P1",/research/business-directories/opportunities/
DataQuest,"Media, PR & Publishing",India,national,NEEDS_RESEARCH,Research the submission route,,unknown,INSUFFICIENT,Unknown,Unknown,unknown,,what action the platform supports; the action URL,,below the Media Score evidence floor,/research/media-pr-publishing/
Databricks Partner Directory,Business Directories,Global,global,NEEDS_RESEARCH,Research the submission route,,unknown,INSUFFICIENT,Unknown,Unknown,unknown,,what action the platform supports; the action URL,86,"tier tier1, priority P2",/research/business-directories/opportunities/
De Gule Sider,Business Directories,Denmark,nordics,NEEDS_RESEARCH,Research the submission route,,unknown,INSUFFICIENT,Unknown,Unknown,unknown,,what action the platform supports; the action URL,94,"tier tier1, priority P1",/research/business-directories/opportunities/
De Ondernemersgids,Business Directories,Belgium,country-specific,NEEDS_RESEARCH,Research the submission route,,unknown,INSUFFICIENT,Unknown,Unknown,unknown,,what action the platform supports; the action URL,46,"tier tier3, priority P3",/research/business-directories/opportunities/
De Telefoongids,Business Directories,Netherlands,country-specific,NEEDS_RESEARCH,Research the submission route,,unknown,INSUFFICIENT,Unknown,Unknown,unknown,,what action the platform supports; the action URL,94,"tier tier1, priority P1",/research/business-directories/opportunities/
De Tijd,"Media, PR & Publishing",Belgium,national,NEEDS_RESEARCH,Research the submission route,,unknown,INSUFFICIENT,Unknown,Unknown,unknown,,what action the platform supports; the action URL,,below the Media Score evidence floor,/research/media-pr-publishing/
DePeru,Business Directories,Peru,country-specific,NEEDS_RESEARCH,Research the submission route,,unknown,INSUFFICIENT,Unknown,Unknown,unknown,,what action the platform supports; the action URL,46,"tier tier3, priority P3",/research/business-directories/opportunities/
DealStreetAsia,"Media, PR & Publishing",Singapore,regional,READY,Pitch the editorial team,https://www.dealstreetasia.com/contact-us/,free,LOW,Unknown,Unknown,verified,,,88,Media Score 88 (Exceptional),/research/media-pr-publishing/
DealerRater,Business Directories,United States,north-america,NEEDS_BROWSER,Verify the route in a browser,,unknown,INSUFFICIENT,Unknown,Unknown,unknown,,what action the platform supports; the action URL,64,"tier tier2, priority P3",/research/business-directories/opportunities/
Dealroom.co,Business Directories,Global,europe; global,NEEDS_RESEARCH,Research the submission route,,unknown,INSUFFICIENT,Unknown,Unknown,unknown,,what action the platform supports; the action URL,86,"tier tier1, priority P2",/research/business-directories/opportunities/
Deliveroo France,Business Directories,France,country-specific,NEEDS_RESEARCH,Research the submission route,,unknown,INSUFFICIENT,Unknown,Unknown,unknown,,what action the platform supports; the action URL,68,"tier tier2, priority P2",/research/business-directories/opportunities/
Deliveroo Hong Kong,Business Directories,Hong Kong,country-specific,NEEDS_RESEARCH,Research the submission route,,unknown,INSUFFICIENT,Unknown,Unknown,unknown,,what action the platform supports; the action URL,68,"tier tier2, priority P2",/research/business-directories/opportunities/
Deliveroo UAE,Business Directories,United Arab Emirates,middle-east,NEEDS_RESEARCH,Research the submission route,,unknown,INSUFFICIENT,Unknown,Unknown,unknown,,what action the platform supports; the action URL,68,"tier tier2, priority P2",/research/business-directories/opportunities/
Depop,Marketplace & Classified Platforms,United States,,READY,Create a seller account,https://www.depop.com/sell/,free,LOW,Unknown,Unknown,verified,,,74,"accepts both sellers, freemium",/research/marketplaces/
Der Mittelstand BVMW,Business Directories,Germany,dach,NEEDS_RESEARCH,Research the submission route,,unknown,INSUFFICIENT,Unknown,Unknown,unknown,,what action the platform supports; the action URL,64,"tier tier2, priority P3",/research/business-directories/opportunities/
Design News,"Media, PR & Publishing",United States,national,NEEDS_RESEARCH,Research the submission route,,unknown,INSUFFICIENT,Unknown,Unknown,unknown,,what action the platform supports; the action URL,,below the Media Score evidence floor,/research/media-pr-publishing/
DesignMyNight,Business Directories,United Kingdom,united-kingdom,NEEDS_RESEARCH,Research the submission route,,unknown,INSUFFICIENT,Unknown,Unknown,unknown,,what action the platform supports; the action URL,46,"tier tier3, priority P3",/research/business-directories/opportunities/
DesignRush,Business Directories,Global,global,NEEDS_BROWSER,Verify the route in a browser,,unknown,INSUFFICIENT,Unknown,Unknown,unknown,,what action the platform supports; the action URL,64,"tier tier2, priority P2",/research/business-directories/opportunities/
Deutsche Anwaltauskunft,Business Directories,Germany,country-specific,NEEDS_RESEARCH,Research the submission route,,unknown,INSUFFICIENT,Unknown,Unknown,unknown,,what action the platform supports; the action URL,64,"tier tier2, priority P3",/research/business-directories/opportunities/
DevHunt,"Media, PR & Publishing",United States,global,NEEDS_RESEARCH,Research the submission route,,free,INSUFFICIENT,Unknown,Unknown,unknown,,the action URL,68,Media Score 68 (Good),/research/media-pr-publishing/
Developing Telecoms,"Media, PR & Publishing",United Kingdom,global,READY,Submit a contributed article,https://www.developingtelecoms.com/,free,MEDIUM,Unknown,Unknown,verified,,,89,Media Score 89 (Exceptional),/research/media-pr-publishing/
DexKnows,Business Directories,United States,united-states,NEEDS_BROWSER,Verify the route in a browser,,unknown,INSUFFICIENT,Unknown,Unknown,unknown,,what action the platform supports; the action URL,64,"tier tier2, priority P3",/research/business-directories/opportunities/
Dezeen,"Media, PR & Publishing",United Kingdom,global,NEEDS_RESEARCH,Research the submission route,,unknown,INSUFFICIENT,Unknown,Unknown,unknown,,what action the platform supports; the action URL,,below the Media Score evidence floor,/research/media-pr-publishing/
Diario Financiero,"Media, PR & Publishing",Chile,national,NEEDS_RESEARCH,Research the submission route,,unknown,INSUFFICIENT,Unknown,Unknown,unknown,,what action the platform supports; the action URL,,below the Media Score evidence floor,/research/media-pr-publishing/
Dienas Bizness,"Media, PR & Publishing",Latvia,national,NEEDS_RESEARCH,Research the submission route,,unknown,INSUFFICIENT,Unknown,Unknown,unknown,,what action the platform supports; the action URL,,below the Media Score evidence floor,/research/media-pr-publishing/
Digiday,"Media, PR & Publishing",United States,national,NEEDS_RESEARCH,Research the submission route,,unknown,INSUFFICIENT,Unknown,Unknown,unknown,,what action the platform supports; the action URL,,below the Media Score evidence floor,/research/media-pr-publishing/
Digital Agency Network,Business Directories,Global,global,NEEDS_RESEARCH,Research the submission route,,unknown,INSUFFICIENT,Unknown,Unknown,unknown,,what action the platform supports; the action URL,64,"tier tier2, priority P3",/research/business-directories/opportunities/
Digital Commerce 360,"Media, PR & Publishing",United States,national,READY,Submit company news,https://www.digitalcommerce360.com/about-us/,free,MEDIUM,Unknown,Unknown,verified,,,87,Media Score 87 (Strong),/research/media-pr-publishing/
Digital News Asia,"Media, PR & Publishing",Malaysia,regional,NEEDS_RESEARCH,Research the submission route,,unknown,INSUFFICIENT,Unknown,Unknown,unknown,,what action the platform supports; the action URL,,below the Media Score evidence floor,/research/media-pr-publishing/
Dineplan,Business Directories,South Africa,country-specific,NEEDS_RESEARCH,Research the submission route,,unknown,INSUFFICIENT,Unknown,Unknown,unknown,,what action the platform supports; the action URL,68,"tier tier2, priority P2",/research/business-directories/opportunities/
DiningCode,Business Directories,South Korea,country-specific,NEEDS_RESEARCH,Research the submission route,,unknown,INSUFFICIENT,Unknown,Unknown,unknown,,what action the platform supports; the action URL,68,"tier tier2, priority P2",/research/business-directories/opportunities/
DirectIndustry,Business Directories,France,europe,NEEDS_RESEARCH,Research the submission route,,unknown,INSUFFICIENT,Unknown,Unknown,unknown,,what action the platform supports; the action URL,86,"tier tier1, priority P2",/research/business-directories/opportunities/
Directorio El Regional,Business Directories,Mexico,country-specific,NEEDS_RESEARCH,Research the submission route,,unknown,INSUFFICIENT,Unknown,Unknown,unknown,,what action the platform supports; the action URL,46,"tier tier3, priority P3",/research/business-directories/opportunities/
Directorio de Negocios México,Business Directories,Mexico,country-specific,NEEDS_RESEARCH,Research the submission route,,unknown,INSUFFICIENT,Unknown,Unknown,unknown,,what action the platform supports; the action URL,46,"tier tier3, priority P3",/research/business-directories/opportunities/
Discover Puerto Rico,Business Directories,Puerto Rico,country-specific,NEEDS_RESEARCH,Research the submission route,,unknown,INSUFFICIENT,Unknown,Unknown,unknown,,what action the platform supports; the action URL,64,"tier tier2, priority P3",/research/business-directories/opportunities/
Discover Trinidad & Tobago,Business Directories,Trinidad and Tobago,country-specific,NEEDS_RESEARCH,Research the submission route,,unknown,INSUFFICIENT,Unknown,Unknown,unknown,,what action the platform supports; the action URL,46,"tier tier3, priority P3",/research/business-directories/opportunities/
DiscoverCloud,Business Directories,Global,global,NEEDS_RESEARCH,Research the submission route,,unknown,INSUFFICIENT,Unknown,Unknown,unknown,,what action the platform supports; the action URL,46,"tier tier3, priority P3",/research/business-directories/opportunities/
Disrupt Africa,"Media, PR & Publishing",South Africa,regional,READY,Submit company news,https://disrupt-africa.com/contact/,free,MEDIUM,Unknown,Unknown,verified,,,88,Media Score 88 (Exceptional),/research/media-pr-publishing/
DocFinder,Business Directories,Austria,country-specific,NEEDS_RESEARCH,Research the submission route,,unknown,INSUFFICIENT,Unknown,Unknown,unknown,,what action the platform supports; the action URL,68,"tier tier2, priority P2",/research/business-directories/opportunities/
Docker Hub,Business Directories,Global,global,NEEDS_RESEARCH,Research the submission route,,freemium,INSUFFICIENT,Unknown,Unknown,unknown,,what action the platform supports; the action URL,82,"tier tier1, priority P2",/research/business-directories/opportunities/
Doctolib,Business Directories,France,country-specific,NEEDS_RESEARCH,Research the submission route,,unknown,INSUFFICIENT,Unknown,Unknown,unknown,,what action the platform supports; the action URL,68,"tier tier2, priority P2",/research/business-directories/opportunities/
Doctolib Deutschland,Business Directories,Germany,country-specific,NEEDS_RESEARCH,Research the submission route,,unknown,INSUFFICIENT,Unknown,Unknown,unknown,,what action the platform supports; the action URL,68,"tier tier2, priority P2",/research/business-directories/opportunities/
Doctoralia Brasil,Business Directories,Brazil,country-specific,NEEDS_RESEARCH,Research the submission route,,unknown,INSUFFICIENT,Unknown,Unknown,unknown,,what action the platform supports; the action URL,68,"tier tier2, priority P2",/research/business-directories/opportunities/
Doctoralia Chile,Business Directories,Chile,country-specific,NEEDS_RESEARCH,Research the submission route,,unknown,INSUFFICIENT,Unknown,Unknown,unknown,,what action the platform supports; the action URL,68,"tier tier2, priority P2",/research/business-directories/opportunities/
Doctoralia Colombia,Business Directories,Colombia,country-specific,NEEDS_RESEARCH,Research the submission route,,unknown,INSUFFICIENT,Unknown,Unknown,unknown,,what action the platform supports; the action URL,68,"tier tier2, priority P2",/research/business-directories/opportunities/
Doctoralia España,Business Directories,Spain,country-specific,NEEDS_RESEARCH,Research the submission route,,unknown,INSUFFICIENT,Unknown,Unknown,unknown,,what action the platform supports; the action URL,68,"tier tier2, priority P2",/research/business-directories/opportunities/
Doctoralia México,Business Directories,Mexico,country-specific,NEEDS_RESEARCH,Research the submission route,,unknown,INSUFFICIENT,Unknown,Unknown,unknown,,what action the platform supports; the action URL,68,"tier tier2, priority P2",/research/business-directories/opportunities/
Doctoralia Perú,Business Directories,Peru,country-specific,NEEDS_RESEARCH,Research the submission route,,unknown,INSUFFICIENT,Unknown,Unknown,unknown,,what action the platform supports; the action URL,68,"tier tier2, priority P2",/research/business-directories/opportunities/
DoneDeal,Marketplace & Classified Platforms,Ireland,,NEEDS_RESEARCH,Research the submission route,,freemium,INSUFFICIENT,Unknown,Unknown,unknown,,the action URL,77,"accepts both sellers, freemium",/research/marketplaces/
DoorDash,Business Directories,United States,canada; united-states,NEEDS_BROWSER,Verify the route in a browser,,unknown,INSUFFICIENT,Unknown,Unknown,unknown,,what action the platform supports; the action URL,86,"tier tier1, priority P2",/research/business-directories/opportunities/
Doximity,Business Directories,United States,united-states,NEEDS_RESEARCH,Research the submission route,,unknown,INSUFFICIENT,Unknown,Unknown,unknown,,what action the platform supports; the action URL,64,"tier tier2, priority P3",/research/business-directories/opportunities/
DreamNews,"Media, PR & Publishing",Japan,national,NEEDS_RESEARCH,Research the submission route,,paid,INSUFFICIENT,Unknown,Unknown,unknown,,the action URL,46,Media Score 46 (Limited),/research/media-pr-publishing/
Dribbble,Business Directories,Global,global,NEEDS_RESEARCH,Research the submission route,,unknown,INSUFFICIENT,Unknown,Unknown,unknown,,what action the platform supports; the action URL,86,"tier tier1, priority P2",/research/business-directories/opportunities/
Drive,Business Directories,Australia,australia,NEEDS_RESEARCH,Research the submission route,,unknown,INSUFFICIENT,Unknown,Unknown,unknown,,what action the platform supports; the action URL,64,"tier tier2, priority P3",/research/business-directories/opportunities/
Drom.ru,Marketplace & Classified Platforms,Russia,,NEEDS_RESEARCH,Research the submission route,,freemium,INSUFFICIENT,Unknown,Unknown,unknown,,the action URL,74,"accepts both sellers, freemium",/research/marketplaces/
Drupal Modules,Business Directories,Global,global,NEEDS_RESEARCH,Research the submission route,,free,INSUFFICIENT,Unknown,Unknown,unknown,,what action the platform supports; the action URL,60,"tier tier2, priority P3",/research/business-directories/opportunities/
Dtec,Business Directories,United Arab Emirates,middle-east,NEEDS_RESEARCH,Research the submission route,,unknown,INSUFFICIENT,Unknown,Unknown,unknown,,what action the platform supports; the action URL,64,"tier tier2, priority P3",/research/business-directories/opportunities/
DuaPune,Marketplace & Classified Platforms,Albania,,NEEDS_RESEARCH,Research the submission route,,paid,INSUFFICIENT,Unknown,Unknown,unknown,,the action URL,80,"accepts business sellers, paid",/research/marketplaces/
Dubai Chamber of Commerce,Business Directories,United Arab Emirates,middle-east,NEEDS_RESEARCH,Research the submission route,,unknown,INSUFFICIENT,Unknown,Unknown,unknown,,what action the platform supports; the action URL,86,"tier tier1, priority P2",/research/business-directories/opportunities/
DubiCars,Marketplace & Classified Platforms,United Arab Emirates,,READY,Post a classified listing,https://www.dubicars.com/sell-your-car,paid,LOW,Unknown,Unknown,verified,,,68,"accepts both sellers, paid",/research/marketplaces/
Dubicars,Business Directories,United Arab Emirates,middle-east,NEEDS_RESEARCH,Research the submission route,,unknown,INSUFFICIENT,Unknown,Unknown,unknown,,what action the platform supports; the action URL,64,"tier tier2, priority P3",/research/business-directories/opportunities/
Dubizzle,Business Directories,United Arab Emirates,middle-east,NEEDS_RESEARCH,Research the submission route,,unknown,INSUFFICIENT,Unknown,Unknown,unknown,,what action the platform supports; the action URL,82,"tier tier1, priority P3",/research/business-directories/opportunities/
Dubizzle Egypt,Marketplace & Classified Platforms,Egypt,,NEEDS_RESEARCH,Research the submission route,,freemium,INSUFFICIENT,Unknown,Unknown,unknown,,the action URL,77,"accepts both sellers, freemium",/research/marketplaces/
Duunitori,Business Directories,Finland,country-specific,NEEDS_BROWSER,Verify the route in a browser,,unknown,INSUFFICIENT,Unknown,Unknown,unknown,,what action the platform supports; the action URL,64,"tier tier2, priority P3",/research/business-directories/opportunities/
Dünya,"Media, PR & Publishing",Turkey,national,NEEDS_RESEARCH,Research the submission route,,unknown,INSUFFICIENT,Unknown,Unknown,unknown,,what action the platform supports; the action URL,,below the Media Score evidence floor,/research/media-pr-publishing/
E-Commerce Times,"Media, PR & Publishing",United States,national,NEEDS_RESEARCH,Research the submission route,,unknown,INSUFFICIENT,Unknown,Unknown,unknown,,what action the platform supports; the action URL,,below the Media Score evidence floor,/research/media-pr-publishing/
EC21,Business Directories,Global,asia; global,NEEDS_RESEARCH,Research the submission route,,unknown,INSUFFICIENT,Unknown,Unknown,unknown,,what action the platform supports; the action URL,46,"tier tier3, priority P3",/research/business-directories/opportunities/
ECO,"Media, PR & Publishing",Portugal,national,NEEDS_RESEARCH,Research the submission route,,unknown,INSUFFICIENT,Unknown,Unknown,unknown,,what action the platform supports; the action URL,,below the Media Score evidence floor,/research/media-pr-publishing/
ECVV,Business Directories,China,global,NEEDS_RESEARCH,Research the submission route,,unknown,INSUFFICIENT,Unknown,Unknown,unknown,,what action the platform supports; the action URL,64,"tier tier2, priority P3",/research/business-directories/opportunities/
EDB.cz,Business Directories,Czech Republic,country-specific,NEEDS_RESEARCH,Research the submission route,,unknown,INSUFFICIENT,Unknown,Unknown,unknown,,what action the platform supports; the action URL,68,"tier tier2, priority P2",/research/business-directories/opportunities/
EIN Presswire,Business Directories,Global,global,NEEDS_RESEARCH,Research the submission route,,unknown,INSUFFICIENT,Unknown,Unknown,unknown,,what action the platform supports; the action URL,68,"tier tier2, priority P2",/research/business-directories/opportunities/
EIN Presswire,"Media, PR & Publishing",United States,global,NEEDS_RESEARCH,Research the submission route,,paid,INSUFFICIENT,Unknown,Unknown,unknown,,the action URL,49,Media Score 49 (Limited),/research/media-pr-publishing/
EIT Food,Business Directories,Global,europe,NEEDS_RESEARCH,Research the submission route,,unknown,INSUFFICIENT,Unknown,Unknown,unknown,,what action the platform supports; the action URL,64,"tier tier2, priority P3",/research/business-directories/opportunities/
EPARK,Business Directories,Japan,japan,NEEDS_RESEARCH,Research the submission route,,unknown,INSUFFICIENT,Unknown,Unknown,unknown,,what action the platform supports; the action URL,86,"tier tier1, priority P2",/research/business-directories/opportunities/
EPCH,Business Directories,India,india,NEEDS_RESEARCH,Research the submission route,,unknown,INSUFFICIENT,Unknown,Unknown,unknown,,what action the platform supports; the action URL,64,"tier tier2, priority P3",/research/business-directories/opportunities/
ERE,"Media, PR & Publishing",United States,national,NEEDS_RESEARCH,Research the submission route,,unknown,INSUFFICIENT,Unknown,Unknown,unknown,,what action the platform supports; the action URL,,below the Media Score evidence floor,/research/media-pr-publishing/
ET Tech,"Media, PR & Publishing",India,national,NEEDS_RESEARCH,Research the submission route,,unknown,INSUFFICIENT,Unknown,Unknown,unknown,,what action the platform supports; the action URL,,below the Media Score evidence floor,/research/media-pr-publishing/
EU-Startups,Business Directories,Global,europe,NEEDS_RESEARCH,Research the submission route,,unknown,INSUFFICIENT,Unknown,Unknown,unknown,,what action the platform supports; the action URL,68,"tier tier2, priority P2",/research/business-directories/opportunities/
EU-Startups,"Media, PR & Publishing",Germany,regional,NEEDS_RESEARCH,Research the submission route,,unknown,INSUFFICIENT,Unknown,Unknown,unknown,,what action the platform supports; the action URL,,below the Media Score evidence floor,/research/media-pr-publishing/
EZlocal,Business Directories,United States,united-states,NEEDS_BROWSER,Verify the route in a browser,,unknown,INSUFFICIENT,Unknown,Unknown,unknown,,what action the platform supports; the action URL,46,"tier tier3, priority P3",/research/business-directories/opportunities/
Easy With AI,Business Directories,Global,global,NEEDS_RESEARCH,Research the submission route,,unknown,INSUFFICIENT,Unknown,Unknown,unknown,,what action the platform supports; the action URL,46,"tier tier3, priority P3",/research/business-directories/opportunities/
Easy.co.il,Business Directories,Israel,country-specific,NEEDS_RESEARCH,Research the submission route,,unknown,INSUFFICIENT,Unknown,Unknown,unknown,,what action the platform supports; the action URL,68,"tier tier2, priority P2",/research/business-directories/opportunities/
EatStreet,Business Directories,United States,united-states,NEEDS_RESEARCH,Research the submission route,,unknown,INSUFFICIENT,Unknown,Unknown,unknown,,what action the platform supports; the action URL,46,"tier tier3, priority P3",/research/business-directories/opportunities/
Eatwild,Business Directories,United States,north-america,NEEDS_RESEARCH,Research the submission route,,unknown,INSUFFICIENT,Unknown,Unknown,unknown,,what action the platform supports; the action URL,46,"tier tier3, priority P3",/research/business-directories/opportunities/
EazyDiner,Business Directories,India,india,NEEDS_RESEARCH,Research the submission route,,unknown,INSUFFICIENT,Unknown,Unknown,unknown,,what action the platform supports; the action URL,68,"tier tier2, priority P2",/research/business-directories/opportunities/
Eclipse Foundation Members,Business Directories,Global,global,NEEDS_RESEARCH,Research the submission route,,unknown,INSUFFICIENT,Unknown,Unknown,unknown,,what action the platform supports; the action URL,64,"tier tier2, priority P3",/research/business-directories/opportunities/
Ecommerce Europe,Business Directories,Global,europe,NEEDS_RESEARCH,Research the submission route,,unknown,INSUFFICIENT,Unknown,Unknown,unknown,,what action the platform supports; the action URL,64,"tier tier2, priority P3",/research/business-directories/opportunities/
EconomyUp,"Media, PR & Publishing",Italy,national,NEEDS_RESEARCH,Research the submission route,,unknown,INSUFFICIENT,Unknown,Unknown,unknown,,what action the platform supports; the action URL,,below the Media Score evidence floor,/research/media-pr-publishing/
Economía Digital,"Media, PR & Publishing",Spain,national,NEEDS_RESEARCH,Research the submission route,,unknown,INSUFFICIENT,Unknown,Unknown,unknown,,what action the platform supports; the action URL,,below the Media Score evidence floor,/research/media-pr-publishing/
Edarabia,Business Directories,Global,middle-east,NEEDS_RESEARCH,Research the submission route,,unknown,INSUFFICIENT,Unknown,Unknown,unknown,,what action the platform supports; the action URL,46,"tier tier3, priority P3",/research/business-directories/opportunities/
Edilportale,Business Directories,Italy,country-specific,NEEDS_RESEARCH,Research the submission route,,unknown,INSUFFICIENT,Unknown,Unknown,unknown,,what action the platform supports; the action URL,68,"tier tier2, priority P2",/research/business-directories/opportunities/
Edison Awards,"Media, PR & Publishing",United States,global,READY,Enter the award,https://edisonawards.com/,paid,MEDIUM,Unknown,Unknown,verified,,,70,Media Score 70 (Good),/research/media-pr-publishing/
Edmunds Dealership Directory,Business Directories,United States,united-states,NEEDS_RESEARCH,Research the submission route,,unknown,INSUFFICIENT,Unknown,Unknown,unknown,,what action the platform supports; the action URL,64,"tier tier2, priority P3",/research/business-directories/opportunities/
Educaweb,Business Directories,Spain,country-specific,NEEDS_RESEARCH,Research the submission route,,unknown,INSUFFICIENT,Unknown,Unknown,unknown,,what action the platform supports; the action URL,46,"tier tier3, priority P3",/research/business-directories/opportunities/
Eet.nu,Business Directories,Netherlands,country-specific,NEEDS_RESEARCH,Research the submission route,,unknown,INSUFFICIENT,Unknown,Unknown,unknown,,what action the platform supports; the action URL,68,"tier tier2, priority P2",/research/business-directories/opportunities/
Ekiten,Business Directories,Japan,japan,NEEDS_RESEARCH,Research the submission route,,unknown,INSUFFICIENT,Unknown,Unknown,unknown,,what action the platform supports; the action URL,94,"tier tier1, priority P1",/research/business-directories/opportunities/
Ekonomichna Pravda,"Media, PR & Publishing",Ukraine,national,NEEDS_RESEARCH,Research the submission route,,unknown,INSUFFICIENT,Unknown,Unknown,unknown,,what action the platform supports; the action URL,,below the Media Score evidence floor,/research/media-pr-publishing/
El Cronista,"Media, PR & Publishing",Argentina,national,NEEDS_RESEARCH,Research the submission route,,unknown,INSUFFICIENT,Unknown,Unknown,unknown,,what action the platform supports; the action URL,,below the Media Score evidence floor,/research/media-pr-publishing/
El Economista,"Media, PR & Publishing",Mexico,national,NEEDS_RESEARCH,Research the submission route,,unknown,INSUFFICIENT,Unknown,Unknown,unknown,,what action the platform supports; the action URL,,below the Media Score evidence floor,/research/media-pr-publishing/
El Financiero,"Media, PR & Publishing",Costa Rica,national,NEEDS_RESEARCH,Research the submission route,,unknown,INSUFFICIENT,Unknown,Unknown,unknown,,what action the platform supports; the action URL,,below the Media Score evidence floor,/research/media-pr-publishing/
El Referente,"Media, PR & Publishing",Spain,national,NEEDS_RESEARCH,Research the submission route,,unknown,INSUFFICIENT,Unknown,Unknown,unknown,,what action the platform supports; the action URL,,below the Media Score evidence floor,/research/media-pr-publishing/
El Salvador Travel,Business Directories,El Salvador,country-specific,NEEDS_RESEARCH,Research the submission route,,unknown,INSUFFICIENT,Unknown,Unknown,unknown,,what action the platform supports; the action URL,64,"tier tier2, priority P3",/research/business-directories/opportunities/
Elastic Find a Partner,Business Directories,Global,global,NEEDS_RESEARCH,Research the submission route,,unknown,INSUFFICIENT,Unknown,Unknown,unknown,,what action the platform supports; the action URL,68,"tier tier2, priority P2",/research/business-directories/opportunities/
Eluta,Business Directories,Canada,canada,NEEDS_RESEARCH,Research the submission route,,unknown,INSUFFICIENT,Unknown,Unknown,unknown,,what action the platform supports; the action URL,64,"tier tier2, priority P3",/research/business-directories/opportunities/
Emagister,Business Directories,Spain,latam,NEEDS_RESEARCH,Research the submission route,,unknown,INSUFFICIENT,Unknown,Unknown,unknown,,what action the platform supports; the action URL,68,"tier tier2, priority P2",/research/business-directories/opportunities/
Emerce,"Media, PR & Publishing",Netherlands,national,NEEDS_RESEARCH,Research the submission route,,free,INSUFFICIENT,Unknown,Unknown,unknown,,the action URL,81,Media Score 81 (Strong),/research/media-pr-publishing/
Emploitic,Marketplace & Classified Platforms,Algeria,,NEEDS_RESEARCH,Research the submission route,,paid,INSUFFICIENT,Unknown,Unknown,unknown,,the action URL,80,"accepts business sellers, paid",/research/marketplaces/
Empresite,Business Directories,Spain,country-specific,NEEDS_RESEARCH,Research the submission route,,unknown,INSUFFICIENT,Unknown,Unknown,unknown,,what action the platform supports; the action URL,68,"tier tier2, priority P2",/research/business-directories/opportunities/
Encar,Marketplace & Classified Platforms,South Korea,,NEEDS_RESEARCH,Research the submission route,,paid,INSUFFICIENT,Unknown,Unknown,unknown,,the action URL,68,"accepts both sellers, paid",/research/marketplaces/
Encontra Niterói,Business Directories,Brazil,regional,NEEDS_RESEARCH,Research the submission route,,free,INSUFFICIENT,Unknown,Unknown,unknown,,what action the platform supports; the action URL,46,"tier tier3, priority P3",/research/business-directories/opportunities/
Encuentra24 Costa Rica,Marketplace & Classified Platforms,Costa Rica,,NEEDS_RESEARCH,Research the submission route,,freemium,INSUFFICIENT,Unknown,Unknown,unknown,,the action URL,77,"accepts both sellers, freemium",/research/marketplaces/
Encuentra24 El Salvador,Marketplace & Classified Platforms,El Salvador,,NEEDS_RESEARCH,Research the submission route,,freemium,INSUFFICIENT,Unknown,Unknown,unknown,,the action URL,77,"accepts both sellers, freemium",/research/marketplaces/
Encuentra24 Guatemala,Marketplace & Classified Platforms,Guatemala,,NEEDS_RESEARCH,Research the submission route,,freemium,INSUFFICIENT,Unknown,Unknown,unknown,,the action URL,77,"accepts both sellers, freemium",/research/marketplaces/
Encuentra24 Honduras,Marketplace & Classified Platforms,Honduras,,NEEDS_RESEARCH,Research the submission route,,freemium,INSUFFICIENT,Unknown,Unknown,unknown,,the action URL,77,"accepts both sellers, freemium",/research/marketplaces/
Encuentra24 Nicaragua,Marketplace & Classified Platforms,Nicaragua,,NEEDS_RESEARCH,Research the submission route,,freemium,INSUFFICIENT,Unknown,Unknown,unknown,,the action URL,77,"accepts both sellers, freemium",/research/marketplaces/
Encuentra24 Panamá,Marketplace & Classified Platforms,Panama,,NEEDS_RESEARCH,Research the submission route,,freemium,INSUFFICIENT,Unknown,Unknown,unknown,,the action URL,77,"accepts both sellers, freemium",/research/marketplaces/
Encuentren.ME,Business Directories,Mexico,country-specific,NEEDS_RESEARCH,Research the submission route,,unknown,INSUFFICIENT,Unknown,Unknown,unknown,,what action the platform supports; the action URL,46,"tier tier3, priority P3",/research/business-directories/opportunities/
Endeavor Argentina,Business Directories,Argentina,latam,NEEDS_RESEARCH,Research the submission route,,unknown,INSUFFICIENT,Unknown,Unknown,unknown,,what action the platform supports; the action URL,64,"tier tier2, priority P3",/research/business-directories/opportunities/
Energy-Storage.news,"Media, PR & Publishing",United Kingdom,global,READY,Submit company news,https://www.energy-storage.news/contact/,free,MEDIUM,Unknown,Unknown,verified,,,89,Media Score 89 (Exceptional),/research/media-pr-publishing/
Engineering News-Record,"Media, PR & Publishing",United States,national,READY,Submit company news,https://www.enr.com/events/new,unknown,LOW,Unknown,Unknown,verified,,,86,Media Score 86 (Strong),/research/media-pr-publishing/
Engocha,Marketplace & Classified Platforms,Ethiopia,,NEEDS_BROWSER,Verify the route in a browser,,freemium,INSUFFICIENT,Unknown,Unknown,unknown,,the action URL,69,"accepts both sellers, freemium",/research/marketplaces/
Eniro,Business Directories,Sweden,nordics,NEEDS_RESEARCH,Research the submission route,,unknown,INSUFFICIENT,Unknown,Unknown,unknown,,what action the platform supports; the action URL,94,"tier tier1, priority P1",/research/business-directories/opportunities/
Enjoei,Business Directories,Brazil,country-specific,NEEDS_RESEARCH,Research the submission route,,unknown,INSUFFICIENT,Unknown,Unknown,unknown,,what action the platform supports; the action URL,64,"tier tier2, priority P3",/research/business-directories/opportunities/
Enjoei,Marketplace & Classified Platforms,Brazil,,NEEDS_RESEARCH,Research the submission route,,freemium,INSUFFICIENT,Unknown,Unknown,unknown,,the action URL,74,"accepts both sellers, freemium",/research/marketplaces/
EnrollBusiness,Business Directories,Global,global,NEEDS_BROWSER,Verify the route in a browser,,unknown,INSUFFICIENT,Unknown,Unknown,unknown,,what action the platform supports; the action URL,46,"tier tier3, priority P3",/research/business-directories/opportunities/
EnterpriseAM Egypt,"Media, PR & Publishing",Egypt,national,NEEDS_RESEARCH,Research the submission route,,unknown,INSUFFICIENT,Unknown,Unknown,unknown,,what action the platform supports; the action URL,,below the Media Score evidence floor,/research/media-pr-publishing/
Entrackr,"Media, PR & Publishing",India,national,NEEDS_RESEARCH,Research the submission route,,unknown,INSUFFICIENT,Unknown,Unknown,unknown,,what action the platform supports; the action URL,,below the Media Score evidence floor,/research/media-pr-publishing/
Entrepreneur First,Business Directories,United Kingdom,global,NEEDS_RESEARCH,Research the submission route,,unknown,INSUFFICIENT,Unknown,Unknown,unknown,,what action the platform supports; the action URL,64,"tier tier2, priority P3",/research/business-directories/opportunities/
Entrepreneur Leadership Network,"Media, PR & Publishing",United States,global,READY,Submit a contributed article,https://www.entrepreneur.com/leadership-network,paid,MEDIUM,Unknown,Unknown,verified,,,84,Media Score 84 (Strong),/research/media-pr-publishing/
Entreprises Québécoises,Business Directories,Canada,regional,NEEDS_RESEARCH,Research the submission route,,unknown,INSUFFICIENT,Unknown,Unknown,unknown,,what action the platform supports; the action URL,46,"tier tier3, priority P3",/research/business-directories/opportunities/
Enuri,Business Directories,South Korea,country-specific,NEEDS_RESEARCH,Research the submission route,,unknown,INSUFFICIENT,Unknown,Unknown,unknown,,what action the platform supports; the action URL,64,"tier tier2, priority P3",/research/business-directories/opportunities/
EquipmentTrader,Business Directories,United States,united-states,NEEDS_BROWSER,Verify the route in a browser,,unknown,INSUFFICIENT,Unknown,Unknown,unknown,,what action the platform supports; the action URL,46,"tier tier3, priority P3",/research/business-directories/opportunities/
Ergodotisi,Marketplace & Classified Platforms,Cyprus,,NEEDS_RESEARCH,Research the submission route,,paid,INSUFFICIENT,Unknown,Unknown,unknown,,the action URL,80,"accepts business sellers, paid",/research/marketplaces/
Ethiojobs,Marketplace & Classified Platforms,Ethiopia,,NEEDS_RESEARCH,Research the submission route,,paid,INSUFFICIENT,Unknown,Unknown,unknown,,the action URL,80,"accepts business sellers, paid",/research/marketplaces/
Ethiopian Chamber of Commerce,Business Directories,Ethiopia,country-specific,NEEDS_RESEARCH,Research the submission route,,unknown,INSUFFICIENT,Unknown,Unknown,unknown,,what action the platform supports; the action URL,86,"tier tier1, priority P2",/research/business-directories/opportunities/
Etsy,Marketplace & Classified Platforms,United States,,NEEDS_BROWSER,Verify the route in a browser,,paid,INSUFFICIENT,Unknown,Unknown,unknown,,the action URL,63,"accepts both sellers, paid",/research/marketplaces/
Europages,Business Directories,Global,europe; global,NEEDS_RESEARCH,Research the submission route,,unknown,INSUFFICIENT,Unknown,Unknown,unknown,,what action the platform supports; the action URL,94,"tier tier1, priority P1",/research/business-directories/opportunities/
Eventbrite,Business Directories,Global,global,NEEDS_RESEARCH,Research the submission route,,unknown,INSUFFICIENT,Unknown,Unknown,unknown,,what action the platform supports; the action URL,82,"tier tier1, priority P3",/research/business-directories/opportunities/
Eventective,Business Directories,United States,north-america,READY,Create a business profile,https://www.eventective.com/addlisting,unknown,LOW,Unknown,Unknown,verified,,,56,"tier tier3, priority P3",/research/business-directories/opportunities/
Exame,"Media, PR & Publishing",Brazil,national,NEEDS_RESEARCH,Research the submission route,,unknown,INSUFFICIENT,Unknown,Unknown,unknown,,what action the platform supports; the action URL,,below the Media Score evidence floor,/research/media-pr-publishing/
Expansión,"Media, PR & Publishing",Spain,national,NEEDS_RESEARCH,Research the submission route,,unknown,INSUFFICIENT,Unknown,Unknown,unknown,,what action the platform supports; the action URL,,below the Media Score evidence floor,/research/media-pr-publishing/
Expansión,"Media, PR & Publishing",Mexico,national,NEEDS_RESEARCH,Research the submission route,,unknown,INSUFFICIENT,Unknown,Unknown,unknown,,what action the platform supports; the action URL,,below the Media Score evidence floor,/research/media-pr-publishing/
Expansión Directorio de Empresas,Business Directories,Spain,country-specific,NEEDS_RESEARCH,Research the submission route,,unknown,INSUFFICIENT,Unknown,Unknown,unknown,,what action the platform supports; the action URL,46,"tier tier3, priority P3",/research/business-directories/opportunities/
Expat.com,Business Directories,Global,global,NEEDS_RESEARCH,Research the submission route,,unknown,INSUFFICIENT,Unknown,Unknown,unknown,,what action the platform supports; the action URL,46,"tier tier3, priority P3",/research/business-directories/opportunities/
Expedia Partner Central,Business Directories,Global,global,NEEDS_RESEARCH,Research the submission route,,unknown,INSUFFICIENT,Unknown,Unknown,unknown,,what action the platform supports; the action URL,94,"tier tier1, priority P1",/research/business-directories/opportunities/
Expertise Finder,"Media, PR & Publishing",Canada,global,NEEDS_RESEARCH,Research the submission route,,freemium,INSUFFICIENT,Unknown,Unknown,unknown,,the action URL,64,Media Score 64 (Moderate),/research/media-pr-publishing/
Expertise.com,Business Directories,United States,united-states,NEEDS_RESEARCH,Research the submission route,,unknown,INSUFFICIENT,Unknown,Unknown,unknown,,what action the platform supports; the action URL,64,"tier tier2, priority P3",/research/business-directories/opportunities/
ExportHub,Business Directories,Global,asia; global,NEEDS_BROWSER,Verify the route in a browser,,unknown,INSUFFICIENT,Unknown,Unknown,unknown,,what action the platform supports; the action URL,46,"tier tier3, priority P3",/research/business-directories/opportunities/
Exporters.SG,Business Directories,Singapore,global,NEEDS_RESEARCH,Research the submission route,,unknown,INSUFFICIENT,Unknown,Unknown,unknown,,what action the platform supports; the action URL,64,"tier tier2, priority P3",/research/business-directories/opportunities/
ExportersIndia,Business Directories,Global,asia; india,NEEDS_RESEARCH,Research the submission route,,unknown,INSUFFICIENT,Unknown,Unknown,unknown,,what action the platform supports; the action URL,68,"tier tier2, priority P2",/research/business-directories/opportunities/
Exportpages,Business Directories,Germany,dach; europe,NEEDS_RESEARCH,Research the submission route,,unknown,INSUFFICIENT,Unknown,Unknown,unknown,,what action the platform supports; the action URL,68,"tier tier2, priority P2",/research/business-directories/opportunities/
Express Business Directory,Business Directories,Global,global,READY,Create a business profile,https://www.expressbusinessdirectory.com/search-result/,free,LOW,Unknown,Unknown,verified,,,56,"tier tier3, priority P3",/research/business-directories/opportunities/
Ezega,Business Directories,Ethiopia,country-specific,NEEDS_RESEARCH,Research the submission route,,unknown,INSUFFICIENT,Unknown,Unknown,unknown,,what action the platform supports; the action URL,68,"tier tier2, priority P2",/research/business-directories/opportunities/
F-Droid,Business Directories,Global,global,NEEDS_RESEARCH,Research the submission route,,free,INSUFFICIENT,Unknown,Unknown,unknown,,what action the platform supports; the action URL,60,"tier tier2, priority P3",/research/business-directories/opportunities/
F6S,Business Directories,Global,global,NEEDS_RESEARCH,Research the submission route,,unknown,INSUFFICIENT,Unknown,Instant,unknown,,what action the platform supports; the action URL,68,"tier tier2, priority P2",/research/business-directories/opportunities/
FBCCI,Business Directories,Bangladesh,country-specific,NEEDS_RESEARCH,Research the submission route,,unknown,INSUFFICIENT,Unknown,Unknown,unknown,,what action the platform supports; the action URL,86,"tier tier1, priority P2",/research/business-directories/opportunities/
FIATA,Business Directories,Global,global,NEEDS_RESEARCH,Research the submission route,,unknown,INSUFFICIENT,Unknown,Unknown,unknown,,what action the platform supports; the action URL,86,"tier tier1, priority P2",/research/business-directories/opportunities/
FICCI,Business Directories,India,india,NEEDS_RESEARCH,Research the submission route,,unknown,INSUFFICIENT,Unknown,Unknown,unknown,,what action the platform supports; the action URL,82,"tier tier1, priority P3",/research/business-directories/opportunities/
FIEO,Business Directories,India,india,NEEDS_BROWSER,Verify the route in a browser,,unknown,INSUFFICIENT,Unknown,Unknown,unknown,,what action the platform supports; the action URL,86,"tier tier1, priority P2",/research/business-directories/opportunities/
FIESP,Business Directories,Brazil,regional,NEEDS_BROWSER,Verify the route in a browser,,unknown,INSUFFICIENT,Unknown,Unknown,unknown,,what action the platform supports; the action URL,64,"tier tier2, priority P3",/research/business-directories/opportunities/
FINN.no,Business Directories,Norway,country-specific,NEEDS_RESEARCH,Research the submission route,,unknown,INSUFFICIENT,Unknown,Unknown,unknown,,what action the platform supports; the action URL,86,"tier tier1, priority P2",/research/business-directories/opportunities/
FINN.no,Marketplace & Classified Platforms,Norway,,NEEDS_RESEARCH,Research the submission route,,freemium,INSUFFICIENT,Unknown,Unknown,unknown,,the action URL,77,"accepts both sellers, freemium",/research/marketplaces/
FME,Business Directories,Netherlands,country-specific,NEEDS_RESEARCH,Research the submission route,,unknown,INSUFFICIENT,Unknown,Unknown,unknown,,what action the platform supports; the action URL,64,"tier tier2, priority P3",/research/business-directories/opportunities/
FNCCI,Business Directories,Nepal,country-specific,NEEDS_RESEARCH,Research the submission route,,unknown,INSUFFICIENT,Unknown,Unknown,unknown,,what action the platform supports; the action URL,86,"tier tier1, priority P2",/research/business-directories/opportunities/
FPCCI,Business Directories,Pakistan,country-specific,NEEDS_RESEARCH,Research the submission route,,unknown,INSUFFICIENT,Unknown,Unknown,unknown,,what action the platform supports; the action URL,86,"tier tier1, priority P2",/research/business-directories/opportunities/
Facebook Business Page,Business Directories,Global,global,NEEDS_RESEARCH,Research the submission route,,unknown,INSUFFICIENT,Unknown,Unknown,unknown,,what action the platform supports; the action URL,94,"tier tier1, priority P1",/research/business-directories/opportunities/
Faire,Marketplace & Classified Platforms,United States,,NEEDS_RESEARCH,Research the submission route,,freemium,INSUFFICIENT,Unknown,Unknown,unknown,,the action URL,86,"accepts business sellers, freemium",/research/marketplaces/
Farm Progress,"Media, PR & Publishing",United States,national,NEEDS_RESEARCH,Research the submission route,,free,INSUFFICIENT,Unknown,Unknown,unknown,,the action URL,80,Media Score 80 (Strong),/research/media-pr-publishing/
Farmer's Market Online,Business Directories,United States,united-states,NEEDS_RESEARCH,Research the submission route,,unknown,INSUFFICIENT,Unknown,Unknown,unknown,,what action the platform supports; the action URL,46,"tier tier3, priority P3",/research/business-directories/opportunities/
Fazier,"Media, PR & Publishing",United States,global,NEEDS_RESEARCH,Research the submission route,,freemium,INSUFFICIENT,Unknown,Unknown,unknown,,the action URL,66,Media Score 66 (Good),/research/media-pr-publishing/
Featured,"Media, PR & Publishing",United States,global,NEEDS_RESEARCH,Research the submission route,,freemium,INSUFFICIENT,Unknown,Unknown,unknown,,the action URL,64,Media Score 64 (Moderate),/research/media-pr-publishing/
Federation of Malaysian Manufacturers,Business Directories,Malaysia,country-specific,NEEDS_RESEARCH,Research the submission route,,unknown,INSUFFICIENT,Unknown,Unknown,unknown,,what action the platform supports; the action URL,86,"tier tier1, priority P2",/research/business-directories/opportunities/
Federation of Master Builders,Business Directories,United Kingdom,united-kingdom,NEEDS_RESEARCH,Research the submission route,,unknown,INSUFFICIENT,Unknown,Unknown,unknown,,what action the platform supports; the action URL,64,"tier tier2, priority P3",/research/business-directories/opportunities/
Federation of Small Businesses,Business Directories,United Kingdom,united-kingdom,NEEDS_BROWSER,Verify the route in a browser,,unknown,INSUFFICIENT,Unknown,Unknown,unknown,,what action the platform supports; the action URL,64,"tier tier2, priority P3",/research/business-directories/opportunities/
Federation of Thai Industries,Business Directories,Thailand,country-specific,NEEDS_RESEARCH,Research the submission route,,unknown,INSUFFICIENT,Unknown,Unknown,unknown,,what action the platform supports; the action URL,86,"tier tier1, priority P2",/research/business-directories/opportunities/
Federfarma,Business Directories,Italy,country-specific,NEEDS_RESEARCH,Research the submission route,,unknown,INSUFFICIENT,Unknown,Unknown,unknown,,what action the platform supports; the action URL,64,"tier tier2, priority P3",/research/business-directories/opportunities/
Feedback Company,Business Directories,Netherlands,country-specific,NEEDS_RESEARCH,Research the submission route,,unknown,INSUFFICIENT,Unknown,Unknown,unknown,,what action the platform supports; the action URL,64,"tier tier2, priority P3",/research/business-directories/opportunities/
Feedstuffs,"Media, PR & Publishing",United States,national,NEEDS_RESEARCH,Research the submission route,,unknown,INSUFFICIENT,Unknown,Unknown,unknown,,what action the platform supports; the action URL,,below the Media Score evidence floor,/research/media-pr-publishing/
Feefo,Business Directories,Global,global; united-kingdom,NEEDS_RESEARCH,Research the submission route,,unknown,INSUFFICIENT,Unknown,Unknown,unknown,,what action the platform supports; the action URL,68,"tier tier2, priority P2",/research/business-directories/opportunities/
Fibre2Fashion,Business Directories,Global,global,NEEDS_RESEARCH,Research the submission route,,unknown,INSUFFICIENT,Unknown,Unknown,unknown,,what action the platform supports; the action URL,68,"tier tier2, priority P2",/research/business-directories/opportunities/
Fierce Healthcare,"Media, PR & Publishing",United States,national,NEEDS_RESEARCH,Research the submission route,,unknown,INSUFFICIENT,Unknown,Unknown,unknown,,what action the platform supports; the action URL,,below the Media Score evidence floor,/research/media-pr-publishing/
Fierce Network,"Media, PR & Publishing",United States,global,NEEDS_RESEARCH,Research the submission route,,unknown,INSUFFICIENT,Unknown,Unknown,unknown,,what action the platform supports; the action URL,,below the Media Score evidence floor,/research/media-pr-publishing/
Figma Community,Business Directories,Global,global,NEEDS_RESEARCH,Research the submission route,,unknown,INSUFFICIENT,Unknown,Unknown,unknown,,what action the platform supports; the action URL,86,"tier tier1, priority P2",/research/business-directories/opportunities/
Finance,"Media, PR & Publishing",Slovenia,national,NEEDS_RESEARCH,Research the submission route,,unknown,INSUFFICIENT,Unknown,Unknown,unknown,,what action the platform supports; the action URL,,below the Media Score evidence floor,/research/media-pr-publishing/
Financial Mirror,"Media, PR & Publishing",Cyprus,national,NEEDS_RESEARCH,Research the submission route,,unknown,INSUFFICIENT,Unknown,Unknown,unknown,,what action the platform supports; the action URL,,below the Media Score evidence floor,/research/media-pr-publishing/
Finans,"Media, PR & Publishing",Denmark,national,NEEDS_RESEARCH,Research the submission route,,unknown,INSUFFICIENT,Unknown,Unknown,unknown,,what action the platform supports; the action URL,,below the Media Score evidence floor,/research/media-pr-publishing/
Fincaraíz,Marketplace & Classified Platforms,Colombia,,NEEDS_RESEARCH,Research the submission route,,paid,INSUFFICIENT,Unknown,Unknown,unknown,,the action URL,68,"accepts both sellers, paid",/research/marketplaces/
FindLaw,Business Directories,United States,united-states,NEEDS_RESEARCH,Research the submission route,,unknown,INSUFFICIENT,Unknown,Unknown,unknown,,what action the platform supports; the action URL,86,"tier tier1, priority P2",/research/business-directories/opportunities/
Finder.fi,Business Directories,Finland,nordics,NEEDS_RESEARCH,Research the submission route,,unknown,INSUFFICIENT,Unknown,Unknown,unknown,,what action the platform supports; the action URL,94,"tier tier1, priority P1",/research/business-directories/opportunities/
Finelib,Business Directories,Nigeria,country-specific,READY,Create a business profile,https://www.finelib.com/add.php,unknown,LOW,Unknown,Unknown,verified,,,78,"tier tier2, priority P2",/research/business-directories/opportunities/
Finextra,"Media, PR & Publishing",United Kingdom,global,NEEDS_RESEARCH,Research the submission route,,unknown,INSUFFICIENT,Unknown,Unknown,unknown,,what action the platform supports; the action URL,,below the Media Score evidence floor,/research/media-pr-publishing/
Firm.BG,Business Directories,Bulgaria,country-specific,NEEDS_RESEARCH,Research the submission route,,free,INSUFFICIENT,Unknown,Unknown,unknown,,the action URL,56,"tier tier3, priority P3",/research/business-directories/opportunities/
Firma Blizko,Business Directories,Czech Republic,country-specific,READY,Create a business profile,https://www.firmablizko.cz/front.add/choose-plan,unknown,LOW,Unknown,Unknown,verified,,,56,"tier tier3, priority P3",/research/business-directories/opportunities/
Firma-Finden,Business Directories,Switzerland,country-specific,READY,Create a business profile,https://www.firma-finden.ch/join,unknown,LOW,Unknown,Unknown,verified,,,56,"tier tier3, priority P3",/research/business-directories/opportunities/
Firmania Belgique,Business Directories,Belgium,country-specific,NEEDS_RESEARCH,Research the submission route,,unknown,INSUFFICIENT,Unknown,Unknown,unknown,,what action the platform supports; the action URL,46,"tier tier3, priority P3",/research/business-directories/opportunities/
Firmania Danmark,Business Directories,Denmark,country-specific,NEEDS_RESEARCH,Research the submission route,,unknown,INSUFFICIENT,Unknown,Unknown,unknown,,what action the platform supports; the action URL,46,"tier tier3, priority P3",/research/business-directories/opportunities/
Firmania España,Business Directories,Spain,country-specific,NEEDS_RESEARCH,Research the submission route,,unknown,INSUFFICIENT,Unknown,Unknown,unknown,,what action the platform supports; the action URL,46,"tier tier3, priority P3",/research/business-directories/opportunities/
Firmania France,Business Directories,France,country-specific,NEEDS_RESEARCH,Research the submission route,,unknown,INSUFFICIENT,Unknown,Unknown,unknown,,what action the platform supports; the action URL,46,"tier tier3, priority P3",/research/business-directories/opportunities/
Firmania Italia,Business Directories,Italy,country-specific,NEEDS_BROWSER,Verify the route in a browser,,unknown,INSUFFICIENT,Unknown,Unknown,unknown,,what action the platform supports; the action URL,46,"tier tier3, priority P3",/research/business-directories/opportunities/
Firmania Nederland,Business Directories,Netherlands,country-specific,NEEDS_RESEARCH,Research the submission route,,unknown,INSUFFICIENT,Unknown,Unknown,unknown,,what action the platform supports; the action URL,46,"tier tier3, priority P3",/research/business-directories/opportunities/
Firmania Polska,Business Directories,Poland,country-specific,NEEDS_RESEARCH,Research the submission route,,unknown,INSUFFICIENT,Unknown,Unknown,unknown,,what action the platform supports; the action URL,46,"tier tier3, priority P3",/research/business-directories/opportunities/
Firmania Schweiz,Business Directories,Switzerland,country-specific,NEEDS_RESEARCH,Research the submission route,,unknown,INSUFFICIENT,Unknown,Unknown,unknown,,what action the platform supports; the action URL,46,"tier tier3, priority P3",/research/business-directories/opportunities/
Firmania Sverige,Business Directories,Sweden,country-specific,NEEDS_RESEARCH,Research the submission route,,unknown,INSUFFICIENT,Unknown,Unknown,unknown,,what action the platform supports; the action URL,46,"tier tier3, priority P3",/research/business-directories/opportunities/
Firmania Österreich,Business Directories,Austria,dach,NEEDS_RESEARCH,Research the submission route,,unknown,INSUFFICIENT,Unknown,Unknown,unknown,,what action the platform supports; the action URL,46,"tier tier3, priority P3",/research/business-directories/opportunities/
Firmas.lv,Business Directories,Latvia,european-union,NEEDS_RESEARCH,Research the submission route,,unknown,INSUFFICIENT,Unknown,Unknown,unknown,,what action the platform supports; the action URL,68,"tier tier2, priority P2",/research/business-directories/opportunities/
Firme.md,Business Directories,Moldova,country-specific,NEEDS_RESEARCH,Research the submission route,,unknown,INSUFFICIENT,Unknown,Unknown,unknown,,what action the platform supports; the action URL,46,"tier tier3, priority P3",/research/business-directories/opportunities/
FirmenABC,Business Directories,Austria,dach,NEEDS_BROWSER,Verify the route in a browser,,unknown,INSUFFICIENT,Unknown,Unknown,unknown,,what action the platform supports; the action URL,68,"tier tier2, priority P2",/research/business-directories/opportunities/
FirmenDB,Business Directories,Germany,dach,NEEDS_RESEARCH,Research the submission route,,unknown,INSUFFICIENT,Unknown,Unknown,unknown,,what action the platform supports; the action URL,46,"tier tier3, priority P3",/research/business-directories/opportunities/
Firmeneintrag.de,Business Directories,Germany,dach,READY,Create a business profile,https://firmeneintrag.de/firmeneintrag-erstellen/,free,LOW,Unknown,Unknown,verified,,,56,"tier tier3, priority P3",/research/business-directories/opportunities/
Firmenindex Deutschland,Business Directories,Germany,dach,NEEDS_RESEARCH,Research the submission route,,free,INSUFFICIENT,Unknown,Unknown,unknown,,what action the platform supports; the action URL,46,"tier tier3, priority P3",/research/business-directories/opportunities/
Firmenpresse,Business Directories,Germany,dach,NEEDS_RESEARCH,Research the submission route,,free,INSUFFICIENT,Unknown,Unknown,unknown,,what action the platform supports; the action URL,46,"tier tier3, priority P3",/research/business-directories/opportunities/
Firmy.cz,Business Directories,Czech Republic,country-specific,READY,Create a business profile,https://admin.firmy.cz/pridat-firmu-zaciname/1,free,MEDIUM,Easy,Unknown,verified,,,100,"tier tier1, priority P1",/research/business-directories/opportunities/
Firmy.net,Business Directories,Poland,country-specific,READY,Create a business profile,https://www.firmy.net/dodaj-firme,free,MEDIUM,Easy,Unknown,verified,,,92,"tier tier1, priority P3",/research/business-directories/opportunities/
Firmy.pl,Business Directories,Poland,country-specific,NEEDS_RESEARCH,Research the submission route,,unknown,INSUFFICIENT,Unknown,Unknown,unknown,,what action the platform supports; the action URL,46,"tier tier3, priority P3",/research/business-directories/opportunities/
Fishburners,Business Directories,Australia,australia,NEEDS_RESEARCH,Research the submission route,,unknown,INSUFFICIENT,Unknown,Unknown,unknown,,what action the platform supports; the action URL,64,"tier tier2, priority P3",/research/business-directories/opportunities/
Fiverr,Business Directories,Global,global,NEEDS_RESEARCH,Research the submission route,,unknown,INSUFFICIENT,Unknown,Unknown,unknown,,what action the platform supports; the action URL,86,"tier tier1, priority P2",/research/business-directories/opportunities/
Fixly,Business Directories,Poland,country-specific,NEEDS_RESEARCH,Research the submission route,,unknown,INSUFFICIENT,Unknown,Unknown,unknown,,what action the platform supports; the action URL,64,"tier tier2, priority P3",/research/business-directories/opportunities/
Flathub,Business Directories,Global,global,NEEDS_RESEARCH,Research the submission route,,free,INSUFFICIENT,Unknown,Unknown,unknown,,what action the platform supports; the action URL,78,"tier tier1, priority P3",/research/business-directories/opportunities/
Florida Trend,"Media, PR & Publishing",United States,local,NEEDS_RESEARCH,Research the submission route,,unknown,INSUFFICIENT,Unknown,Unknown,unknown,,what action the platform supports; the action URL,,below the Media Score evidence floor,/research/media-pr-publishing/
Fonecta,Business Directories,Finland,nordics,NEEDS_RESEARCH,Research the submission route,,unknown,INSUFFICIENT,Unknown,Unknown,unknown,,what action the platform supports; the action URL,94,"tier tier1, priority P1",/research/business-directories/opportunities/
Food Business News,"Media, PR & Publishing",United States,national,NEEDS_RESEARCH,Research the submission route,,unknown,INSUFFICIENT,Unknown,Unknown,unknown,,what action the platform supports; the action URL,,below the Media Score evidence floor,/research/media-pr-publishing/
Food Dive,"Media, PR & Publishing",United States,national,READY,Pitch the editorial team,https://www.fooddive.com/submit-tip/,free,LOW,Unknown,Unknown,verified,,,89,Media Score 89 (Exceptional),/research/media-pr-publishing/
Food Manufacturing,"Media, PR & Publishing",United States,national,NEEDS_RESEARCH,Research the submission route,,unknown,INSUFFICIENT,Unknown,Unknown,unknown,,what action the platform supports; the action URL,,below the Media Score evidence floor,/research/media-pr-publishing/
Foodora Sverige,Business Directories,Sweden,country-specific,NEEDS_RESEARCH,Research the submission route,,unknown,INSUFFICIENT,Unknown,Unknown,unknown,,what action the platform supports; the action URL,68,"tier tier2, priority P2",/research/business-directories/opportunities/
Foody,Business Directories,Vietnam,country-specific,NEEDS_RESEARCH,Research the submission route,,unknown,INSUFFICIENT,Unknown,Unknown,unknown,,what action the platform supports; the action URL,86,"tier tier1, priority P2",/research/business-directories/opportunities/
ForConstructionPros,"Media, PR & Publishing",United States,national,NEEDS_RESEARCH,Research the submission route,,unknown,INSUFFICIENT,Unknown,Unknown,unknown,,what action the platform supports; the action URL,,below the Media Score evidence floor,/research/media-pr-publishing/
Forbes,"Media, PR & Publishing",United States,global,READY,Submit company news,https://www.forbes.com/sites/forbesstaff/article/tips-and-confidential-sources/,unknown,LOW,Unknown,Unknown,verified,,,88,Media Score 88 (Exceptional),/research/media-pr-publishing/
Forbes Councils,"Media, PR & Publishing",United States,global,NEEDS_RESEARCH,Research the submission route,,paid,INSUFFICIENT,Unknown,Unknown,unknown,,the action URL,77,Media Score 77 (Good),/research/media-pr-publishing/
Forbes México,"Media, PR & Publishing",Mexico,national,NEEDS_RESEARCH,Research the submission route,,unknown,INSUFFICIENT,Unknown,Unknown,unknown,,what action the platform supports; the action URL,,below the Media Score evidence floor,/research/media-pr-publishing/
Fordaq,Business Directories,Global,europe,NEEDS_BROWSER,Verify the route in a browser,,unknown,INSUFFICIENT,Unknown,Unknown,unknown,,what action the platform supports; the action URL,64,"tier tier2, priority P3",/research/business-directories/opportunities/
Forkwell,Business Directories,Japan,japan,NEEDS_RESEARCH,Research the submission route,,unknown,INSUFFICIENT,Unknown,Unknown,unknown,,what action the platform supports; the action URL,46,"tier tier3, priority P3",/research/business-directories/opportunities/
Fortinet Partner Locator,Business Directories,Global,global,NEEDS_RESEARCH,Research the submission route,,unknown,INSUFFICIENT,Unknown,Unknown,unknown,,what action the platform supports; the action URL,68,"tier tier2, priority P2",/research/business-directories/opportunities/
Fortune,"Media, PR & Publishing",United States,global,NEEDS_RESEARCH,Research the submission route,,unknown,INSUFFICIENT,Unknown,Unknown,unknown,,what action the platform supports; the action URL,,below the Media Score evidence floor,/research/media-pr-publishing/
Foursquare Places,Business Directories,Global,global,NEEDS_RESEARCH,Research the submission route,,unknown,INSUFFICIENT,Unknown,Unknown,unknown,,what action the platform supports; the action URL,64,"tier tier2, priority P2",/research/business-directories/opportunities/
France Territoires,Business Directories,France,country-specific,NEEDS_RESEARCH,Research the submission route,,unknown,INSUFFICIENT,Unknown,Unknown,unknown,,what action the platform supports; the action URL,46,"tier tier3, priority P3",/research/business-directories/opportunities/
FreeIndex,Business Directories,United Kingdom,united-kingdom,READY,Create a business profile,https://www.freeindex.co.uk/signup.htm,freemium,MEDIUM,Easy,Unknown,verified,,,96,"tier tier1, priority P2",/research/business-directories/opportunities/
FreeListingUSA,Business Directories,United States,united-states,READY,Create a business profile,https://www.freelistingusa.com/create-listing,free,LOW,Unknown,Unknown,verified,,,56,"tier tier3, priority P3",/research/business-directories/opportunities/
Freeads,Marketplace & Classified Platforms,United Kingdom,,NEEDS_BROWSER,Verify the route in a browser,,freemium,INSUFFICIENT,Unknown,Unknown,unknown,,the action URL,69,"accepts both sellers, freemium",/research/marketplaces/
Freelancer.com,Business Directories,Global,global,NEEDS_RESEARCH,Research the submission route,,unknown,INSUFFICIENT,Unknown,Unknown,unknown,,what action the platform supports; the action URL,82,"tier tier1, priority P3",/research/business-directories/opportunities/
FreightWaves,"Media, PR & Publishing",United States,national,NEEDS_RESEARCH,Check what action the platform supports,https://www.freightwaves.com/contact-us,free,INSUFFICIENT,Unknown,Unknown,verified,,a route matching the stated action,87,Media Score 87 (Strong),/research/media-pr-publishing/
FrenchWeb,"Media, PR & Publishing",France,national,NEEDS_RESEARCH,Research the submission route,,unknown,INSUFFICIENT,Unknown,Unknown,unknown,,what action the platform supports; the action URL,,below the Media Score evidence floor,/research/media-pr-publishing/
Fresha,Business Directories,Global,global,NEEDS_RESEARCH,Research the submission route,,unknown,INSUFFICIENT,Unknown,Unknown,unknown,,what action the platform supports; the action URL,94,"tier tier1, priority P1",/research/business-directories/opportunities/
Freshersworld,Business Directories,India,india,NEEDS_RESEARCH,Research the submission route,,unknown,INSUFFICIENT,Unknown,Unknown,unknown,,what action the platform supports; the action URL,64,"tier tier2, priority P3",/research/business-directories/opportunities/
Future Farming,"Media, PR & Publishing",Netherlands,national,NEEDS_RESEARCH,Research the submission route,,unknown,INSUFFICIENT,Unknown,Unknown,unknown,,what action the platform supports; the action URL,,below the Media Score evidence floor,/research/media-pr-publishing/
Future Startup,"Media, PR & Publishing",Bangladesh,national,READY,Submit a contributed article,https://futurestartup.com/2015/06/17/introducing-fs-network/,unknown,LOW,Unknown,Unknown,verified,,,84,Media Score 84 (Strong),/research/media-pr-publishing/
Futurepedia,Business Directories,Global,global,NEEDS_RESEARCH,Research the submission route,,unknown,INSUFFICIENT,Unknown,Unknown,unknown,,what action the platform supports; the action URL,94,"tier tier1, priority P1",/research/business-directories/opportunities/
Fyple,Business Directories,United States,united-states,READY,Create a business profile,https://www.fyple.com/addcompany/addcompany/,unknown,LOW,Unknown,Unknown,verified,,,56,"tier tier3, priority P3",/research/business-directories/opportunities/
Fédération Française du Bâtiment,Business Directories,France,country-specific,NEEDS_RESEARCH,Research the submission route,,unknown,INSUFFICIENT,Unknown,Unknown,unknown,,what action the platform supports; the action URL,64,"tier tier2, priority P3",/research/business-directories/opportunities/
Företagsfakta,Business Directories,Sweden,nordics,NEEDS_RESEARCH,Research the submission route,,unknown,INSUFFICIENT,Unknown,Unknown,unknown,,what action the platform supports; the action URL,46,"tier tier3, priority P3",/research/business-directories/opportunities/
G2,Business Directories,Global,global,NEEDS_BROWSER,Verify the route in a browser,https://www.g2.com/products/new,unknown,INSUFFICIENT,Moderate,Unknown,verified,,,100,"tier tier1, priority P1",/research/business-directories/opportunities/
GAF Contractor Locator,Business Directories,United States,united-states,NEEDS_RESEARCH,Research the submission route,,unknown,INSUFFICIENT,Unknown,Unknown,unknown,,what action the platform supports; the action URL,64,"tier tier2, priority P3",/research/business-directories/opportunities/
GWA,Business Directories,Germany,dach,NEEDS_RESEARCH,Research the submission route,,unknown,INSUFFICIENT,Unknown,Unknown,unknown,,what action the platform supports; the action URL,64,"tier tier2, priority P3",/research/business-directories/opportunities/
Gambero Rosso,Business Directories,Italy,country-specific,NEEDS_RESEARCH,Research the submission route,,unknown,INSUFFICIENT,Unknown,Unknown,unknown,,what action the platform supports; the action URL,86,"tier tier1, priority P2",/research/business-directories/opportunities/
Gartner Peer Insights,Business Directories,Global,global,READY,Create a business profile,https://www.gartner.com/peer-insights/vendor-portal/overview,free,LOW,Unknown,Unknown,verified,,,100,"tier tier1, priority P1",/research/business-directories/opportunities/
Gastro.ch,Business Directories,Switzerland,country-specific,NEEDS_RESEARCH,Research the submission route,,unknown,INSUFFICIENT,Unknown,Unknown,unknown,,what action the platform supports; the action URL,46,"tier tier3, priority P3",/research/business-directories/opportunities/
Gault&Millau,Business Directories,France,europe,NEEDS_RESEARCH,Research the submission route,,unknown,INSUFFICIENT,Unknown,Unknown,unknown,,what action the platform supports; the action URL,64,"tier tier2, priority P3",/research/business-directories/opportunities/
GdziePoLek,Business Directories,Poland,country-specific,NEEDS_RESEARCH,Research the submission route,,unknown,INSUFFICIENT,Unknown,Unknown,unknown,,what action the platform supports; the action URL,64,"tier tier2, priority P3",/research/business-directories/opportunities/
Geebo,Marketplace & Classified Platforms,United States,,NEEDS_RESEARCH,Research the submission route,,free,INSUFFICIENT,Unknown,Unknown,unknown,,the action URL,77,"accepts both sellers, freemium",/research/marketplaces/
GeekWire,"Media, PR & Publishing",United States,national,NEEDS_BROWSER,Verify the route in a browser,,unknown,INSUFFICIENT,Unknown,Unknown,unknown,,what action the platform supports; the action URL,,below the Media Score evidence floor,/research/media-pr-publishing/
Geektime,"Media, PR & Publishing",Israel,national,NEEDS_RESEARCH,Research the submission route,,unknown,INSUFFICIENT,Unknown,Unknown,unknown,,what action the platform supports; the action URL,,below the Media Score evidence floor,/research/media-pr-publishing/
Geenius,"Media, PR & Publishing",Estonia,national,NEEDS_RESEARCH,Research the submission route,,unknown,INSUFFICIENT,Unknown,Unknown,unknown,,what action the platform supports; the action URL,,below the Media Score evidence floor,/research/media-pr-publishing/
Gelbe Seiten,Business Directories,Germany,dach,READY,Create a business profile,https://www.gelbeseiten.de/starteintrag,free,MEDIUM,Easy,Unknown,verified,,,100,"tier tier1, priority P1",/research/business-directories/opportunities/
Georgian Chamber of Commerce,Business Directories,Georgia,country-specific,NEEDS_RESEARCH,Research the submission route,,unknown,INSUFFICIENT,Unknown,Unknown,unknown,,what action the platform supports; the action URL,68,"tier tier2, priority P2",/research/business-directories/opportunities/
Gestión,"Media, PR & Publishing",Peru,national,NEEDS_RESEARCH,Research the submission route,,unknown,INSUFFICIENT,Unknown,Unknown,unknown,,what action the platform supports; the action URL,,below the Media Score evidence floor,/research/media-pr-publishing/
GetApp,Business Directories,Global,global,NEEDS_BROWSER,Verify the route in a browser,,unknown,INSUFFICIENT,Moderate,Unknown,unknown,,what action the platform supports; the action URL,64,"tier tier2, priority P2",/research/business-directories/opportunities/
GetDistributors,Business Directories,India,india,NEEDS_RESEARCH,Research the submission route,,unknown,INSUFFICIENT,Unknown,Unknown,unknown,,what action the platform supports; the action URL,68,"tier tier2, priority P2",/research/business-directories/opportunities/
GetLatka,Business Directories,Global,global,READY,Create a business profile,https://getlatka.com/add,unknown,LOW,Unknown,Unknown,verified,,,56,"tier tier3, priority P3",/research/business-directories/opportunities/
GetListedCanada,Business Directories,Canada,canada,READY,Create a business profile,https://www.getlistedcanada.com/create-listing,free,LOW,Unknown,Unknown,verified,,,56,"tier tier3, priority P3",/research/business-directories/opportunities/
GetNinjas,Business Directories,Brazil,country-specific,NEEDS_RESEARCH,Research the submission route,,unknown,INSUFFICIENT,Unknown,Unknown,unknown,,what action the platform supports; the action URL,68,"tier tier2, priority P2",/research/business-directories/opportunities/
GetVoIP,"Media, PR & Publishing",United States,national,NEEDS_RESEARCH,Research the submission route,,unknown,INSUFFICIENT,Unknown,Unknown,unknown,,the action URL,59,Media Score 59 (Moderate),/research/media-pr-publishing/
GetYourGuide,Business Directories,Global,europe; global,NEEDS_RESEARCH,Research the submission route,,unknown,INSUFFICIENT,Unknown,Unknown,unknown,,what action the platform supports; the action URL,86,"tier tier1, priority P2",/research/business-directories/opportunities/
Ghana Business News,"Media, PR & Publishing",Ghana,national,NEEDS_RESEARCH,Research the submission route,,unknown,INSUFFICIENT,Unknown,Unknown,unknown,,what action the platform supports; the action URL,,below the Media Score evidence floor,/research/media-pr-publishing/
Ghana National Chamber of Commerce,Business Directories,Ghana,country-specific,NEEDS_RESEARCH,Research the submission route,,unknown,INSUFFICIENT,Unknown,Unknown,unknown,,what action the platform supports; the action URL,86,"tier tier1, priority P2",/research/business-directories/opportunities/
GhanaYello,Business Directories,Ghana,country-specific,NEEDS_BROWSER,Verify the route in a browser,,unknown,INSUFFICIENT,Unknown,Unknown,unknown,,what action the platform supports; the action URL,68,"tier tier2, priority P2",/research/business-directories/opportunities/
GigSalad,Business Directories,United States,united-states,NEEDS_BROWSER,Verify the route in a browser,,unknown,INSUFFICIENT,Unknown,Unknown,unknown,,what action the platform supports; the action URL,64,"tier tier2, priority P3",/research/business-directories/opportunities/
GitHub Marketplace,Business Directories,Global,global,NEEDS_BROWSER,Verify the route in a browser,,unknown,INSUFFICIENT,Unknown,Unknown,unknown,,what action the platform supports; the action URL,82,"tier tier1, priority P2",/research/business-directories/opportunities/
GitLab Ecosystem Partners,Business Directories,Global,global,NEEDS_RESEARCH,Research the submission route,,unknown,INSUFFICIENT,Unknown,Unknown,unknown,,what action the platform supports; the action URL,68,"tier tier2, priority P2",/research/business-directories/opportunities/
Glassdoor,Business Directories,Global,global,NEEDS_RESEARCH,Research the submission route,,unknown,INSUFFICIENT,Unknown,Unknown,unknown,,what action the platform supports; the action URL,94,"tier tier1, priority P1",/research/business-directories/opportunities/
Global Sources,Business Directories,Global,asia; global,NEEDS_RESEARCH,Research the submission route,,unknown,INSUFFICIENT,Unknown,Unknown,unknown,,what action the platform supports; the action URL,86,"tier tier1, priority P2",/research/business-directories/opportunities/
GlobalSpec,Business Directories,Global,global; north-america,NEEDS_BROWSER,Verify the route in a browser,,unknown,INSUFFICIENT,Unknown,Unknown,unknown,,what action the platform supports; the action URL,68,"tier tier2, priority P2",/research/business-directories/opportunities/
GlobeNewswire,Business Directories,Global,global,NEEDS_RESEARCH,Research the submission route,,unknown,INSUFFICIENT,Unknown,Unknown,unknown,,what action the platform supports; the action URL,86,"tier tier1, priority P2",/research/business-directories/opportunities/
GlobeNewswire,"Media, PR & Publishing",United States,global,READY,Distribute a press release,https://portal.notified.com/en/registration,paid,LOW,Unknown,Unknown,verified,,,55,Media Score 55 (Moderate),/research/media-pr-publishing/
Globes,"Media, PR & Publishing",Israel,national,NEEDS_RESEARCH,Research the submission route,,unknown,INSUFFICIENT,Unknown,Unknown,unknown,,what action the platform supports; the action URL,,below the Media Score evidence floor,/research/media-pr-publishing/
Glovo,Business Directories,Spain,europe,READY,Create a business profile,https://sell.glovoapp.com/?utm_source=entity_page&utm_medium=referral&utm_campaign=consumer_footer,unknown,LOW,Unknown,Unknown,verified,,,78,"tier tier2, priority P2",/research/business-directories/opportunities/
Gmarket,Business Directories,South Korea,country-specific,NEEDS_RESEARCH,Research the submission route,,unknown,INSUFFICIENT,Unknown,Unknown,unknown,,what action the platform supports; the action URL,82,"tier tier1, priority P3",/research/business-directories/opportunities/
Go Dominican Republic,Business Directories,Dominican Republic,country-specific,NEEDS_RESEARCH,Research the submission route,,unknown,INSUFFICIENT,Unknown,Unknown,unknown,,what action the platform supports; the action URL,64,"tier tier2, priority P3",/research/business-directories/opportunities/
Go Packages (pkg.go.dev),Business Directories,Global,global,NEEDS_RESEARCH,Research the submission route,,unknown,INSUFFICIENT,Unknown,Unknown,unknown,,what action the platform supports; the action URL,82,"tier tier1, priority P3",/research/business-directories/opportunities/
Go Visit Costa Rica,Business Directories,Costa Rica,country-specific,NEEDS_RESEARCH,Research the submission route,,unknown,INSUFFICIENT,Unknown,Unknown,unknown,,what action the platform supports; the action URL,46,"tier tier3, priority P3",/research/business-directories/opportunities/
GoAbroad,Business Directories,Global,global,NEEDS_RESEARCH,Research the submission route,,unknown,INSUFFICIENT,Unknown,Unknown,unknown,,what action the platform supports; the action URL,46,"tier tier3, priority P3",/research/business-directories/opportunities/
GoWork.pl,Business Directories,Poland,country-specific,NEEDS_BROWSER,Verify the route in a browser,,unknown,INSUFFICIENT,Unknown,Unknown,unknown,,what action the platform supports; the action URL,86,"tier tier1, priority P2",/research/business-directories/opportunities/
GobizKOREA,Business Directories,South Korea,country-specific,NEEDS_RESEARCH,Research the submission route,,unknown,INSUFFICIENT,Unknown,Unknown,unknown,,what action the platform supports; the action URL,68,"tier tier2, priority P2",/research/business-directories/opportunities/
Goibibo,Business Directories,India,india,NEEDS_RESEARCH,Research the submission route,,unknown,INSUFFICIENT,Unknown,Unknown,unknown,,what action the platform supports; the action URL,82,"tier tier1, priority P3",/research/business-directories/opportunities/
Gojek,Business Directories,Indonesia,asia,NEEDS_RESEARCH,Research the submission route,,unknown,INSUFFICIENT,Unknown,Unknown,unknown,,what action the platform supports; the action URL,86,"tier tier1, priority P2",/research/business-directories/opportunities/
GoldBook,Business Directories,Canada,canada,NEEDS_BROWSER,Verify the route in a browser,,unknown,INSUFFICIENT,Unknown,Unknown,unknown,,what action the platform supports; the action URL,46,"tier tier3, priority P3",/research/business-directories/opportunities/
Golden Pages,Business Directories,Ireland,country-specific,NEEDS_BROWSER,Verify the route in a browser,,unknown,INSUFFICIENT,Unknown,Unknown,unknown,,what action the platform supports; the action URL,86,"tier tier1, priority P2",/research/business-directories/opportunities/
GolfNow,Business Directories,United States,north-america,NEEDS_BROWSER,Verify the route in a browser,,unknown,INSUFFICIENT,Unknown,Unknown,unknown,,what action the platform supports; the action URL,64,"tier tier2, priority P3",/research/business-directories/opportunities/
Gomaji,Business Directories,Taiwan,country-specific,NEEDS_RESEARCH,Research the submission route,,unknown,INSUFFICIENT,Unknown,Unknown,unknown,,what action the platform supports; the action URL,64,"tier tier2, priority P3",/research/business-directories/opportunities/
Goo-net,Marketplace & Classified Platforms,Japan,,NEEDS_RESEARCH,Research the submission route,,paid,INSUFFICIENT,Unknown,Unknown,unknown,,the action URL,68,"accepts both sellers, paid",/research/marketplaces/
GoodChoice,Business Directories,South Korea,country-specific,NEEDS_RESEARCH,Research the submission route,,unknown,INSUFFICIENT,Unknown,Unknown,unknown,,what action the platform supports; the action URL,64,"tier tier2, priority P3",/research/business-directories/opportunities/
GoodFirms,Business Directories,Global,global,READY,Create a business profile,https://www.goodfirms.co/get-listed,free,LOW,Unknown,Unknown,verified,,,78,"tier tier2, priority P2",/research/business-directories/opportunities/
GoodFirms,"Media, PR & Publishing",United States,global,READY,Publish a company profile,https://www.goodfirms.co/,freemium,LOW,Unknown,Unknown,verified,,,68,Media Score 68 (Good),/research/media-pr-publishing/
GoodTherapy,Business Directories,United States,united-states,READY,Create a business profile,https://www.goodtherapy.org/join-therapist-directory-membership,unknown,LOW,Unknown,Unknown,verified,,,56,"tier tier3, priority P3",/research/business-directories/opportunities/
Google Business Profile,Business Directories,Global,global,READY,Create a business profile,https://business.google.com/,free,HIGH,Easy,Unknown,verified,,,100,"tier tier1, priority P1",/research/business-directories/opportunities/
Google Cloud Partner Directory,Business Directories,Global,global,NEEDS_RESEARCH,Research the submission route,,unknown,INSUFFICIENT,Unknown,Unknown,unknown,,what action the platform supports; the action URL,86,"tier tier1, priority P2",/research/business-directories/opportunities/
Google Play Store,Business Directories,Global,global,NEEDS_RESEARCH,Research the submission route,,unknown,INSUFFICIENT,Unknown,Unknown,unknown,,what action the platform supports; the action URL,94,"tier tier1, priority P1",/research/business-directories/opportunities/
Gouden Gids,Business Directories,Belgium,country-specific,NEEDS_RESEARCH,Research the submission route,,unknown,INSUFFICIENT,Unknown,Unknown,unknown,,what action the platform supports; the action URL,94,"tier tier1, priority P1",/research/business-directories/opportunities/
Gouden Gids,Business Directories,Netherlands,country-specific,NEEDS_RESEARCH,Research the submission route,,unknown,INSUFFICIENT,Unknown,Unknown,unknown,,what action the platform supports; the action URL,94,"tier tier1, priority P1",/research/business-directories/opportunities/
Grab,Business Directories,Singapore,asia,NEEDS_RESEARCH,Research the submission route,,unknown,INSUFFICIENT,Unknown,Unknown,unknown,,what action the platform supports; the action URL,86,"tier tier1, priority P2",/research/business-directories/opportunities/
Gratka,Business Directories,Poland,country-specific,NEEDS_RESEARCH,Research the submission route,,unknown,INSUFFICIENT,Unknown,Unknown,unknown,,what action the platform supports; the action URL,64,"tier tier2, priority P3",/research/business-directories/opportunities/
Gratka,Marketplace & Classified Platforms,Poland,,NEEDS_RESEARCH,Research the submission route,,freemium,INSUFFICIENT,Unknown,Unknown,unknown,,the action URL,77,"accepts both sellers, freemium",/research/marketplaces/
Grays,Marketplace & Classified Platforms,Australia,,NEEDS_BROWSER,Verify the route in a browser,,paid,INSUFFICIENT,Unknown,Unknown,unknown,,the action URL,63,"accepts both sellers, paid",/research/marketplaces/
GreatSchools,Business Directories,United States,united-states,NEEDS_RESEARCH,Research the submission route,,unknown,INSUFFICIENT,Unknown,Unknown,unknown,,what action the platform supports; the action URL,64,"tier tier2, priority P3",/research/business-directories/opportunities/
Green,Business Directories,Japan,japan,NEEDS_RESEARCH,Research the submission route,,unknown,INSUFFICIENT,Unknown,Unknown,unknown,,what action the platform supports; the action URL,64,"tier tier2, priority P3",/research/business-directories/opportunities/
GreenPal,Business Directories,United States,united-states,NEEDS_RESEARCH,Research the submission route,,unknown,INSUFFICIENT,Unknown,Unknown,unknown,,what action the platform supports; the action URL,46,"tier tier3, priority P3",/research/business-directories/opportunities/
Greentech Media,"Media, PR & Publishing",United States,global,NEEDS_RESEARCH,Research the submission route,,unknown,INSUFFICIENT,Unknown,Unknown,unknown,,what action the platform supports; the action URL,,below the Media Score evidence floor,/research/media-pr-publishing/
Grotal,Business Directories,Global,india,NEEDS_RESEARCH,Research the submission route,,unknown,INSUFFICIENT,Unknown,Unknown,unknown,,what action the platform supports; the action URL,46,"tier tier3, priority P3",/research/business-directories/opportunities/
Grubhub,Business Directories,United States,united-states,NEEDS_RESEARCH,Research the submission route,,unknown,INSUFFICIENT,Unknown,Unknown,unknown,,what action the platform supports; the action URL,86,"tier tier1, priority P2",/research/business-directories/opportunities/
Gründerszene,"Media, PR & Publishing",Germany,national,NEEDS_RESEARCH,Research the submission route,,unknown,INSUFFICIENT,Unknown,Unknown,unknown,,what action the platform supports; the action URL,,below the Media Score evidence floor,/research/media-pr-publishing/
Guia Fácil,Business Directories,Brazil,latam,NEEDS_RESEARCH,Research the submission route,,unknown,INSUFFICIENT,Unknown,Unknown,unknown,,what action the platform supports; the action URL,46,"tier tier3, priority P3",/research/business-directories/opportunities/
Guia Mais,Business Directories,Brazil,latam,NEEDS_RESEARCH,Research the submission route,,unknown,INSUFFICIENT,Unknown,Unknown,unknown,,what action the platform supports; the action URL,94,"tier tier1, priority P1",/research/business-directories/opportunities/
Guia da Semana,Business Directories,Brazil,country-specific,NEEDS_RESEARCH,Research the submission route,,unknown,INSUFFICIENT,Unknown,Unknown,unknown,,what action the platform supports; the action URL,64,"tier tier2, priority P3",/research/business-directories/opportunities/
GuiaLocal Argentina,Business Directories,Argentina,country-specific,NEEDS_RESEARCH,Research the submission route,,unknown,INSUFFICIENT,Unknown,Unknown,unknown,,what action the platform supports; the action URL,46,"tier tier3, priority P3",/research/business-directories/opportunities/
GuiaLocal Chile,Business Directories,Chile,country-specific,NEEDS_RESEARCH,Research the submission route,,unknown,INSUFFICIENT,Unknown,Unknown,unknown,,what action the platform supports; the action URL,46,"tier tier3, priority P3",/research/business-directories/opportunities/
GuiaLocal Colombia,Business Directories,Colombia,country-specific,NEEDS_RESEARCH,Research the submission route,,unknown,INSUFFICIENT,Unknown,Unknown,unknown,,what action the platform supports; the action URL,46,"tier tier3, priority P3",/research/business-directories/opportunities/
Guida Monaci,Business Directories,Italy,country-specific,NEEDS_RESEARCH,Research the submission route,,unknown,INSUFFICIENT,Unknown,Unknown,unknown,,what action the platform supports; the action URL,68,"tier tier2, priority P2",/research/business-directories/opportunities/
Gule Sider,Business Directories,Norway,nordics,NEEDS_RESEARCH,Research the submission route,,unknown,INSUFFICIENT,Unknown,Unknown,unknown,,what action the platform supports; the action URL,94,"tier tier1, priority P1",/research/business-directories/opportunities/
Gulf Business,"Media, PR & Publishing",United Arab Emirates,regional,NEEDS_BROWSER,Verify the route in a browser,,unknown,INSUFFICIENT,Unknown,Unknown,unknown,,what action the platform supports; the action URL,,below the Media Score evidence floor,/research/media-pr-publishing/
GulfTalent,Business Directories,United Arab Emirates,middle-east,NEEDS_RESEARCH,Research the submission route,,unknown,INSUFFICIENT,Unknown,Unknown,unknown,,what action the platform supports; the action URL,64,"tier tier2, priority P3",/research/business-directories/opportunities/
GulfYP,Business Directories,United Arab Emirates,middle-east,READY,Create a business profile,https://dubaiyellowpagesonline.com/addlisting.htm,unknown,LOW,Unknown,Unknown,verified,,,78,"tier tier2, priority P2",/research/business-directories/opportunities/
Gumtree,Business Directories,United Kingdom,united-kingdom,NEEDS_RESEARCH,Research the submission route,,unknown,INSUFFICIENT,Unknown,Unknown,unknown,,what action the platform supports; the action URL,82,"tier tier1, priority P3",/research/business-directories/opportunities/
Gumtree,Marketplace & Classified Platforms,United Kingdom,,READY,Post a classified listing,https://my.gumtree.com/login/postad,freemium,LOW,Unknown,Unknown,verified,,,77,"accepts both sellers, freemium",/research/marketplaces/
Gumtree Australia,Business Directories,Australia,australia,NEEDS_BROWSER,Verify the route in a browser,,unknown,INSUFFICIENT,Unknown,Unknown,unknown,,what action the platform supports; the action URL,82,"tier tier1, priority P3",/research/business-directories/opportunities/
Gumtree Australia,Marketplace & Classified Platforms,Australia,,NEEDS_BROWSER,Verify the route in a browser,,freemium,INSUFFICIENT,Unknown,Unknown,unknown,,the action URL,69,"accepts both sellers, freemium",/research/marketplaces/
Gumtree Singapore,Marketplace & Classified Platforms,Singapore,,NEEDS_RESEARCH,Research the submission route,,freemium,INSUFFICIENT,Unknown,Unknown,unknown,,the action URL,77,"accepts both sellers, freemium",/research/marketplaces/
Gumtree South Africa,Business Directories,South Africa,country-specific,NEEDS_RESEARCH,Research the submission route,,free,INSUFFICIENT,Unknown,Unknown,unknown,,what action the platform supports; the action URL,82,"tier tier1, priority P3",/research/business-directories/opportunities/
Gumtree South Africa,Marketplace & Classified Platforms,South Africa,,NEEDS_RESEARCH,Research the submission route,,free,INSUFFICIENT,Unknown,Unknown,unknown,,the action URL,77,"accepts both sellers, freemium",/research/marketplaces/
Guru.com,Business Directories,Global,global,NEEDS_RESEARCH,Research the submission route,,unknown,INSUFFICIENT,Unknown,Unknown,unknown,,what action the platform supports; the action URL,64,"tier tier2, priority P3",/research/business-directories/opportunities/
Gurunavi,Business Directories,Japan,japan,NEEDS_RESEARCH,Research the submission route,,unknown,INSUFFICIENT,Unknown,Unknown,unknown,,what action the platform supports; the action URL,86,"tier tier1, priority P2",/research/business-directories/opportunities/
Gust,Business Directories,Global,global; north-america,NEEDS_RESEARCH,Research the submission route,,unknown,INSUFFICIENT,Unknown,Unknown,unknown,,what action the platform supports; the action URL,64,"tier tier2, priority P3",/research/business-directories/opportunities/
Guía Repsol,Business Directories,Spain,country-specific,NEEDS_RESEARCH,Research the submission route,,unknown,INSUFFICIENT,Unknown,Unknown,unknown,,what action the platform supports; the action URL,86,"tier tier1, priority P2",/research/business-directories/opportunities/
Guía Telefónica de Empresas,Business Directories,Spain,country-specific,NEEDS_RESEARCH,Research the submission route,,unknown,INSUFFICIENT,Unknown,Unknown,unknown,,what action the platform supports; the action URL,46,"tier tier3, priority P3",/research/business-directories/opportunities/
Guía Óleo,Business Directories,Argentina,country-specific,NEEDS_RESEARCH,Research the submission route,,unknown,INSUFFICIENT,Unknown,Unknown,unknown,,what action the platform supports; the action URL,68,"tier tier2, priority P2",/research/business-directories/opportunities/
HERE,Business Directories,Global,global,NEEDS_RESEARCH,Research the submission route,,unknown,INSUFFICIENT,Unknown,Unknown,unknown,,what action the platform supports; the action URL,86,"tier tier1, priority P2",/research/business-directories/opportunities/
HKTDC,Business Directories,Hong Kong,country-specific,NEEDS_RESEARCH,Research the submission route,,unknown,INSUFFICIENT,Unknown,Unknown,unknown,,what action the platform supports; the action URL,86,"tier tier1, priority P2",/research/business-directories/opportunities/
HOTEL DE,Business Directories,Germany,europe,NEEDS_RESEARCH,Research the submission route,,unknown,INSUFFICIENT,Unknown,Unknown,unknown,,what action the platform supports; the action URL,64,"tier tier2, priority P3",/research/business-directories/opportunities/
HR Brew,"Media, PR & Publishing",United States,global,NEEDS_RESEARCH,Research the submission route,,unknown,INSUFFICIENT,Unknown,Unknown,unknown,,what action the platform supports; the action URL,,below the Media Score evidence floor,/research/media-pr-publishing/
HR Dive,"Media, PR & Publishing",United States,national,READY,Pitch the editorial team,https://www.hrdive.com/submit-tip/,free,LOW,Unknown,Unknown,verified,,,89,Media Score 89 (Exceptional),/research/media-pr-publishing/
HR Exchange Network,"Media, PR & Publishing",United States,global,NEEDS_RESEARCH,Research the submission route,,free,INSUFFICIENT,Unknown,Unknown,unknown,,the action URL,82,Media Score 82 (Strong),/research/media-pr-publishing/
HR Magazine,"Media, PR & Publishing",United Kingdom,national,NEEDS_BROWSER,Verify the route in a browser,,unknown,INSUFFICIENT,Unknown,Unknown,unknown,,what action the platform supports; the action URL,,below the Media Score evidence floor,/research/media-pr-publishing/
HRS,Business Directories,Germany,europe,NEEDS_RESEARCH,Research the submission route,,unknown,INSUFFICIENT,Unknown,Unknown,unknown,,what action the platform supports; the action URL,64,"tier tier2, priority P3",/research/business-directories/opportunities/
HWSW,"Media, PR & Publishing",Hungary,national,NEEDS_RESEARCH,Research the submission route,,unknown,INSUFFICIENT,Unknown,Unknown,unknown,,what action the platform supports; the action URL,,below the Media Score evidence floor,/research/media-pr-publishing/
Hackage,Business Directories,Global,global,NEEDS_RESEARCH,Research the submission route,,unknown,INSUFFICIENT,Unknown,Unknown,unknown,,what action the platform supports; the action URL,64,"tier tier2, priority P3",/research/business-directories/opportunities/
Hacker News,"Media, PR & Publishing",United States,global,READY,Submit a product launch,https://news.ycombinator.com/submit,free,LOW,Unknown,Unknown,verified,,,67,Media Score 67 (Good),/research/media-pr-publishing/
HackerNoon,"Media, PR & Publishing",United States,global,NEEDS_RESEARCH,Research the submission route,,freemium,INSUFFICIENT,Unknown,Unknown,unknown,,the action URL,80,Media Score 80 (Strong),/research/media-pr-publishing/
Halo Oglasi,Marketplace & Classified Platforms,Serbia,,NEEDS_RESEARCH,Research the submission route,,freemium,INSUFFICIENT,Unknown,Unknown,unknown,,the action URL,77,"accepts both sellers, freemium",/research/marketplaces/
Halodoc,Business Directories,Indonesia,country-specific,NEEDS_RESEARCH,Research the submission route,,unknown,INSUFFICIENT,Unknown,Unknown,unknown,,what action the platform supports; the action URL,68,"tier tier2, priority P2",/research/business-directories/opportunities/
Hamrobazar,Business Directories,Nepal,country-specific,NEEDS_RESEARCH,Research the submission route,,unknown,INSUFFICIENT,Unknown,Unknown,unknown,,what action the platform supports; the action URL,82,"tier tier1, priority P3",/research/business-directories/opportunities/
Handelsblatt,"Media, PR & Publishing",Germany,national,NEEDS_RESEARCH,Research the submission route,,unknown,INSUFFICIENT,Unknown,Unknown,unknown,,what action the platform supports; the action URL,,below the Media Score evidence floor,/research/media-pr-publishing/
Handelszeitung,"Media, PR & Publishing",Switzerland,national,NEEDS_RESEARCH,Research the submission route,,unknown,INSUFFICIENT,Unknown,Unknown,unknown,,what action the platform supports; the action URL,,below the Media Score evidence floor,/research/media-pr-publishing/
Handy,Business Directories,United States,united-states,NEEDS_RESEARCH,Research the submission route,,unknown,INSUFFICIENT,Unknown,Unknown,unknown,,what action the platform supports; the action URL,46,"tier tier3, priority P3",/research/business-directories/opportunities/
Handyhand,Business Directories,Denmark,country-specific,NEEDS_RESEARCH,Research the submission route,,unknown,INSUFFICIENT,Unknown,Unknown,unknown,,what action the platform supports; the action URL,46,"tier tier3, priority P3",/research/business-directories/opportunities/
Haraj,Business Directories,Saudi Arabia,country-specific,NEEDS_RESEARCH,Research the submission route,,unknown,INSUFFICIENT,Unknown,Unknown,unknown,,what action the platform supports; the action URL,82,"tier tier1, priority P3",/research/business-directories/opportunities/
Haraj,Marketplace & Classified Platforms,Saudi Arabia,,NEEDS_RESEARCH,Research the submission route,,unknown,INSUFFICIENT,Unknown,Unknown,unknown,,the action URL,77,"accepts both sellers, unknown",/research/marketplaces/
Harden's,Business Directories,United Kingdom,united-kingdom,NEEDS_RESEARCH,Research the submission route,,unknown,INSUFFICIENT,Unknown,Unknown,unknown,,what action the platform supports; the action URL,64,"tier tier2, priority P3",/research/business-directories/opportunities/
Harvard Business Review,"Media, PR & Publishing",United States,global,READY,Submit company news,https://hbr.org/guidelines-for-authors,free,MEDIUM,Unknown,Unknown,verified,,,89,Media Score 89 (Exceptional),/research/media-pr-publishing/
HashiCorp Find a Partner,Business Directories,Global,global,NEEDS_BROWSER,Verify the route in a browser,,unknown,INSUFFICIENT,Unknown,Unknown,unknown,,what action the platform supports; the action URL,68,"tier tier2, priority P2",/research/business-directories/opportunities/
Hashnode,"Media, PR & Publishing",United States,global,NEEDS_RESEARCH,Research the submission route,,freemium,INSUFFICIENT,Unknown,Unknown,unknown,,the action URL,50,Media Score 50 (Limited),/research/media-pr-publishing/
Hasznaltauto,Marketplace & Classified Platforms,Hungary,,NEEDS_BROWSER,Verify the route in a browser,,paid,INSUFFICIENT,Unknown,Unknown,unknown,,the action URL,60,"accepts both sellers, paid",/research/marketplaces/
Hatla2ee,Marketplace & Classified Platforms,Egypt,,NEEDS_RESEARCH,Research the submission route,,freemium,INSUFFICIENT,Unknown,Unknown,unknown,,the action URL,74,"accepts both sellers, freemium",/research/marketplaces/
Hawaii Business Magazine,"Media, PR & Publishing",United States,local,READY,Submit company news,https://www.hawaiibusiness.com/,free,MEDIUM,Unknown,Unknown,verified,,,85,Media Score 85 (Strong),/research/media-pr-publishing/
Healthcare IT News,"Media, PR & Publishing",United States,national,NEEDS_RESEARCH,Research the submission route,,unknown,INSUFFICIENT,Unknown,Unknown,unknown,,what action the platform supports; the action URL,,below the Media Score evidence floor,/research/media-pr-publishing/
Healthgrades,Business Directories,United States,united-states,NEEDS_BROWSER,Verify the route in a browser,,unknown,INSUFFICIENT,Unknown,Unknown,unknown,,what action the platform supports; the action URL,86,"tier tier1, priority P2",/research/business-directories/opportunities/
Hellopeter,Business Directories,South Africa,country-specific,NEEDS_RESEARCH,Research the submission route,,unknown,INSUFFICIENT,Unknown,Unknown,unknown,,the action URL,100,"tier tier1, priority P1",/research/business-directories/opportunities/
Help Net Security,"Media, PR & Publishing",Croatia,global,NEEDS_RESEARCH,Research the submission route,,unknown,INSUFFICIENT,Unknown,Unknown,unknown,,what action the platform supports; the action URL,,below the Media Score evidence floor,/research/media-pr-publishing/
Help a Reporter Out,"Media, PR & Publishing",United States,global,NEEDS_BROWSER,Verify the route in a browser,,unknown,INSUFFICIENT,Unknown,Unknown,unknown,,what action the platform supports; the action URL,,below the Media Score evidence floor,/research/media-pr-publishing/
Hemnet,Marketplace & Classified Platforms,Sweden,,NEEDS_RESEARCH,Research the submission route,,paid,INSUFFICIENT,Unknown,Unknown,unknown,,the action URL,80,"accepts business sellers, paid",/research/marketplaces/
Hepsiemlak,Marketplace & Classified Platforms,Turkey,,NEEDS_BROWSER,Verify the route in a browser,,paid,INSUFFICIENT,Unknown,Unknown,unknown,,the action URL,60,"accepts both sellers, paid",/research/marketplaces/
Herold,Business Directories,Austria,dach,READY,Create a business profile,https://www.herold.at/firmeneintrag/,free,MEDIUM,Easy,Unknown,verified,,,100,"tier tier1, priority P1",/research/business-directories/opportunities/
Heureka,Business Directories,Czech Republic,country-specific,NEEDS_RESEARCH,Research the submission route,,unknown,INSUFFICIENT,Unknown,Unknown,unknown,,what action the platform supports; the action URL,94,"tier tier1, priority P1",/research/business-directories/opportunities/
Hex,Business Directories,Global,global,NEEDS_RESEARCH,Research the submission route,,freemium,INSUFFICIENT,Unknown,Unknown,unknown,,what action the platform supports; the action URL,60,"tier tier2, priority P3",/research/business-directories/opportunities/
HiSupplier,Business Directories,China,global,NEEDS_RESEARCH,Research the submission route,,unknown,INSUFFICIENT,Unknown,Unknown,unknown,,what action the platform supports; the action URL,64,"tier tier2, priority P3",/research/business-directories/opportunities/
Hipcamp,Business Directories,United States,global,NEEDS_RESEARCH,Research the submission route,,unknown,INSUFFICIENT,Unknown,Unknown,unknown,,what action the platform supports; the action URL,64,"tier tier2, priority P3",/research/business-directories/opportunities/
Hitosara,Business Directories,Japan,japan,NEEDS_RESEARCH,Research the submission route,,unknown,INSUFFICIENT,Unknown,Unknown,unknown,,what action the platform supports; the action URL,68,"tier tier2, priority P2",/research/business-directories/opportunities/
Hitta.se,Business Directories,Sweden,nordics,NEEDS_RESEARCH,Research the submission route,,unknown,INSUFFICIENT,Unknown,Unknown,unknown,,what action the platform supports; the action URL,94,"tier tier1, priority P1",/research/business-directories/opportunities/
Hochzeit.click,Business Directories,Germany,dach,NEEDS_RESEARCH,Research the submission route,,unknown,INSUFFICIENT,Unknown,Unknown,unknown,,what action the platform supports; the action URL,46,"tier tier3, priority P3",/research/business-directories/opportunities/
HomeAdvisor,Business Directories,United States,united-states,NEEDS_BROWSER,Verify the route in a browser,,unknown,INSUFFICIENT,Unknown,Unknown,unknown,,what action the platform supports; the action URL,86,"tier tier1, priority P2",/research/business-directories/opportunities/
HomeGuide,Business Directories,United States,united-states,READY,Create a business profile,https://homeguide.com/pro,paid,LOW,Unknown,Unknown,verified,,,56,"tier tier3, priority P3",/research/business-directories/opportunities/
HomeStars,Business Directories,Canada,canada,NEEDS_RESEARCH,Research the submission route,,unknown,INSUFFICIENT,Unknown,Unknown,unknown,,what action the platform supports; the action URL,68,"tier tier2, priority P2",/research/business-directories/opportunities/
Homebrew Formulae,Business Directories,Global,global,NEEDS_RESEARCH,Research the submission route,,unknown,INSUFFICIENT,Unknown,Unknown,unknown,,what action the platform supports; the action URL,64,"tier tier2, priority P3",/research/business-directories/opportunities/
Honduras Tips,Business Directories,Honduras,country-specific,NEEDS_RESEARCH,Research the submission route,,unknown,INSUFFICIENT,Unknown,Unknown,unknown,,what action the platform supports; the action URL,46,"tier tier3, priority P3",/research/business-directories/opportunities/
Honduras Travel,Business Directories,Honduras,country-specific,NEEDS_RESEARCH,Research the submission route,,unknown,INSUFFICIENT,Unknown,Unknown,unknown,,what action the platform supports; the action URL,64,"tier tier2, priority P3",/research/business-directories/opportunities/
Hong Kong General Chamber of Commerce,Business Directories,Hong Kong,country-specific,NEEDS_RESEARCH,Research the submission route,,unknown,INSUFFICIENT,Unknown,Unknown,unknown,,what action the platform supports; the action URL,86,"tier tier1, priority P2",/research/business-directories/opportunities/
Hong Kong Science and Technology Parks,Business Directories,Hong Kong,country-specific,NEEDS_RESEARCH,Research the submission route,,unknown,INSUFFICIENT,Unknown,Unknown,unknown,,what action the platform supports; the action URL,64,"tier tier2, priority P3",/research/business-directories/opportunities/
Hoobly,Marketplace & Classified Platforms,United States,,NEEDS_BROWSER,Verify the route in a browser,,freemium,INSUFFICIENT,Unknown,Unknown,unknown,,the action URL,66,"accepts both sellers, freemium",/research/marketplaces/
Hood.de,Marketplace & Classified Platforms,Germany,,NEEDS_RESEARCH,Research the submission route,,freemium,INSUFFICIENT,Unknown,Unknown,unknown,,the action URL,77,"accepts both sellers, freemium",/research/marketplaces/
Hoodspot,Business Directories,France,country-specific,NEEDS_RESEARCH,Research the submission route,,unknown,INSUFFICIENT,Unknown,Unknown,unknown,,what action the platform supports; the action URL,68,"tier tier2, priority P2",/research/business-directories/opportunities/
Hospita,Business Directories,Japan,japan,NEEDS_RESEARCH,Research the submission route,,unknown,INSUFFICIENT,Unknown,Unknown,unknown,,what action the platform supports; the action URL,64,"tier tier2, priority P3",/research/business-directories/opportunities/
Hospitality Net,"Media, PR & Publishing",Netherlands,global,NEEDS_BROWSER,Verify the route in a browser,,unknown,INSUFFICIENT,Unknown,Unknown,unknown,,what action the platform supports; the action URL,,below the Media Score evidence floor,/research/media-pr-publishing/
Hospodářská komora ČR,Business Directories,Czech Republic,country-specific,NEEDS_RESEARCH,Research the submission route,,unknown,INSUFFICIENT,Unknown,Unknown,unknown,,what action the platform supports; the action URL,86,"tier tier1, priority P2",/research/business-directories/opportunities/
Hospodářské noviny,"Media, PR & Publishing",Czech Republic,national,NEEDS_RESEARCH,Research the submission route,,unknown,INSUFFICIENT,Unknown,Unknown,unknown,,what action the platform supports; the action URL,,below the Media Score evidence floor,/research/media-pr-publishing/
Hostelworld,Business Directories,Global,global,NEEDS_RESEARCH,Research the submission route,,unknown,INSUFFICIENT,Unknown,Unknown,unknown,,what action the platform supports; the action URL,64,"tier tier2, priority P3",/research/business-directories/opportunities/
Hot Pepper,Business Directories,Japan,japan,NEEDS_RESEARCH,Research the submission route,,unknown,INSUFFICIENT,Unknown,Unknown,unknown,,what action the platform supports; the action URL,94,"tier tier1, priority P1",/research/business-directories/opportunities/
Hotel Management,"Media, PR & Publishing",United States,global,NEEDS_RESEARCH,Research the submission route,,unknown,INSUFFICIENT,Unknown,Unknown,unknown,,what action the platform supports; the action URL,,below the Media Score evidence floor,/research/media-pr-publishing/
Hotel News Resource,"Media, PR & Publishing",United States,global,READY,Distribute a press release,https://www.hotelnewsresource.com/,unknown,LOW,Unknown,Unknown,verified,,,56,Media Score 56 (Moderate),/research/media-pr-publishing/
Hotel Tech Report,"Media, PR & Publishing",United States,global,READY,Publish a company profile,https://hoteltechreport.com/,freemium,LOW,Unknown,Unknown,verified,,,69,Media Score 69 (Good),/research/media-pr-publishing/
Hotelbewertungen.net,Business Directories,Germany,dach,NEEDS_RESEARCH,Research the submission route,,unknown,INSUFFICIENT,Unknown,Unknown,unknown,,what action the platform supports; the action URL,46,"tier tier3, priority P3",/research/business-directories/opportunities/
Hotels Canada,Business Directories,Canada,canada,NEEDS_RESEARCH,Research the submission route,,unknown,INSUFFICIENT,Unknown,Unknown,unknown,,what action the platform supports; the action URL,64,"tier tier2, priority P3",/research/business-directories/opportunities/
Hotely.cz,Business Directories,Czech Republic,regional,NEEDS_RESEARCH,Research the submission route,,unknown,INSUFFICIENT,Unknown,Unknown,unknown,,what action the platform supports; the action URL,64,"tier tier2, priority P3",/research/business-directories/opportunities/
Hotfrog Argentina,Business Directories,Argentina,country-specific,READY,Create a business profile,https://www.hotfrog.com.ar/add,unknown,LOW,Unknown,Unknown,verified,,,56,"tier tier3, priority P3",/research/business-directories/opportunities/
Hotfrog Australia,Business Directories,Australia,australia,READY,Create a business profile,https://www.hotfrog.com.au/add,unknown,LOW,Unknown,Unknown,verified,,,56,"tier tier3, priority P3",/research/business-directories/opportunities/
Hotfrog Brasil,Business Directories,Brazil,latam,NEEDS_RESEARCH,Research the submission route,,unknown,INSUFFICIENT,Unknown,Unknown,unknown,,what action the platform supports; the action URL,46,"tier tier3, priority P3",/research/business-directories/opportunities/
Hotfrog Canada,Business Directories,Canada,canada,READY,Create a business profile,https://www.hotfrog.ca/add,unknown,LOW,Unknown,Unknown,verified,,,74,"tier tier2, priority P3",/research/business-directories/opportunities/
Hotfrog Chile,Business Directories,Chile,country-specific,NEEDS_RESEARCH,Research the submission route,,unknown,INSUFFICIENT,Unknown,Unknown,unknown,,what action the platform supports; the action URL,46,"tier tier3, priority P3",/research/business-directories/opportunities/
Hotfrog Colombia,Business Directories,Colombia,country-specific,READY,Create a business profile,https://www.hotfrog.com.co/add,unknown,LOW,Unknown,Unknown,verified,,,56,"tier tier3, priority P3",/research/business-directories/opportunities/
Hotfrog Danmark,Business Directories,Denmark,nordics,NEEDS_RESEARCH,Research the submission route,,unknown,INSUFFICIENT,Unknown,Unknown,unknown,,what action the platform supports; the action URL,46,"tier tier3, priority P3",/research/business-directories/opportunities/
Hotfrog Deutschland,Business Directories,Germany,dach,NEEDS_RESEARCH,Research the submission route,,unknown,INSUFFICIENT,Unknown,Unknown,unknown,,what action the platform supports; the action URL,46,"tier tier3, priority P3",/research/business-directories/opportunities/
Hotfrog España,Business Directories,Spain,country-specific,NEEDS_RESEARCH,Research the submission route,,unknown,INSUFFICIENT,Unknown,Unknown,unknown,,what action the platform supports; the action URL,46,"tier tier3, priority P3",/research/business-directories/opportunities/
Hotfrog France,Business Directories,France,country-specific,NEEDS_RESEARCH,Research the submission route,,unknown,INSUFFICIENT,Unknown,Unknown,unknown,,what action the platform supports; the action URL,46,"tier tier3, priority P3",/research/business-directories/opportunities/
Hotfrog Hong Kong,Business Directories,Hong Kong,country-specific,READY,Create a business profile,https://www.hotfrog.hk/add,unknown,LOW,Unknown,Unknown,verified,,,56,"tier tier3, priority P3",/research/business-directories/opportunities/
Hotfrog India,Business Directories,Global,india,READY,Create a business profile,https://www.hotfrog.in/add,unknown,LOW,Unknown,Unknown,verified,,,56,"tier tier3, priority P3",/research/business-directories/opportunities/
Hotfrog Indonesia,Business Directories,Indonesia,country-specific,NEEDS_RESEARCH,Research the submission route,,unknown,INSUFFICIENT,Unknown,Unknown,unknown,,what action the platform supports; the action URL,46,"tier tier3, priority P3",/research/business-directories/opportunities/
Hotfrog Ireland,Business Directories,Ireland,country-specific,READY,Create a business profile,https://www.hotfrog.ie/add,unknown,LOW,Unknown,Unknown,verified,,,56,"tier tier3, priority P3",/research/business-directories/opportunities/
Hotfrog Italia,Business Directories,Italy,country-specific,NEEDS_RESEARCH,Research the submission route,,unknown,INSUFFICIENT,Unknown,Unknown,unknown,,what action the platform supports; the action URL,46,"tier tier3, priority P3",/research/business-directories/opportunities/
Hotfrog Japan,Business Directories,Japan,japan,READY,Create a business profile,https://www.hotfrog.jp/add,unknown,LOW,Unknown,Unknown,verified,,,56,"tier tier3, priority P3",/research/business-directories/opportunities/
Hotfrog México,Business Directories,Mexico,latam,NEEDS_RESEARCH,Research the submission route,,unknown,INSUFFICIENT,Unknown,Unknown,unknown,,what action the platform supports; the action URL,46,"tier tier3, priority P3",/research/business-directories/opportunities/
Hotfrog Nederland,Business Directories,Netherlands,country-specific,NEEDS_RESEARCH,Research the submission route,,unknown,INSUFFICIENT,Unknown,Unknown,unknown,,what action the platform supports; the action URL,46,"tier tier3, priority P3",/research/business-directories/opportunities/
Hotfrog New Zealand,Business Directories,New Zealand,country-specific,READY,Create a business profile,https://www.hotfrog.co.nz/add,unknown,LOW,Unknown,Unknown,verified,,,56,"tier tier3, priority P3",/research/business-directories/opportunities/
Hotfrog Norge,Business Directories,Norway,nordics,NEEDS_RESEARCH,Research the submission route,,unknown,INSUFFICIENT,Unknown,Unknown,unknown,,what action the platform supports; the action URL,46,"tier tier3, priority P3",/research/business-directories/opportunities/
Hotfrog Perú,Business Directories,Peru,country-specific,READY,Create a business profile,https://www.hotfrog.com.pe/add,unknown,LOW,Unknown,Unknown,verified,,,56,"tier tier3, priority P3",/research/business-directories/opportunities/
Hotfrog Philippines,Business Directories,Philippines,country-specific,READY,Create a business profile,https://www.hotfrog.ph/add,unknown,LOW,Unknown,Unknown,verified,,,56,"tier tier3, priority P3",/research/business-directories/opportunities/
Hotfrog Polska,Business Directories,Poland,country-specific,NEEDS_RESEARCH,Research the submission route,,unknown,INSUFFICIENT,Unknown,Unknown,unknown,,what action the platform supports; the action URL,46,"tier tier3, priority P3",/research/business-directories/opportunities/
Hotfrog Portugal,Business Directories,Portugal,country-specific,NEEDS_RESEARCH,Research the submission route,,unknown,INSUFFICIENT,Unknown,Unknown,unknown,,what action the platform supports; the action URL,46,"tier tier3, priority P3",/research/business-directories/opportunities/
Hotfrog Schweiz,Business Directories,Switzerland,dach,NEEDS_RESEARCH,Research the submission route,,unknown,INSUFFICIENT,Unknown,Unknown,unknown,,what action the platform supports; the action URL,46,"tier tier3, priority P3",/research/business-directories/opportunities/
Hotfrog Singapore,Business Directories,Singapore,asia,READY,Create a business profile,https://www.hotfrog.sg/add,unknown,LOW,Unknown,Unknown,verified,,,56,"tier tier3, priority P3",/research/business-directories/opportunities/
Hotfrog South Africa,Business Directories,South Africa,country-specific,READY,Create a business profile,https://www.hotfrog.co.za/add,unknown,LOW,Unknown,Unknown,verified,,,56,"tier tier3, priority P3",/research/business-directories/opportunities/
Hotfrog UK,Business Directories,United Kingdom,united-kingdom,READY,Create a business profile,https://www.hotfrog.co.uk/add,unknown,LOW,Unknown,Unknown,verified,,,78,"tier tier2, priority P2",/research/business-directories/opportunities/
Hotfrog US,Business Directories,United States,united-states,READY,Create a business profile,https://www.hotfrog.com/add,unknown,LOW,Unknown,Unknown,verified,,,78,"tier tier2, priority P2",/research/business-directories/opportunities/
Hotfrog Österreich,Business Directories,Austria,dach,NEEDS_RESEARCH,Research the submission route,,unknown,INSUFFICIENT,Unknown,Unknown,unknown,,what action the platform supports; the action URL,46,"tier tier3, priority P3",/research/business-directories/opportunities/
Hotfrog Česko,Business Directories,Czech Republic,country-specific,NEEDS_BROWSER,Verify the route in a browser,,unknown,INSUFFICIENT,Unknown,Unknown,unknown,,what action the platform supports; the action URL,46,"tier tier3, priority P3",/research/business-directories/opportunities/
Housing Industry Association,Business Directories,Australia,australia,NEEDS_RESEARCH,Research the submission route,,unknown,INSUFFICIENT,Unknown,Unknown,unknown,,what action the platform supports; the action URL,64,"tier tier2, priority P3",/research/business-directories/opportunities/
Housing.com,Marketplace & Classified Platforms,India,,NEEDS_RESEARCH,Research the submission route,,paid,INSUFFICIENT,Unknown,Unknown,unknown,,the action URL,68,"accepts both sellers, paid",/research/marketplaces/
Houzz,Business Directories,United States,global; united-states,READY,Create a business profile,https://www.houzz.com/pro?source=header,unknown,LOW,Unknown,Unknown,verified,,,100,"tier tier1, priority P1",/research/business-directories/opportunities/
Houzz Deutschland,Business Directories,Germany,dach,NEEDS_RESEARCH,Research the submission route,,unknown,INSUFFICIENT,Unknown,Unknown,unknown,,what action the platform supports; the action URL,86,"tier tier1, priority P2",/research/business-directories/opportunities/
Houzz France,Business Directories,France,country-specific,NEEDS_RESEARCH,Research the submission route,,unknown,INSUFFICIENT,Unknown,Unknown,unknown,,what action the platform supports; the action URL,86,"tier tier1, priority P2",/research/business-directories/opportunities/
Houzz UK,Business Directories,United Kingdom,united-kingdom,READY,Create a business profile,https://www.houzz.co.uk/pro?source=header,unknown,LOW,Unknown,Unknown,verified,,,96,"tier tier1, priority P2",/research/business-directories/opportunities/
Hub71,Business Directories,United Arab Emirates,middle-east,NEEDS_RESEARCH,Research the submission route,,unknown,INSUFFICIENT,Unknown,Unknown,unknown,,what action the platform supports; the action URL,64,"tier tier2, priority P3",/research/business-directories/opportunities/
HubSpot App Marketplace,Business Directories,Global,global,READY,Create a business profile,https://ecosystem.hubspot.com/marketplace/solutions/join,unknown,LOW,Unknown,Unknown,verified,,,74,"tier tier2, priority P2",/research/business-directories/opportunities/
HubSpot Solutions Directory,Business Directories,Global,global,NEEDS_RESEARCH,Research the submission route,,unknown,INSUFFICIENT,Unknown,Unknown,unknown,,what action the platform supports; the action URL,94,"tier tier1, priority P1",/research/business-directories/opportunities/
Hubbiz,Business Directories,Global,global; united-states,READY,Create a business profile,https://hub.biz/business_registration/pick_domain?s=home,unknown,LOW,Unknown,Unknown,verified,,,56,"tier tier3, priority P3",/research/business-directories/opportunities/
Hugging Face,Business Directories,Global,global,NEEDS_RESEARCH,Check what action the platform supports,https://huggingface.co/join,freemium,INSUFFICIENT,Easy,Unknown,verified,,what action the platform supports,82,"tier tier1, priority P2",/research/business-directories/opportunities/
HungerStation,Business Directories,Saudi Arabia,country-specific,NEEDS_RESEARCH,Research the submission route,,unknown,INSUFFICIENT,Unknown,Unknown,unknown,,what action the platform supports; the action URL,86,"tier tier1, priority P2",/research/business-directories/opportunities/
Huuto.net,Marketplace & Classified Platforms,Finland,,NEEDS_RESEARCH,Research the submission route,,unknown,INSUFFICIENT,Unknown,Unknown,unknown,,the action URL,77,"accepts both sellers, unknown",/research/marketplaces/
Hypepotamus,"Media, PR & Publishing",United States,regional,READY,Submit company news,https://tockify.com/tkf2/submitEvent/6c74d33818714e26a5722affafd1e3d9?ref=hypepotamus.ghost.io,unknown,LOW,Unknown,Unknown,verified,,,86,Media Score 86 (Strong),/research/media-pr-publishing/
Hyperinzerce,Business Directories,Czech Republic,country-specific,NEEDS_RESEARCH,Research the submission route,,unknown,INSUFFICIENT,Unknown,Unknown,unknown,,what action the platform supports; the action URL,46,"tier tier3, priority P3",/research/business-directories/opportunities/
Hyperinzerce,Marketplace & Classified Platforms,Czech Republic,,NEEDS_RESEARCH,Research the submission route,,free,INSUFFICIENT,Unknown,Unknown,unknown,,the action URL,83,"accepts both sellers, free",/research/marketplaces/
IAF CertSearch,Business Directories,Global,global,NEEDS_RESEARCH,Research the submission route,,unknown,INSUFFICIENT,Unknown,Unknown,unknown,,what action the platform supports; the action URL,86,"tier tier1, priority P2",/research/business-directories/opportunities/
IATA,Business Directories,Global,global,NEEDS_RESEARCH,Research the submission route,,unknown,INSUFFICIENT,Unknown,Unknown,unknown,,what action the platform supports; the action URL,82,"tier tier1, priority P3",/research/business-directories/opportunities/
IATF Global Oversight,Business Directories,Global,global,NEEDS_RESEARCH,Research the submission route,,unknown,INSUFFICIENT,Unknown,Unknown,unknown,,what action the platform supports; the action URL,64,"tier tier2, priority P3",/research/business-directories/opportunities/
IBM Partner Finder,Business Directories,Global,global,NEEDS_RESEARCH,Research the submission route,,unknown,INSUFFICIENT,Unknown,Unknown,unknown,,what action the platform supports; the action URL,86,"tier tier1, priority P2",/research/business-directories/opportunities/
ICAEW Find a Chartered Accountant,Business Directories,United Kingdom,united-kingdom,NEEDS_RESEARCH,Research the submission route,,unknown,INSUFFICIENT,Unknown,Unknown,unknown,,what action the platform supports; the action URL,86,"tier tier1, priority P2",/research/business-directories/opportunities/
IDP Hotcourses Abroad,Business Directories,Global,global,NEEDS_RESEARCH,Research the submission route,,unknown,INSUFFICIENT,Unknown,Unknown,unknown,,what action the platform supports; the action URL,64,"tier tier2, priority P3",/research/business-directories/opportunities/
IHK Firmendatenbank,Business Directories,Germany,dach,NEEDS_RESEARCH,Research the submission route,,unknown,INSUFFICIENT,Unknown,Unknown,unknown,,what action the platform supports; the action URL,86,"tier tier1, priority P2",/research/business-directories/opportunities/
IICRC,Business Directories,United States,global,NEEDS_RESEARCH,Research the submission route,,unknown,INSUFFICIENT,Unknown,Unknown,unknown,,what action the platform supports; the action URL,64,"tier tier2, priority P3",/research/business-directories/opportunities/
ILoveQatar,Business Directories,Qatar,country-specific,NEEDS_BROWSER,Verify the route in a browser,,unknown,INSUFFICIENT,Unknown,Unknown,unknown,,what action the platform supports; the action URL,46,"tier tier3, priority P3",/research/business-directories/opportunities/
INDEXA,Business Directories,France,country-specific,NEEDS_RESEARCH,Research the submission route,,unknown,INSUFFICIENT,Unknown,Unknown,unknown,,what action the platform supports; the action URL,68,"tier tier2, priority P2",/research/business-directories/opportunities/
IT Brew,"Media, PR & Publishing",United States,global,NEEDS_BROWSER,Verify the route in a browser,,unknown,INSUFFICIENT,Unknown,Unknown,unknown,,what action the platform supports; the action URL,,below the Media Score evidence floor,/research/media-pr-publishing/
IT Business,"Media, PR & Publishing",Canada,national,NEEDS_RESEARCH,Research the submission route,,unknown,INSUFFICIENT,Unknown,Unknown,unknown,,what action the platform supports; the action URL,,below the Media Score evidence floor,/research/media-pr-publishing/
ITFirms,Business Directories,Global,global,READY,Create a business profile,https://www.itfirms.co/add-company/,unknown,LOW,Unknown,Unknown,verified,,,56,"tier tier3, priority P3",/research/business-directories/opportunities/
ITPro,"Media, PR & Publishing",United Kingdom,national,READY,Submit a contributed article,https://www.itpro.com/about-us#section-write-for-us,unknown,LOW,Unknown,Unknown,verified,,,84,Media Score 84 (Strong),/research/media-pr-publishing/
ITRate,Business Directories,Global,global,READY,Create a business profile,https://itrate.co/login,unknown,LOW,Unknown,Unknown,verified,,,56,"tier tier3, priority P3",/research/business-directories/opportunities/
ITWeb,"Media, PR & Publishing",South Africa,national,NEEDS_RESEARCH,Research the submission route,,unknown,INSUFFICIENT,Unknown,Unknown,unknown,,what action the platform supports; the action URL,,below the Media Score evidence floor,/research/media-pr-publishing/
ITmedia,"Media, PR & Publishing",Japan,national,NEEDS_RESEARCH,Research the submission route,,unknown,INSUFFICIENT,Unknown,Unknown,unknown,,what action the platform supports; the action URL,,below the Media Score evidence floor,/research/media-pr-publishing/
ITwiz,"Media, PR & Publishing",Poland,national,NEEDS_RESEARCH,Research the submission route,,unknown,INSUFFICIENT,Unknown,Unknown,unknown,,what action the platform supports; the action URL,,below the Media Score evidence floor,/research/media-pr-publishing/
Ikyu,Business Directories,Japan,japan,NEEDS_RESEARCH,Research the submission route,,unknown,INSUFFICIENT,Unknown,Unknown,unknown,,what action the platform supports; the action URL,86,"tier tier1, priority P2",/research/business-directories/opportunities/
Il Sole 24 Ore,"Media, PR & Publishing",Italy,national,NEEDS_RESEARCH,Research the submission route,,unknown,INSUFFICIENT,Unknown,Unknown,unknown,,what action the platform supports; the action URL,,below the Media Score evidence floor,/research/media-pr-publishing/
Imenik.rs,Business Directories,Serbia,country-specific,NEEDS_RESEARCH,Research the submission route,,unknown,INSUFFICIENT,Unknown,Unknown,unknown,,what action the platform supports; the action URL,46,"tier tier3, priority P3",/research/business-directories/opportunities/
Immoweb,Marketplace & Classified Platforms,Belgium,,NEEDS_BROWSER,Verify the route in a browser,,paid,INSUFFICIENT,Unknown,Unknown,unknown,,the action URL,60,"accepts both sellers, paid",/research/marketplaces/
Imones.lt,Business Directories,Lithuania,country-specific,NEEDS_RESEARCH,Research the submission route,,unknown,INSUFFICIENT,Unknown,Unknown,unknown,,what action the platform supports; the action URL,64,"tier tier2, priority P3",/research/business-directories/opportunities/
ImovelWeb,Marketplace & Classified Platforms,Brazil,,NEEDS_BROWSER,Verify the route in a browser,,paid,INSUFFICIENT,Unknown,Unknown,unknown,,the action URL,60,"accepts both sellers, paid",/research/marketplaces/
Impact Hub,Business Directories,Global,global,NEEDS_RESEARCH,Research the submission route,,unknown,INSUFFICIENT,Unknown,Unknown,unknown,,what action the platform supports; the action URL,64,"tier tier2, priority P3",/research/business-directories/opportunities/
Impresa Italia,Business Directories,Italy,country-specific,NEEDS_RESEARCH,Research the submission route,,unknown,INSUFFICIENT,Unknown,Unknown,unknown,,what action the platform supports; the action URL,46,"tier tier3, priority P3",/research/business-directories/opportunities/
Inc. 5000,"Media, PR & Publishing",United States,national,READY,Enter the award,https://www.inc.com/inc5000/apply,paid,MEDIUM,Unknown,Unknown,verified,,,68,Media Score 68 (Good),/research/media-pr-publishing/
Inc42,Business Directories,India,india,NEEDS_RESEARCH,Research the submission route,,unknown,INSUFFICIENT,Unknown,Unknown,unknown,,what action the platform supports; the action URL,64,"tier tier2, priority P3",/research/business-directories/opportunities/
Inc42,"Media, PR & Publishing",India,national,READY,Submit a contributed article,https://inc42.com/contact/,free,MEDIUM,Unknown,Unknown,verified,,,86,Media Score 86 (Strong),/research/media-pr-publishing/
Indeed Company Pages,Business Directories,Global,global,NEEDS_RESEARCH,Research the submission route,,unknown,INSUFFICIENT,Unknown,Unknown,unknown,,what action the platform supports; the action URL,94,"tier tier1, priority P1",/research/business-directories/opportunities/
Index Santé,Business Directories,Canada,regional,NEEDS_RESEARCH,Research the submission route,,unknown,INSUFFICIENT,Unknown,Unknown,unknown,,what action the platform supports; the action URL,46,"tier tier3, priority P3",/research/business-directories/opportunities/
India Business Guide,Business Directories,India,india,READY,Create a business profile,https://www.indiabusinessguide.in/user/addlisting.html,unknown,LOW,Unknown,Unknown,verified,,,56,"tier tier3, priority P3",/research/business-directories/opportunities/
IndiaMART,Business Directories,Global,asia; india,READY,Create a business profile,https://seller.indiamart.com/,unknown,LOW,Unknown,Unknown,verified,,,96,"tier tier1, priority P2",/research/business-directories/opportunities/
IndiaOnline,Business Directories,India,india,READY,Create a business profile,https://www.indiaonline.in/grow-your-business,free,LOW,Unknown,Unknown,verified,,,96,"tier tier1, priority P2",/research/business-directories/opportunities/
Indiacom,Business Directories,Global,india,NEEDS_RESEARCH,Research the submission route,,unknown,INSUFFICIENT,Unknown,Unknown,unknown,,what action the platform supports; the action URL,46,"tier tier3, priority P3",/research/business-directories/opportunities/
Indian TradeBird,Business Directories,India,india,NEEDS_RESEARCH,Research the submission route,,unknown,INSUFFICIENT,Unknown,Unknown,unknown,,what action the platform supports; the action URL,46,"tier tier3, priority P3",/research/business-directories/opportunities/
Indian Yellow Pages,Business Directories,India,india,READY,Create a business profile,https://www.indianyellowpages.com/post-free-classified-ads.htm,free,LOW,Unknown,Unknown,verified,,,56,"tier tier3, priority P3",/research/business-directories/opportunities/
Indianapolis Business Journal,"Media, PR & Publishing",United States,local,READY,Submit company news,https://www.ibj.com/contact-us,free,MEDIUM,Unknown,Unknown,verified,,,85,Media Score 85 (Strong),/research/media-pr-publishing/
Indie Hackers,"Media, PR & Publishing",United States,global,NEEDS_RESEARCH,Research the submission route,,free,INSUFFICIENT,Unknown,Unknown,unknown,,the action URL,82,Media Score 82 (Strong),/research/media-pr-publishing/
Indiegogo,Business Directories,Global,global,NEEDS_RESEARCH,Research the submission route,,unknown,INSUFFICIENT,Unknown,Unknown,unknown,,what action the platform supports; the action URL,86,"tier tier1, priority P2",/research/business-directories/opportunities/
Indonetwork,Business Directories,Indonesia,country-specific,NEEDS_RESEARCH,Research the submission route,,unknown,INSUFFICIENT,Unknown,Unknown,unknown,,what action the platform supports; the action URL,86,"tier tier1, priority P2",/research/business-directories/opportunities/
Indotrading,Business Directories,Indonesia,country-specific,NEEDS_RESEARCH,Research the submission route,,unknown,INSUFFICIENT,Unknown,Unknown,unknown,,what action the platform supports; the action URL,68,"tier tier2, priority P2",/research/business-directories/opportunities/
Industrie-Schweiz,Business Directories,Switzerland,country-specific,NEEDS_RESEARCH,Research the submission route,,unknown,INSUFFICIENT,Unknown,Unknown,unknown,,what action the platform supports; the action URL,46,"tier tier3, priority P3",/research/business-directories/opportunities/
IndustryNet,Business Directories,United States,north-america,NEEDS_RESEARCH,Research the submission route,,unknown,INSUFFICIENT,Unknown,Unknown,unknown,,what action the platform supports; the action URL,68,"tier tier2, priority P2",/research/business-directories/opportunities/
IndustryStock,Business Directories,Global,europe; global,READY,Create a business profile,https://www.industrystock.com/en/register,unknown,LOW,Unknown,Unknown,verified,,,78,"tier tier2, priority P2",/research/business-directories/opportunities/
IndustryStock Deutschland,Business Directories,Germany,dach,NEEDS_RESEARCH,Research the submission route,,unknown,INSUFFICIENT,Unknown,Unknown,unknown,,what action the platform supports; the action URL,64,"tier tier2, priority P3",/research/business-directories/opportunities/
IndustryWeek,"Media, PR & Publishing",United States,national,NEEDS_RESEARCH,Research the submission route,,unknown,INSUFFICIENT,Unknown,Unknown,unknown,,what action the platform supports; the action URL,,below the Media Score evidence floor,/research/media-pr-publishing/
Influenster,Business Directories,United States,north-america,NEEDS_RESEARCH,Research the submission route,,unknown,INSUFFICIENT,Unknown,Unknown,unknown,,what action the platform supports; the action URL,46,"tier tier3, priority P3",/research/business-directories/opportunities/
InfoIsInfo België,Business Directories,Belgium,country-specific,NEEDS_RESEARCH,Research the submission route,,unknown,INSUFFICIENT,Unknown,Unknown,unknown,,what action the platform supports; the action URL,46,"tier tier3, priority P3",/research/business-directories/opportunities/
InfoIsInfo France,Business Directories,France,country-specific,NEEDS_RESEARCH,Research the submission route,,unknown,INSUFFICIENT,Unknown,Unknown,unknown,,what action the platform supports; the action URL,46,"tier tier3, priority P3",/research/business-directories/opportunities/
InfoIsInfo Italia,Business Directories,Italy,country-specific,NEEDS_RESEARCH,Research the submission route,,unknown,INSUFFICIENT,Unknown,Unknown,unknown,,what action the platform supports; the action URL,46,"tier tier3, priority P3",/research/business-directories/opportunities/
InfoIsInfo Nederland,Business Directories,Netherlands,country-specific,NEEDS_RESEARCH,Research the submission route,,unknown,INSUFFICIENT,Unknown,Unknown,unknown,,what action the platform supports; the action URL,46,"tier tier3, priority P3",/research/business-directories/opportunities/
InfoIsInfo Polska,Business Directories,Poland,country-specific,NEEDS_RESEARCH,Research the submission route,,unknown,INSUFFICIENT,Unknown,Unknown,unknown,,what action the platform supports; the action URL,46,"tier tier3, priority P3",/research/business-directories/opportunities/
InfoIsInfo Schweiz,Business Directories,Switzerland,country-specific,NEEDS_RESEARCH,Research the submission route,,unknown,INSUFFICIENT,Unknown,Unknown,unknown,,what action the platform supports; the action URL,46,"tier tier3, priority P3",/research/business-directories/opportunities/
InfoIsInfo Sverige,Business Directories,Sweden,country-specific,NEEDS_RESEARCH,Research the submission route,,unknown,INSUFFICIENT,Unknown,Unknown,unknown,,what action the platform supports; the action URL,46,"tier tier3, priority P3",/research/business-directories/opportunities/
InfoIsInfo Österreich,Business Directories,Austria,country-specific,NEEDS_RESEARCH,Research the submission route,,unknown,INSUFFICIENT,Unknown,Unknown,unknown,,what action the platform supports; the action URL,46,"tier tier3, priority P3",/research/business-directories/opportunities/
InfoJobs,Business Directories,Spain,country-specific,NEEDS_RESEARCH,Research the submission route,,unknown,INSUFFICIENT,Unknown,Unknown,unknown,,what action the platform supports; the action URL,86,"tier tier1, priority P2",/research/business-directories/opportunities/
InfoJobs Brasil,Business Directories,Brazil,country-specific,NEEDS_BROWSER,Verify the route in a browser,,unknown,INSUFFICIENT,Unknown,Unknown,unknown,,what action the platform supports; the action URL,64,"tier tier2, priority P3",/research/business-directories/opportunities/
InfoJobs Brasil,Marketplace & Classified Platforms,Brazil,,NEEDS_BROWSER,Verify the route in a browser,,paid,INSUFFICIENT,Unknown,Unknown,unknown,,the action URL,72,"accepts business sellers, paid",/research/marketplaces/
InfoQ,"Media, PR & Publishing",United States,global,READY,Submit a contributed article,https://www.infoq.com/write-for-infoq/,free,MEDIUM,Unknown,Unknown,verified,,,88,Media Score 88 (Exceptional),/research/media-pr-publishing/
Infobel,Business Directories,Global,europe; global,NEEDS_RESEARCH,Research the submission route,,unknown,INSUFFICIENT,Unknown,Unknown,unknown,,what action the platform supports; the action URL,64,"tier tier2, priority P3",/research/business-directories/opportunities/
Infoempleo,Business Directories,Spain,country-specific,NEEDS_RESEARCH,Research the submission route,,unknown,INSUFFICIENT,Unknown,Unknown,unknown,,what action the platform supports; the action URL,64,"tier tier2, priority P3",/research/business-directories/opportunities/
Infoisinfo España,Business Directories,Spain,country-specific,NEEDS_RESEARCH,Research the submission route,,unknown,INSUFFICIENT,Unknown,Unknown,unknown,,what action the platform supports; the action URL,46,"tier tier3, priority P3",/research/business-directories/opportunities/
Infoisinfo UK,Business Directories,United Kingdom,united-kingdom,READY,Create a business profile,https://www.infoisinfo.co.uk/account#/register-business,unknown,LOW,Unknown,Unknown,verified,,,56,"tier tier3, priority P3",/research/business-directories/opportunities/
Inforegister,Business Directories,Estonia,country-specific,NEEDS_RESEARCH,Research the submission route,,unknown,INSUFFICIENT,Unknown,Unknown,unknown,,what action the platform supports; the action URL,68,"tier tier2, priority P2",/research/business-directories/opportunities/
Infosecurity Magazine,"Media, PR & Publishing",United Kingdom,global,NEEDS_RESEARCH,Research the submission route,,free,INSUFFICIENT,Unknown,Unknown,unknown,,the action URL,83,Media Score 83 (Strong),/research/media-pr-publishing/
Inmuebles24,Marketplace & Classified Platforms,Mexico,,NEEDS_BROWSER,Verify the route in a browser,,paid,INSUFFICIENT,Unknown,Unknown,unknown,,the action URL,60,"accepts both sellers, paid",/research/marketplaces/
InsiderPages,Business Directories,United States,united-states,NEEDS_RESEARCH,Research the submission route,,unknown,INSUFFICIENT,Unknown,Unknown,unknown,,what action the platform supports; the action URL,46,"tier tier3, priority P3",/research/business-directories/opportunities/
Insidr.ai,Business Directories,Global,global,NEEDS_RESEARCH,Research the submission route,,unknown,INSUFFICIENT,Unknown,Unknown,unknown,,what action the platform supports; the action URL,46,"tier tier3, priority P3",/research/business-directories/opportunities/
Instacart,Business Directories,United States,north-america,NEEDS_RESEARCH,Research the submission route,,unknown,INSUFFICIENT,Unknown,Unknown,unknown,,what action the platform supports; the action URL,64,"tier tier2, priority P3",/research/business-directories/opportunities/
Instagram Business Profile,Business Directories,Global,global,NEEDS_RESEARCH,Research the submission route,,unknown,INSUFFICIENT,Unknown,Unknown,unknown,,what action the platform supports; the action URL,86,"tier tier1, priority P2",/research/business-directories/opportunities/
Instahyre,Business Directories,India,india,NEEDS_RESEARCH,Research the submission route,,unknown,INSUFFICIENT,Unknown,Unknown,unknown,,what action the platform supports; the action URL,46,"tier tier3, priority P3",/research/business-directories/opportunities/
Instapro,Business Directories,Italy,country-specific,NEEDS_RESEARCH,Research the submission route,,unknown,INSUFFICIENT,Unknown,Unknown,unknown,,what action the platform supports; the action URL,46,"tier tier3, priority P3",/research/business-directories/opportunities/
Intel Find a Partner,Business Directories,Global,global,NEEDS_RESEARCH,Research the submission route,,unknown,INSUFFICIENT,Unknown,Unknown,unknown,,what action the platform supports; the action URL,64,"tier tier2, priority P3",/research/business-directories/opportunities/
InterNACHI,Business Directories,United States,north-america,NEEDS_BROWSER,Verify the route in a browser,,unknown,INSUFFICIENT,Unknown,Unknown,unknown,,what action the platform supports; the action URL,64,"tier tier2, priority P3",/research/business-directories/opportunities/
Intercom App Store,Business Directories,Global,global,NEEDS_RESEARCH,Research the submission route,,unknown,INSUFFICIENT,Unknown,Unknown,unknown,,what action the platform supports; the action URL,86,"tier tier1, priority P2",/research/business-directories/opportunities/
Interempresas,Business Directories,Spain,country-specific,NEEDS_RESEARCH,Research the submission route,,unknown,INSUFFICIENT,Unknown,Unknown,unknown,,what action the platform supports; the action URL,68,"tier tier2, priority P2",/research/business-directories/opportunities/
Intermediair,Business Directories,Netherlands,country-specific,NEEDS_RESEARCH,Research the submission route,,unknown,INSUFFICIENT,Unknown,Unknown,unknown,,what action the platform supports; the action URL,64,"tier tier2, priority P3",/research/business-directories/opportunities/
InternetRetailing,"Media, PR & Publishing",United Kingdom,national,NEEDS_RESEARCH,Research the submission route,,unknown,INSUFFICIENT,Unknown,Unknown,unknown,,the action URL,78,Media Score 78 (Strong),/research/media-pr-publishing/
Internshala,Business Directories,India,india,NEEDS_RESEARCH,Research the submission route,,unknown,INSUFFICIENT,Unknown,Unknown,unknown,,what action the platform supports; the action URL,64,"tier tier2, priority P3",/research/business-directories/opportunities/
Interpark,Business Directories,South Korea,country-specific,NEEDS_RESEARCH,Research the submission route,,unknown,INSUFFICIENT,Unknown,Unknown,unknown,,what action the platform supports; the action URL,64,"tier tier2, priority P3",/research/business-directories/opportunities/
Invest Ottawa,Business Directories,Canada,regional,NEEDS_RESEARCH,Research the submission route,,unknown,INSUFFICIENT,Unknown,Unknown,unknown,,what action the platform supports; the action URL,46,"tier tier3, priority P3",/research/business-directories/opportunities/
Ipros,Business Directories,Japan,japan,NEEDS_RESEARCH,Research the submission route,,unknown,INSUFFICIENT,Unknown,Unknown,unknown,,what action the platform supports; the action URL,68,"tier tier2, priority P2",/research/business-directories/opportunities/
Ireland's Advisor,Business Directories,Ireland,country-specific,NEEDS_BROWSER,Verify the route in a browser,,unknown,INSUFFICIENT,Unknown,Unknown,unknown,,what action the platform supports; the action URL,46,"tier tier3, priority P3",/research/business-directories/opportunities/
Irish Tech News,"Media, PR & Publishing",Ireland,national,NEEDS_RESEARCH,Research the submission route,,unknown,INSUFFICIENT,Unknown,Unknown,unknown,,what action the platform supports; the action URL,,below the Media Score evidence floor,/research/media-pr-publishing/
IrishJobs,Business Directories,Ireland,country-specific,NEEDS_RESEARCH,Research the submission route,,unknown,INSUFFICIENT,Unknown,Unknown,unknown,,what action the platform supports; the action URL,68,"tier tier2, priority P2",/research/business-directories/opportunities/
Irrigation Association,Business Directories,United States,united-states,NEEDS_RESEARCH,Research the submission route,,unknown,INSUFFICIENT,Unknown,Unknown,unknown,,what action the platform supports; the action URL,46,"tier tier3, priority P3",/research/business-directories/opportunities/
Italia Imprese,Business Directories,Italy,country-specific,NEEDS_RESEARCH,Research the submission route,,unknown,INSUFFICIENT,Unknown,Unknown,unknown,,the action URL,56,"tier tier3, priority P3",/research/business-directories/opportunities/
Italianfood.net,Business Directories,Italy,global,NEEDS_RESEARCH,Research the submission route,,unknown,INSUFFICIENT,Unknown,Unknown,unknown,,what action the platform supports; the action URL,46,"tier tier3, priority P3",/research/business-directories/opportunities/
JCtrans,Business Directories,Global,global,NEEDS_RESEARCH,Research the submission route,,unknown,INSUFFICIENT,Unknown,Unknown,unknown,,what action the platform supports; the action URL,68,"tier tier2, priority P2",/research/business-directories/opportunities/
JOBS.pl,Business Directories,Poland,country-specific,NEEDS_RESEARCH,Research the submission route,,unknown,INSUFFICIENT,Unknown,Unknown,unknown,,what action the platform supports; the action URL,46,"tier tier3, priority P3",/research/business-directories/opportunities/
JPNumber,Business Directories,Japan,japan,NEEDS_RESEARCH,Research the submission route,,unknown,INSUFFICIENT,Unknown,Unknown,unknown,,what action the platform supports; the action URL,46,"tier tier3, priority P3",/research/business-directories/opportunities/
Jacars.net,Marketplace & Classified Platforms,Jamaica,,READY,Post a classified listing,https://www.jacars.net/profile/login/?next=/post_ad/,freemium,LOW,Unknown,Unknown,verified,,,74,"accepts both sellers, freemium",/research/marketplaces/
Jamaica Classified Online,Marketplace & Classified Platforms,Jamaica,,NEEDS_RESEARCH,Research the submission route,,freemium,INSUFFICIENT,Unknown,Unknown,unknown,,the action URL,77,"accepts both sellers, freemium",/research/marketplaces/
Japan Chamber of Commerce and Industry,Business Directories,Japan,japan,NEEDS_RESEARCH,Research the submission route,,unknown,INSUFFICIENT,Unknown,Unknown,unknown,,what action the platform supports; the action URL,86,"tier tier1, priority P2",/research/business-directories/opportunities/
Jasmine Directory,Business Directories,Global,global; united-kingdom,READY,Create a business profile,https://www.jasminedirectory.com/index.php?a=2070753691,unknown,LOW,Unknown,Unknown,verified,,,56,"tier tier3, priority P3",/research/business-directories/opportunities/
JetBrains Marketplace,Business Directories,Global,global,NEEDS_RESEARCH,Research the submission route,,unknown,INSUFFICIENT,Unknown,Unknown,unknown,,what action the platform supports; the action URL,64,"tier tier2, priority P2",/research/business-directories/opportunities/
Jiji DR Congo,Marketplace & Classified Platforms,DR Congo,,NEEDS_BROWSER,Verify the route in a browser,,freemium,INSUFFICIENT,Unknown,Unknown,unknown,,the action URL,69,"accepts both sellers, freemium",/research/marketplaces/
Jiji Ethiopia,Marketplace & Classified Platforms,Ethiopia,,NEEDS_BROWSER,Verify the route in a browser,,freemium,INSUFFICIENT,Unknown,Unknown,unknown,,the action URL,69,"accepts both sellers, freemium",/research/marketplaces/
Jiji Ghana,Marketplace & Classified Platforms,Ghana,,NEEDS_RESEARCH,Research the submission route,,freemium,INSUFFICIENT,Unknown,Unknown,unknown,,the action URL,77,"accepts both sellers, freemium",/research/marketplaces/
Jiji Kenya,Business Directories,Kenya,africa,NEEDS_BROWSER,Verify the route in a browser,,unknown,INSUFFICIENT,Unknown,Unknown,unknown,,what action the platform supports; the action URL,86,"tier tier1, priority P2",/research/business-directories/opportunities/
Jiji Kenya,Marketplace & Classified Platforms,Kenya,,NEEDS_BROWSER,Verify the route in a browser,,freemium,INSUFFICIENT,Unknown,Unknown,unknown,,the action URL,69,"accepts both sellers, freemium",/research/marketplaces/
Jiji Nigeria,Business Directories,Nigeria,africa,NEEDS_BROWSER,Verify the route in a browser,,unknown,INSUFFICIENT,Unknown,Unknown,unknown,,what action the platform supports; the action URL,86,"tier tier1, priority P2",/research/business-directories/opportunities/
Jiji Nigeria,Marketplace & Classified Platforms,Nigeria,,NEEDS_BROWSER,Verify the route in a browser,,freemium,INSUFFICIENT,Unknown,Unknown,unknown,,the action URL,69,"accepts both sellers, freemium",/research/marketplaces/
Jiji Tanzania,Business Directories,Tanzania,africa,NEEDS_BROWSER,Verify the route in a browser,,unknown,INSUFFICIENT,Unknown,Unknown,unknown,,what action the platform supports; the action URL,86,"tier tier1, priority P2",/research/business-directories/opportunities/
Jiji Tanzania,Marketplace & Classified Platforms,Tanzania,,NEEDS_BROWSER,Verify the route in a browser,,freemium,INSUFFICIENT,Unknown,Unknown,unknown,,the action URL,69,"accepts both sellers, freemium",/research/marketplaces/
Jiji Uganda,Business Directories,Uganda,africa,NEEDS_BROWSER,Verify the route in a browser,,unknown,INSUFFICIENT,Unknown,Unknown,unknown,,what action the platform supports; the action URL,86,"tier tier1, priority P2",/research/business-directories/opportunities/
Jiji Uganda,Marketplace & Classified Platforms,Uganda,,NEEDS_BROWSER,Verify the route in a browser,,freemium,INSUFFICIENT,Unknown,Unknown,unknown,,the action URL,69,"accepts both sellers, freemium",/research/marketplaces/
Jimoty,Marketplace & Classified Platforms,Japan,,NEEDS_RESEARCH,Research the submission route,,free,INSUFFICIENT,Unknown,Unknown,unknown,,the action URL,83,"accepts both sellers, free",/research/marketplaces/
JobBKK,Business Directories,Thailand,country-specific,NEEDS_RESEARCH,Research the submission route,,unknown,INSUFFICIENT,Unknown,Unknown,unknown,,what action the platform supports; the action URL,64,"tier tier2, priority P3",/research/business-directories/opportunities/
JobKorea,Business Directories,South Korea,country-specific,NEEDS_RESEARCH,Research the submission route,,unknown,INSUFFICIENT,Unknown,Unknown,unknown,,what action the platform supports; the action URL,86,"tier tier1, priority P2",/research/business-directories/opportunities/
JobNet,Marketplace & Classified Platforms,Myanmar,,READY,Post an advertisement,https://www.jobnet.com.mm/employers/signup,paid,LOW,Unknown,Unknown,verified,,,80,"accepts business sellers, paid",/research/marketplaces/
JobPlanet,Business Directories,South Korea,country-specific,NEEDS_RESEARCH,Research the submission route,,unknown,INSUFFICIENT,Unknown,Unknown,unknown,,what action the platform supports; the action URL,86,"tier tier1, priority P2",/research/business-directories/opportunities/
JobStreet Indonesia,Business Directories,Indonesia,country-specific,NEEDS_BROWSER,Verify the route in a browser,,unknown,INSUFFICIENT,Unknown,Unknown,unknown,,what action the platform supports; the action URL,86,"tier tier1, priority P2",/research/business-directories/opportunities/
JobStreet Malaysia,Business Directories,Malaysia,asia,NEEDS_BROWSER,Verify the route in a browser,,unknown,INSUFFICIENT,Unknown,Unknown,unknown,,what action the platform supports; the action URL,86,"tier tier1, priority P2",/research/business-directories/opportunities/
JobStreet Philippines,Business Directories,Philippines,country-specific,NEEDS_BROWSER,Verify the route in a browser,,unknown,INSUFFICIENT,Unknown,Unknown,unknown,,what action the platform supports; the action URL,86,"tier tier1, priority P2",/research/business-directories/opportunities/
JobTeaser,Business Directories,Global,europe,NEEDS_RESEARCH,Research the submission route,,unknown,INSUFFICIENT,Unknown,Unknown,unknown,,what action the platform supports; the action URL,64,"tier tier2, priority P3",/research/business-directories/opportunities/
JobThai,Business Directories,Thailand,country-specific,NEEDS_RESEARCH,Research the submission route,,unknown,INSUFFICIENT,Unknown,Unknown,unknown,,what action the platform supports; the action URL,86,"tier tier1, priority P2",/research/business-directories/opportunities/
JobTopGun,Business Directories,Thailand,country-specific,NEEDS_RESEARCH,Research the submission route,,unknown,INSUFFICIENT,Unknown,Unknown,unknown,,what action the platform supports; the action URL,64,"tier tier2, priority P3",/research/business-directories/opportunities/
Jobberman,Marketplace & Classified Platforms,Nigeria,,NEEDS_RESEARCH,Research the submission route,,paid,INSUFFICIENT,Unknown,Unknown,unknown,,the action URL,80,"accepts business sellers, paid",/research/marketplaces/
Jobberman Ghana,Marketplace & Classified Platforms,Ghana,,NEEDS_RESEARCH,Research the submission route,,paid,INSUFFICIENT,Unknown,Unknown,unknown,,the action URL,80,"accepts business sellers, paid",/research/marketplaces/
Jobbird,Business Directories,Netherlands,country-specific,NEEDS_RESEARCH,Research the submission route,,unknown,INSUFFICIENT,Unknown,Unknown,unknown,,what action the platform supports; the action URL,64,"tier tier2, priority P3",/research/business-directories/opportunities/
Jobillico,Business Directories,Canada,regional,NEEDS_RESEARCH,Research the submission route,,unknown,INSUFFICIENT,Unknown,Unknown,unknown,,what action the platform supports; the action URL,64,"tier tier2, priority P3",/research/business-directories/opportunities/
Jobindex,Business Directories,Denmark,nordics,NEEDS_RESEARCH,Research the submission route,,unknown,INSUFFICIENT,Unknown,Unknown,unknown,,what action the platform supports; the action URL,64,"tier tier2, priority P3",/research/business-directories/opportunities/
Jobindex,Marketplace & Classified Platforms,Denmark,,NEEDS_RESEARCH,Research the submission route,,paid,INSUFFICIENT,Unknown,Unknown,unknown,,the action URL,80,"accepts business sellers, paid",/research/marketplaces/
Jobs.cz,Business Directories,Czech Republic,country-specific,NEEDS_RESEARCH,Research the submission route,,unknown,INSUFFICIENT,Unknown,Unknown,unknown,,what action the platform supports; the action URL,86,"tier tier1, priority P2",/research/business-directories/opportunities/
JobsDB Hong Kong,Business Directories,Hong Kong,country-specific,NEEDS_BROWSER,Verify the route in a browser,,unknown,INSUFFICIENT,Unknown,Unknown,unknown,,what action the platform supports; the action URL,86,"tier tier1, priority P2",/research/business-directories/opportunities/
JobsDB Thailand,Business Directories,Thailand,country-specific,NEEDS_BROWSER,Verify the route in a browser,,unknown,INSUFFICIENT,Unknown,Unknown,unknown,,what action the platform supports; the action URL,86,"tier tier1, priority P2",/research/business-directories/opportunities/
Jobstore Malaysia,Business Directories,Malaysia,asia,NEEDS_RESEARCH,Research the submission route,,unknown,INSUFFICIENT,Unknown,Unknown,unknown,,what action the platform supports; the action URL,64,"tier tier2, priority P3",/research/business-directories/opportunities/
Jofogas,Marketplace & Classified Platforms,Hungary,,NEEDS_RESEARCH,Research the submission route,,freemium,INSUFFICIENT,Unknown,Unknown,unknown,,the action URL,77,"accepts both sellers, freemium",/research/marketplaces/
Joomla! Extensions Directory,Business Directories,Global,global,NEEDS_RESEARCH,Research the submission route,,unknown,INSUFFICIENT,Unknown,Unknown,unknown,,what action the platform supports; the action URL,42,"tier tier3, priority P3",/research/business-directories/opportunities/
Joongna,Business Directories,South Korea,country-specific,NEEDS_RESEARCH,Research the submission route,,unknown,INSUFFICIENT,Unknown,Unknown,unknown,,what action the platform supports; the action URL,64,"tier tier2, priority P3",/research/business-directories/opportunities/
Joongna,Marketplace & Classified Platforms,South Korea,,NEEDS_RESEARCH,Research the submission route,,freemium,INSUFFICIENT,Unknown,Unknown,unknown,,the action URL,74,"accepts both sellers, freemium",/research/marketplaces/
Jora,Business Directories,Global,global,NEEDS_BROWSER,Verify the route in a browser,,unknown,INSUFFICIENT,Unknown,Unknown,unknown,,what action the platform supports; the action URL,64,"tier tier2, priority P3",/research/business-directories/opportunities/
Jornal de Negócios,"Media, PR & Publishing",Portugal,national,NEEDS_RESEARCH,Research the submission route,,unknown,INSUFFICIENT,Unknown,Unknown,unknown,,what action the platform supports; the action URL,,below the Media Score evidence floor,/research/media-pr-publishing/
Josh Bersin,"Media, PR & Publishing",United States,global,NEEDS_RESEARCH,Research the submission route,,unknown,INSUFFICIENT,Unknown,Unknown,unknown,,what action the platform supports; the action URL,,below the Media Score evidence floor,/research/media-pr-publishing/
JournoLink,"Media, PR & Publishing",United Kingdom,national,NEEDS_RESEARCH,Research the submission route,,paid,INSUFFICIENT,Unknown,Unknown,unknown,,the action URL,61,Media Score 61 (Moderate),/research/media-pr-publishing/
Judy's Book,Business Directories,United States,united-states,NEEDS_BROWSER,Verify the route in a browser,,unknown,INSUFFICIENT,Unknown,Unknown,unknown,,what action the platform supports; the action URL,46,"tier tier3, priority P3",/research/business-directories/opportunities/
Jumia Egypt,Marketplace & Classified Platforms,Egypt,,NEEDS_BROWSER,Verify the route in a browser,,paid,INSUFFICIENT,Unknown,Unknown,unknown,,the action URL,72,"accepts business sellers, paid",/research/marketplaces/
Jumia Ghana,Business Directories,Ghana,africa,NEEDS_BROWSER,Verify the route in a browser,,unknown,INSUFFICIENT,Unknown,Unknown,unknown,,what action the platform supports; the action URL,86,"tier tier1, priority P2",/research/business-directories/opportunities/
Jumia Kenya,Business Directories,Kenya,africa,NEEDS_BROWSER,Verify the route in a browser,,unknown,INSUFFICIENT,Unknown,Unknown,unknown,,what action the platform supports; the action URL,86,"tier tier1, priority P2",/research/business-directories/opportunities/
Jumia Kenya,Marketplace & Classified Platforms,Kenya,,NEEDS_BROWSER,Verify the route in a browser,,paid,INSUFFICIENT,Unknown,Unknown,unknown,,the action URL,72,"accepts business sellers, paid",/research/marketplaces/
Jumia Nigeria,Business Directories,Nigeria,africa,NEEDS_BROWSER,Verify the route in a browser,,unknown,INSUFFICIENT,Unknown,Unknown,unknown,,what action the platform supports; the action URL,86,"tier tier1, priority P2",/research/business-directories/opportunities/
Jumia Nigeria,Marketplace & Classified Platforms,Nigeria,,NEEDS_BROWSER,Verify the route in a browser,,paid,INSUFFICIENT,Unknown,Unknown,unknown,,the action URL,72,"accepts business sellers, paid",/research/marketplaces/
Jumia Uganda,Business Directories,Uganda,africa,NEEDS_BROWSER,Verify the route in a browser,,unknown,INSUFFICIENT,Unknown,Unknown,unknown,,what action the platform supports; the action URL,86,"tier tier1, priority P2",/research/business-directories/opportunities/
Junk Mail,Marketplace & Classified Platforms,South Africa,,NEEDS_BROWSER,Verify the route in a browser,,freemium,INSUFFICIENT,Unknown,Unknown,unknown,,the action URL,69,"accepts both sellers, freemium",/research/marketplaces/
Jusbrasil,Business Directories,Brazil,country-specific,NEEDS_RESEARCH,Research the submission route,,unknown,INSUFFICIENT,Unknown,Unknown,unknown,,what action the platform supports; the action URL,86,"tier tier1, priority P2",/research/business-directories/opportunities/
Just Eat Ireland,Business Directories,Ireland,country-specific,NEEDS_RESEARCH,Research the submission route,,unknown,INSUFFICIENT,Unknown,Unknown,unknown,,what action the platform supports; the action URL,86,"tier tier1, priority P2",/research/business-directories/opportunities/
Just Food,"Media, PR & Publishing",United Kingdom,national,NEEDS_RESEARCH,Research the submission route,,unknown,INSUFFICIENT,Unknown,Unknown,unknown,,what action the platform supports; the action URL,,below the Media Score evidence floor,/research/media-pr-publishing/
Justacote,Business Directories,France,country-specific,NEEDS_BROWSER,Verify the route in a browser,,unknown,INSUFFICIENT,Unknown,Unknown,unknown,,what action the platform supports; the action URL,68,"tier tier2, priority P2",/research/business-directories/opportunities/
Justdial,Business Directories,India,india,NEEDS_RESEARCH,Research the submission route,,free,INSUFFICIENT,Unknown,Unknown,unknown,,what action the platform supports; the action URL,86,"tier tier1, priority P2",/research/business-directories/opportunities/
Justia,Business Directories,United States,united-states,NEEDS_BROWSER,Verify the route in a browser,,unknown,INSUFFICIENT,Unknown,Unknown,unknown,,what action the platform supports; the action URL,86,"tier tier1, priority P2",/research/business-directories/opportunities/
Já.is,Business Directories,Iceland,europe,NEEDS_RESEARCH,Research the submission route,,unknown,INSUFFICIENT,Unknown,Unknown,unknown,,what action the platform supports; the action URL,68,"tier tier2, priority P2",/research/business-directories/opportunities/
KADIN Indonesia,Business Directories,Indonesia,country-specific,NEEDS_RESEARCH,Research the submission route,,unknown,INSUFFICIENT,Unknown,Unknown,unknown,,what action the platform supports; the action URL,86,"tier tier1, priority P2",/research/business-directories/opportunities/
KB Chachacha,Marketplace & Classified Platforms,South Korea,,NEEDS_RESEARCH,Research the submission route,,paid,INSUFFICIENT,Unknown,Unknown,unknown,,the action URL,68,"accepts both sellers, paid",/research/marketplaces/
KED Global,"Media, PR & Publishing",South Korea,national,NEEDS_RESEARCH,Research the submission route,,unknown,INSUFFICIENT,Unknown,Unknown,unknown,,what action the platform supports; the action URL,,below the Media Score evidence floor,/research/media-pr-publishing/
KEPSA,Business Directories,Kenya,country-specific,NEEDS_RESEARCH,Research the submission route,,unknown,INSUFFICIENT,Unknown,Unknown,unknown,,what action the platform supports; the action URL,64,"tier tier2, priority P3",/research/business-directories/opportunities/
KKday,Business Directories,Taiwan,asia,NEEDS_RESEARCH,Research the submission route,,unknown,INSUFFICIENT,Unknown,Unknown,unknown,,what action the platform supports; the action URL,68,"tier tier2, priority P2",/research/business-directories/opportunities/
KNCCI,Business Directories,Kenya,country-specific,NEEDS_RESEARCH,Research the submission route,,unknown,INSUFFICIENT,Unknown,Unknown,unknown,,what action the platform supports; the action URL,86,"tier tier1, priority P2",/research/business-directories/opportunities/
KSL Classifieds,Marketplace & Classified Platforms,United States,,READY,Post an advertisement,https://www.deseretdigital.com/advertising,freemium,LOW,Unknown,Unknown,verified,,,77,"accepts both sellers, freemium",/research/marketplaces/
KV.ee,Marketplace & Classified Platforms,Estonia,,NEEDS_RESEARCH,Research the submission route,,paid,INSUFFICIENT,Unknown,Unknown,unknown,,the action URL,68,"accepts both sellers, paid",/research/marketplaces/
Kaggle Datasets,Business Directories,Global,global,NEEDS_RESEARCH,Research the submission route,,free,INSUFFICIENT,Easy,Unknown,unknown,,what action the platform supports; the action URL,60,"tier tier2, priority P3",/research/business-directories/opportunities/
Kaidee,Marketplace & Classified Platforms,Thailand,,NEEDS_RESEARCH,Research the submission route,,freemium,INSUFFICIENT,Unknown,Unknown,unknown,,the action URL,77,"accepts both sellers, freemium",/research/marketplaces/
Kakao Map Place,Business Directories,South Korea,country-specific,NEEDS_RESEARCH,Research the submission route,,unknown,INSUFFICIENT,Unknown,Unknown,unknown,,what action the platform supports; the action URL,94,"tier tier1, priority P1",/research/business-directories/opportunities/
Kalibrr,Business Directories,Philippines,asia,NEEDS_RESEARCH,Research the submission route,,unknown,INSUFFICIENT,Unknown,Unknown,unknown,,what action the platform supports; the action URL,86,"tier tier1, priority P2",/research/business-directories/opportunities/
Katadata,"Media, PR & Publishing",Indonesia,national,NEEDS_RESEARCH,Research the submission route,,unknown,INSUFFICIENT,Unknown,Unknown,unknown,,what action the platform supports; the action URL,,below the Media Score evidence floor,/research/media-pr-publishing/
Katalog.cz,Business Directories,Czech Republic,country-specific,READY,Create a business profile,https://www.katalog.cz/pridat-firmu/,unknown,LOW,Unknown,Unknown,verified,,,56,"tier tier3, priority P3",/research/business-directories/opportunities/
Kauppalehti,"Media, PR & Publishing",Finland,national,NEEDS_RESEARCH,Research the submission route,,unknown,INSUFFICIENT,Unknown,Unknown,unknown,,what action the platform supports; the action URL,,below the Media Score evidence floor,/research/media-pr-publishing/
Kavak,Marketplace & Classified Platforms,Mexico,,NEEDS_RESEARCH,Research the submission route,,freemium,INSUFFICIENT,Unknown,Unknown,unknown,,the action URL,74,"accepts both sellers, freemium",/research/marketplaces/
Keepmeposted,Marketplace & Classified Platforms,Malta,,NEEDS_RESEARCH,Research the submission route,,paid,INSUFFICIENT,Unknown,Unknown,unknown,,the action URL,80,"accepts business sellers, paid",/research/marketplaces/
Keidanren,Business Directories,Japan,japan,NEEDS_RESEARCH,Research the submission route,,unknown,INSUFFICIENT,Unknown,Unknown,unknown,,what action the platform supports; the action URL,82,"tier tier1, priority P3",/research/business-directories/opportunities/
Kelkoo,Business Directories,Global,europe,NEEDS_BROWSER,Verify the route in a browser,,unknown,INSUFFICIENT,Unknown,Unknown,unknown,,what action the platform supports; the action URL,64,"tier tier2, priority P3",/research/business-directories/opportunities/
KennstDuEinen,Business Directories,Germany,dach,READY,Create a business profile,https://www.kennstdueinen.de/serviceProvider/registerForm,free,LOW,Unknown,Unknown,verified,,,56,"tier tier3, priority P3",/research/business-directories/opportunities/
Kenya Association of Manufacturers,Business Directories,Kenya,country-specific,NEEDS_RESEARCH,Research the submission route,,unknown,INSUFFICIENT,Unknown,Unknown,unknown,,what action the platform supports; the action URL,86,"tier tier1, priority P2",/research/business-directories/opportunities/
Khmer24,Marketplace & Classified Platforms,Cambodia,,NEEDS_RESEARCH,Research the submission route,,unknown,INSUFFICIENT,Unknown,Unknown,unknown,,the action URL,77,"accepts both sellers, unknown",/research/marketplaces/
Kickstarter,Business Directories,Global,global,NEEDS_RESEARCH,Research the submission route,,unknown,INSUFFICIENT,Unknown,Unknown,unknown,,what action the platform supports; the action URL,86,"tier tier1, priority P2",/research/business-directories/opportunities/
Kijiji,Business Directories,Canada,canada,NEEDS_RESEARCH,Research the submission route,,unknown,INSUFFICIENT,Unknown,Unknown,unknown,,what action the platform supports; the action URL,82,"tier tier1, priority P3",/research/business-directories/opportunities/
Kijiji,Marketplace & Classified Platforms,Canada,,NEEDS_RESEARCH,Research the submission route,,freemium,INSUFFICIENT,Unknown,Unknown,unknown,,the action URL,77,"accepts both sellers, freemium",/research/marketplaces/
Kilimall,Marketplace & Classified Platforms,Kenya,,READY,Create a seller account,https://seller.kilimall.ke/login,paid,LOW,Unknown,Unknown,verified,,,80,"accepts business sellers, paid",/research/marketplaces/
KillerStartups,Business Directories,Global,global,NEEDS_RESEARCH,Research the submission route,,unknown,INSUFFICIENT,Unknown,Unknown,unknown,,what action the platform supports; the action URL,46,"tier tier3, priority P3",/research/business-directories/opportunities/
Kiyoh,Business Directories,Netherlands,country-specific,NEEDS_RESEARCH,Research the submission route,,unknown,INSUFFICIENT,Unknown,Unknown,unknown,,what action the platform supports; the action URL,68,"tier tier2, priority P2",/research/business-directories/opportunities/
Klaviyo Partner Directory,Business Directories,Global,global,NEEDS_RESEARCH,Research the submission route,,unknown,INSUFFICIENT,Unknown,Unknown,unknown,,what action the platform supports; the action URL,86,"tier tier1, priority P2",/research/business-directories/opportunities/
Kleinanzeigen,Marketplace & Classified Platforms,Germany,,READY,Post a classified listing,https://www.kleinanzeigen.de/anzeige-aufgeben,freemium,LOW,Unknown,Unknown,verified,,,77,"accepts both sellers, freemium",/research/marketplaces/
Klinikbewertungen,Business Directories,Germany,country-specific,NEEDS_RESEARCH,Research the submission route,,unknown,INSUFFICIENT,Unknown,Unknown,unknown,,what action the platform supports; the action URL,46,"tier tier3, priority P3",/research/business-directories/opportunities/
Klook,Business Directories,Hong Kong,asia,NEEDS_BROWSER,Verify the route in a browser,,unknown,INSUFFICIENT,Unknown,Unknown,unknown,,what action the platform supports; the action URL,86,"tier tier1, priority P2",/research/business-directories/opportunities/
Knoji,Business Directories,United States,united-states,NEEDS_RESEARCH,Research the submission route,,unknown,INSUFFICIENT,Unknown,Unknown,unknown,,what action the platform supports; the action URL,46,"tier tier3, priority P3",/research/business-directories/opportunities/
Knowledge Quarter London,Business Directories,United Kingdom,regional,NEEDS_RESEARCH,Research the submission route,,unknown,INSUFFICIENT,Unknown,Unknown,unknown,,what action the platform supports; the action URL,46,"tier tier3, priority P3",/research/business-directories/opportunities/
Kompass,Business Directories,Global,europe; global,NEEDS_BROWSER,Verify the route in a browser,,unknown,INSUFFICIENT,Unknown,Unknown,unknown,,what action the platform supports; the action URL,94,"tier tier1, priority P1",/research/business-directories/opportunities/
Kompass France,Business Directories,France,europe,NEEDS_BROWSER,Verify the route in a browser,,unknown,INSUFFICIENT,Unknown,Unknown,unknown,,what action the platform supports; the action URL,68,"tier tier2, priority P2",/research/business-directories/opportunities/
Konfederacja Lewiatan,Business Directories,Poland,country-specific,NEEDS_RESEARCH,Research the submission route,,unknown,INSUFFICIENT,Unknown,Unknown,unknown,,what action the platform supports; the action URL,64,"tier tier2, priority P3",/research/business-directories/opportunities/
Konga,Marketplace & Classified Platforms,Nigeria,,READY,Create a seller account,https://shq.konga.com/register,paid,LOW,Unknown,Unknown,verified,,,80,"accepts business sellers, paid",/research/marketplaces/
Koninklijke Metaalunie,Business Directories,Netherlands,country-specific,NEEDS_RESEARCH,Research the submission route,,unknown,INSUFFICIENT,Unknown,Unknown,unknown,,what action the platform supports; the action URL,64,"tier tier2, priority P3",/research/business-directories/opportunities/
Korea International Trade Association,Business Directories,South Korea,country-specific,NEEDS_RESEARCH,Research the submission route,,unknown,INSUFFICIENT,Unknown,Unknown,unknown,,what action the platform supports; the action URL,68,"tier tier2, priority P2",/research/business-directories/opportunities/
KoreaTechDesk,"Media, PR & Publishing",South Korea,national,NEEDS_RESEARCH,Research the submission route,,unknown,INSUFFICIENT,Unknown,Unknown,unknown,,what action the platform supports; the action URL,,below the Media Score evidence floor,/research/media-pr-publishing/
KrASIA,"Media, PR & Publishing",Singapore,regional,NEEDS_RESEARCH,Research the submission route,,unknown,INSUFFICIENT,Unknown,Unknown,unknown,,what action the platform supports; the action URL,,below the Media Score evidence floor,/research/media-pr-publishing/
Krak,Business Directories,Denmark,nordics,NEEDS_RESEARCH,Research the submission route,,unknown,INSUFFICIENT,Unknown,Unknown,unknown,,what action the platform supports; the action URL,94,"tier tier1, priority P1",/research/business-directories/opportunities/
Kufar,Marketplace & Classified Platforms,Belarus,,NEEDS_RESEARCH,Research the submission route,,freemium,INSUFFICIENT,Unknown,Unknown,unknown,,the action URL,77,"accepts both sellers, freemium",/research/marketplaces/
KupujemProdajem,Marketplace & Classified Platforms,Serbia,,NEEDS_RESEARCH,Research the submission route,,freemium,INSUFFICIENT,Unknown,Unknown,unknown,,the action URL,74,"accepts both sellers, freemium",/research/marketplaces/
Kursiv Media,"Media, PR & Publishing",Kazakhstan,national,NEEDS_RESEARCH,Research the submission route,,unknown,INSUFFICIENT,Unknown,Unknown,unknown,,what action the platform supports; the action URL,,below the Media Score evidence floor,/research/media-pr-publishing/
L'Expo Permanente,Business Directories,France,country-specific,NEEDS_RESEARCH,Research the submission route,,unknown,INSUFFICIENT,Unknown,Unknown,unknown,,what action the platform supports; the action URL,86,"tier tier1, priority P2",/research/business-directories/opportunities/
La Guía del Ocio,Business Directories,Argentina,latam,NEEDS_RESEARCH,Research the submission route,,unknown,INSUFFICIENT,Unknown,Unknown,unknown,,what action the platform supports; the action URL,46,"tier tier3, priority P3",/research/business-directories/opportunities/
La Pulga Virtual,Marketplace & Classified Platforms,Dominican Republic,,NEEDS_RESEARCH,Research the submission route,,freemium,INSUFFICIENT,Unknown,Unknown,unknown,,the action URL,77,"accepts both sellers, freemium",/research/marketplaces/
La República,"Media, PR & Publishing",Colombia,national,NEEDS_RESEARCH,Research the submission route,,unknown,INSUFFICIENT,Unknown,Unknown,unknown,,what action the platform supports; the action URL,,below the Media Score evidence floor,/research/media-pr-publishing/
Lacartes,Business Directories,Global,global,NEEDS_RESEARCH,Research the submission route,,unknown,INSUFFICIENT,Unknown,Unknown,unknown,,what action the platform supports; the action URL,46,"tier tier3, priority P3",/research/business-directories/opportunities/
Lamudi Philippines,Marketplace & Classified Platforms,Philippines,,NEEDS_BROWSER,Verify the route in a browser,,paid,INSUFFICIENT,Unknown,Unknown,unknown,,the action URL,60,"accepts both sellers, paid",/research/marketplaces/
Lanka Property Web,Marketplace & Classified Platforms,Sri Lanka,,READY,Post a classified listing,https://www.lankapropertyweb.com/myaccountV2/create,paid,LOW,Unknown,Unknown,verified,,,68,"accepts both sellers, paid",/research/marketplaces/
Lanka Yellow Pages,Business Directories,Sri Lanka,country-specific,NEEDS_BROWSER,Verify the route in a browser,,unknown,INSUFFICIENT,Unknown,Unknown,unknown,,what action the platform supports; the action URL,46,"tier tier3, priority P3",/research/business-directories/opportunities/
Launch,Business Directories,Canada,regional,NEEDS_RESEARCH,Research the submission route,,unknown,INSUFFICIENT,Unknown,Unknown,unknown,,what action the platform supports; the action URL,46,"tier tier3, priority P3",/research/business-directories/opportunities/
Launching Next,Business Directories,Global,global,NEEDS_RESEARCH,Research the submission route,,unknown,INSUFFICIENT,Unknown,Unknown,unknown,,what action the platform supports; the action URL,46,"tier tier3, priority P3",/research/business-directories/opportunities/
Launching Next,"Media, PR & Publishing",United States,global,READY,Submit a product launch,https://www.launchingnext.com/submit/,freemium,LOW,Unknown,Unknown,verified,,,77,Media Score 77 (Good),/research/media-pr-publishing/
Law Society Find a Solicitor,Business Directories,United Kingdom,united-kingdom,NEEDS_RESEARCH,Research the submission route,,unknown,INSUFFICIENT,Unknown,Unknown,unknown,,what action the platform supports; the action URL,86,"tier tier1, priority P2",/research/business-directories/opportunities/
Law.com,"Media, PR & Publishing",United States,national,READY,Pitch the editorial team,https://www.law.com/contact-us/,unknown,LOW,Unknown,Unknown,verified,,,85,Media Score 85 (Strong),/research/media-pr-publishing/
LawnStarter,Business Directories,United States,united-states,NEEDS_RESEARCH,Research the submission route,,unknown,INSUFFICIENT,Unknown,Unknown,unknown,,what action the platform supports; the action URL,46,"tier tier3, priority P3",/research/business-directories/opportunities/
Lawyer Legion,Business Directories,United States,united-states,NEEDS_RESEARCH,Research the submission route,,free,INSUFFICIENT,Unknown,Unknown,unknown,,the action URL,56,"tier tier3, priority P3",/research/business-directories/opportunities/
Lawyer.com,Business Directories,United States,united-states,NEEDS_RESEARCH,Research the submission route,,unknown,INSUFFICIENT,Unknown,Unknown,unknown,,what action the platform supports; the action URL,46,"tier tier3, priority P3",/research/business-directories/opportunities/
Lawyers.com,Business Directories,United States,united-states,NEEDS_BROWSER,Verify the route in a browser,,unknown,INSUFFICIENT,Unknown,Unknown,unknown,,what action the platform supports; the action URL,68,"tier tier2, priority P2",/research/business-directories/opportunities/
Lazada Malaysia,Business Directories,Malaysia,asia,NEEDS_RESEARCH,Research the submission route,,unknown,INSUFFICIENT,Unknown,Unknown,unknown,,what action the platform supports; the action URL,82,"tier tier1, priority P3",/research/business-directories/opportunities/
Lazada Philippines,Business Directories,Philippines,asia,NEEDS_RESEARCH,Research the submission route,,unknown,INSUFFICIENT,Unknown,Unknown,unknown,,what action the platform supports; the action URL,82,"tier tier1, priority P3",/research/business-directories/opportunities/
Lazada Việt Nam,Business Directories,Vietnam,asia,NEEDS_RESEARCH,Research the submission route,,unknown,INSUFFICIENT,Unknown,Unknown,unknown,,what action the platform supports; the action URL,82,"tier tier1, priority P3",/research/business-directories/opportunities/
Leapfrog Hospital Ratings,Business Directories,United States,united-states,NEEDS_RESEARCH,Research the submission route,,unknown,INSUFFICIENT,Unknown,Unknown,unknown,,what action the platform supports; the action URL,64,"tier tier2, priority P3",/research/business-directories/opportunities/
Ledge.ai,"Media, PR & Publishing",Japan,national,NEEDS_RESEARCH,Research the submission route,,unknown,INSUFFICIENT,Unknown,Unknown,unknown,,what action the platform supports; the action URL,,below the Media Score evidence floor,/research/media-pr-publishing/
LegalMatch,Business Directories,United States,united-states,NEEDS_RESEARCH,Research the submission route,,unknown,INSUFFICIENT,Unknown,Unknown,unknown,,what action the platform supports; the action URL,46,"tier tier3, priority P3",/research/business-directories/opportunities/
Lenny’s Newsletter,"Media, PR & Publishing",United States,global,NEEDS_RESEARCH,Research the submission route,,unknown,INSUFFICIENT,Unknown,Unknown,unknown,,what action the platform supports; the action URL,,below the Media Score evidence floor,/research/media-pr-publishing/
Les Echos,"Media, PR & Publishing",France,national,NEEDS_RESEARCH,Research the submission route,,unknown,INSUFFICIENT,Unknown,Unknown,unknown,,what action the platform supports; the action URL,,below the Media Score evidence floor,/research/media-pr-publishing/
LesEco.ma,"Media, PR & Publishing",Morocco,national,NEEDS_RESEARCH,Research the submission route,,unknown,INSUFFICIENT,Unknown,Unknown,unknown,,what action the platform supports; the action URL,,below the Media Score evidence floor,/research/media-pr-publishing/
LesPAC,Business Directories,Canada,regional,NEEDS_BROWSER,Verify the route in a browser,,unknown,INSUFFICIENT,Unknown,Unknown,unknown,,what action the platform supports; the action URL,46,"tier tier3, priority P3",/research/business-directories/opportunities/
LesPAC,Marketplace & Classified Platforms,Canada,,NEEDS_BROWSER,Verify the route in a browser,,freemium,INSUFFICIENT,Unknown,Unknown,unknown,,the action URL,69,"accepts both sellers, freemium",/research/marketplaces/
Level39,Business Directories,United Kingdom,regional,NEEDS_RESEARCH,Research the submission route,,unknown,INSUFFICIENT,Unknown,Unknown,unknown,,what action the platform supports; the action URL,64,"tier tier2, priority P3",/research/business-directories/opportunities/
LibHunt,Business Directories,Global,global,NEEDS_RESEARCH,Research the submission route,,free,INSUFFICIENT,Unknown,Unknown,unknown,,what action the platform supports; the action URL,42,"tier tier3, priority P3",/research/business-directories/opportunities/
Libraries.io,Business Directories,Global,global,NEEDS_RESEARCH,Research the submission route,,unknown,INSUFFICIENT,Unknown,Unknown,unknown,,what action the platform supports; the action URL,64,"tier tier2, priority P3",/research/business-directories/opportunities/
Lider Media,"Media, PR & Publishing",Croatia,national,NEEDS_RESEARCH,Research the submission route,,unknown,INSUFFICIENT,Unknown,Unknown,unknown,,what action the platform supports; the action URL,,below the Media Score evidence floor,/research/media-pr-publishing/
Lieferando,Business Directories,Germany,country-specific,NEEDS_RESEARCH,Research the submission route,,unknown,INSUFFICIENT,Unknown,Unknown,unknown,,what action the platform supports; the action URL,86,"tier tier1, priority P2",/research/business-directories/opportunities/
Lieferando Österreich,Business Directories,Austria,country-specific,NEEDS_RESEARCH,Research the submission route,,unknown,INSUFFICIENT,Unknown,Unknown,unknown,,what action the platform supports; the action URL,86,"tier tier1, priority P2",/research/business-directories/opportunities/
Light Reading,"Media, PR & Publishing",United States,global,READY,Submit a contributed article,https://www.lightreading.com/,free,LOW,Unknown,Unknown,verified,,,88,Media Score 88 (Exceptional),/research/media-pr-publishing/
Link To Leaders,"Media, PR & Publishing",Portugal,national,NEEDS_RESEARCH,Research the submission route,,unknown,INSUFFICIENT,Unknown,Unknown,unknown,,what action the platform supports; the action URL,,below the Media Score evidence floor,/research/media-pr-publishing/
LinkedIn Company Page,Business Directories,Global,global,NEEDS_RESEARCH,Research the submission route,,free,INSUFFICIENT,Unknown,Unknown,unknown,,what action the platform supports; the action URL,94,"tier tier1, priority P1",/research/business-directories/opportunities/
Linux Foundation Members,Business Directories,Global,global,NEEDS_RESEARCH,Research the submission route,,unknown,INSUFFICIENT,Unknown,Unknown,unknown,,what action the platform supports; the action URL,86,"tier tier1, priority P2",/research/business-directories/opportunities/
ListaFirme,Business Directories,Romania,country-specific,NEEDS_RESEARCH,Research the submission route,,unknown,INSUFFICIENT,Unknown,Unknown,unknown,,what action the platform supports; the action URL,68,"tier tier2, priority P2",/research/business-directories/opportunities/
Local Heroes,Business Directories,United Kingdom,united-kingdom,NEEDS_RESEARCH,Research the submission route,,unknown,INSUFFICIENT,Unknown,Unknown,unknown,,what action the platform supports; the action URL,46,"tier tier3, priority P3",/research/business-directories/opportunities/
Local Pages,Business Directories,United Kingdom,united-kingdom,READY,Create a business profile,https://www.localpages.co.uk/advertise.php,freemium,LOW,Unknown,Unknown,verified,,,78,"tier tier2, priority P2",/research/business-directories/opportunities/
Local Search Ireland,Business Directories,Ireland,country-specific,READY,Create a business profile,https://www.localsearch.ie/create-listing/,unknown,LOW,Unknown,Unknown,verified,,,56,"tier tier3, priority P3",/research/business-directories/opportunities/
LocalLife,Business Directories,United Kingdom,united-kingdom,NEEDS_RESEARCH,Research the submission route,,unknown,INSUFFICIENT,Unknown,Unknown,unknown,,what action the platform supports; the action URL,46,"tier tier3, priority P3",/research/business-directories/opportunities/
Localist,Business Directories,New Zealand,country-specific,NEEDS_BROWSER,Verify the route in a browser,,unknown,INSUFFICIENT,Unknown,Unknown,unknown,,what action the platform supports; the action URL,68,"tier tier2, priority P2",/research/business-directories/opportunities/
Localsearch,Business Directories,Australia,australia,READY,Create a business profile,https://forbusiness.localsearch.com.au/create-profile,unknown,LOW,Unknown,Unknown,verified,,,78,"tier tier2, priority P2",/research/business-directories/opportunities/
Locanto,Business Directories,Global,global,NEEDS_BROWSER,Verify the route in a browser,,unknown,INSUFFICIENT,Unknown,Unknown,unknown,,what action the platform supports; the action URL,46,"tier tier3, priority P3",/research/business-directories/opportunities/
Locanto,Marketplace & Classified Platforms,United States,,NEEDS_BROWSER,Verify the route in a browser,,freemium,INSUFFICIENT,Unknown,Unknown,unknown,,the action URL,69,"accepts both sellers, freemium",/research/marketplaces/
Logistics List,Business Directories,United States,global,NEEDS_RESEARCH,Research the submission route,,unknown,INSUFFICIENT,Unknown,Unknown,unknown,,what action the platform supports; the action URL,46,"tier tier3, priority P3",/research/business-directories/opportunities/
Logistics Management,"Media, PR & Publishing",United States,national,NEEDS_RESEARCH,Research the submission route,,unknown,INSUFFICIENT,Unknown,Unknown,unknown,,what action the platform supports; the action URL,,below the Media Score evidence floor,/research/media-pr-publishing/
LokalesGewerbe.ch,Business Directories,Switzerland,country-specific,READY,Create a business profile,https://www.lokalesgewerbe.ch/gewerbe-eintragen?packageType=1,unknown,LOW,Unknown,Unknown,verified,,,56,"tier tier3, priority P3",/research/business-directories/opportunities/
LuaRocks,Business Directories,Global,global,NEEDS_RESEARCH,Research the submission route,,unknown,INSUFFICIENT,Unknown,Unknown,unknown,,what action the platform supports; the action URL,46,"tier tier3, priority P3",/research/business-directories/opportunities/
Lupa.cz,"Media, PR & Publishing",Czech Republic,national,NEEDS_RESEARCH,Research the submission route,,unknown,INSUFFICIENT,Unknown,Unknown,unknown,,what action the platform supports; the action URL,,below the Media Score evidence floor,/research/media-pr-publishing/
Lursoft,Business Directories,Latvia,country-specific,NEEDS_RESEARCH,Research the submission route,,unknown,INSUFFICIENT,Unknown,Unknown,unknown,,what action the platform supports; the action URL,64,"tier tier2, priority P3",/research/business-directories/opportunities/
LuxAuto,Marketplace & Classified Platforms,Luxembourg,,NEEDS_RESEARCH,Research the submission route,,paid,INSUFFICIENT,Unknown,Unknown,unknown,,the action URL,68,"accepts both sellers, paid",/research/marketplaces/
MAGNiTT,Business Directories,United Arab Emirates,middle-east,NEEDS_RESEARCH,Research the submission route,,unknown,INSUFFICIENT,Unknown,Unknown,unknown,,what action the platform supports; the action URL,86,"tier tier1, priority P2",/research/business-directories/opportunities/
MAGNiTT,"Media, PR & Publishing",United Arab Emirates,regional,NEEDS_RESEARCH,Research the submission route,,unknown,INSUFFICIENT,Unknown,Unknown,unknown,,what action the platform supports; the action URL,,below the Media Score evidence floor,/research/media-pr-publishing/
MELPA,Business Directories,Global,global,NEEDS_RESEARCH,Research the submission route,,unknown,INSUFFICIENT,Unknown,Unknown,unknown,,what action the platform supports; the action URL,46,"tier tier3, priority P3",/research/business-directories/opportunities/
MENAbytes,"Media, PR & Publishing",United Arab Emirates,regional,READY,Submit company news,https://menabytes.com/contact/,free,MEDIUM,Unknown,Unknown,verified,,,88,Media Score 88 (Exceptional),/research/media-pr-publishing/
MFG.com,Business Directories,Global,global,READY,Create a business profile,https://www.mfg.com/get-leads/,unknown,LOW,Unknown,Unknown,verified,,,78,"tier tier2, priority P2",/research/business-directories/opportunities/
MICHELIN Guide,Business Directories,France,global,NEEDS_RESEARCH,Research the submission route,,unknown,INSUFFICIENT,Unknown,Unknown,unknown,,what action the platform supports; the action URL,86,"tier tier1, priority P2",/research/business-directories/opportunities/
MKB-Nederland,Business Directories,Netherlands,country-specific,NEEDS_RESEARCH,Research the submission route,,unknown,INSUFFICIENT,Unknown,Unknown,unknown,,what action the platform supports; the action URL,64,"tier tier2, priority P3",/research/business-directories/opportunities/
MLCommons,Business Directories,Global,global,NEEDS_RESEARCH,Research the submission route,,unknown,INSUFFICIENT,Unknown,Unknown,unknown,,what action the platform supports; the action URL,64,"tier tier2, priority P3",/research/business-directories/opportunities/
MSMEmart,Business Directories,India,india,NEEDS_RESEARCH,Research the submission route,,unknown,INSUFFICIENT,Unknown,Unknown,unknown,,what action the platform supports; the action URL,68,"tier tier2, priority P2",/research/business-directories/opportunities/
MT/Sprout,"Media, PR & Publishing",Netherlands,national,NEEDS_BROWSER,Verify the route in a browser,,unknown,INSUFFICIENT,Unknown,Unknown,unknown,,what action the platform supports; the action URL,,below the Media Score evidence floor,/research/media-pr-publishing/
MaRS Discovery District,Business Directories,Canada,regional,NEEDS_RESEARCH,Research the submission route,,unknown,INSUFFICIENT,Unknown,Unknown,unknown,,what action the platform supports; the action URL,64,"tier tier2, priority P3",/research/business-directories/opportunities/
MachineryTrader,Business Directories,United States,north-america,NEEDS_RESEARCH,Research the submission route,,unknown,INSUFFICIENT,Unknown,Unknown,unknown,,what action the platform supports; the action URL,64,"tier tier2, priority P3",/research/business-directories/opportunities/
Maddyness,"Media, PR & Publishing",France,national,READY,Pitch the editorial team,https://www.maddyness.com/contactez-nous/,free,MEDIUM,Unknown,Unknown,verified,,,86,Media Score 86 (Strong),/research/media-pr-publishing/
Made-in-China,Business Directories,Global,asia; china; global,NEEDS_RESEARCH,Research the submission route,,unknown,INSUFFICIENT,Unknown,Unknown,unknown,,what action the platform supports; the action URL,86,"tier tier1, priority P2",/research/business-directories/opportunities/
Magicbricks,Marketplace & Classified Platforms,India,,NEEDS_RESEARCH,Research the submission route,,paid,INSUFFICIENT,Unknown,Unknown,unknown,,the action URL,68,"accepts both sellers, paid",/research/marketplaces/
Mailchimp Experts,Business Directories,Global,global,NEEDS_RESEARCH,Research the submission route,,unknown,INSUFFICIENT,Unknown,Unknown,unknown,,what action the platform supports; the action URL,86,"tier tier1, priority P2",/research/business-directories/opportunities/
Mainebiz,"Media, PR & Publishing",United States,local,NEEDS_BROWSER,Verify the route in a browser,,unknown,INSUFFICIENT,Unknown,Unknown,unknown,,what action the platform supports; the action URL,,below the Media Score evidence floor,/research/media-pr-publishing/
MajorGeeks,Business Directories,Global,global,NEEDS_RESEARCH,Research the submission route,,unknown,INSUFFICIENT,Unknown,Unknown,unknown,,what action the platform supports; the action URL,46,"tier tier3, priority P3",/research/business-directories/opportunities/
Makler-Empfehlung,Business Directories,Germany,country-specific,NEEDS_RESEARCH,Research the submission route,,unknown,INSUFFICIENT,Unknown,Unknown,unknown,,what action the platform supports; the action URL,46,"tier tier3, priority P3",/research/business-directories/opportunities/
Makler.md,Marketplace & Classified Platforms,Moldova,,NEEDS_RESEARCH,Research the submission route,,freemium,INSUFFICIENT,Unknown,Unknown,unknown,,the action URL,77,"accepts both sellers, freemium",/research/marketplaces/
Malaysian Business Directory,Business Directories,Malaysia,country-specific,NEEDS_RESEARCH,Research the submission route,,unknown,INSUFFICIENT,Unknown,Unknown,unknown,,what action the platform supports; the action URL,46,"tier tier3, priority P3",/research/business-directories/opportunities/
Malaysian Institute of Accountants,Business Directories,Malaysia,country-specific,NEEDS_RESEARCH,Research the submission route,,unknown,INSUFFICIENT,Unknown,Unknown,unknown,,what action the platform supports; the action URL,64,"tier tier2, priority P3",/research/business-directories/opportunities/
Malt,Business Directories,France,europe,NEEDS_RESEARCH,Research the submission route,,unknown,INSUFFICIENT,Unknown,Unknown,unknown,,what action the platform supports; the action URL,68,"tier tier2, priority P2",/research/business-directories/opportunities/
Malta Business Book,Business Directories,Malta,country-specific,READY,Create a business profile,https://www.maltabusinessbook.com/en/list-your-business.htm,unknown,LOW,Unknown,Unknown,verified,,,56,"tier tier3, priority P3",/research/business-directories/opportunities/
Maltapark,Marketplace & Classified Platforms,Malta,,NEEDS_RESEARCH,Research the submission route,,freemium,INSUFFICIENT,Unknown,Unknown,unknown,,the action URL,77,"accepts both sellers, freemium",/research/marketplaces/
MamStartup,"Media, PR & Publishing",Poland,national,NEEDS_RESEARCH,Research the submission route,,paid,INSUFFICIENT,Unknown,Unknown,unknown,,the action URL,47,Media Score 47 (Limited),/research/media-pr-publishing/
Manta,Business Directories,United States,united-states,NEEDS_RESEARCH,Research the submission route,,unknown,INSUFFICIENT,Unknown,Unknown,unknown,,what action the platform supports; the action URL,68,"tier tier2, priority P2",/research/business-directories/opportunities/
Manufacturing.net,"Media, PR & Publishing",United States,national,NEEDS_RESEARCH,Research the submission route,,unknown,INSUFFICIENT,Unknown,Unknown,unknown,,what action the platform supports; the action URL,,below the Media Score evidence floor,/research/media-pr-publishing/
MapQuest,Business Directories,United States,united-states,READY,Claim the existing company profile,https://listings.mapquest.com/pl/mapquest-claims/index.html?utm_medium=inad&utm_source=yogi%7cmainnav&utm_term=Claim%20your%20Business,unknown,LOW,Unknown,Unknown,verified,,,78,"tier tier2, priority P2",/research/business-directories/opportunities/
Mapion,Business Directories,Japan,japan,NEEDS_RESEARCH,Research the submission route,,unknown,INSUFFICIENT,Unknown,Unknown,unknown,,what action the platform supports; the action URL,68,"tier tier2, priority P2",/research/business-directories/opportunities/
Mappy,Business Directories,France,country-specific,NEEDS_RESEARCH,Research the submission route,,unknown,INSUFFICIENT,Unknown,Unknown,unknown,,what action the platform supports; the action URL,68,"tier tier2, priority P2",/research/business-directories/opportunities/
MarTech,"Media, PR & Publishing",United States,global,READY,Submit a contributed article,https://martech.org/working-with-martech-content-team/,mixed,MEDIUM,Unknown,Unknown,verified,,,86,Media Score 86 (Strong),/research/media-pr-publishing/
Mariages.net,Business Directories,France,country-specific,NEEDS_RESEARCH,Research the submission route,,unknown,INSUFFICIENT,Unknown,Unknown,unknown,,what action the platform supports; the action URL,68,"tier tier2, priority P2",/research/business-directories/opportunities/
MarkTechPost,"Media, PR & Publishing",United States,global,NEEDS_RESEARCH,Research the submission route,,unknown,INSUFFICIENT,Unknown,Unknown,unknown,,what action the platform supports; the action URL,,below the Media Score evidence floor,/research/media-pr-publishing/
Marketing Brew,"Media, PR & Publishing",United States,national,READY,Buy a sponsored placement,https://www.marketingbrew.com/,paid,LOW,Unknown,Unknown,verified,,,45,Media Score 45 (Limited),/research/media-pr-publishing/
Marktplaats,Business Directories,Netherlands,country-specific,NEEDS_RESEARCH,Research the submission route,,unknown,INSUFFICIENT,Unknown,Unknown,unknown,,what action the platform supports; the action URL,82,"tier tier1, priority P3",/research/business-directories/opportunities/
Marktplaats,Marketplace & Classified Platforms,Netherlands,,NEEDS_RESEARCH,Research the submission route,,freemium,INSUFFICIENT,Unknown,Unknown,unknown,,the action URL,77,"accepts both sellers, freemium",/research/marketplaces/
Marktplatz Mittelstand,Business Directories,Germany,dach,NEEDS_RESEARCH,Research the submission route,,unknown,INSUFFICIENT,Unknown,Unknown,unknown,,what action the platform supports; the action URL,68,"tier tier2, priority P2",/research/business-directories/opportunities/
MarocAnnonces,Marketplace & Classified Platforms,Morocco,,NEEDS_RESEARCH,Research the submission route,,unknown,INSUFFICIENT,Unknown,Unknown,unknown,,the action URL,77,"accepts both sellers, unknown",/research/marketplaces/
Martindale-Hubbell,Business Directories,United States,united-states,NEEDS_BROWSER,Verify the route in a browser,,unknown,INSUFFICIENT,Unknown,Unknown,unknown,,what action the platform supports; the action URL,86,"tier tier1, priority P2",/research/business-directories/opportunities/
Master Builders Australia,Business Directories,Australia,australia,NEEDS_RESEARCH,Research the submission route,,unknown,INSUFFICIENT,Unknown,Unknown,unknown,,what action the platform supports; the action URL,64,"tier tier2, priority P3",/research/business-directories/opportunities/
MatchMaker.fm,"Media, PR & Publishing",United Kingdom,global,READY,Apply as a podcast guest,https://www.matchmaker.fm/,freemium,MEDIUM,Unknown,Unknown,verified,,,72,Media Score 72 (Good),/research/media-pr-publishing/
Matrimonio.com,Business Directories,Italy,country-specific,NEEDS_RESEARCH,Research the submission route,,unknown,INSUFFICIENT,Unknown,Unknown,unknown,,what action the platform supports; the action URL,68,"tier tier2, priority P2",/research/business-directories/opportunities/
Maukerja,Business Directories,Malaysia,country-specific,NEEDS_RESEARCH,Research the submission route,,unknown,INSUFFICIENT,Unknown,Unknown,unknown,,what action the platform supports; the action URL,64,"tier tier2, priority P3",/research/business-directories/opportunities/
Maurerův výběr Grand Restaurant,Business Directories,Czech Republic,country-specific,NEEDS_RESEARCH,Research the submission route,,unknown,INSUFFICIENT,Unknown,Unknown,unknown,,what action the platform supports; the action URL,64,"tier tier2, priority P3",/research/business-directories/opportunities/
Maven Central,Business Directories,Global,global,NEEDS_RESEARCH,Research the submission route,,free,INSUFFICIENT,Unknown,Unknown,unknown,,what action the platform supports; the action URL,78,"tier tier1, priority P3",/research/business-directories/opportunities/
MedTech Dive,"Media, PR & Publishing",United States,national,READY,Submit company news,https://www.medtechdive.com/submit-tip/,unknown,LOW,Unknown,Unknown,verified,,,86,Media Score 86 (Strong),/research/media-pr-publishing/
Medi-Karriere,Business Directories,Germany,country-specific,NEEDS_RESEARCH,Research the submission route,,unknown,INSUFFICIENT,Unknown,Unknown,unknown,,what action the platform supports; the action URL,46,"tier tier3, priority P3",/research/business-directories/opportunities/
Medium,"Media, PR & Publishing",United States,global,NEEDS_RESEARCH,Research the submission route,,freemium,INSUFFICIENT,Unknown,Unknown,unknown,,the action URL,50,Media Score 50 (Limited),/research/media-pr-publishing/
Meesho,Business Directories,India,india,NEEDS_BROWSER,Verify the route in a browser,,unknown,INSUFFICIENT,Unknown,Unknown,unknown,,what action the platform supports; the action URL,82,"tier tier1, priority P3",/research/business-directories/opportunities/
Meetup,Business Directories,Global,global,NEEDS_RESEARCH,Research the submission route,,unknown,INSUFFICIENT,Unknown,Unknown,unknown,,what action the platform supports; the action URL,82,"tier tier1, priority P3",/research/business-directories/opportunities/
MentionMatch,"Media, PR & Publishing",United States,global,NEEDS_RESEARCH,Research the submission route,,freemium,INSUFFICIENT,Unknown,Unknown,unknown,,the action URL,64,Media Score 64 (Moderate),/research/media-pr-publishing/
MenuPages,Business Directories,United States,united-states,NEEDS_RESEARCH,Research the submission route,,unknown,INSUFFICIENT,Unknown,Unknown,unknown,,what action the platform supports; the action URL,46,"tier tier3, priority P3",/research/business-directories/opportunities/
Menufy,Business Directories,United States,united-states,NEEDS_RESEARCH,Research the submission route,,unknown,INSUFFICIENT,Unknown,Unknown,unknown,,what action the platform supports; the action URL,46,"tier tier3, priority P3",/research/business-directories/opportunities/
Mercado Libre Argentina,Business Directories,Argentina,latam,NEEDS_RESEARCH,Research the submission route,,unknown,INSUFFICIENT,Unknown,Unknown,unknown,,what action the platform supports; the action URL,86,"tier tier1, priority P2",/research/business-directories/opportunities/
Mercado Libre Argentina,Marketplace & Classified Platforms,Argentina,,READY,Post a classified listing,https://www.mercadolibre.com.ar/syi/core/list#menu-user,freemium,LOW,Unknown,Unknown,verified,,,77,"accepts both sellers, freemium",/research/marketplaces/
Mercado Libre Bolivia,Business Directories,Bolivia,latam,NEEDS_RESEARCH,Research the submission route,,free,INSUFFICIENT,Unknown,Unknown,unknown,,what action the platform supports; the action URL,86,"tier tier1, priority P2",/research/business-directories/opportunities/
Mercado Libre Chile,Business Directories,Chile,latam,NEEDS_RESEARCH,Research the submission route,,unknown,INSUFFICIENT,Unknown,Unknown,unknown,,what action the platform supports; the action URL,86,"tier tier1, priority P2",/research/business-directories/opportunities/
Mercado Libre Chile,Marketplace & Classified Platforms,Chile,,READY,Create a seller account,https://www.mercadolibre.cl/l/app#menu-user,freemium,LOW,Unknown,Unknown,verified,,,77,"accepts both sellers, freemium",/research/marketplaces/
Mercado Libre Colombia,Business Directories,Colombia,latam,NEEDS_RESEARCH,Research the submission route,,unknown,INSUFFICIENT,Unknown,Unknown,unknown,,what action the platform supports; the action URL,86,"tier tier1, priority P2",/research/business-directories/opportunities/
Mercado Libre Colombia,Marketplace & Classified Platforms,Colombia,,READY,Create a seller account,https://www.mercadolibre.com.co/l/app#menu-user,freemium,LOW,Unknown,Unknown,verified,,,77,"accepts both sellers, freemium",/research/marketplaces/
Mercado Libre Ecuador,Business Directories,Ecuador,latam,NEEDS_RESEARCH,Research the submission route,,unknown,INSUFFICIENT,Unknown,Unknown,unknown,,what action the platform supports; the action URL,86,"tier tier1, priority P2",/research/business-directories/opportunities/
Mercado Libre México,Business Directories,Mexico,latam,NEEDS_RESEARCH,Research the submission route,,unknown,INSUFFICIENT,Unknown,Unknown,unknown,,what action the platform supports; the action URL,86,"tier tier1, priority P2",/research/business-directories/opportunities/
Mercado Libre México,Marketplace & Classified Platforms,Mexico,,READY,Create a seller account,https://www.mercadolibre.com.mx/l/app#menu-user,freemium,LOW,Unknown,Unknown,verified,,,77,"accepts both sellers, freemium",/research/marketplaces/
Mercado Libre Paraguay,Business Directories,Paraguay,latam,NEEDS_RESEARCH,Research the submission route,,free,INSUFFICIENT,Unknown,Unknown,unknown,,what action the platform supports; the action URL,86,"tier tier1, priority P2",/research/business-directories/opportunities/
Mercado Libre Perú,Business Directories,Peru,latam,NEEDS_RESEARCH,Research the submission route,,unknown,INSUFFICIENT,Unknown,Unknown,unknown,,what action the platform supports; the action URL,86,"tier tier1, priority P2",/research/business-directories/opportunities/
Mercado Libre Perú,Marketplace & Classified Platforms,Peru,,READY,Create a seller account,https://www.mercadolibre.com.pe/l/app#menu-user,freemium,LOW,Unknown,Unknown,verified,,,77,"accepts both sellers, freemium",/research/marketplaces/
Mercado Libre Uruguay,Business Directories,Uruguay,latam,NEEDS_RESEARCH,Research the submission route,,unknown,INSUFFICIENT,Unknown,Unknown,unknown,,what action the platform supports; the action URL,86,"tier tier1, priority P2",/research/business-directories/opportunities/
Mercado Libre Venezuela,Business Directories,Venezuela,latam,NEEDS_RESEARCH,Research the submission route,,free,INSUFFICIENT,Unknown,Unknown,unknown,,what action the platform supports; the action URL,86,"tier tier1, priority P2",/research/business-directories/opportunities/
Mercado Libre Venezuela,Marketplace & Classified Platforms,Venezuela,,READY,Create a seller account,https://www.mercadolibre.com.ve/l/app#menu-user,freemium,LOW,Unknown,Unknown,verified,,,77,"accepts both sellers, freemium",/research/marketplaces/
Mercado Livre,Business Directories,Brazil,latam,NEEDS_RESEARCH,Research the submission route,,unknown,INSUFFICIENT,Unknown,Unknown,unknown,,what action the platform supports; the action URL,86,"tier tier1, priority P2",/research/business-directories/opportunities/
Mercado Livre Brasil,Marketplace & Classified Platforms,Brazil,,READY,Post a classified listing,https://www.mercadolivre.com.br/syi/core/list#menu-user,freemium,LOW,Unknown,Unknown,verified,,,77,"accepts both sellers, freemium",/research/marketplaces/
Mercari,Business Directories,Japan,japan,NEEDS_RESEARCH,Research the submission route,,unknown,INSUFFICIENT,Unknown,Unknown,unknown,,what action the platform supports; the action URL,82,"tier tier1, priority P3",/research/business-directories/opportunities/
Mercari,Marketplace & Classified Platforms,United States,,NEEDS_RESEARCH,Research the submission route,,freemium,INSUFFICIENT,Unknown,Unknown,unknown,,the action URL,74,"accepts both sellers, freemium",/research/marketplaces/
MerchantCircle,Business Directories,United States,united-states,READY,Claim the existing company profile,https://www.merchantcircle.com/business_homepage,freemium,MEDIUM,Easy,Unknown,verified,,,96,"tier tier1, priority P2",/research/business-directories/opportunities/
MerchantCircle Canada,Business Directories,Canada,canada,NEEDS_RESEARCH,Research the submission route,,unknown,INSUFFICIENT,Unknown,Unknown,unknown,,what action the platform supports; the action URL,46,"tier tier3, priority P3",/research/business-directories/opportunities/
MerrJep,Marketplace & Classified Platforms,Albania,,NEEDS_RESEARCH,Research the submission route,,freemium,INSUFFICIENT,Unknown,Unknown,unknown,,the action URL,77,"accepts both sellers, freemium",/research/marketplaces/
MerrJep Kosovo,Marketplace & Classified Platforms,Kosovo,,NEEDS_RESEARCH,Research the submission route,,freemium,INSUFFICIENT,Unknown,Unknown,unknown,,the action URL,77,"accepts both sellers, freemium",/research/marketplaces/
Metrocuadrado,Marketplace & Classified Platforms,Colombia,,NEEDS_RESEARCH,Research the submission route,,paid,INSUFFICIENT,Unknown,Unknown,unknown,,the action URL,68,"accepts both sellers, paid",/research/marketplaces/
Mexico Global,Business Directories,Mexico,country-specific,NEEDS_BROWSER,Verify the route in a browser,,unknown,INSUFFICIENT,Unknown,Unknown,unknown,,what action the platform supports; the action URL,46,"tier tier3, priority P3",/research/business-directories/opportunities/
Microlaunch,"Media, PR & Publishing",France,global,NEEDS_RESEARCH,Research the submission route,,freemium,INSUFFICIENT,Unknown,Unknown,unknown,,the action URL,66,Media Score 66 (Good),/research/media-pr-publishing/
Microsoft AppSource,Business Directories,Global,global,READY,Create a business profile,https://www.microsoft.com/en-us/software-development-companies,unknown,LOW,Unknown,Unknown,verified,,,100,"tier tier1, priority P1",/research/business-directories/opportunities/
Microsoft Find a Partner,Business Directories,Global,global,READY,Create a business profile,https://partner.microsoft.com/en-us/dashboard/account/v3/enrollment/introduction/partnership,unknown,LOW,Unknown,Unknown,verified,,,100,"tier tier1, priority P1",/research/business-directories/opportunities/
Microsoft Store,Business Directories,Global,global,NEEDS_RESEARCH,Research the submission route,,unknown,INSUFFICIENT,Unknown,Unknown,unknown,,what action the platform supports; the action URL,86,"tier tier1, priority P2",/research/business-directories/opportunities/
Milano Finanza,"Media, PR & Publishing",Italy,national,NEEDS_RESEARCH,Research the submission route,,unknown,INSUFFICIENT,Unknown,Unknown,unknown,,what action the platform supports; the action URL,,below the Media Score evidence floor,/research/media-pr-publishing/
Milanuncios,Business Directories,Spain,country-specific,NEEDS_RESEARCH,Research the submission route,,unknown,INSUFFICIENT,Unknown,Unknown,unknown,,what action the platform supports; the action URL,82,"tier tier1, priority P3",/research/business-directories/opportunities/
Milanuncios,Marketplace & Classified Platforms,Spain,,NEEDS_RESEARCH,Research the submission route,,free,INSUFFICIENT,Unknown,Unknown,unknown,,the action URL,77,"accepts both sellers, freemium",/research/marketplaces/
Mint,"Media, PR & Publishing",India,national,NEEDS_RESEARCH,Research the submission route,,unknown,INSUFFICIENT,Unknown,Unknown,unknown,,what action the platform supports; the action URL,,below the Media Score evidence floor,/research/media-pr-publishing/
MioDottore,Business Directories,Italy,country-specific,NEEDS_RESEARCH,Research the submission route,,unknown,INSUFFICIENT,Unknown,Unknown,unknown,,what action the platform supports; the action URL,68,"tier tier2, priority P2",/research/business-directories/opportunities/
MisterImprese,Business Directories,Italy,country-specific,NEEDS_RESEARCH,Research the submission route,,unknown,INSUFFICIENT,Unknown,Unknown,unknown,,what action the platform supports; the action URL,68,"tier tier2, priority P2",/research/business-directories/opportunities/
MisterWhat Danmark,Business Directories,Denmark,country-specific,NEEDS_RESEARCH,Research the submission route,,unknown,INSUFFICIENT,Unknown,Unknown,unknown,,what action the platform supports; the action URL,46,"tier tier3, priority P3",/research/business-directories/opportunities/
MisterWhat Deutschland,Business Directories,Germany,dach,NEEDS_RESEARCH,Research the submission route,,unknown,INSUFFICIENT,Unknown,Unknown,unknown,,what action the platform supports; the action URL,46,"tier tier3, priority P3",/research/business-directories/opportunities/
MisterWhat France,Business Directories,France,country-specific,NEEDS_RESEARCH,Research the submission route,,unknown,INSUFFICIENT,Unknown,Unknown,unknown,,what action the platform supports; the action URL,46,"tier tier3, priority P3",/research/business-directories/opportunities/
MisterWhat Nederland,Business Directories,Netherlands,country-specific,NEEDS_RESEARCH,Research the submission route,,unknown,INSUFFICIENT,Unknown,Unknown,unknown,,what action the platform supports; the action URL,46,"tier tier3, priority P3",/research/business-directories/opportunities/
MisterWhat Polska,Business Directories,Poland,country-specific,NEEDS_RESEARCH,Research the submission route,,unknown,INSUFFICIENT,Unknown,Unknown,unknown,,what action the platform supports; the action URL,46,"tier tier3, priority P3",/research/business-directories/opportunities/
MisterWhat Portugal,Business Directories,Portugal,country-specific,NEEDS_RESEARCH,Research the submission route,,unknown,INSUFFICIENT,Unknown,Unknown,unknown,,what action the platform supports; the action URL,46,"tier tier3, priority P3",/research/business-directories/opportunities/
MisterWhat UK,Business Directories,United Kingdom,united-kingdom,NEEDS_RESEARCH,Research the submission route,,unknown,INSUFFICIENT,Unknown,Unknown,unknown,,what action the platform supports; the action URL,46,"tier tier3, priority P3",/research/business-directories/opportunities/
Mittanbud,Business Directories,Norway,country-specific,NEEDS_RESEARCH,Research the submission route,,unknown,INSUFFICIENT,Unknown,Unknown,unknown,,what action the platform supports; the action URL,68,"tier tier2, priority P2",/research/business-directories/opportunities/
MobiHealthNews,"Media, PR & Publishing",United States,national,NEEDS_RESEARCH,Research the submission route,,unknown,INSUFFICIENT,Unknown,Unknown,unknown,,what action the platform supports; the action URL,,below the Media Score evidence floor,/research/media-pr-publishing/
Mobil123,Marketplace & Classified Platforms,Indonesia,,NEEDS_RESEARCH,Research the submission route,,paid,INSUFFICIENT,Unknown,Unknown,unknown,,the action URL,68,"accepts both sellers, paid",/research/marketplaces/
Mobile World Live,"Media, PR & Publishing",United Kingdom,global,NEEDS_RESEARCH,Research the submission route,,unknown,INSUFFICIENT,Unknown,Unknown,unknown,,what action the platform supports; the action URL,,below the Media Score evidence floor,/research/media-pr-publishing/
Mobile.bg,Marketplace & Classified Platforms,Bulgaria,,NEEDS_RESEARCH,Research the submission route,,paid,INSUFFICIENT,Unknown,Unknown,unknown,,the action URL,68,"accepts both sellers, paid",/research/marketplaces/
Modern Machine Shop,"Media, PR & Publishing",United States,national,NEEDS_RESEARCH,Research the submission route,,free,INSUFFICIENT,Unknown,Unknown,unknown,,the action URL,80,Media Score 80 (Strong),/research/media-pr-publishing/
Modern Retail,"Media, PR & Publishing",United States,national,NEEDS_RESEARCH,Research the submission route,,unknown,INSUFFICIENT,Unknown,Unknown,unknown,,what action the platform supports; the action URL,,below the Media Score evidence floor,/research/media-pr-publishing/
MojPosao,Business Directories,Croatia,country-specific,NEEDS_RESEARCH,Research the submission route,,unknown,INSUFFICIENT,Unknown,Unknown,unknown,,what action the platform supports; the action URL,64,"tier tier2, priority P3",/research/business-directories/opportunities/
MojPosao,Marketplace & Classified Platforms,Croatia,,NEEDS_RESEARCH,Research the submission route,,paid,INSUFFICIENT,Unknown,Unknown,unknown,,the action URL,80,"accepts business sellers, paid",/research/marketplaces/
MojPosao.ba,Marketplace & Classified Platforms,Bosnia and Herzegovina,,NEEDS_RESEARCH,Research the submission route,,paid,INSUFFICIENT,Unknown,Unknown,unknown,,the action URL,80,"accepts business sellers, paid",/research/marketplaces/
Mongolian National Chamber of Commerce,Business Directories,Mongolia,country-specific,NEEDS_RESEARCH,Research the submission route,,unknown,INSUFFICIENT,Unknown,Unknown,unknown,,what action the platform supports; the action URL,68,"tier tier2, priority P2",/research/business-directories/opportunities/
Monster,Business Directories,Global,global,NEEDS_RESEARCH,Research the submission route,,unknown,INSUFFICIENT,Unknown,Unknown,unknown,,what action the platform supports; the action URL,82,"tier tier1, priority P3",/research/business-directories/opportunities/
Morning Brew,"Media, PR & Publishing",United States,global,NEEDS_BROWSER,Verify the route in a browser,,unknown,INSUFFICIENT,Unknown,Unknown,unknown,,what action the platform supports; the action URL,,below the Media Score evidence floor,/research/media-pr-publishing/
Moteur.ma,Marketplace & Classified Platforms,Morocco,,READY,Post a classified listing,https://www.moteur.ma/fr/vendez-votre-voiture/,free,LOW,Unknown,Unknown,verified,,,80,"accepts both sellers, free",/research/marketplaces/
MouthShut,Business Directories,Global,india,NEEDS_RESEARCH,Research the submission route,,unknown,INSUFFICIENT,Unknown,Unknown,unknown,,what action the platform supports; the action URL,64,"tier tier2, priority P3",/research/business-directories/opportunities/
Movers.com,Business Directories,United States,united-states,NEEDS_BROWSER,Verify the route in a browser,,unknown,INSUFFICIENT,Unknown,Unknown,unknown,,what action the platform supports; the action URL,46,"tier tier3, priority P3",/research/business-directories/opportunities/
Moving.com,Business Directories,United States,united-states,NEEDS_RESEARCH,Research the submission route,,unknown,INSUFFICIENT,Unknown,Unknown,unknown,,what action the platform supports; the action URL,46,"tier tier3, priority P3",/research/business-directories/opportunities/
Muaban.net,Marketplace & Classified Platforms,Vietnam,,NEEDS_RESEARCH,Research the submission route,,freemium,INSUFFICIENT,Unknown,Unknown,unknown,,the action URL,77,"accepts both sellers, freemium",/research/marketplaces/
Mubawab,Marketplace & Classified Platforms,Morocco,,READY,Post a classified listing,https://www.mubawab.ma/cms/posting?t=1786742633275&tsf=1786742633276,unknown,LOW,Unknown,Unknown,verified,,,74,"accepts both sellers, unknown",/research/marketplaces/
Muck Rack,"Media, PR & Publishing",United States,global,NEEDS_RESEARCH,Research the submission route,,paid,INSUFFICIENT,Unknown,Unknown,unknown,,the action URL,60,Media Score 60 (Moderate),/research/media-pr-publishing/
Mudah.my,Business Directories,Malaysia,country-specific,NEEDS_RESEARCH,Research the submission route,,free,INSUFFICIENT,Unknown,Unknown,unknown,,what action the platform supports; the action URL,82,"tier tier1, priority P3",/research/business-directories/opportunities/
Mudah.my,Marketplace & Classified Platforms,Malaysia,,READY,Post a classified listing,https://ai.mudah.my/ad/new/1,free,LOW,Unknown,Unknown,verified,,,77,"accepts both sellers, freemium",/research/marketplaces/
Multiguía,Business Directories,Spain,country-specific,NEEDS_RESEARCH,Research the submission route,,unknown,INSUFFICIENT,Unknown,Unknown,unknown,,what action the platform supports; the action URL,46,"tier tier3, priority P3",/research/business-directories/opportunities/
Mumbai Business Directory,Business Directories,India,regional,READY,Create a business profile,https://forms.gle/wwoCcUF6yPx7WpzB9,unknown,LOW,Unknown,Unknown,verified,,,56,"tier tier3, priority P3",/research/business-directories/opportunities/
Mustakbil,Business Directories,Pakistan,country-specific,NEEDS_RESEARCH,Research the submission route,,unknown,INSUFFICIENT,Unknown,Unknown,unknown,,what action the platform supports; the action URL,64,"tier tier2, priority P3",/research/business-directories/opportunities/
My Company Polska,"Media, PR & Publishing",Poland,national,NEEDS_RESEARCH,Research the submission route,,unknown,INSUFFICIENT,Unknown,Unknown,unknown,,what action the platform supports; the action URL,,below the Media Score evidence floor,/research/media-pr-publishing/
My Local Services,Business Directories,United Kingdom,united-kingdom,READY,Create a business profile,https://www.mylocalservices.co.uk/list_your_business.php,unknown,LOW,Unknown,Unknown,verified,,,56,"tier tier3, priority P3",/research/business-directories/opportunities/
MyBuilder,Business Directories,United Kingdom,united-kingdom,NEEDS_RESEARCH,Research the submission route,,unknown,INSUFFICIENT,Unknown,Unknown,unknown,,what action the platform supports; the action URL,94,"tier tier1, priority P1",/research/business-directories/opportunities/
MyHammer,Business Directories,Germany,dach,NEEDS_RESEARCH,Research the submission route,,unknown,INSUFFICIENT,Unknown,Unknown,unknown,,what action the platform supports; the action URL,68,"tier tier2, priority P2",/research/business-directories/opportunities/
MyJobMag,Marketplace & Classified Platforms,Nigeria,,NEEDS_RESEARCH,Research the submission route,,freemium,INSUFFICIENT,Unknown,Unknown,unknown,,the action URL,86,"accepts business sellers, freemium",/research/marketplaces/
MyWed,Business Directories,Global,global,NEEDS_RESEARCH,Research the submission route,,unknown,INSUFFICIENT,Unknown,Unknown,unknown,,what action the platform supports; the action URL,46,"tier tier3, priority P3",/research/business-directories/opportunities/
Myanmar Yellow Pages,Business Directories,Myanmar,country-specific,READY,Create a business profile,https://www.myanmaryellowpages.biz/free-listing,free,LOW,Unknown,Unknown,verified,,,56,"tier tier3, priority P3",/research/business-directories/opportunities/
Mynavi,Business Directories,Japan,japan,NEEDS_RESEARCH,Research the submission route,,unknown,INSUFFICIENT,Unknown,Unknown,unknown,,what action the platform supports; the action URL,86,"tier tier1, priority P2",/research/business-directories/opportunities/
Mynewsdesk,"Media, PR & Publishing",Sweden,regional,READY,Distribute a press release,https://www.mynewsdesk.com/en/pr-distribution/press-release/,paid,LOW,Unknown,Unknown,verified,,,59,Media Score 59 (Moderate),/research/media-pr-publishing/
Méxicoxport,Business Directories,Mexico,country-specific,NEEDS_RESEARCH,Research the submission route,,unknown,INSUFFICIENT,Unknown,Unknown,unknown,,what action the platform supports; the action URL,46,"tier tier3, priority P3",/research/business-directories/opportunities/
NADCA,Business Directories,United States,united-states,NEEDS_RESEARCH,Research the submission route,,unknown,INSUFFICIENT,Unknown,Unknown,unknown,,what action the platform supports; the action URL,46,"tier tier3, priority P3",/research/business-directories/opportunities/
NALP,Business Directories,United States,united-states,NEEDS_RESEARCH,Research the submission route,,unknown,INSUFFICIENT,Unknown,Unknown,unknown,,what action the platform supports; the action URL,46,"tier tier3, priority P3",/research/business-directories/opportunities/
NAPEO Member Directory,Business Directories,United States,united-states,NEEDS_RESEARCH,Research the submission route,,unknown,INSUFFICIENT,Unknown,Unknown,unknown,,what action the platform supports; the action URL,46,"tier tier3, priority P3",/research/business-directories/opportunities/
NAPFA Advisor Directory,Business Directories,United States,united-states,NEEDS_RESEARCH,Research the submission route,,unknown,INSUFFICIENT,Unknown,Unknown,unknown,,what action the platform supports; the action URL,64,"tier tier2, priority P3",/research/business-directories/opportunities/
NAVITIME,Business Directories,Japan,japan,NEEDS_RESEARCH,Research the submission route,,unknown,INSUFFICIENT,Unknown,Unknown,unknown,,what action the platform supports; the action URL,64,"tier tier2, priority P3",/research/business-directories/opportunities/
NBR,"Media, PR & Publishing",New Zealand,national,NEEDS_RESEARCH,Research the submission route,,unknown,INSUFFICIENT,Unknown,Unknown,unknown,,what action the platform supports; the action URL,,below the Media Score evidence floor,/research/media-pr-publishing/
NC Network,Business Directories,Japan,japan,NEEDS_RESEARCH,Research the submission route,,unknown,INSUFFICIENT,Unknown,Unknown,unknown,,what action the platform supports; the action URL,68,"tier tier2, priority P2",/research/business-directories/opportunities/
NCPA,Business Directories,United States,united-states,NEEDS_RESEARCH,Research the submission route,,unknown,INSUFFICIENT,Unknown,Unknown,unknown,,what action the platform supports; the action URL,46,"tier tier3, priority P3",/research/business-directories/opportunities/
NECA,Business Directories,United States,united-states,NEEDS_RESEARCH,Research the submission route,,unknown,INSUFFICIENT,Unknown,Unknown,unknown,,what action the platform supports; the action URL,64,"tier tier2, priority P3",/research/business-directories/opportunities/
NH Business Review,"Media, PR & Publishing",United States,local,NEEDS_RESEARCH,Research the submission route,,free,INSUFFICIENT,Unknown,Unknown,unknown,,the action URL,79,Media Score 79 (Strong),/research/media-pr-publishing/
NKBA,Business Directories,United States,united-states,NEEDS_RESEARCH,Research the submission route,,unknown,INSUFFICIENT,Unknown,Unknown,unknown,,what action the platform supports; the action URL,46,"tier tier3, priority P3",/research/business-directories/opportunities/
NLingenieurs,Business Directories,Netherlands,country-specific,NEEDS_BROWSER,Verify the route in a browser,,unknown,INSUFFICIENT,Unknown,Unknown,unknown,,what action the platform supports; the action URL,46,"tier tier3, priority P3",/research/business-directories/opportunities/
NMSDC,Business Directories,United States,united-states,NEEDS_RESEARCH,Research the submission route,,unknown,INSUFFICIENT,Unknown,Unknown,unknown,,what action the platform supports; the action URL,64,"tier tier2, priority P3",/research/business-directories/opportunities/
NRCA,Business Directories,United States,united-states,NEEDS_RESEARCH,Research the submission route,,unknown,INSUFFICIENT,Unknown,Unknown,unknown,,what action the platform supports; the action URL,64,"tier tier2, priority P3",/research/business-directories/opportunities/
NSBC,Business Directories,South Africa,africa,NEEDS_RESEARCH,Research the submission route,,unknown,INSUFFICIENT,Unknown,Unknown,unknown,,what action the platform supports; the action URL,64,"tier tier2, priority P3",/research/business-directories/opportunities/
NSF Certified Products and Systems,Business Directories,Global,global,NEEDS_RESEARCH,Research the submission route,,unknown,INSUFFICIENT,Unknown,Unknown,unknown,,what action the platform supports; the action URL,64,"tier tier2, priority P3",/research/business-directories/opportunities/
Naftemporiki,"Media, PR & Publishing",Greece,national,NEEDS_RESEARCH,Research the submission route,,unknown,INSUFFICIENT,Unknown,Unknown,unknown,,what action the platform supports; the action URL,,below the Media Score evidence floor,/research/media-pr-publishing/
Nairametrics,"Media, PR & Publishing",Nigeria,national,NEEDS_RESEARCH,Research the submission route,,unknown,INSUFFICIENT,Unknown,Unknown,unknown,,the action URL,47,Media Score 47 (Limited),/research/media-pr-publishing/
NamCars,Marketplace & Classified Platforms,Namibia,,READY,Post an advertisement,https://www.namcars.net/sell,free,LOW,Unknown,Unknown,verified,,,74,"accepts both sellers, unknown",/research/marketplaces/
Namibia Yellow Pages,Business Directories,Namibia,country-specific,NEEDS_BROWSER,Verify the route in a browser,,unknown,INSUFFICIENT,Unknown,Unknown,unknown,,what action the platform supports; the action URL,68,"tier tier2, priority P2",/research/business-directories/opportunities/
Nashville Post,"Media, PR & Publishing",United States,local,NEEDS_RESEARCH,Research the submission route,,unknown,INSUFFICIENT,Unknown,Unknown,unknown,,what action the platform supports; the action URL,,below the Media Score evidence floor,/research/media-pr-publishing/
National Association of Manufacturers,Business Directories,United States,united-states,NEEDS_RESEARCH,Research the submission route,,unknown,INSUFFICIENT,Unknown,Unknown,unknown,,what action the platform supports; the action URL,86,"tier tier1, priority P2",/research/business-directories/opportunities/
Nationale Vacaturebank,Business Directories,Netherlands,country-specific,NEEDS_BROWSER,Verify the route in a browser,,unknown,INSUFFICIENT,Unknown,Unknown,unknown,,what action the platform supports; the action URL,64,"tier tier2, priority P3",/research/business-directories/opportunities/
Nation’s Restaurant News,"Media, PR & Publishing",United States,global,NEEDS_RESEARCH,Research the submission route,,unknown,INSUFFICIENT,Unknown,Unknown,unknown,,what action the platform supports; the action URL,,below the Media Score evidence floor,/research/media-pr-publishing/
Naver SmartPlace,Business Directories,South Korea,country-specific,NEEDS_RESEARCH,Research the submission route,,unknown,INSUFFICIENT,Unknown,Unknown,unknown,,what action the platform supports; the action URL,94,"tier tier1, priority P1",/research/business-directories/opportunities/
NeoFeed,"Media, PR & Publishing",Brazil,national,NEEDS_RESEARCH,Research the submission route,,unknown,INSUFFICIENT,Unknown,Unknown,unknown,,what action the platform supports; the action URL,,below the Media Score evidence floor,/research/media-pr-publishing/
Neoauto,Marketplace & Classified Platforms,Peru,,NEEDS_BROWSER,Verify the route in a browser,,paid,INSUFFICIENT,Unknown,Unknown,unknown,,the action URL,60,"accepts both sellers, paid",/research/marketplaces/
Netokracija,"Media, PR & Publishing",Croatia,regional,NEEDS_RESEARCH,Research the submission route,,unknown,INSUFFICIENT,Unknown,Unknown,unknown,,what action the platform supports; the action URL,,below the Media Score evidence floor,/research/media-pr-publishing/
Nettiauto,Marketplace & Classified Platforms,Finland,,NEEDS_RESEARCH,Research the submission route,,unknown,INSUFFICIENT,Unknown,Unknown,unknown,,the action URL,74,"accepts both sellers, unknown",/research/marketplaces/
Networx,Business Directories,United States,united-states,READY,Create a business profile,https://www.networx.com/generate-leads,unknown,LOW,Unknown,Unknown,verified,,,56,"tier tier3, priority P3",/research/business-directories/opportunities/
Netzwoche,"Media, PR & Publishing",Switzerland,national,NEEDS_RESEARCH,Research the submission route,,unknown,INSUFFICIENT,Unknown,Unknown,unknown,,what action the platform supports; the action URL,,below the Media Score evidence floor,/research/media-pr-publishing/
NewsVoir,"Media, PR & Publishing",India,national,READY,Distribute a press release,https://www.newsvoir.com/press-release-distribution.html,paid,LOW,Unknown,Unknown,verified,,,53,Media Score 53 (Moderate),/research/media-pr-publishing/
Newswire,Business Directories,Global,global; north-america,NEEDS_RESEARCH,Research the submission route,,unknown,INSUFFICIENT,Unknown,Unknown,unknown,,what action the platform supports; the action URL,68,"tier tier2, priority P2",/research/business-directories/opportunities/
Newswire,"Media, PR & Publishing",United States,national,READY,Distribute a press release,https://www.newswire.com/our_prices,paid,LOW,Unknown,Unknown,verified,,,53,Media Score 53 (Moderate),/research/media-pr-publishing/
Nextdoor,Marketplace & Classified Platforms,United States,,NEEDS_RESEARCH,Research the submission route,,freemium,INSUFFICIENT,Unknown,Unknown,unknown,,the action URL,77,"accepts both sellers, freemium",/research/marketplaces/
Nextdoor Business,Business Directories,United States,united-states,READY,Create a business profile,https://business.nextdoor.com/en-us/getting-started/business-page,unknown,LOW,Unknown,Unknown,verified,,,100,"tier tier1, priority P1",/research/business-directories/opportunities/
NgEX,Business Directories,Nigeria,country-specific,READY,Create a business profile,https://ngex.com/add,unknown,LOW,Unknown,Unknown,verified,,,56,"tier tier3, priority P3",/research/business-directories/opportunities/
Niche,Business Directories,United States,united-states,NEEDS_RESEARCH,Research the submission route,,unknown,INSUFFICIENT,Unknown,Unknown,unknown,,what action the platform supports; the action URL,64,"tier tier2, priority P3",/research/business-directories/opportunities/
Nigeria Business Info,Business Directories,Nigeria,country-specific,NEEDS_BROWSER,Verify the route in a browser,,unknown,INSUFFICIENT,Unknown,Unknown,unknown,,what action the platform supports; the action URL,46,"tier tier3, priority P3",/research/business-directories/opportunities/
Nigeria Galleria,Business Directories,Nigeria,country-specific,NEEDS_RESEARCH,Research the submission route,,unknown,INSUFFICIENT,Unknown,Unknown,unknown,,what action the platform supports; the action URL,46,"tier tier3, priority P3",/research/business-directories/opportunities/
Nigeria Property Centre,Marketplace & Classified Platforms,Nigeria,,NEEDS_BROWSER,Verify the route in a browser,,paid,INSUFFICIENT,Unknown,Unknown,unknown,,the action URL,60,"accepts both sellers, paid",/research/marketplaces/
Nikkei Asia,"Media, PR & Publishing",Japan,regional,NEEDS_RESEARCH,Research the submission route,,unknown,INSUFFICIENT,Unknown,Unknown,unknown,,what action the platform supports; the action URL,,below the Media Score evidence floor,/research/media-pr-publishing/
Njuskalo,Marketplace & Classified Platforms,Croatia,,NEEDS_RESEARCH,Research the submission route,,freemium,INSUFFICIENT,Unknown,Unknown,unknown,,the action URL,77,"accepts both sellers, freemium",/research/marketplaces/
No Jitter,"Media, PR & Publishing",United States,global,NEEDS_RESEARCH,Research the submission route,,unknown,INSUFFICIENT,Unknown,Unknown,unknown,,what action the platform supports; the action URL,,below the Media Score evidence floor,/research/media-pr-publishing/
NoCowboys,Business Directories,New Zealand,country-specific,NEEDS_RESEARCH,Research the submission route,,unknown,INSUFFICIENT,Unknown,Unknown,unknown,,what action the platform supports; the action URL,68,"tier tier2, priority P2",/research/business-directories/opportunities/
Nocowanie.pl,Business Directories,Poland,country-specific,NEEDS_RESEARCH,Research the submission route,,unknown,INSUFFICIENT,Unknown,Unknown,unknown,,what action the platform supports; the action URL,64,"tier tier2, priority P3",/research/business-directories/opportunities/
Notion Integrations,Business Directories,Global,global,NEEDS_RESEARCH,Research the submission route,,unknown,INSUFFICIENT,Unknown,Unknown,unknown,,what action the platform supports; the action URL,86,"tier tier1, priority P2",/research/business-directories/opportunities/
NuGet Gallery,Business Directories,Global,global,NEEDS_RESEARCH,Research the submission route,,free,INSUFFICIENT,Unknown,Unknown,unknown,,what action the platform supports; the action URL,78,"tier tier1, priority P3",/research/business-directories/opportunities/
Numeum,Business Directories,France,country-specific,NEEDS_RESEARCH,Research the submission route,,unknown,INSUFFICIENT,Unknown,Unknown,unknown,,what action the platform supports; the action URL,64,"tier tier2, priority P3",/research/business-directories/opportunities/
Nutanix Find a Partner,Business Directories,Global,global,NEEDS_RESEARCH,Research the submission route,,unknown,INSUFFICIENT,Unknown,Unknown,unknown,,what action the platform supports; the action URL,64,"tier tier2, priority P3",/research/business-directories/opportunities/
OCC Mundial,Business Directories,Mexico,country-specific,NEEDS_BROWSER,Verify the route in a browser,,unknown,INSUFFICIENT,Unknown,Unknown,unknown,,what action the platform supports; the action URL,86,"tier tier1, priority P2",/research/business-directories/opportunities/
OLX Bosnia,Marketplace & Classified Platforms,Bosnia and Herzegovina,,NEEDS_BROWSER,Verify the route in a browser,,freemium,INSUFFICIENT,Unknown,Unknown,unknown,,the action URL,69,"accepts both sellers, freemium",/research/marketplaces/
OLX Brasil,Business Directories,Brazil,latam,NEEDS_RESEARCH,Research the submission route,,free,INSUFFICIENT,Unknown,Unknown,unknown,,what action the platform supports; the action URL,82,"tier tier1, priority P3",/research/business-directories/opportunities/
OLX Brasil,Marketplace & Classified Platforms,Brazil,,NEEDS_RESEARCH,Research the submission route,,free,INSUFFICIENT,Unknown,Unknown,unknown,,the action URL,77,"accepts both sellers, freemium",/research/marketplaces/
OLX Bulgaria,Marketplace & Classified Platforms,Bulgaria,,NEEDS_RESEARCH,Research the submission route,,freemium,INSUFFICIENT,Unknown,Unknown,unknown,,the action URL,77,"accepts both sellers, freemium",/research/marketplaces/
OLX Pakistan,Business Directories,Pakistan,country-specific,NEEDS_RESEARCH,Research the submission route,,free,INSUFFICIENT,Unknown,Unknown,unknown,,what action the platform supports; the action URL,82,"tier tier1, priority P3",/research/business-directories/opportunities/
OLX Pakistan,Marketplace & Classified Platforms,Pakistan,,NEEDS_RESEARCH,Research the submission route,,free,INSUFFICIENT,Unknown,Unknown,unknown,,the action URL,77,"accepts both sellers, freemium",/research/marketplaces/
OLX Polska,Business Directories,Poland,country-specific,NEEDS_RESEARCH,Research the submission route,,free,INSUFFICIENT,Unknown,Unknown,unknown,,what action the platform supports; the action URL,82,"tier tier1, priority P3",/research/business-directories/opportunities/
OLX Polska,Marketplace & Classified Platforms,Poland,,NEEDS_RESEARCH,Research the submission route,,free,INSUFFICIENT,Unknown,Unknown,unknown,,the action URL,77,"accepts both sellers, freemium",/research/marketplaces/
OLX Portugal,Marketplace & Classified Platforms,Portugal,,NEEDS_RESEARCH,Research the submission route,,freemium,INSUFFICIENT,Unknown,Unknown,unknown,,the action URL,77,"accepts both sellers, freemium",/research/marketplaces/
OLX Romania,Marketplace & Classified Platforms,Romania,,NEEDS_RESEARCH,Research the submission route,,freemium,INSUFFICIENT,Unknown,Unknown,unknown,,the action URL,77,"accepts both sellers, freemium",/research/marketplaces/
OLX Ukraine,Marketplace & Classified Platforms,Ukraine,,NEEDS_RESEARCH,Research the submission route,,freemium,INSUFFICIENT,Unknown,Unknown,unknown,,the action URL,77,"accepts both sellers, freemium",/research/marketplaces/
OMR Reviews,Business Directories,Germany,dach,NEEDS_RESEARCH,Research the submission route,,unknown,INSUFFICIENT,Unknown,Unknown,unknown,,what action the platform supports; the action URL,94,"tier tier1, priority P1",/research/business-directories/opportunities/
OTOMOTO,Business Directories,Poland,country-specific,NEEDS_RESEARCH,Research the submission route,,unknown,INSUFFICIENT,Unknown,Unknown,unknown,,what action the platform supports; the action URL,82,"tier tier1, priority P3",/research/business-directories/opportunities/
OTOMOTO,Marketplace & Classified Platforms,Poland,,READY,Create a seller account,https://www.otomoto.pl/opcje-sprzedazy,free,LOW,Unknown,Unknown,verified,,,68,"accepts both sellers, paid",/research/marketplaces/
OTS,"Media, PR & Publishing",Austria,national,NEEDS_RESEARCH,Research the submission route,,paid,INSUFFICIENT,Unknown,Unknown,unknown,,the action URL,46,Media Score 46 (Limited),/research/media-pr-publishing/
OYO,Business Directories,India,global,NEEDS_RESEARCH,Research the submission route,,unknown,INSUFFICIENT,Unknown,Unknown,unknown,,what action the platform supports; the action URL,82,"tier tier1, priority P3",/research/business-directories/opportunities/
OZmall,Business Directories,Japan,japan,NEEDS_BROWSER,Verify the route in a browser,,unknown,INSUFFICIENT,Unknown,Unknown,unknown,,what action the platform supports; the action URL,64,"tier tier2, priority P3",/research/business-directories/opportunities/
Odoo Apps Store,Business Directories,Global,global,NEEDS_RESEARCH,Research the submission route,,unknown,INSUFFICIENT,Unknown,Unknown,unknown,,what action the platform supports; the action URL,64,"tier tier2, priority P3",/research/business-directories/opportunities/
Odoo Partners,Business Directories,Global,global,NEEDS_RESEARCH,Research the submission route,,unknown,INSUFFICIENT,Unknown,Unknown,unknown,,what action the platform supports; the action URL,86,"tier tier1, priority P2",/research/business-directories/opportunities/
Oferteo,Business Directories,Poland,country-specific,NEEDS_RESEARCH,Research the submission route,,unknown,INSUFFICIENT,Unknown,Unknown,unknown,,what action the platform supports; the action URL,68,"tier tier2, priority P2",/research/business-directories/opportunities/
OfferUp,Marketplace & Classified Platforms,United States,,NEEDS_RESEARCH,Research the submission route,,freemium,INSUFFICIENT,Unknown,Unknown,unknown,,the action URL,77,"accepts both sellers, freemium",/research/marketplaces/
Offerta,Business Directories,Sweden,country-specific,NEEDS_RESEARCH,Research the submission route,,unknown,INSUFFICIENT,Unknown,Unknown,unknown,,what action the platform supports; the action URL,68,"tier tier2, priority P2",/research/business-directories/opportunities/
OglasiCG,Marketplace & Classified Platforms,Montenegro,,NEEDS_RESEARCH,Research the submission route,,free,INSUFFICIENT,Unknown,Unknown,unknown,,the action URL,83,"accepts both sellers, free",/research/marketplaces/
Oikotie Asunnot,Marketplace & Classified Platforms,Finland,,NEEDS_RESEARCH,Research the submission route,,unknown,INSUFFICIENT,Unknown,Unknown,unknown,,the action URL,74,"accepts both sellers, unknown",/research/marketplaces/
Ollama Library,Business Directories,Global,global,NEEDS_RESEARCH,Research the submission route,,unknown,INSUFFICIENT,Unknown,Unknown,unknown,,what action the platform supports; the action URL,60,"tier tier2, priority P3",/research/business-directories/opportunities/
Oman Yellow Pages,Business Directories,Oman,country-specific,NEEDS_BROWSER,Verify the route in a browser,,unknown,INSUFFICIENT,Unknown,Unknown,unknown,,what action the platform supports; the action URL,68,"tier tier2, priority P2",/research/business-directories/opportunities/
One2car,Marketplace & Classified Platforms,Thailand,,NEEDS_RESEARCH,Research the submission route,,paid,INSUFFICIENT,Unknown,Unknown,unknown,,the action URL,68,"accepts both sellers, paid",/research/marketplaces/
OneRoof,Marketplace & Classified Platforms,New Zealand,,NEEDS_RESEARCH,Research the submission route,,unknown,INSUFFICIENT,Unknown,Unknown,unknown,,the action URL,86,"accepts business sellers, unknown",/research/marketplaces/
OnlineDirectories.ie,Business Directories,Ireland,country-specific,NEEDS_RESEARCH,Research the submission route,,paid,INSUFFICIENT,Unknown,Unknown,unknown,,the action URL,46,"tier tier3, priority P3",/research/business-directories/opportunities/
Oodle,Marketplace & Classified Platforms,United States,,NEEDS_RESEARCH,Research the submission route,,freemium,INSUFFICIENT,Unknown,Unknown,unknown,,the action URL,77,"accepts both sellers, freemium",/research/marketplaces/
Open Collective,Business Directories,Global,global,NEEDS_RESEARCH,Research the submission route,,unknown,INSUFFICIENT,Moderate,Unknown,unknown,,what action the platform supports; the action URL,64,"tier tier2, priority P2",/research/business-directories/opportunities/
Open Hub,Business Directories,Global,global,NEEDS_BROWSER,Verify the route in a browser,,unknown,INSUFFICIENT,Unknown,Unknown,unknown,,what action the platform supports; the action URL,46,"tier tier3, priority P3",/research/business-directories/opportunities/
Open VSX Registry,Business Directories,Global,global,NEEDS_RESEARCH,Research the submission route,,unknown,INSUFFICIENT,Unknown,Unknown,unknown,,what action the platform supports; the action URL,64,"tier tier2, priority P3",/research/business-directories/opportunities/
OpenCorporates,Business Directories,Global,global,NEEDS_BROWSER,Verify the route in a browser,,freemium,INSUFFICIENT,Unknown,Unknown,unknown,,what action the platform supports; the action URL,82,"tier tier1, priority P2",/research/business-directories/opportunities/
OpenInfra Foundation Members,Business Directories,Global,global,NEEDS_RESEARCH,Research the submission route,,unknown,INSUFFICIENT,Unknown,Unknown,unknown,,what action the platform supports; the action URL,64,"tier tier2, priority P3",/research/business-directories/opportunities/
OpenJS Foundation Members,Business Directories,Global,global,NEEDS_RESEARCH,Research the submission route,,unknown,INSUFFICIENT,Unknown,Unknown,unknown,,what action the platform supports; the action URL,64,"tier tier2, priority P3",/research/business-directories/opportunities/
OpenRice,Business Directories,Hong Kong,country-specific,NEEDS_RESEARCH,Research the submission route,,unknown,INSUFFICIENT,Unknown,Unknown,unknown,,what action the platform supports; the action URL,86,"tier tier1, priority P2",/research/business-directories/opportunities/
OpenSooq,Business Directories,Jordan,middle-east,NEEDS_RESEARCH,Research the submission route,,unknown,INSUFFICIENT,Unknown,Unknown,unknown,,what action the platform supports; the action URL,86,"tier tier1, priority P2",/research/business-directories/opportunities/
OpenSooq Bahrain,Marketplace & Classified Platforms,Bahrain,,NEEDS_RESEARCH,Research the submission route,,free,INSUFFICIENT,Unknown,Unknown,unknown,,the action URL,83,"accepts both sellers, free",/research/marketplaces/
OpenSooq Jordan,Marketplace & Classified Platforms,Jordan,,NEEDS_RESEARCH,Research the submission route,,free,INSUFFICIENT,Unknown,Unknown,unknown,,the action URL,83,"accepts both sellers, free",/research/marketplaces/
OpenSooq Kuwait,Marketplace & Classified Platforms,Kuwait,,NEEDS_RESEARCH,Research the submission route,,free,INSUFFICIENT,Unknown,Unknown,unknown,,the action URL,83,"accepts both sellers, free",/research/marketplaces/
OpenSooq Lebanon,Marketplace & Classified Platforms,Lebanon,,NEEDS_RESEARCH,Research the submission route,,free,INSUFFICIENT,Unknown,Unknown,unknown,,the action URL,83,"accepts both sellers, free",/research/marketplaces/
OpenSooq Oman,Marketplace & Classified Platforms,Oman,,NEEDS_RESEARCH,Research the submission route,,free,INSUFFICIENT,Unknown,Unknown,unknown,,the action URL,83,"accepts both sellers, free",/research/marketplaces/
OpenSooq Qatar,Marketplace & Classified Platforms,Qatar,,NEEDS_RESEARCH,Research the submission route,,free,INSUFFICIENT,Unknown,Unknown,unknown,,the action URL,83,"accepts both sellers, free",/research/marketplaces/
OpenSooq Saudi Arabia,Marketplace & Classified Platforms,Saudi Arabia,,NEEDS_RESEARCH,Research the submission route,,free,INSUFFICIENT,Unknown,Unknown,unknown,,the action URL,83,"accepts both sellers, free",/research/marketplaces/
OpenSooq UAE,Marketplace & Classified Platforms,United Arab Emirates,,NEEDS_RESEARCH,Research the submission route,,free,INSUFFICIENT,Unknown,Unknown,unknown,,the action URL,83,"accepts both sellers, free",/research/marketplaces/
OpenStreetMap,Business Directories,Global,global,NEEDS_RESEARCH,Research the submission route,,unknown,INSUFFICIENT,Unknown,Unknown,unknown,,what action the platform supports; the action URL,86,"tier tier1, priority P2",/research/business-directories/opportunities/
OpenTools,Business Directories,Global,global,READY,Create a business profile,https://opentools.ai/experts/create,unknown,LOW,Unknown,Unknown,verified,,,74,"tier tier2, priority P3",/research/business-directories/opportunities/
OpenWork,Business Directories,Japan,japan,NEEDS_BROWSER,Verify the route in a browser,,unknown,INSUFFICIENT,Unknown,Unknown,unknown,,what action the platform supports; the action URL,86,"tier tier1, priority P2",/research/business-directories/opportunities/
Opencare,Business Directories,Canada,north-america,NEEDS_RESEARCH,Research the submission route,,unknown,INSUFFICIENT,Unknown,Unknown,unknown,,what action the platform supports; the action URL,46,"tier tier3, priority P3",/research/business-directories/opportunities/
Opendi,Business Directories,Global,europe; global,NEEDS_RESEARCH,Research the submission route,,unknown,INSUFFICIENT,Unknown,Unknown,unknown,,what action the platform supports; the action URL,46,"tier tier3, priority P3",/research/business-directories/opportunities/
Opendi Argentina,Business Directories,Argentina,country-specific,NEEDS_RESEARCH,Research the submission route,,unknown,INSUFFICIENT,Unknown,Unknown,unknown,,what action the platform supports; the action URL,46,"tier tier3, priority P3",/research/business-directories/opportunities/
Opendi België,Business Directories,Belgium,country-specific,NEEDS_RESEARCH,Research the submission route,,unknown,INSUFFICIENT,Unknown,Unknown,unknown,,what action the platform supports; the action URL,46,"tier tier3, priority P3",/research/business-directories/opportunities/
Opendi Canada,Business Directories,Canada,canada,READY,Create a business profile,https://service.opendi.ca/listings,free,LOW,Unknown,Unknown,verified,,,56,"tier tier3, priority P3",/research/business-directories/opportunities/
Opendi Chile,Business Directories,Chile,country-specific,NEEDS_RESEARCH,Research the submission route,,unknown,INSUFFICIENT,Unknown,Unknown,unknown,,what action the platform supports; the action URL,46,"tier tier3, priority P3",/research/business-directories/opportunities/
Opendi Danmark,Business Directories,Denmark,nordics,NEEDS_RESEARCH,Research the submission route,,unknown,INSUFFICIENT,Unknown,Unknown,unknown,,what action the platform supports; the action URL,46,"tier tier3, priority P3",/research/business-directories/opportunities/
Opendi España,Business Directories,Spain,country-specific,NEEDS_RESEARCH,Research the submission route,,unknown,INSUFFICIENT,Unknown,Unknown,unknown,,what action the platform supports; the action URL,46,"tier tier3, priority P3",/research/business-directories/opportunities/
Opendi France,Business Directories,France,country-specific,NEEDS_RESEARCH,Research the submission route,,unknown,INSUFFICIENT,Unknown,Unknown,unknown,,what action the platform supports; the action URL,46,"tier tier3, priority P3",/research/business-directories/opportunities/
Opendi India,Business Directories,India,india,READY,Create a business profile,https://service.opendi.in/listings,free,LOW,Unknown,Unknown,verified,,,56,"tier tier3, priority P3",/research/business-directories/opportunities/
Opendi Italia,Business Directories,Italy,country-specific,NEEDS_RESEARCH,Research the submission route,,free,INSUFFICIENT,Unknown,Unknown,unknown,,what action the platform supports; the action URL,46,"tier tier3, priority P3",/research/business-directories/opportunities/
Opendi Magyarország,Business Directories,Hungary,country-specific,NEEDS_RESEARCH,Research the submission route,,free,INSUFFICIENT,Unknown,Unknown,unknown,,the action URL,56,"tier tier3, priority P3",/research/business-directories/opportunities/
Opendi Nederland,Business Directories,Netherlands,country-specific,NEEDS_RESEARCH,Research the submission route,,unknown,INSUFFICIENT,Unknown,Unknown,unknown,,what action the platform supports; the action URL,46,"tier tier3, priority P3",/research/business-directories/opportunities/
Opendi Norge,Business Directories,Norway,nordics,NEEDS_RESEARCH,Research the submission route,,unknown,INSUFFICIENT,Unknown,Unknown,unknown,,what action the platform supports; the action URL,46,"tier tier3, priority P3",/research/business-directories/opportunities/
Opendi Polska,Business Directories,Poland,country-specific,NEEDS_RESEARCH,Research the submission route,,unknown,INSUFFICIENT,Unknown,Unknown,unknown,,what action the platform supports; the action URL,46,"tier tier3, priority P3",/research/business-directories/opportunities/
Opendi Portugal,Business Directories,Portugal,country-specific,NEEDS_RESEARCH,Research the submission route,,unknown,INSUFFICIENT,Unknown,Unknown,unknown,,what action the platform supports; the action URL,46,"tier tier3, priority P3",/research/business-directories/opportunities/
Opendi România,Business Directories,Romania,country-specific,NEEDS_RESEARCH,Research the submission route,,free,INSUFFICIENT,Unknown,Unknown,unknown,,the action URL,56,"tier tier3, priority P3",/research/business-directories/opportunities/
Opendi Schweiz,Business Directories,Switzerland,dach,NEEDS_RESEARCH,Research the submission route,,unknown,INSUFFICIENT,Unknown,Unknown,unknown,,what action the platform supports; the action URL,46,"tier tier3, priority P3",/research/business-directories/opportunities/
Opendi Suomi,Business Directories,Finland,nordics,NEEDS_RESEARCH,Research the submission route,,unknown,INSUFFICIENT,Unknown,Unknown,unknown,,what action the platform supports; the action URL,46,"tier tier3, priority P3",/research/business-directories/opportunities/
Opendi Sverige,Business Directories,Sweden,nordics,NEEDS_RESEARCH,Research the submission route,,unknown,INSUFFICIENT,Unknown,Unknown,unknown,,what action the platform supports; the action URL,46,"tier tier3, priority P3",/research/business-directories/opportunities/
Opendi UK,Business Directories,United Kingdom,united-kingdom,READY,Create a business profile,https://service.opendi.co.uk/listings,free,LOW,Unknown,Unknown,verified,,,56,"tier tier3, priority P3",/research/business-directories/opportunities/
Opendi US,Business Directories,United States,united-states,READY,Create a business profile,https://service.opendi.us/listings,free,LOW,Unknown,Unknown,verified,,,56,"tier tier3, priority P3",/research/business-directories/opportunities/
Opendi Österreich,Business Directories,Austria,dach,NEEDS_RESEARCH,Research the submission route,,unknown,INSUFFICIENT,Unknown,Unknown,unknown,,what action the platform supports; the action URL,46,"tier tier3, priority P3",/research/business-directories/opportunities/
Openfuture,Business Directories,Global,global,NEEDS_BROWSER,Verify the route in a browser,,unknown,INSUFFICIENT,Unknown,Unknown,unknown,,what action the platform supports; the action URL,46,"tier tier3, priority P3",/research/business-directories/opportunities/
Opening Times,Business Directories,United Kingdom,united-kingdom,NEEDS_RESEARCH,Research the submission route,,unknown,INSUFFICIENT,Unknown,Unknown,unknown,,what action the platform supports; the action URL,46,"tier tier3, priority P3",/research/business-directories/opportunities/
Opineo,Business Directories,Poland,country-specific,NEEDS_RESEARCH,Research the submission route,,unknown,INSUFFICIENT,Unknown,Unknown,unknown,,what action the platform supports; the action URL,68,"tier tier2, priority P2",/research/business-directories/opportunities/
Opplysningen 1881,Business Directories,Norway,nordics,NEEDS_RESEARCH,Research the submission route,,unknown,INSUFFICIENT,Unknown,Unknown,unknown,,what action the platform supports; the action URL,94,"tier tier1, priority P1",/research/business-directories/opportunities/
Oracle Partner Finder,Business Directories,Global,global,NEEDS_RESEARCH,Research the submission route,,unknown,INSUFFICIENT,Unknown,Unknown,unknown,,what action the platform supports; the action URL,82,"tier tier1, priority P3",/research/business-directories/opportunities/
Oregon Business,"Media, PR & Publishing",United States,local,NEEDS_RESEARCH,Research the submission route,,unknown,INSUFFICIENT,Unknown,Unknown,unknown,,the action URL,44,Media Score 44 (Limited),/research/media-pr-publishing/
Ortsdienst,Business Directories,Germany,country-specific,NEEDS_RESEARCH,Research the submission route,,unknown,INSUFFICIENT,Unknown,Unknown,unknown,,what action the platform supports; the action URL,46,"tier tier3, priority P3",/research/business-directories/opportunities/
Ouedkniss,Business Directories,Algeria,country-specific,NEEDS_RESEARCH,Research the submission route,,unknown,INSUFFICIENT,Unknown,Unknown,unknown,,what action the platform supports; the action URL,86,"tier tier1, priority P2",/research/business-directories/opportunities/
Ouedkniss,Marketplace & Classified Platforms,Algeria,,NEEDS_RESEARCH,Research the submission route,,freemium,INSUFFICIENT,Unknown,Unknown,unknown,,the action URL,77,"accepts both sellers, freemium",/research/marketplaces/
Owens Corning Contractor Locator,Business Directories,United States,united-states,NEEDS_RESEARCH,Research the submission route,,unknown,INSUFFICIENT,Unknown,Unknown,unknown,,what action the platform supports; the action URL,64,"tier tier2, priority P3",/research/business-directories/opportunities/
Owler,Business Directories,Global,global,NEEDS_BROWSER,Verify the route in a browser,,unknown,INSUFFICIENT,Unknown,Unknown,unknown,,what action the platform supports; the action URL,64,"tier tier2, priority P3",/research/business-directories/opportunities/
PAI,Business Directories,Portugal,country-specific,NEEDS_RESEARCH,Research the submission route,,unknown,INSUFFICIENT,Unknown,Unknown,unknown,,what action the platform supports; the action URL,94,"tier tier1, priority P1",/research/business-directories/opportunities/
PC Tech Magazine,"Media, PR & Publishing",Uganda,national,NEEDS_RESEARCH,Research the submission route,,unknown,INSUFFICIENT,Unknown,Unknown,unknown,,what action the platform supports; the action URL,,below the Media Score evidence floor,/research/media-pr-publishing/
PChome Store Street,Business Directories,Taiwan,country-specific,NEEDS_RESEARCH,Research the submission route,,unknown,INSUFFICIENT,Unknown,Unknown,unknown,,what action the platform supports; the action URL,64,"tier tier2, priority P3",/research/business-directories/opportunities/
PHCC Contractor Directory,Business Directories,United States,united-states,NEEDS_RESEARCH,Research the submission route,,unknown,INSUFFICIENT,Unknown,Unknown,unknown,,what action the platform supports; the action URL,64,"tier tier2, priority P3",/research/business-directories/opportunities/
PHILEXPORT,Business Directories,Philippines,country-specific,NEEDS_RESEARCH,Research the submission route,,unknown,INSUFFICIENT,Unknown,Unknown,unknown,,what action the platform supports; the action URL,68,"tier tier2, priority P2",/research/business-directories/opportunities/
PLEXCONCIL,Business Directories,India,india,NEEDS_RESEARCH,Research the submission route,,unknown,INSUFFICIENT,Unknown,Unknown,unknown,,what action the platform supports; the action URL,46,"tier tier3, priority P3",/research/business-directories/opportunities/
PR Newswire,Business Directories,Global,global; north-america,NEEDS_RESEARCH,Research the submission route,,paid,INSUFFICIENT,Easy,Unknown,unknown,,the action URL,64,"tier tier2, priority P2",/research/business-directories/opportunities/
PR Newswire,"Media, PR & Publishing",United States,global,NEEDS_RESEARCH,Research the submission route,,paid,INSUFFICIENT,Unknown,Unknown,unknown,,the action URL,49,Media Score 49 (Limited),/research/media-pr-publishing/
PR TIMES,"Media, PR & Publishing",Japan,national,NEEDS_RESEARCH,Research the submission route,,paid,INSUFFICIENT,Unknown,Unknown,unknown,,the action URL,46,Media Score 46 (Limited),/research/media-pr-publishing/
PR Underground,"Media, PR & Publishing",United States,national,NEEDS_RESEARCH,Research the submission route,,paid,INSUFFICIENT,Unknown,Unknown,unknown,,the action URL,46,Media Score 46 (Limited),/research/media-pr-publishing/
PR.com,"Media, PR & Publishing",United States,global,NEEDS_RESEARCH,Research the submission route,,freemium,INSUFFICIENT,Unknown,Unknown,unknown,,the action URL,57,Media Score 57 (Moderate),/research/media-pr-publishing/
PRLog,"Media, PR & Publishing",United States,global,NEEDS_RESEARCH,Check what action the platform supports,https://www.prlog.org/pub/,freemium,INSUFFICIENT,Unknown,Unknown,verified,,a route matching the stated action,61,Media Score 61 (Moderate),/research/media-pr-publishing/
PRWeb,Business Directories,Global,global; north-america,NEEDS_RESEARCH,Research the submission route,,unknown,INSUFFICIENT,Unknown,Unknown,unknown,,what action the platform supports; the action URL,86,"tier tier1, priority P2",/research/business-directories/opportunities/
PRWeb,"Media, PR & Publishing",United States,national,NEEDS_RESEARCH,Research the submission route,,paid,INSUFFICIENT,Unknown,Unknown,unknown,,the action URL,46,Media Score 46 (Limited),/research/media-pr-publishing/
PYMNTS,"Media, PR & Publishing",United States,national,NEEDS_RESEARCH,Research the submission route,,unknown,INSUFFICIENT,Unknown,Unknown,unknown,,what action the platform supports; the action URL,,below the Media Score evidence floor,/research/media-pr-publishing/
Package Control,Business Directories,Global,global,NEEDS_RESEARCH,Research the submission route,,unknown,INSUFFICIENT,Unknown,Unknown,unknown,,what action the platform supports; the action URL,46,"tier tier3, priority P3",/research/business-directories/opportunities/
Packaging Digest,"Media, PR & Publishing",United States,national,NEEDS_RESEARCH,Research the submission route,,unknown,INSUFFICIENT,Unknown,Unknown,unknown,,what action the platform supports; the action URL,,below the Media Score evidence floor,/research/media-pr-publishing/
Packagist.org,Business Directories,Global,global,NEEDS_RESEARCH,Check what action the platform supports,https://packagist.org/packages/submit,free,INSUFFICIENT,Unknown,Unknown,verified,,what action the platform supports,78,"tier tier1, priority P3",/research/business-directories/opportunities/
PagesJaunes,Business Directories,France,country-specific,NEEDS_RESEARCH,Research the submission route,,unknown,INSUFFICIENT,Unknown,Unknown,unknown,,what action the platform supports; the action URL,94,"tier tier1, priority P1",/research/business-directories/opportunities/
Pagine Azzurre,Business Directories,Italy,country-specific,NEEDS_RESEARCH,Research the submission route,,unknown,INSUFFICIENT,Unknown,Unknown,unknown,,what action the platform supports; the action URL,46,"tier tier3, priority P3",/research/business-directories/opportunities/
PagineBianche,Business Directories,Italy,country-specific,NEEDS_RESEARCH,Research the submission route,,unknown,INSUFFICIENT,Unknown,Unknown,unknown,,what action the platform supports; the action URL,94,"tier tier1, priority P1",/research/business-directories/opportunities/
PagineGialle,Business Directories,Italy,country-specific,READY,Create a business profile,https://www.paginegialle.it/inserisci_attivita,free,MEDIUM,Easy,Unknown,verified,,,100,"tier tier1, priority P1",/research/business-directories/opportunities/
PagineMail,Business Directories,Italy,country-specific,NEEDS_RESEARCH,Research the submission route,,unknown,INSUFFICIENT,Unknown,Unknown,unknown,,what action the platform supports; the action URL,46,"tier tier3, priority P3",/research/business-directories/opportunities/
Pagini Aurii,Business Directories,Romania,country-specific,NEEDS_RESEARCH,Research the submission route,,unknown,INSUFFICIENT,Unknown,Unknown,unknown,,the action URL,78,"tier tier2, priority P2",/research/business-directories/opportunities/
PakWheels,Business Directories,Pakistan,country-specific,NEEDS_RESEARCH,Research the submission route,,free,INSUFFICIENT,Unknown,Unknown,unknown,,what action the platform supports; the action URL,82,"tier tier1, priority P3",/research/business-directories/opportunities/
PakWheels,Marketplace & Classified Platforms,Pakistan,,READY,Post a classified listing,https://www.pakwheels.com/used-cars/sell,free,LOW,Unknown,Unknown,verified,,,74,"accepts both sellers, freemium",/research/marketplaces/
Panorama Firm,Business Directories,Poland,country-specific,READY,Create a business profile,https://panoramafirm.pl/dodaj-firme.html,free,MEDIUM,Easy,Unknown,verified,,,100,"tier tier1, priority P1",/research/business-directories/opportunities/
Paperjam,"Media, PR & Publishing",Luxembourg,national,NEEDS_RESEARCH,Research the submission route,,unknown,INSUFFICIENT,Unknown,Unknown,unknown,,what action the platform supports; the action URL,,below the Media Score evidence floor,/research/media-pr-publishing/
Partnership on AI,Business Directories,Global,global,NEEDS_RESEARCH,Research the submission route,,unknown,INSUFFICIENT,Unknown,Unknown,unknown,,what action the platform supports; the action URL,64,"tier tier2, priority P3",/research/business-directories/opportunities/
ParuVendu,Marketplace & Classified Platforms,France,,READY,Post a classified listing,https://www.paruvendu.fr/depose-annonce-gratuite/,free,LOW,Unknown,Unknown,verified,,,77,"accepts both sellers, freemium",/research/marketplaces/
PatPat.lk,Marketplace & Classified Platforms,Sri Lanka,,READY,Post a classified listing,https://patpat.lk/en/customer/listing/create/category,freemium,LOW,Unknown,Unknown,verified,,,77,"accepts both sellers, freemium",/research/marketplaces/
Patch,Business Directories,United States,united-states,NEEDS_RESEARCH,Research the submission route,,unknown,INSUFFICIENT,Unknown,Unknown,unknown,,what action the platform supports; the action URL,64,"tier tier2, priority P3",/research/business-directories/opportunities/
Paved,"Media, PR & Publishing",United States,global,READY,Buy a sponsored placement,https://www.paved.com/,paid,LOW,Unknown,Unknown,verified,,,49,Media Score 49 (Limited),/research/media-pr-publishing/
Pazar3,Marketplace & Classified Platforms,North Macedonia,,NEEDS_RESEARCH,Research the submission route,,freemium,INSUFFICIENT,Unknown,Unknown,unknown,,the action URL,77,"accepts both sellers, freemium",/research/marketplaces/
Pazar3.me,Marketplace & Classified Platforms,Montenegro,,NEEDS_RESEARCH,Research the submission route,,free,INSUFFICIENT,Unknown,Unknown,unknown,,the action URL,77,"accepts both sellers, freemium",/research/marketplaces/
PedidosYa Argentina,Business Directories,Argentina,latam,NEEDS_BROWSER,Verify the route in a browser,,unknown,INSUFFICIENT,Unknown,Unknown,unknown,,what action the platform supports; the action URL,86,"tier tier1, priority P2",/research/business-directories/opportunities/
PedidosYa Bolivia,Business Directories,Bolivia,latam,NEEDS_BROWSER,Verify the route in a browser,,unknown,INSUFFICIENT,Unknown,Unknown,unknown,,what action the platform supports; the action URL,86,"tier tier1, priority P2",/research/business-directories/opportunities/
PedidosYa Perú,Business Directories,Peru,latam,NEEDS_BROWSER,Verify the route in a browser,,unknown,INSUFFICIENT,Unknown,Unknown,unknown,,what action the platform supports; the action URL,86,"tier tier1, priority P2",/research/business-directories/opportunities/
PedidosYa Uruguay,Business Directories,Uruguay,latam,NEEDS_BROWSER,Verify the route in a browser,,unknown,INSUFFICIENT,Unknown,Unknown,unknown,,what action the platform supports; the action URL,86,"tier tier1, priority P2",/research/business-directories/opportunities/
PeerSpot,Business Directories,Global,global,NEEDS_RESEARCH,Research the submission route,,unknown,INSUFFICIENT,Unknown,Unknown,unknown,,what action the platform supports; the action URL,82,"tier tier1, priority P2",/research/business-directories/opportunities/
Peerlist,Business Directories,Global,asia; global,NEEDS_RESEARCH,Research the submission route,,unknown,INSUFFICIENT,Unknown,Unknown,unknown,,what action the platform supports; the action URL,68,"tier tier2, priority P2",/research/business-directories/opportunities/
Peerlist,"Media, PR & Publishing",India,global,NEEDS_RESEARCH,Research the submission route,,freemium,INSUFFICIENT,Unknown,Unknown,unknown,,the action URL,59,Media Score 59 (Moderate),/research/media-pr-publishing/
Peerspace,Business Directories,United States,north-america,NEEDS_RESEARCH,Research the submission route,,unknown,INSUFFICIENT,Unknown,Unknown,unknown,,what action the platform supports; the action URL,64,"tier tier2, priority P3",/research/business-directories/opportunities/
PennySaver USA,Marketplace & Classified Platforms,United States,,NEEDS_RESEARCH,Research the submission route,,free,INSUFFICIENT,Unknown,Unknown,unknown,,the action URL,74,"accepts both sellers, freemium",/research/marketplaces/
PeoplePerHour,Business Directories,United Kingdom,europe; united-kingdom,NEEDS_RESEARCH,Research the submission route,,unknown,INSUFFICIENT,Unknown,Unknown,unknown,,what action the platform supports; the action URL,64,"tier tier2, priority P3",/research/business-directories/opportunities/
Pepagora,Business Directories,India,asia,NEEDS_BROWSER,Verify the route in a browser,,unknown,INSUFFICIENT,Unknown,Unknown,unknown,,what action the platform supports; the action URL,64,"tier tier2, priority P3",/research/business-directories/opportunities/
Personnel Today,"Media, PR & Publishing",United Kingdom,national,READY,Submit a contributed article,https://www.personneltoday.com/contact-us/,free,MEDIUM,Unknown,Unknown,verified,,,86,Media Score 86 (Strong),/research/media-pr-publishing/
PestWorld,Business Directories,United States,united-states,NEEDS_RESEARCH,Research the submission route,,unknown,INSUFFICIENT,Unknown,Unknown,unknown,,what action the platform supports; the action URL,64,"tier tier2, priority P3",/research/business-directories/opportunities/
Petal Maps,Business Directories,Global,asia; global,NEEDS_RESEARCH,Research the submission route,,unknown,INSUFFICIENT,Unknown,Unknown,unknown,,what action the platform supports; the action URL,64,"tier tier2, priority P3",/research/business-directories/opportunities/
Petit Futé,Business Directories,France,country-specific,NEEDS_RESEARCH,Research the submission route,,unknown,INSUFFICIENT,Unknown,Unknown,unknown,,what action the platform supports; the action URL,64,"tier tier2, priority P3",/research/business-directories/opportunities/
PharmacyChecker,Business Directories,United States,global,NEEDS_RESEARCH,Research the submission route,,unknown,INSUFFICIENT,Unknown,Unknown,unknown,,what action the platform supports; the action URL,46,"tier tier3, priority P3",/research/business-directories/opportunities/
Pharmexcil,Business Directories,India,india,NEEDS_RESEARCH,Research the submission route,,unknown,INSUFFICIENT,Unknown,Unknown,unknown,,what action the platform supports; the action URL,64,"tier tier2, priority P3",/research/business-directories/opportunities/
Philippine Chamber of Commerce,Business Directories,Philippines,country-specific,NEEDS_BROWSER,Verify the route in a browser,,unknown,INSUFFICIENT,Unknown,Unknown,unknown,,what action the platform supports; the action URL,86,"tier tier1, priority P2",/research/business-directories/opportunities/
PhocusWire,"Media, PR & Publishing",United States,global,NEEDS_RESEARCH,Research the submission route,,unknown,INSUFFICIENT,Unknown,Unknown,unknown,,what action the platform supports; the action URL,,below the Media Score evidence floor,/research/media-pr-publishing/
Pickles,Marketplace & Classified Platforms,Australia,,READY,Create a seller account,https://www.pickles.com.au/sell,paid,LOW,Unknown,Unknown,verified,,,71,"accepts both sellers, paid",/research/marketplaces/
PigiaMe,Marketplace & Classified Platforms,Kenya,,NEEDS_BROWSER,Verify the route in a browser,,freemium,INSUFFICIENT,Unknown,Unknown,unknown,,the action URL,69,"accepts both sellers, freemium",/research/marketplaces/
Pinduoduo,Marketplace & Classified Platforms,China,,NEEDS_RESEARCH,Research the submission route,,freemium,INSUFFICIENT,Unknown,Unknown,unknown,,the action URL,86,"accepts business sellers, freemium",/research/marketplaces/
Pink Pages,Business Directories,Australia,australia,NEEDS_RESEARCH,Research the submission route,,unknown,INSUFFICIENT,Unknown,Unknown,unknown,,what action the platform supports; the action URL,46,"tier tier3, priority P3",/research/business-directories/opportunities/
Pinterest Business Account,Business Directories,Global,global,NEEDS_RESEARCH,Research the submission route,,unknown,INSUFFICIENT,Unknown,Unknown,unknown,,what action the platform supports; the action URL,64,"tier tier2, priority P3",/research/business-directories/opportunities/
Pipedrive Marketplace,Business Directories,Global,global,NEEDS_RESEARCH,Research the submission route,,unknown,INSUFFICIENT,Unknown,Unknown,unknown,,what action the platform supports; the action URL,64,"tier tier2, priority P3",/research/business-directories/opportunities/
PissedConsumer,Business Directories,Global,global; united-states,NEEDS_RESEARCH,Research the submission route,,unknown,INSUFFICIENT,Unknown,Unknown,unknown,,what action the platform supports; the action URL,46,"tier tier3, priority P3",/research/business-directories/opportunities/
PitchWall,Business Directories,Global,global,NEEDS_RESEARCH,Research the submission route,,unknown,INSUFFICIENT,Unknown,Unknown,unknown,,what action the platform supports; the action URL,46,"tier tier3, priority P3",/research/business-directories/opportunities/
Planity,Business Directories,France,country-specific,NEEDS_RESEARCH,Research the submission route,,unknown,INSUFFICIENT,Unknown,Unknown,unknown,,what action the platform supports; the action URL,94,"tier tier1, priority P1",/research/business-directories/opportunities/
PlasticsToday,"Media, PR & Publishing",United States,national,NEEDS_RESEARCH,Research the submission route,,unknown,INSUFFICIENT,Unknown,Unknown,unknown,,what action the platform supports; the action URL,,below the Media Score evidence floor,/research/media-pr-publishing/
Plug and Play,Business Directories,United States,global,NEEDS_RESEARCH,Research the submission route,,unknown,INSUFFICIENT,Unknown,Unknown,unknown,,what action the platform supports; the action URL,86,"tier tier1, priority P2",/research/business-directories/opportunities/
Plus que PRO,Business Directories,France,country-specific,NEEDS_RESEARCH,Research the submission route,,unknown,INSUFFICIENT,Unknown,Unknown,unknown,,what action the platform supports; the action URL,46,"tier tier3, priority P3",/research/business-directories/opportunities/
Pnet,Business Directories,South Africa,country-specific,NEEDS_RESEARCH,Research the submission route,,unknown,INSUFFICIENT,Unknown,Unknown,unknown,,what action the platform supports; the action URL,86,"tier tier1, priority P2",/research/business-directories/opportunities/
PodMatch,"Media, PR & Publishing",United States,global,NEEDS_RESEARCH,Research the submission route,,freemium,INSUFFICIENT,Unknown,Unknown,unknown,,the action URL,65,Media Score 65 (Moderate),/research/media-pr-publishing/
PodcastGuests.com,"Media, PR & Publishing",United States,global,NEEDS_RESEARCH,Research the submission route,,freemium,INSUFFICIENT,Unknown,Unknown,unknown,,the action URL,65,Media Score 65 (Moderate),/research/media-pr-publishing/
Pointoo,Business Directories,Germany,dach,NEEDS_BROWSER,Verify the route in a browser,,unknown,INSUFFICIENT,Unknown,Unknown,unknown,,what action the platform supports; the action URL,46,"tier tier3, priority P3",/research/business-directories/opportunities/
Polovni Automobili,Marketplace & Classified Platforms,Serbia,,NEEDS_RESEARCH,Research the submission route,,freemium,INSUFFICIENT,Unknown,Unknown,unknown,,the action URL,74,"accepts both sellers, freemium",/research/marketplaces/
Polska Izba Informatyki i Telekomunikacji,Business Directories,Poland,country-specific,NEEDS_RESEARCH,Research the submission route,,unknown,INSUFFICIENT,Unknown,Unknown,unknown,,what action the platform supports; the action URL,64,"tier tier2, priority P3",/research/business-directories/opportunities/
Polskie Firmy,Business Directories,Poland,country-specific,NEEDS_RESEARCH,Research the submission route,,unknown,INSUFFICIENT,Unknown,Unknown,unknown,,what action the platform supports; the action URL,46,"tier tier3, priority P3",/research/business-directories/opportunities/
Portal Inmobiliario,Marketplace & Classified Platforms,Chile,,NEEDS_RESEARCH,Research the submission route,,paid,INSUFFICIENT,Unknown,Unknown,unknown,,the action URL,68,"accepts both sellers, paid",/research/marketplaces/
Portfolio.hu,"Media, PR & Publishing",Hungary,national,NEEDS_RESEARCH,Research the submission route,,unknown,INSUFFICIENT,Unknown,Unknown,unknown,,what action the platform supports; the action URL,,below the Media Score evidence floor,/research/media-pr-publishing/
Portugal Empresas,Business Directories,Portugal,country-specific,NEEDS_RESEARCH,Research the submission route,,unknown,INSUFFICIENT,Unknown,Unknown,unknown,,what action the platform supports; the action URL,46,"tier tier3, priority P3",/research/business-directories/opportunities/
Poshmark,Marketplace & Classified Platforms,United States,,READY,Create a seller account,https://poshmark.com/sell,freemium,LOW,Unknown,Unknown,verified,,,74,"accepts both sellers, freemium",/research/marketplaces/
Power Engineering,"Media, PR & Publishing",United States,global,READY,Submit a contributed article,https://www.power-eng.com/submit-an-article/,unknown,LOW,Unknown,Unknown,verified,,,87,Media Score 87 (Strong),/research/media-pr-publishing/
Praca.pl,Business Directories,Poland,country-specific,NEEDS_RESEARCH,Research the submission route,,unknown,INSUFFICIENT,Unknown,Unknown,unknown,,what action the platform supports; the action URL,64,"tier tier2, priority P3",/research/business-directories/opportunities/
Pracodawcy RP,Business Directories,Poland,country-specific,NEEDS_RESEARCH,Research the submission route,,unknown,INSUFFICIENT,Unknown,Unknown,unknown,,what action the platform supports; the action URL,46,"tier tier3, priority P3",/research/business-directories/opportunities/
Practical Ecommerce,"Media, PR & Publishing",United States,national,NEEDS_BROWSER,Verify the route in a browser,,unknown,INSUFFICIENT,Unknown,Unknown,unknown,,what action the platform supports; the action URL,,below the Media Score evidence floor,/research/media-pr-publishing/
Practo,Business Directories,India,india,READY,Create a business profile,https://www.practo.com/providers/clinics/profile,unknown,LOW,Unknown,Unknown,verified,,,96,"tier tier1, priority P2",/research/business-directories/opportunities/
Pracuj.pl,Business Directories,Poland,country-specific,NEEDS_RESEARCH,Research the submission route,,unknown,INSUFFICIENT,Unknown,Unknown,unknown,,what action the platform supports; the action URL,86,"tier tier1, priority P2",/research/business-directories/opportunities/
Precision Farming Dealer,"Media, PR & Publishing",United States,national,NEEDS_BROWSER,Verify the route in a browser,,unknown,INSUFFICIENT,Unknown,Unknown,unknown,,what action the platform supports; the action URL,,below the Media Score evidence floor,/research/media-pr-publishing/
Preloved,Marketplace & Classified Platforms,United Kingdom,,NEEDS_RESEARCH,Research the submission route,,free,INSUFFICIENT,Unknown,Unknown,unknown,,the action URL,74,"accepts both sellers, freemium",/research/marketplaces/
Pressat,Business Directories,United Kingdom,united-kingdom,NEEDS_RESEARCH,Research the submission route,,unknown,INSUFFICIENT,Unknown,Unknown,unknown,,what action the platform supports; the action URL,64,"tier tier2, priority P3",/research/business-directories/opportunities/
Pressat,"Media, PR & Publishing",United Kingdom,national,NEEDS_RESEARCH,Research the submission route,,paid,INSUFFICIENT,Unknown,Unknown,unknown,,the action URL,46,Media Score 46 (Limited),/research/media-pr-publishing/
Presseportal,Business Directories,Germany,dach,NEEDS_RESEARCH,Research the submission route,,unknown,INSUFFICIENT,Unknown,Unknown,unknown,,what action the platform supports; the action URL,86,"tier tier1, priority P2",/research/business-directories/opportunities/
Presseportal,"Media, PR & Publishing",Germany,national,NEEDS_RESEARCH,Research the submission route,,paid,INSUFFICIENT,Unknown,Unknown,unknown,,the action URL,46,Media Score 46 (Limited),/research/media-pr-publishing/
PrestaShop Addons,Business Directories,Global,europe; global,NEEDS_RESEARCH,Research the submission route,,unknown,INSUFFICIENT,Unknown,Unknown,unknown,,what action the platform supports; the action URL,64,"tier tier2, priority P3",/research/business-directories/opportunities/
PriceRunner,Business Directories,Global,nordics; united-kingdom,NEEDS_RESEARCH,Research the submission route,,unknown,INSUFFICIENT,Unknown,Unknown,unknown,,what action the platform supports; the action URL,68,"tier tier2, priority P2",/research/business-directories/opportunities/
Prisjakt,Business Directories,Sweden,nordics,NEEDS_RESEARCH,Research the submission route,,unknown,INSUFFICIENT,Unknown,Unknown,unknown,,what action the platform supports; the action URL,64,"tier tier2, priority P3",/research/business-directories/opportunities/
Private Property,Marketplace & Classified Platforms,South Africa,,READY,Create a seller account,https://www.privateproperty.co.za/estate-agents-in-south-africa,paid,LOW,Unknown,Unknown,verified,,,68,"accepts both sellers, paid",/research/marketplaces/
Private Sector Foundation Uganda,Business Directories,Uganda,country-specific,NEEDS_RESEARCH,Research the submission route,,unknown,INSUFFICIENT,Unknown,Unknown,unknown,,what action the platform supports; the action URL,68,"tier tier2, priority P2",/research/business-directories/opportunities/
Product Hunt,Business Directories,Global,global,NEEDS_BROWSER,Verify the route in a browser,https://www.producthunt.com/launch,unknown,INSUFFICIENT,Easy,Unknown,verified,,what action the platform supports,90,"tier tier1, priority P1",/research/business-directories/opportunities/
Product Hunt,"Media, PR & Publishing",United States,global,READY,Submit a product launch,https://www.producthunt.com/launch,free,LOW,Unknown,Unknown,verified,,,80,Media Score 80 (Strong),/research/media-pr-publishing/
ProductReview.com.au,Business Directories,Australia,australia,NEEDS_RESEARCH,Research the submission route,,unknown,INSUFFICIENT,Unknown,Unknown,unknown,,what action the platform supports; the action URL,94,"tier tier1, priority P1",/research/business-directories/opportunities/
Profesia.sk,Business Directories,Slovakia,country-specific,NEEDS_RESEARCH,Research the submission route,,unknown,INSUFFICIENT,Unknown,Unknown,unknown,,what action the platform supports; the action URL,64,"tier tier2, priority P3",/research/business-directories/opportunities/
Professione Architetto,Business Directories,Italy,country-specific,NEEDS_RESEARCH,Research the submission route,,unknown,INSUFFICIENT,Unknown,Unknown,unknown,,what action the platform supports; the action URL,46,"tier tier3, priority P3",/research/business-directories/opportunities/
Profit.ro,"Media, PR & Publishing",Romania,national,NEEDS_RESEARCH,Research the submission route,,unknown,INSUFFICIENT,Unknown,Unknown,unknown,,what action the platform supports; the action URL,,below the Media Score evidence floor,/research/media-pr-publishing/
Prom.ua,Marketplace & Classified Platforms,Ukraine,,NEEDS_RESEARCH,Research the submission route,,freemium,INSUFFICIENT,Unknown,Unknown,unknown,,the action URL,89,"accepts business sellers, freemium",/research/marketplaces/
ProntoPro,Business Directories,Italy,country-specific,NEEDS_RESEARCH,Research the submission route,,unknown,INSUFFICIENT,Unknown,Unknown,unknown,,what action the platform supports; the action URL,68,"tier tier2, priority P2",/research/business-directories/opportunities/
Property Finder,Marketplace & Classified Platforms,United Arab Emirates,,READY,Post a classified listing,https://www.propertyfinder.ae/partnerhub/getstarted/#partner-details,unknown,LOW,Unknown,Unknown,verified,,,86,"accepts business sellers, unknown",/research/marketplaces/
Property Finder Egypt,Marketplace & Classified Platforms,Egypt,,NEEDS_RESEARCH,Research the submission route,,paid,INSUFFICIENT,Unknown,Unknown,unknown,,the action URL,68,"accepts both sellers, paid",/research/marketplaces/
Property24,Marketplace & Classified Platforms,South Africa,,READY,Post a classified listing,https://www.property24.com/private-listing/sell-my-property,free,LOW,Unknown,Unknown,verified,,,68,"accepts both sellers, paid",/research/marketplaces/
Property24 Kenya,Marketplace & Classified Platforms,Kenya,,NEEDS_RESEARCH,Research the submission route,,paid,INSUFFICIENT,Unknown,Unknown,unknown,,the action URL,68,"accepts both sellers, paid",/research/marketplaces/
PropertyFinder.pk,Marketplace & Classified Platforms,Pakistan,,NEEDS_RESEARCH,Research the submission route,,paid,INSUFFICIENT,Unknown,Unknown,unknown,,the action URL,68,"accepts both sellers, paid",/research/marketplaces/
PropertyGuru,Marketplace & Classified Platforms,Singapore,,NEEDS_RESEARCH,Research the submission route,,paid,INSUFFICIENT,Unknown,Unknown,unknown,,the action URL,80,"accepts business sellers, paid",/research/marketplaces/
PropertyPro.ng,Marketplace & Classified Platforms,Nigeria,,NEEDS_BROWSER,Verify the route in a browser,,paid,INSUFFICIENT,Unknown,Unknown,unknown,,the action URL,60,"accepts both sellers, paid",/research/marketplaces/
Propertybook,Marketplace & Classified Platforms,Zimbabwe,,READY,Post a classified listing,https://www.propertybook.co.zw/info/sell-with-us,paid,LOW,Unknown,Unknown,verified,,,68,"accepts both sellers, paid",/research/marketplaces/
Protext,"Media, PR & Publishing",Czech Republic,national,NEEDS_RESEARCH,Research the submission route,,paid,INSUFFICIENT,Unknown,Unknown,unknown,,the action URL,47,Media Score 47 (Limited),/research/media-pr-publishing/
ProvenExpert,Business Directories,Global,dach; europe; global,READY,Create a business profile,https://www.provenexpert.com/en-us/registration/,freemium,MEDIUM,Easy,Unknown,verified,,,96,"tier tier1, priority P2",/research/business-directories/opportunities/
Psychology Today Therapist Directory,Business Directories,United States,north-america,READY,Create a business profile,https://join.psychologytoday.com/us/signup,paid,LOW,Unknown,Unknown,verified,,,96,"tier tier1, priority P2",/research/business-directories/opportunities/
Publi24,Marketplace & Classified Platforms,Romania,,NEEDS_RESEARCH,Research the submission route,,freemium,INSUFFICIENT,Unknown,Unknown,unknown,,the action URL,77,"accepts both sellers, freemium",/research/marketplaces/
Publickey,"Media, PR & Publishing",Japan,national,NEEDS_RESEARCH,Research the submission route,,unknown,INSUFFICIENT,Unknown,Unknown,unknown,,what action the platform supports; the action URL,,below the Media Score evidence floor,/research/media-pr-publishing/
Puls Biznesu,"Media, PR & Publishing",Poland,national,NEEDS_RESEARCH,Research the submission route,,unknown,INSUFFICIENT,Unknown,Unknown,unknown,,what action the platform supports; the action URL,,below the Media Score evidence floor,/research/media-pr-publishing/
Pyszne.pl,Business Directories,Poland,country-specific,NEEDS_RESEARCH,Research the submission route,,unknown,INSUFFICIENT,Unknown,Unknown,unknown,,what action the platform supports; the action URL,86,"tier tier1, priority P2",/research/business-directories/opportunities/
Python Package Index (PyPI),Business Directories,Global,global,NEEDS_RESEARCH,Check what action the platform supports,https://pypi.org/account/register/,free,INSUFFICIENT,Unknown,Unknown,verified,,what action the platform supports,82,"tier tier1, priority P2",/research/business-directories/opportunities/
Python Software Foundation Sponsors,Business Directories,Global,global,NEEDS_RESEARCH,Research the submission route,,unknown,INSUFFICIENT,Unknown,Unknown,unknown,,what action the platform supports; the action URL,64,"tier tier2, priority P3",/research/business-directories/opportunities/
Páginas Amarillas,Business Directories,Spain,country-specific,NEEDS_BROWSER,Verify the route in a browser,,unknown,INSUFFICIENT,Unknown,Unknown,unknown,,what action the platform supports; the action URL,94,"tier tier1, priority P1",/research/business-directories/opportunities/
Páginas Amarillas Argentina,Business Directories,Argentina,country-specific,NEEDS_RESEARCH,Research the submission route,,unknown,INSUFFICIENT,Unknown,Unknown,unknown,,what action the platform supports; the action URL,68,"tier tier2, priority P2",/research/business-directories/opportunities/
Páginas Amarillas Chile,Business Directories,Chile,country-specific,NEEDS_RESEARCH,Research the submission route,,unknown,INSUFFICIENT,Unknown,Unknown,unknown,,what action the platform supports; the action URL,68,"tier tier2, priority P2",/research/business-directories/opportunities/
Páginas Amarillas Colombia,Business Directories,Colombia,country-specific,NEEDS_RESEARCH,Research the submission route,,unknown,INSUFFICIENT,Unknown,Unknown,unknown,,what action the platform supports; the action URL,68,"tier tier2, priority P2",/research/business-directories/opportunities/
Páginas Amarillas El Salvador,Business Directories,El Salvador,country-specific,NEEDS_RESEARCH,Research the submission route,,unknown,INSUFFICIENT,Unknown,Unknown,unknown,,what action the platform supports; the action URL,68,"tier tier2, priority P2",/research/business-directories/opportunities/
Páginas Amarillas Guatemala,Business Directories,Guatemala,country-specific,NEEDS_RESEARCH,Research the submission route,,unknown,INSUFFICIENT,Unknown,Unknown,unknown,,what action the platform supports; the action URL,68,"tier tier2, priority P2",/research/business-directories/opportunities/
Páginas Amarillas Nicaragua,Business Directories,Nicaragua,country-specific,NEEDS_RESEARCH,Research the submission route,,unknown,INSUFFICIENT,Unknown,Unknown,unknown,,what action the platform supports; the action URL,68,"tier tier2, priority P2",/research/business-directories/opportunities/
Páginas Amarillas Panamá,Business Directories,Panama,country-specific,NEEDS_RESEARCH,Research the submission route,,unknown,INSUFFICIENT,Unknown,Unknown,unknown,,what action the platform supports; the action URL,68,"tier tier2, priority P2",/research/business-directories/opportunities/
Páginas Amarillas Perú,Business Directories,Peru,country-specific,NEEDS_RESEARCH,Research the submission route,,unknown,INSUFFICIENT,Unknown,Unknown,unknown,,what action the platform supports; the action URL,68,"tier tier2, priority P2",/research/business-directories/opportunities/
Páginas Amarillas República Dominicana,Business Directories,Dominican Republic,country-specific,NEEDS_RESEARCH,Research the submission route,,unknown,INSUFFICIENT,Unknown,Unknown,unknown,,what action the platform supports; the action URL,68,"tier tier2, priority P2",/research/business-directories/opportunities/
QDQ,Business Directories,Spain,country-specific,NEEDS_RESEARCH,Research the submission route,,unknown,INSUFFICIENT,Unknown,Unknown,unknown,,what action the platform supports; the action URL,68,"tier tier2, priority P2",/research/business-directories/opportunities/
Qatar Living,Business Directories,Qatar,country-specific,NEEDS_RESEARCH,Research the submission route,,unknown,INSUFFICIENT,Unknown,Unknown,unknown,,what action the platform supports; the action URL,68,"tier tier2, priority P2",/research/business-directories/opportunities/
Qatar Living,Marketplace & Classified Platforms,Qatar,,NEEDS_RESEARCH,Research the submission route,,unknown,INSUFFICIENT,Unknown,Unknown,unknown,,the action URL,77,"accepts both sellers, unknown",/research/marketplaces/
Qraved,Business Directories,Indonesia,country-specific,NEEDS_RESEARCH,Research the submission route,,unknown,INSUFFICIENT,Unknown,Unknown,unknown,,what action the platform supports; the action URL,46,"tier tier3, priority P3",/research/business-directories/opportunities/
Quandoo,Business Directories,Germany,dach; europe,NEEDS_RESEARCH,Research the submission route,,unknown,INSUFFICIENT,Unknown,Unknown,unknown,,what action the platform supports; the action URL,68,"tier tier2, priority P2",/research/business-directories/opportunities/
Quandoo Italia,Business Directories,Italy,country-specific,NEEDS_RESEARCH,Research the submission route,,unknown,INSUFFICIENT,Unknown,Unknown,unknown,,what action the platform supports; the action URL,68,"tier tier2, priority P2",/research/business-directories/opportunities/
Quandoo Nederland,Business Directories,Netherlands,country-specific,NEEDS_RESEARCH,Research the submission route,,unknown,INSUFFICIENT,Unknown,Unknown,unknown,,what action the platform supports; the action URL,68,"tier tier2, priority P2",/research/business-directories/opportunities/
Quandoo UK,Business Directories,United Kingdom,united-kingdom,NEEDS_RESEARCH,Research the submission route,,unknown,INSUFFICIENT,Unknown,Unknown,unknown,,what action the platform supports; the action URL,64,"tier tier2, priority P3",/research/business-directories/opportunities/
Quartz,"Media, PR & Publishing",United States,global,NEEDS_RESEARCH,Research the submission route,,free,INSUFFICIENT,Unknown,Unknown,unknown,,the action URL,82,Media Score 82 (Strong),/research/media-pr-publishing/
Quicket,Business Directories,South Africa,africa,NEEDS_RESEARCH,Research the submission route,,unknown,INSUFFICIENT,Unknown,Unknown,unknown,,what action the platform supports; the action URL,64,"tier tier2, priority P3",/research/business-directories/opportunities/
Quikr,Business Directories,India,india,NEEDS_RESEARCH,Research the submission route,,free,INSUFFICIENT,Unknown,Unknown,unknown,,what action the platform supports; the action URL,82,"tier tier1, priority P3",/research/business-directories/opportunities/
Quikr,Marketplace & Classified Platforms,India,,READY,Post a classified listing,https://www.quikr.com/post-ad/cars-bikes/cars,freemium,LOW,Unknown,Unknown,verified,,,77,"accepts both sellers, freemium",/research/marketplaces/
QuintoAndar,Marketplace & Classified Platforms,Brazil,,NEEDS_RESEARCH,Research the submission route,,paid,INSUFFICIENT,Unknown,Unknown,unknown,,the action URL,68,"accepts both sellers, paid",/research/marketplaces/
Quoka,Marketplace & Classified Platforms,Germany,,NEEDS_RESEARCH,Research the submission route,,free,INSUFFICIENT,Unknown,Unknown,unknown,,the action URL,77,"accepts both sellers, freemium",/research/marketplaces/
Quotatis,Business Directories,France,country-specific,NEEDS_RESEARCH,Research the submission route,,unknown,INSUFFICIENT,Unknown,Unknown,unknown,,what action the platform supports; the action URL,46,"tier tier3, priority P3",/research/business-directories/opportunities/
Qwoted,"Media, PR & Publishing",United States,global,NEEDS_RESEARCH,Research the submission route,,freemium,INSUFFICIENT,Unknown,Unknown,unknown,,the action URL,64,Media Score 64 (Moderate),/research/media-pr-publishing/
RAIC,Business Directories,Canada,canada,NEEDS_RESEARCH,Research the submission route,,unknown,INSUFFICIENT,Unknown,Unknown,unknown,,what action the platform supports; the action URL,64,"tier tier2, priority P3",/research/business-directories/opportunities/
RCR Wireless News,"Media, PR & Publishing",United States,global,NEEDS_RESEARCH,Research the submission route,,unknown,INSUFFICIENT,Unknown,Unknown,unknown,,what action the platform supports; the action URL,,below the Media Score evidence floor,/research/media-pr-publishing/
REALTOR.ca,Marketplace & Classified Platforms,Canada,,NEEDS_RESEARCH,Research the submission route,,paid,INSUFFICIENT,Unknown,Unknown,unknown,,the action URL,80,"accepts business sellers, paid",/research/marketplaces/
RIA.com,Marketplace & Classified Platforms,Ukraine,,READY,Post a classified listing,https://www.ria.com/add/,free,LOW,Unknown,Unknown,verified,,,77,"accepts both sellers, freemium",/research/marketplaces/
RIBA Chartered Practices,Business Directories,United Kingdom,united-kingdom,NEEDS_RESEARCH,Research the submission route,,unknown,INSUFFICIENT,Unknown,Unknown,unknown,,what action the platform supports; the action URL,86,"tier tier1, priority P2",/research/business-directories/opportunities/
RICS Find a Surveyor,Business Directories,United Kingdom,global,NEEDS_RESEARCH,Research the submission route,,unknown,INSUFFICIENT,Unknown,Unknown,unknown,,what action the platform supports; the action URL,86,"tier tier1, priority P2",/research/business-directories/opportunities/
Ralali,Business Directories,Indonesia,country-specific,NEEDS_RESEARCH,Research the submission route,,unknown,INSUFFICIENT,Unknown,Unknown,unknown,,what action the platform supports; the action URL,64,"tier tier2, priority P3",/research/business-directories/opportunities/
Rappi Argentina,Business Directories,Argentina,latam,NEEDS_RESEARCH,Research the submission route,,unknown,INSUFFICIENT,Unknown,Unknown,unknown,,what action the platform supports; the action URL,86,"tier tier1, priority P2",/research/business-directories/opportunities/
Rappi Brasil,Business Directories,Brazil,latam,NEEDS_BROWSER,Verify the route in a browser,,unknown,INSUFFICIENT,Unknown,Unknown,unknown,,what action the platform supports; the action URL,86,"tier tier1, priority P2",/research/business-directories/opportunities/
Rappi Colombia,Business Directories,Colombia,latam,NEEDS_RESEARCH,Research the submission route,,unknown,INSUFFICIENT,Unknown,Unknown,unknown,,what action the platform supports; the action URL,86,"tier tier1, priority P2",/research/business-directories/opportunities/
Rappi México,Business Directories,Mexico,latam,NEEDS_RESEARCH,Research the submission route,,unknown,INSUFFICIENT,Unknown,Unknown,unknown,,what action the platform supports; the action URL,64,"tier tier2, priority P3",/research/business-directories/opportunities/
Rappi Perú,Business Directories,Peru,latam,NEEDS_RESEARCH,Research the submission route,,unknown,INSUFFICIENT,Unknown,Unknown,unknown,,what action the platform supports; the action URL,86,"tier tier1, priority P2",/research/business-directories/opportunities/
RateABiz,Business Directories,United States,united-states,NEEDS_RESEARCH,Research the submission route,,unknown,INSUFFICIENT,Unknown,Unknown,unknown,,what action the platform supports; the action URL,46,"tier tier3, priority P3",/research/business-directories/opportunities/
RateMDs,Business Directories,Canada,north-america,NEEDS_BROWSER,Verify the route in a browser,,unknown,INSUFFICIENT,Unknown,Unknown,unknown,,what action the platform supports; the action URL,64,"tier tier2, priority P3",/research/business-directories/opportunities/
Rated People,Business Directories,United Kingdom,united-kingdom,NEEDS_BROWSER,Verify the route in a browser,,unknown,INSUFFICIENT,Unknown,Unknown,unknown,,what action the platform supports; the action URL,68,"tier tier2, priority P2",/research/business-directories/opportunities/
Realestate.com.kh,Marketplace & Classified Platforms,Cambodia,,READY,Post a classified listing,https://www.realestate.com.kh/accounts/signup/,unknown,LOW,Unknown,Unknown,verified,,,74,"accepts both sellers, unknown",/research/marketplaces/
Realtor.com Agent Directory,Business Directories,United States,united-states,NEEDS_BROWSER,Verify the route in a browser,,unknown,INSUFFICIENT,Unknown,Unknown,unknown,,what action the platform supports; the action URL,86,"tier tier1, priority P2",/research/business-directories/opportunities/
Recharge,"Media, PR & Publishing",Norway,global,NEEDS_RESEARCH,Research the submission route,,unknown,INSUFFICIENT,Unknown,Unknown,unknown,,what action the platform supports; the action URL,,below the Media Score evidence floor,/research/media-pr-publishing/
Reclame Aqui,Business Directories,Brazil,country-specific,NEEDS_RESEARCH,Research the submission route,,unknown,INSUFFICIENT,Unknown,Unknown,unknown,,what action the platform supports; the action URL,86,"tier tier1, priority P2",/research/business-directories/opportunities/
Reco.se,Business Directories,Sweden,country-specific,NEEDS_RESEARCH,Research the submission route,,unknown,INSUFFICIENT,Unknown,Unknown,unknown,,what action the platform supports; the action URL,68,"tier tier2, priority P2",/research/business-directories/opportunities/
RecruitingDaily,"Media, PR & Publishing",United States,national,READY,Submit a contributed article,https://recruitingdaily.com/submit-content/,unknown,LOW,Unknown,Unknown,verified,,,84,Media Score 84 (Strong),/research/media-pr-publishing/
Red Hat Ecosystem Catalog,Business Directories,Global,global,NEEDS_RESEARCH,Research the submission route,,unknown,INSUFFICIENT,Unknown,Unknown,unknown,,what action the platform supports; the action URL,86,"tier tier1, priority P2",/research/business-directories/opportunities/
Reed.co.uk,Business Directories,United Kingdom,united-kingdom,NEEDS_BROWSER,Verify the route in a browser,,unknown,INSUFFICIENT,Unknown,Unknown,unknown,,what action the platform supports; the action URL,82,"tier tier1, priority P3",/research/business-directories/opportunities/
Refresh Miami,"Media, PR & Publishing",United States,local,NEEDS_RESEARCH,Research the submission route,,free,INSUFFICIENT,Unknown,Unknown,unknown,,the action URL,78,Media Score 78 (Strong),/research/media-pr-publishing/
Registro Imprese,Business Directories,Italy,country-specific,NEEDS_RESEARCH,Research the submission route,,unknown,INSUFFICIENT,Unknown,Unknown,unknown,,what action the platform supports; the action URL,68,"tier tier2, priority P2",/research/business-directories/opportunities/
Reklama5,Marketplace & Classified Platforms,North Macedonia,,READY,Post a classified listing,https://reklama5.com/Help/HelpAdvertisment,freemium,LOW,Unknown,Unknown,verified,,,77,"accepts both sellers, freemium",/research/marketplaces/
Remonttitarjous,Business Directories,Finland,country-specific,NEEDS_RESEARCH,Research the submission route,,unknown,INSUFFICIENT,Unknown,Unknown,unknown,,what action the platform supports; the action URL,46,"tier tier3, priority P3",/research/business-directories/opportunities/
Renewable Energy World,"Media, PR & Publishing",United States,global,READY,Submit a contributed article,https://www.renewableenergyworld.com/contact-us/,free,MEDIUM,Unknown,Unknown,verified,,,89,Media Score 89 (Exceptional),/research/media-pr-publishing/
RenoQuotes,Business Directories,Canada,canada,NEEDS_RESEARCH,Research the submission route,,unknown,INSUFFICIENT,Unknown,Unknown,unknown,,what action the platform supports; the action URL,46,"tier tier3, priority P3",/research/business-directories/opportunities/
RepairPal,Business Directories,United States,united-states,NEEDS_BROWSER,Verify the route in a browser,,unknown,INSUFFICIENT,Unknown,Unknown,unknown,,what action the platform supports; the action URL,64,"tier tier2, priority P3",/research/business-directories/opportunities/
Republic Europe,Business Directories,Global,europe; united-kingdom,NEEDS_RESEARCH,Research the submission route,,unknown,INSUFFICIENT,Unknown,Unknown,unknown,,what action the platform supports; the action URL,82,"tier tier1, priority P3",/research/business-directories/opportunities/
ResellerRatings,Business Directories,Global,global; north-america,NEEDS_RESEARCH,Research the submission route,,unknown,INSUFFICIENT,Unknown,Unknown,unknown,,what action the platform supports; the action URL,68,"tier tier2, priority P2",/research/business-directories/opportunities/
ResponseSource,"Media, PR & Publishing",United Kingdom,national,READY,Distribute a press release,https://pressreleases.responsesource.com/send/release_main.php,paid,LOW,Unknown,Unknown,verified,,,67,Media Score 67 (Good),/research/media-pr-publishing/
Rest.co.il,Business Directories,Israel,country-specific,NEEDS_BROWSER,Verify the route in a browser,,unknown,INSUFFICIENT,Unknown,Unknown,unknown,,what action the platform supports; the action URL,68,"tier tier2, priority P2",/research/business-directories/opportunities/
Restaurant Business,"Media, PR & Publishing",United States,global,NEEDS_RESEARCH,Research the submission route,,unknown,INSUFFICIENT,Unknown,Unknown,unknown,,what action the platform supports; the action URL,,below the Media Score evidence floor,/research/media-pr-publishing/
Restaurant Guru,Business Directories,Global,global,NEEDS_RESEARCH,Research the submission route,,unknown,INSUFFICIENT,Unknown,Unknown,unknown,,what action the platform supports; the action URL,46,"tier tier3, priority P3",/research/business-directories/opportunities/
Restaurantes.com,Business Directories,Spain,country-specific,NEEDS_BROWSER,Verify the route in a browser,,unknown,INSUFFICIENT,Unknown,Unknown,unknown,,what action the platform supports; the action URL,64,"tier tier2, priority P3",/research/business-directories/opportunities/
Restaurantji,Business Directories,United States,united-states,READY,Create a business profile,https://www.restaurantji.com/addbusiness.php,unknown,LOW,Unknown,Unknown,verified,,,56,"tier tier3, priority P3",/research/business-directories/opportunities/
Restorando,Business Directories,Argentina,latam,NEEDS_RESEARCH,Research the submission route,,unknown,INSUFFICIENT,Unknown,Unknown,unknown,,what action the platform supports; the action URL,68,"tier tier2, priority P2",/research/business-directories/opportunities/
Resy,Business Directories,United States,united-states,NEEDS_RESEARCH,Research the submission route,,unknown,INSUFFICIENT,Unknown,Unknown,unknown,,what action the platform supports; the action URL,64,"tier tier2, priority P3",/research/business-directories/opportunities/
Retail Brew,"Media, PR & Publishing",United States,global,NEEDS_BROWSER,Verify the route in a browser,,unknown,INSUFFICIENT,Unknown,Unknown,unknown,,what action the platform supports; the action URL,,below the Media Score evidence floor,/research/media-pr-publishing/
Retail Dive,"Media, PR & Publishing",United States,national,READY,Submit company news,https://www.retaildive.com/submit-tip/,unknown,LOW,Unknown,Unknown,verified,,,86,Media Score 86 (Strong),/research/media-pr-publishing/
Retail TouchPoints,"Media, PR & Publishing",United States,national,NEEDS_RESEARCH,Research the submission route,,unknown,INSUFFICIENT,Unknown,Unknown,unknown,,what action the platform supports; the action URL,,below the Media Score evidence floor,/research/media-pr-publishing/
RetailWire,"Media, PR & Publishing",United States,national,READY,Submit company news,https://retailwire.com/about/,free,LOW,Unknown,Unknown,verified,,,87,Media Score 87 (Strong),/research/media-pr-publishing/
Retty,Business Directories,Japan,japan,NEEDS_RESEARCH,Research the submission route,,unknown,INSUFFICIENT,Unknown,Unknown,unknown,,what action the platform supports; the action URL,86,"tier tier1, priority P2",/research/business-directories/opportunities/
Reverb,Marketplace & Classified Platforms,United States,,READY,Create a seller account,https://reverb.com/sell/search,paid,LOW,Unknown,Unknown,verified,,,68,"accepts both sellers, paid",/research/marketplaces/
Reviews.io,Business Directories,Global,global; united-kingdom,NEEDS_RESEARCH,Research the submission route,,unknown,INSUFFICIENT,Unknown,Unknown,unknown,,what action the platform supports; the action URL,68,"tier tier2, priority P2",/research/business-directories/opportunities/
Revolico,Marketplace & Classified Platforms,Cuba,,READY,Post a classified listing,https://www.revolico.com/auth?redirectToPath=%2Fitem%2Fpublish,freemium,LOW,Unknown,Unknown,verified,,,77,"accepts both sellers, freemium",/research/marketplaces/
Ricardo,Marketplace & Classified Platforms,Switzerland,,NEEDS_RESEARCH,Research the submission route,,freemium,INSUFFICIENT,Unknown,Unknown,unknown,,the action URL,77,"accepts both sellers, freemium",/research/marketplaces/
Richmond BizSense,"Media, PR & Publishing",United States,local,NEEDS_BROWSER,Verify the route in a browser,,unknown,INSUFFICIENT,Unknown,Unknown,unknown,,what action the platform supports; the action URL,,below the Media Score evidence floor,/research/media-pr-publishing/
Rikunabi,Business Directories,Japan,japan,NEEDS_BROWSER,Verify the route in a browser,,unknown,INSUFFICIENT,Unknown,Unknown,unknown,,what action the platform supports; the action URL,86,"tier tier1, priority P2",/research/business-directories/opportunities/
Riyasewana,Marketplace & Classified Platforms,Sri Lanka,,NEEDS_RESEARCH,Research the submission route,,freemium,INSUFFICIENT,Unknown,Unknown,unknown,,the action URL,74,"accepts both sellers, freemium",/research/marketplaces/
Robotics Business Review,"Media, PR & Publishing",United States,global,NEEDS_RESEARCH,Research the submission route,,unknown,INSUFFICIENT,Unknown,Unknown,unknown,,what action the platform supports; the action URL,,below the Media Score evidence floor,/research/media-pr-publishing/
Rocketpunch,Business Directories,South Korea,country-specific,NEEDS_RESEARCH,Research the submission route,,unknown,INSUFFICIENT,Unknown,Unknown,unknown,,what action the platform supports; the action URL,86,"tier tier1, priority P2",/research/business-directories/opportunities/
Root.cz,"Media, PR & Publishing",Czech Republic,national,NEEDS_RESEARCH,Research the submission route,,unknown,INSUFFICIENT,Unknown,Unknown,unknown,,what action the platform supports; the action URL,,below the Media Score evidence floor,/research/media-pr-publishing/
Rover,Business Directories,United States,north-america,NEEDS_RESEARCH,Research the submission route,,unknown,INSUFFICIENT,Unknown,Unknown,unknown,,what action the platform supports; the action URL,64,"tier tier2, priority P3",/research/business-directories/opportunities/
Rozee.pk,Business Directories,Pakistan,country-specific,NEEDS_BROWSER,Verify the route in a browser,,unknown,INSUFFICIENT,Unknown,Unknown,unknown,,what action the platform supports; the action URL,86,"tier tier1, priority P2",/research/business-directories/opportunities/
Ruby Lane,Marketplace & Classified Platforms,United States,,NEEDS_RESEARCH,Research the submission route,,paid,INSUFFICIENT,Unknown,Unknown,unknown,,the action URL,80,"accepts business sellers, paid",/research/marketplaces/
RubyGems.org,Business Directories,Global,global,NEEDS_RESEARCH,Research the submission route,,unknown,INSUFFICIENT,Unknown,Unknown,unknown,,what action the platform supports; the action URL,78,"tier tier1, priority P3",/research/business-directories/opportunities/
Rumah123,Marketplace & Classified Platforms,Indonesia,,NEEDS_RESEARCH,Research the submission route,,paid,INSUFFICIENT,Unknown,Unknown,unknown,,the action URL,68,"accepts both sellers, paid",/research/marketplaces/
Rusprofile,Business Directories,Russia,europe,NEEDS_RESEARCH,Research the submission route,,unknown,INSUFFICIENT,Unknown,Unknown,unknown,,what action the platform supports; the action URL,68,"tier tier2, priority P2",/research/business-directories/opportunities/
Rust Foundation Members,Business Directories,Global,global,NEEDS_RESEARCH,Research the submission route,,unknown,INSUFFICIENT,Unknown,Unknown,unknown,,what action the platform supports; the action URL,64,"tier tier2, priority P3",/research/business-directories/opportunities/
Ruten,Marketplace & Classified Platforms,Taiwan,,NEEDS_RESEARCH,Research the submission route,,freemium,INSUFFICIENT,Unknown,Unknown,unknown,,the action URL,77,"accepts both sellers, freemium",/research/marketplaces/
Rwanda Online,Business Directories,Rwanda,country-specific,READY,Create a business profile,https://www.rwandaonline.rw/post-a-listing/,unknown,LOW,Unknown,Unknown,verified,,,56,"tier tier3, priority P3",/research/business-directories/opportunities/
Rzetelna Firma,Business Directories,Poland,country-specific,NEEDS_RESEARCH,Research the submission route,,unknown,INSUFFICIENT,Unknown,Unknown,unknown,,what action the platform supports; the action URL,64,"tier tier2, priority P3",/research/business-directories/opportunities/
SACCI,Business Directories,South Africa,country-specific,NEEDS_RESEARCH,Research the submission route,,unknown,INSUFFICIENT,Unknown,Unknown,unknown,,what action the platform supports; the action URL,64,"tier tier2, priority P3",/research/business-directories/opportunities/
SAP Partner Finder,Business Directories,Global,global,NEEDS_RESEARCH,Research the submission route,,unknown,INSUFFICIENT,Unknown,Unknown,unknown,,what action the platform supports; the action URL,86,"tier tier1, priority P2",/research/business-directories/opportunities/
SAPO Tek,"Media, PR & Publishing",Portugal,national,NEEDS_RESEARCH,Research the submission route,,unknown,INSUFFICIENT,Unknown,Unknown,unknown,,what action the platform supports; the action URL,,below the Media Score evidence floor,/research/media-pr-publishing/
SCMP Tech,"Media, PR & Publishing",Hong Kong,regional,NEEDS_RESEARCH,Research the submission route,,unknown,INSUFFICIENT,Unknown,Unknown,unknown,,what action the platform supports; the action URL,,below the Media Score evidence floor,/research/media-pr-publishing/
SEEK,Marketplace & Classified Platforms,Australia,,NEEDS_BROWSER,Verify the route in a browser,,paid,INSUFFICIENT,Unknown,Unknown,unknown,,the action URL,72,"accepts business sellers, paid",/research/marketplaces/
SEEK Company Profiles,Business Directories,Australia,australia,NEEDS_RESEARCH,Research the submission route,,unknown,INSUFFICIENT,Unknown,Unknown,unknown,,what action the platform supports; the action URL,86,"tier tier1, priority P2",/research/business-directories/opportunities/
SGS Certified Clients,Business Directories,Global,global,NEEDS_RESEARCH,Research the submission route,,unknown,INSUFFICIENT,Unknown,Unknown,unknown,,what action the platform supports; the action URL,64,"tier tier2, priority P3",/research/business-directories/opportunities/
SICCI,Business Directories,Singapore,country-specific,NEEDS_RESEARCH,Research the submission route,,unknown,INSUFFICIENT,Unknown,Unknown,unknown,,what action the platform supports; the action URL,64,"tier tier2, priority P3",/research/business-directories/opportunities/
SOOIPP,Business Directories,Poland,country-specific,NEEDS_RESEARCH,Research the submission route,,unknown,INSUFFICIENT,Unknown,Unknown,unknown,,what action the platform supports; the action URL,46,"tier tier3, priority P3",/research/business-directories/opportunities/
SS.COM,Marketplace & Classified Platforms,Latvia,,NEEDS_RESEARCH,Research the submission route,,freemium,INSUFFICIENT,Unknown,Unknown,unknown,,the action URL,77,"accepts both sellers, freemium",/research/marketplaces/
STATION F,Business Directories,France,europe,NEEDS_RESEARCH,Research the submission route,,unknown,INSUFFICIENT,Unknown,Unknown,unknown,,what action the platform supports; the action URL,86,"tier tier1, priority P2",/research/business-directories/opportunities/
STT Info,"Media, PR & Publishing",Finland,national,NEEDS_RESEARCH,Research the submission route,,paid,INSUFFICIENT,Unknown,Unknown,unknown,,the action URL,46,Media Score 46 (Limited),/research/media-pr-publishing/
SUUMO,Marketplace & Classified Platforms,Japan,,NEEDS_RESEARCH,Research the submission route,,paid,INSUFFICIENT,Unknown,Unknown,unknown,,the action URL,80,"accepts business sellers, paid",/research/marketplaces/
SaaSGenius,Business Directories,Global,global,READY,Create a business profile,https://www.saasgenius.com/get-listed/,free,LOW,Unknown,Unknown,verified,,,56,"tier tier3, priority P3",/research/business-directories/opportunities/
SaaSHub,Business Directories,Global,global,NEEDS_RESEARCH,Research the submission route,,free,INSUFFICIENT,Unknown,Unknown,unknown,,what action the platform supports; the action URL,42,"tier tier3, priority P3",/research/business-directories/opportunities/
SaaSHub,"Media, PR & Publishing",Bulgaria,global,NEEDS_RESEARCH,Research the submission route,,freemium,INSUFFICIENT,Unknown,Unknown,unknown,,the action URL,66,Media Score 66 (Good),/research/media-pr-publishing/
SaaStr,"Media, PR & Publishing",United States,global,NEEDS_RESEARCH,Research the submission route,,unknown,INSUFFICIENT,Unknown,Unknown,unknown,,what action the platform supports; the action URL,,below the Media Score evidence floor,/research/media-pr-publishing/
SaaSworthy,Business Directories,Global,global,READY,Create a business profile,https://www.saasworthy.com/offerings,free,LOW,Unknown,Unknown,verified,,,78,"tier tier2, priority P2",/research/business-directories/opportunities/
SaasList,Business Directories,Global,global,NEEDS_RESEARCH,Research the submission route,,unknown,INSUFFICIENT,Unknown,Unknown,unknown,,what action the platform supports; the action URL,46,"tier tier3, priority P3",/research/business-directories/opportunities/
Sahibinden,Marketplace & Classified Platforms,Turkey,,NEEDS_BROWSER,Verify the route in a browser,,freemium,INSUFFICIENT,Unknown,Unknown,unknown,,the action URL,69,"accepts both sellers, freemium",/research/marketplaces/
Salesforce AppExchange (AgentExchange),Business Directories,Global,global,READY,Create a business profile,https://appexchange.salesforce.com/partners,unknown,LOW,Unknown,Unknown,verified,,,92,"tier tier1, priority P2",/research/business-directories/opportunities/
Salonkee Deutschland,Business Directories,Germany,dach,NEEDS_BROWSER,Verify the route in a browser,,unknown,INSUFFICIENT,Unknown,Unknown,unknown,,what action the platform supports; the action URL,46,"tier tier3, priority P3",/research/business-directories/opportunities/
San Francisco Chamber of Commerce,Business Directories,United States,regional,NEEDS_RESEARCH,Research the submission route,,unknown,INSUFFICIENT,Unknown,Unknown,unknown,,what action the platform supports; the action URL,64,"tier tier2, priority P3",/research/business-directories/opportunities/
Saramin,Business Directories,South Korea,country-specific,NEEDS_RESEARCH,Research the submission route,,unknown,INSUFFICIENT,Unknown,Unknown,unknown,,what action the platform supports; the action URL,86,"tier tier1, priority P2",/research/business-directories/opportunities/
Saramin,Marketplace & Classified Platforms,South Korea,,NEEDS_RESEARCH,Research the submission route,,paid,INSUFFICIENT,Unknown,Unknown,unknown,,the action URL,80,"accepts business sellers, paid",/research/marketplaces/
Satu.kz,Business Directories,Kazakhstan,country-specific,NEEDS_RESEARCH,Research the submission route,,unknown,INSUFFICIENT,Unknown,Unknown,unknown,,what action the platform supports; the action URL,68,"tier tier2, priority P2",/research/business-directories/opportunities/
Sbazar,Marketplace & Classified Platforms,Czech Republic,,NEEDS_RESEARCH,Research the submission route,,freemium,INSUFFICIENT,Unknown,Unknown,unknown,,the action URL,74,"accepts both sellers, freemium",/research/marketplaces/
Schweizfirmen,Business Directories,Switzerland,country-specific,READY,Create a business profile,https://www.schweizfirmen.ch/kontakt,unknown,LOW,Unknown,Unknown,verified,,,56,"tier tier3, priority P3",/research/business-directories/opportunities/
Scoop,"Media, PR & Publishing",New Zealand,national,READY,Distribute a press release,https://www.scoop.co.nz/about/submit.html,freemium,MEDIUM,Unknown,Unknown,verified,,,56,Media Score 56 (Moderate),/research/media-pr-publishing/
Scoot,Business Directories,United Kingdom,united-kingdom,READY,Create a business profile,https://www.scoot.co.uk/add-listing,freemium,MEDIUM,Easy,Unknown,verified,,,96,"tier tier1, priority P2",/research/business-directories/opportunities/
Search Engine Land,"Media, PR & Publishing",United States,global,READY,Submit a contributed article,https://searchengineland.com/contact,mixed,MEDIUM,Unknown,Unknown,verified,,,86,Media Score 86 (Strong),/research/media-pr-publishing/
Sección Amarilla,Business Directories,Mexico,latam,NEEDS_RESEARCH,Research the submission route,,unknown,INSUFFICIENT,Unknown,Unknown,unknown,,what action the platform supports; the action URL,94,"tier tier1, priority P1",/research/business-directories/opportunities/
SecurityWeek,"Media, PR & Publishing",United States,global,READY,Submit company news,https://www.securityweek.com/submit-tip/,unknown,LOW,Unknown,Unknown,verified,,,88,Media Score 88 (Exceptional),/research/media-pr-publishing/
Seedcamp,Business Directories,United Kingdom,europe,NEEDS_RESEARCH,Research the submission route,,unknown,INSUFFICIENT,Unknown,Unknown,unknown,,what action the platform supports; the action URL,64,"tier tier2, priority P3",/research/business-directories/opportunities/
Seedtable,Business Directories,Global,europe,NEEDS_RESEARCH,Research the submission route,,unknown,INSUFFICIENT,Unknown,Unknown,unknown,,what action the platform supports; the action URL,46,"tier tier3, priority P3",/research/business-directories/opportunities/
SelectHub,Business Directories,Global,global; north-america,NEEDS_RESEARCH,Research the submission route,,unknown,INSUFFICIENT,Unknown,Unknown,unknown,,what action the platform supports; the action URL,64,"tier tier2, priority P3",/research/business-directories/opportunities/
SelectedFirms,Business Directories,Global,global,READY,Create a business profile,https://selectedfirms.co/get-listed,freemium,LOW,Unknown,Unknown,verified,,,56,"tier tier3, priority P3",/research/business-directories/opportunities/
Semiconductor Digest,"Media, PR & Publishing",United States,global,NEEDS_RESEARCH,Research the submission route,,unknown,INSUFFICIENT,Unknown,Unknown,unknown,,what action the platform supports; the action URL,,below the Media Score evidence floor,/research/media-pr-publishing/
Seminuevos,Marketplace & Classified Platforms,Mexico,,NEEDS_RESEARCH,Research the submission route,,paid,INSUFFICIENT,Unknown,Unknown,unknown,,the action URL,68,"accepts both sellers, paid",/research/marketplaces/
Semrush Agency Partners,Business Directories,Global,global,NEEDS_RESEARCH,Research the submission route,,unknown,INSUFFICIENT,Unknown,Unknown,unknown,,what action the platform supports; the action URL,94,"tier tier1, priority P1",/research/business-directories/opportunities/
Sendo,Business Directories,Vietnam,country-specific,NEEDS_RESEARCH,Research the submission route,,unknown,INSUFFICIENT,Unknown,Unknown,unknown,,what action the platform supports; the action URL,64,"tier tier2, priority P3",/research/business-directories/opportunities/
Seniorly,Business Directories,United States,united-states,NEEDS_RESEARCH,Research the submission route,,unknown,INSUFFICIENT,Unknown,Unknown,unknown,,what action the platform supports; the action URL,46,"tier tier3, priority P3",/research/business-directories/opportunities/
ServiceSeeking,Business Directories,Australia,australia,READY,Create a business profile,https://www.serviceseeking.com.au/list-your-business,unknown,LOW,Unknown,Unknown,verified,,,78,"tier tier2, priority P2",/research/business-directories/opportunities/
Servicefinder,Business Directories,Sweden,country-specific,NEEDS_RESEARCH,Research the submission route,,unknown,INSUFFICIENT,Unknown,Unknown,unknown,,what action the platform supports; the action URL,46,"tier tier3, priority P3",/research/business-directories/opportunities/
Setmore,Business Directories,Global,global,NEEDS_RESEARCH,Research the submission route,,free,INSUFFICIENT,Unknown,Unknown,unknown,,what action the platform supports; the action URL,64,"tier tier2, priority P3",/research/business-directories/opportunities/
Sharecare,Business Directories,United States,united-states,NEEDS_RESEARCH,Research the submission route,,unknown,INSUFFICIENT,Unknown,Unknown,unknown,,what action the platform supports; the action URL,46,"tier tier3, priority P3",/research/business-directories/opportunities/
Shega,"Media, PR & Publishing",Ethiopia,national,READY,Submit a contributed article,https://shega.co/guest-contribution,mixed,MEDIUM,Unknown,Unknown,verified,,,83,Media Score 83 (Strong),/research/media-pr-publishing/
Shifter,"Media, PR & Publishing",Norway,national,NEEDS_RESEARCH,Research the submission route,,unknown,INSUFFICIENT,Unknown,Unknown,unknown,,what action the platform supports; the action URL,,below the Media Score evidence floor,/research/media-pr-publishing/
Shine.com,Business Directories,India,india,NEEDS_RESEARCH,Research the submission route,,unknown,INSUFFICIENT,Unknown,Unknown,unknown,,what action the platform supports; the action URL,64,"tier tier2, priority P3",/research/business-directories/opportunities/
Shop.com.mm,Marketplace & Classified Platforms,Myanmar,,READY,Create a seller account,https://pages.shop.com.mm/wow/i/mm/MMCampaign/sell-on-shop?hybrid=1,free,LOW,Unknown,Unknown,verified,,,86,"accepts business sellers, unknown",/research/marketplaces/
Shopify App Store,Business Directories,Global,global,NEEDS_RESEARCH,Research the submission route,,unknown,INSUFFICIENT,Unknown,Unknown,unknown,,what action the platform supports; the action URL,82,"tier tier1, priority P2",/research/business-directories/opportunities/
Shopify Partners,Business Directories,Global,global,NEEDS_RESEARCH,Research the submission route,,unknown,INSUFFICIENT,Unknown,Unknown,unknown,,what action the platform supports; the action URL,94,"tier tier1, priority P1",/research/business-directories/opportunities/
Shopper Approved,Business Directories,Global,global; north-america,NEEDS_RESEARCH,Research the submission route,,unknown,INSUFFICIENT,Unknown,Unknown,unknown,,what action the platform supports; the action URL,64,"tier tier2, priority P3",/research/business-directories/opportunities/
Shore,Business Directories,Germany,dach,NEEDS_RESEARCH,Research the submission route,,unknown,INSUFFICIENT,Unknown,Unknown,unknown,,what action the platform supports; the action URL,64,"tier tier2, priority P3",/research/business-directories/opportunities/
ShowMeLocal,Business Directories,United States,united-states,NEEDS_BROWSER,Verify the route in a browser,,unknown,INSUFFICIENT,Unknown,Unknown,unknown,,what action the platform supports; the action URL,46,"tier tier3, priority P3",/research/business-directories/opportunities/
SideProjectors,Business Directories,Global,global,NEEDS_RESEARCH,Research the submission route,,unknown,INSUFFICIENT,Unknown,Unknown,unknown,,what action the platform supports; the action URL,46,"tier tier3, priority P3",/research/business-directories/opportunities/
Sifted,"Media, PR & Publishing",United Kingdom,regional,READY,Pitch the editorial team,https://sifted.eu/pitch-your-story,free,MEDIUM,Unknown,Unknown,verified,,,87,Media Score 87 (Strong),/research/media-pr-publishing/
Siksin,Business Directories,South Korea,country-specific,NEEDS_BROWSER,Verify the route in a browser,,unknown,INSUFFICIENT,Unknown,Unknown,unknown,,what action the platform supports; the action URL,64,"tier tier2, priority P3",/research/business-directories/opportunities/
Silicon Republic,"Media, PR & Publishing",Ireland,national,NEEDS_RESEARCH,Research the submission route,,unknown,INSUFFICIENT,Unknown,Unknown,unknown,,what action the platform supports; the action URL,,below the Media Score evidence floor,/research/media-pr-publishing/
Silicon UK,"Media, PR & Publishing",United Kingdom,national,NEEDS_RESEARCH,Research the submission route,,unknown,INSUFFICIENT,Unknown,Unknown,unknown,,what action the platform supports; the action URL,,below the Media Score evidence floor,/research/media-pr-publishing/
SiliconANGLE,"Media, PR & Publishing",United States,global,NEEDS_RESEARCH,Research the submission route,,unknown,INSUFFICIENT,Unknown,Unknown,unknown,,what action the platform supports; the action URL,,below the Media Score evidence floor,/research/media-pr-publishing/
Singapore Business Federation,Business Directories,Singapore,country-specific,NEEDS_RESEARCH,Research the submission route,,unknown,INSUFFICIENT,Unknown,Unknown,unknown,,what action the platform supports; the action URL,86,"tier tier1, priority P2",/research/business-directories/opportunities/
Sitios México,Business Directories,Mexico,country-specific,NEEDS_RESEARCH,Research the submission route,,unknown,INSUFFICIENT,Unknown,Unknown,unknown,,what action the platform supports; the action URL,46,"tier tier3, priority P3",/research/business-directories/opportunities/
Sittercity,Business Directories,United States,united-states,NEEDS_RESEARCH,Research the submission route,,unknown,INSUFFICIENT,Unknown,Unknown,unknown,,what action the platform supports; the action URL,46,"tier tier3, priority P3",/research/business-directories/opportunities/
Skelbiu.lt,Marketplace & Classified Platforms,Lithuania,,NEEDS_RESEARCH,Research the submission route,,freemium,INSUFFICIENT,Unknown,Unknown,unknown,,the action URL,77,"accepts both sellers, freemium",/research/marketplaces/
Skift,"Media, PR & Publishing",United States,global,NEEDS_RESEARCH,Research the submission route,,unknown,INSUFFICIENT,Unknown,Unknown,unknown,,what action the platform supports; the action URL,,below the Media Score evidence floor,/research/media-pr-publishing/
SkipTheDishes,Business Directories,Canada,canada,NEEDS_RESEARCH,Research the submission route,,unknown,INSUFFICIENT,Unknown,Unknown,unknown,,what action the platform supports; the action URL,86,"tier tier1, priority P2",/research/business-directories/opportunities/
Slack Marketplace,Business Directories,Global,global,NEEDS_RESEARCH,Research the submission route,,unknown,INSUFFICIENT,Unknown,Unknown,unknown,,what action the platform supports; the action URL,86,"tier tier1, priority P2",/research/business-directories/opportunities/
Slant,Business Directories,Global,global,NEEDS_BROWSER,Verify the route in a browser,,unknown,INSUFFICIENT,Unknown,Unknown,unknown,,what action the platform supports; the action URL,46,"tier tier3, priority P3",/research/business-directories/opportunities/
Slashdot Software Directory,Business Directories,Global,global,NEEDS_BROWSER,Verify the route in a browser,,unknown,INSUFFICIENT,Unknown,Unknown,unknown,,what action the platform supports; the action URL,42,"tier tier3, priority P3",/research/business-directories/opportunities/
Slevomat,Business Directories,Czech Republic,country-specific,NEEDS_BROWSER,Verify the route in a browser,,unknown,INSUFFICIENT,Unknown,Unknown,unknown,,what action the platform supports; the action URL,64,"tier tier2, priority P3",/research/business-directories/opportunities/
Slice,Business Directories,United States,united-states,NEEDS_BROWSER,Verify the route in a browser,,unknown,INSUFFICIENT,Unknown,Unknown,unknown,,what action the platform supports; the action URL,46,"tier tier3, priority P3",/research/business-directories/opportunities/
Smart Business Directory,Business Directories,United Kingdom,united-kingdom,READY,Create a business profile,https://www.smartbusinessdirectory.co.uk/business-advertising/,paid,LOW,Unknown,Unknown,verified,,,56,"tier tier3, priority P3",/research/business-directories/opportunities/
Smart Passive Income,"Media, PR & Publishing",United States,global,NEEDS_RESEARCH,Research the submission route,,unknown,INSUFFICIENT,Unknown,Unknown,unknown,,what action the platform supports; the action URL,,below the Media Score evidence floor,/research/media-pr-publishing/
SmartCompany,"Media, PR & Publishing",Australia,national,NEEDS_RESEARCH,Research the submission route,,unknown,INSUFFICIENT,Unknown,Unknown,unknown,,what action the platform supports; the action URL,,below the Media Score evidence floor,/research/media-pr-publishing/
SmartCustomer,Business Directories,Global,global; north-america,NEEDS_RESEARCH,Research the submission route,,unknown,INSUFFICIENT,Unknown,Unknown,unknown,,what action the platform supports; the action URL,68,"tier tier2, priority P2",/research/business-directories/opportunities/
SmartGuy,Business Directories,Global,global,NEEDS_RESEARCH,Research the submission route,,unknown,INSUFFICIENT,Unknown,Unknown,unknown,,what action the platform supports; the action URL,46,"tier tier3, priority P3",/research/business-directories/opportunities/
Smashing Magazine,"Media, PR & Publishing",Germany,global,READY,Submit a contributed article,https://www.smashingmagazine.com/write-for-us/,free,MEDIUM,Unknown,Unknown,verified,,,88,Media Score 88 (Exceptional),/research/media-pr-publishing/
Snap Store,Business Directories,Global,global,NEEDS_RESEARCH,Research the submission route,,free,INSUFFICIENT,Unknown,Unknown,unknown,,what action the platform supports; the action URL,60,"tier tier2, priority P3",/research/business-directories/opportunities/
Snapdeal,Business Directories,India,india,NEEDS_BROWSER,Verify the route in a browser,,unknown,INSUFFICIENT,Unknown,Unknown,unknown,,what action the platform supports; the action URL,64,"tier tier2, priority P3",/research/business-directories/opportunities/
Snowflake Partners,Business Directories,Global,global,NEEDS_RESEARCH,Research the submission route,,unknown,INSUFFICIENT,Unknown,Unknown,unknown,,what action the platform supports; the action URL,86,"tier tier1, priority P2",/research/business-directories/opportunities/
Snupit,Business Directories,South Africa,country-specific,READY,Create a business profile,https://www.snupit.co.za/join-as-a-pro.aspx,free,LOW,Unknown,Unknown,verified,,,78,"tier tier2, priority P2",/research/business-directories/opportunities/
Softpedia,Business Directories,Global,europe; global,NEEDS_RESEARCH,Research the submission route,,unknown,INSUFFICIENT,Unknown,Unknown,unknown,,what action the platform supports; the action URL,64,"tier tier2, priority P3",/research/business-directories/opportunities/
Software Advice,Business Directories,Global,global,NEEDS_BROWSER,Verify the route in a browser,https://www.softwareadvice.com/vendors/,unknown,INSUFFICIENT,Moderate,Unknown,verified,,what action the platform supports,64,"tier tier2, priority P2",/research/business-directories/opportunities/
Software Advice France,Business Directories,France,country-specific,NEEDS_RESEARCH,Research the submission route,,unknown,INSUFFICIENT,Unknown,Unknown,unknown,,what action the platform supports; the action URL,64,"tier tier2, priority P3",/research/business-directories/opportunities/
Software Connect,Business Directories,Global,global,NEEDS_RESEARCH,Research the submission route,,unknown,INSUFFICIENT,Unknown,Unknown,unknown,,what action the platform supports; the action URL,46,"tier tier3, priority P3",/research/business-directories/opportunities/
Software Finder,Business Directories,Global,global,NEEDS_RESEARCH,Research the submission route,,unknown,INSUFFICIENT,Unknown,Unknown,unknown,,what action the platform supports; the action URL,46,"tier tier3, priority P3",/research/business-directories/opportunities/
SoftwareReviews,Business Directories,Global,global; north-america,NEEDS_RESEARCH,Research the submission route,,unknown,INSUFFICIENT,Unknown,Unknown,unknown,,what action the platform supports; the action URL,68,"tier tier2, priority P2",/research/business-directories/opportunities/
SoftwareSuggest,Business Directories,Global,asia; global,NEEDS_BROWSER,Verify the route in a browser,,unknown,INSUFFICIENT,Unknown,Unknown,unknown,,what action the platform supports; the action URL,68,"tier tier2, priority P2",/research/business-directories/opportunities/
SoftwareWorld,Business Directories,Global,global,NEEDS_BROWSER,Verify the route in a browser,,unknown,INSUFFICIENT,Unknown,Unknown,unknown,,what action the platform supports; the action URL,46,"tier tier3, priority P3",/research/business-directories/opportunities/
Solar Power World,"Media, PR & Publishing",United States,national,READY,Submit a contributed article,https://www.solarpowerworldonline.com/contact-us/,free,MEDIUM,Unknown,Unknown,verified,,,86,Media Score 86 (Strong),/research/media-pr-publishing/
Solidna Firma,Business Directories,Poland,country-specific,NEEDS_RESEARCH,Research the submission route,,unknown,INSUFFICIENT,Unknown,Unknown,unknown,,what action the platform supports; the action URL,46,"tier tier3, priority P3",/research/business-directories/opportunities/
SoloStocks,Business Directories,Spain,country-specific,NEEDS_RESEARCH,Research the submission route,,unknown,INSUFFICIENT,Unknown,Unknown,unknown,,what action the platform supports; the action URL,68,"tier tier2, priority P2",/research/business-directories/opportunities/
Solutudo,Business Directories,Brazil,latam,NEEDS_BROWSER,Verify the route in a browser,,unknown,INSUFFICIENT,Unknown,Unknown,unknown,,what action the platform supports; the action URL,68,"tier tier2, priority P2",/research/business-directories/opportunities/
Solv,Business Directories,United States,united-states,NEEDS_BROWSER,Verify the route in a browser,,unknown,INSUFFICIENT,Unknown,Unknown,unknown,,what action the platform supports; the action URL,64,"tier tier2, priority P3",/research/business-directories/opportunities/
Soov.ee,Marketplace & Classified Platforms,Estonia,,NEEDS_RESEARCH,Research the submission route,,freemium,INSUFFICIENT,Unknown,Unknown,unknown,,the action URL,74,"accepts both sellers, freemium",/research/marketplaces/
Sortlist,Business Directories,Global,europe; global,NEEDS_RESEARCH,Research the submission route,,unknown,INSUFFICIENT,Unknown,Unknown,unknown,,what action the platform supports; the action URL,68,"tier tier2, priority P2",/research/business-directories/opportunities/
SougPlus,Business Directories,Algeria,country-specific,NEEDS_RESEARCH,Research the submission route,,unknown,INSUFFICIENT,Unknown,Unknown,unknown,,what action the platform supports; the action URL,46,"tier tier3, priority P3",/research/business-directories/opportunities/
SourceBottle,"Media, PR & Publishing",Australia,global,NEEDS_RESEARCH,Research the submission route,,freemium,INSUFFICIENT,Unknown,Unknown,unknown,,the action URL,64,Media Score 64 (Moderate),/research/media-pr-publishing/
SourceForge,Business Directories,Global,global,NEEDS_BROWSER,Verify the route in a browser,,free,INSUFFICIENT,Unknown,Unknown,unknown,,what action the platform supports; the action URL,46,"tier tier3, priority P2",/research/business-directories/opportunities/
SpareFoot,Business Directories,United States,united-states,NEEDS_BROWSER,Verify the route in a browser,,unknown,INSUFFICIENT,Unknown,Unknown,unknown,,what action the platform supports; the action URL,64,"tier tier2, priority P3",/research/business-directories/opportunities/
Speisekarte.de,Business Directories,Germany,dach,NEEDS_RESEARCH,Research the submission route,,unknown,INSUFFICIENT,Unknown,Unknown,unknown,,what action the platform supports; the action URL,64,"tier tier2, priority P3",/research/business-directories/opportunities/
Speurders,Marketplace & Classified Platforms,Netherlands,,NEEDS_RESEARCH,Research the submission route,,freemium,INSUFFICIENT,Unknown,Unknown,unknown,,the action URL,74,"accepts both sellers, freemium",/research/marketplaces/
Spider’s Web,"Media, PR & Publishing",Poland,national,NEEDS_RESEARCH,Research the submission route,,unknown,INSUFFICIENT,Unknown,Unknown,unknown,,what action the platform supports; the action URL,,below the Media Score evidence floor,/research/media-pr-publishing/
Spinny,Marketplace & Classified Platforms,India,,NEEDS_RESEARCH,Research the submission route,,freemium,INSUFFICIENT,Unknown,Unknown,unknown,,the action URL,74,"accepts both sellers, freemium",/research/marketplaces/
Splash 247,"Media, PR & Publishing",Singapore,global,NEEDS_RESEARCH,Research the submission route,,unknown,INSUFFICIENT,Unknown,Unknown,unknown,,what action the platform supports; the action URL,,below the Media Score evidence floor,/research/media-pr-publishing/
Sports Goods Export Promotion Council,Business Directories,India,india,NEEDS_RESEARCH,Research the submission route,,unknown,INSUFFICIENT,Unknown,Unknown,unknown,,what action the platform supports; the action URL,46,"tier tier3, priority P3",/research/business-directories/opportunities/
Sprzedajemy.pl,Marketplace & Classified Platforms,Poland,,READY,Post a classified listing,https://sprzedajemy.pl/nowe-ogloszenie,freemium,LOW,Unknown,Unknown,verified,,,74,"accepts both sellers, freemium",/research/marketplaces/
SquareMeal,Business Directories,United Kingdom,united-kingdom,NEEDS_RESEARCH,Research the submission route,,unknown,INSUFFICIENT,Unknown,Unknown,unknown,,what action the platform supports; the action URL,64,"tier tier2, priority P3",/research/business-directories/opportunities/
Squarefoot,Marketplace & Classified Platforms,Hong Kong,,NEEDS_RESEARCH,Research the submission route,,paid,INSUFFICIENT,Unknown,Unknown,unknown,,the action URL,68,"accepts both sellers, paid",/research/marketplaces/
Squarespace Circle,Business Directories,Global,global,NEEDS_RESEARCH,Research the submission route,,unknown,INSUFFICIENT,Unknown,Unknown,unknown,,what action the platform supports; the action URL,68,"tier tier2, priority P2",/research/business-directories/opportunities/
Sri Lanka Business Portal,Business Directories,Sri Lanka,country-specific,NEEDS_RESEARCH,Research the submission route,,unknown,INSUFFICIENT,Unknown,Unknown,unknown,,what action the platform supports; the action URL,68,"tier tier2, priority P2",/research/business-directories/opportunities/
StackShare,Business Directories,Global,global,NEEDS_RESEARCH,Research the submission route,,unknown,INSUFFICIENT,Unknown,Unknown,unknown,,what action the platform supports; the action URL,68,"tier tier2, priority P2",/research/business-directories/opportunities/
Stadtbranchenbuch,Business Directories,Germany,dach,NEEDS_RESEARCH,Research the submission route,,unknown,INSUFFICIENT,Unknown,Unknown,unknown,,what action the platform supports; the action URL,46,"tier tier3, priority P3",/research/business-directories/opportunities/
Staffing Industry Analysts,"Media, PR & Publishing",United States,national,NEEDS_RESEARCH,Research the submission route,,unknown,INSUFFICIENT,Unknown,Unknown,unknown,,what action the platform supports; the action URL,,below the Media Score evidence floor,/research/media-pr-publishing/
Standvirtual,Marketplace & Classified Platforms,Portugal,,NEEDS_RESEARCH,Research the submission route,,paid,INSUFFICIENT,Unknown,Unknown,unknown,,the action URL,68,"accepts both sellers, paid",/research/marketplaces/
StarOfService,Business Directories,France,europe,NEEDS_RESEARCH,Research the submission route,,unknown,INSUFFICIENT,Unknown,Unknown,unknown,,what action the platform supports; the action URL,68,"tier tier2, priority P2",/research/business-directories/opportunities/
StartSe,"Media, PR & Publishing",Brazil,national,NEEDS_RESEARCH,Research the submission route,,unknown,INSUFFICIENT,Unknown,Unknown,unknown,,what action the platform supports; the action URL,,below the Media Score evidence floor,/research/media-pr-publishing/
Startit,"Media, PR & Publishing",Serbia,national,NEEDS_RESEARCH,Research the submission route,,unknown,INSUFFICIENT,Unknown,Unknown,unknown,,what action the platform supports; the action URL,,below the Media Score evidence floor,/research/media-pr-publishing/
Startland News,"Media, PR & Publishing",United States,local,NEEDS_RESEARCH,Research the submission route,,unknown,INSUFFICIENT,Unknown,Unknown,unknown,,what action the platform supports; the action URL,,below the Media Score evidence floor,/research/media-pr-publishing/
Startup Buffer,Business Directories,Global,global,NEEDS_BROWSER,Verify the route in a browser,,unknown,INSUFFICIENT,Unknown,Unknown,unknown,,what action the platform supports; the action URL,46,"tier tier3, priority P3",/research/business-directories/opportunities/
Startup Canada,Business Directories,Canada,canada,NEEDS_RESEARCH,Research the submission route,,unknown,INSUFFICIENT,Unknown,Unknown,unknown,,what action the platform supports; the action URL,64,"tier tier2, priority P3",/research/business-directories/opportunities/
Startup Daily,"Media, PR & Publishing",Australia,regional,NEEDS_RESEARCH,Research the submission route,,unknown,INSUFFICIENT,Unknown,Unknown,unknown,,what action the platform supports; the action URL,,below the Media Score evidence floor,/research/media-pr-publishing/
Startup Poland,Business Directories,Poland,country-specific,NEEDS_RESEARCH,Research the submission route,,unknown,INSUFFICIENT,Unknown,Unknown,unknown,,what action the platform supports; the action URL,64,"tier tier2, priority P3",/research/business-directories/opportunities/
Startup Stash,Business Directories,Global,global,NEEDS_BROWSER,Verify the route in a browser,,unknown,INSUFFICIENT,Unknown,Unknown,unknown,,what action the platform supports; the action URL,68,"tier tier2, priority P2",/research/business-directories/opportunities/
Startup Story,"Media, PR & Publishing",India,national,NEEDS_RESEARCH,Research the submission route,,unknown,INSUFFICIENT,Unknown,Unknown,unknown,,what action the platform supports; the action URL,,below the Media Score evidence floor,/research/media-pr-publishing/
Startup Village Amsterdam,Business Directories,Netherlands,regional,NEEDS_RESEARCH,Research the submission route,,unknown,INSUFFICIENT,Unknown,Unknown,unknown,,what action the platform supports; the action URL,46,"tier tier3, priority P3",/research/business-directories/opportunities/
Startup Wise Guys,Business Directories,Global,europe,NEEDS_RESEARCH,Research the submission route,,unknown,INSUFFICIENT,Unknown,Unknown,unknown,,what action the platform supports; the action URL,64,"tier tier2, priority P3",/research/business-directories/opportunities/
StartupBase,"Media, PR & Publishing",United States,global,NEEDS_RESEARCH,Research the submission route,,freemium,INSUFFICIENT,Unknown,Unknown,unknown,,the action URL,68,Media Score 68 (Good),/research/media-pr-publishing/
StartupBlink,Business Directories,Global,global,NEEDS_RESEARCH,Research the submission route,,unknown,INSUFFICIENT,Unknown,Unknown,unknown,,what action the platform supports; the action URL,68,"tier tier2, priority P2",/research/business-directories/opportunities/
StartupItalia,"Media, PR & Publishing",Italy,national,NEEDS_BROWSER,Verify the route in a browser,,unknown,INSUFFICIENT,Unknown,Unknown,unknown,,what action the platform supports; the action URL,,below the Media Score evidence floor,/research/media-pr-publishing/
StartupJobs.cz,Business Directories,Czech Republic,country-specific,NEEDS_RESEARCH,Research the submission route,,unknown,INSUFFICIENT,Unknown,Unknown,unknown,,what action the platform supports; the action URL,64,"tier tier2, priority P3",/research/business-directories/opportunities/
StartupRanking,Business Directories,Global,global,NEEDS_RESEARCH,Research the submission route,,unknown,INSUFFICIENT,Unknown,Unknown,unknown,,what action the platform supports; the action URL,68,"tier tier2, priority P2",/research/business-directories/opportunities/
Startupbootcamp,Business Directories,Global,global,NEEDS_RESEARCH,Research the submission route,,unknown,INSUFFICIENT,Unknown,Unknown,unknown,,what action the platform supports; the action URL,64,"tier tier2, priority P3",/research/business-directories/opportunities/
Startupi,"Media, PR & Publishing",Brazil,national,NEEDS_RESEARCH,Research the submission route,,unknown,INSUFFICIENT,Unknown,Unknown,unknown,,what action the platform supports; the action URL,,below the Media Score evidence floor,/research/media-pr-publishing/
Startups.co.uk,"Media, PR & Publishing",United Kingdom,national,NEEDS_RESEARCH,Research the submission route,,free,INSUFFICIENT,Unknown,Unknown,unknown,,the action URL,80,Media Score 80 (Strong),/research/media-pr-publishing/
Startupticker,Business Directories,Switzerland,country-specific,NEEDS_RESEARCH,Research the submission route,,unknown,INSUFFICIENT,Unknown,Unknown,unknown,,what action the platform supports; the action URL,64,"tier tier2, priority P3",/research/business-directories/opportunities/
Startupticker.ch,"Media, PR & Publishing",Switzerland,national,READY,Submit company news,https://www.startupticker.ch/,free,MEDIUM,Unknown,Unknown,verified,,,87,Media Score 87 (Strong),/research/media-pr-publishing/
StepStone België,Business Directories,Belgium,country-specific,NEEDS_RESEARCH,Research the submission route,,unknown,INSUFFICIENT,Unknown,Unknown,unknown,,what action the platform supports; the action URL,68,"tier tier2, priority P2",/research/business-directories/opportunities/
Stepstone,Business Directories,Germany,dach,NEEDS_RESEARCH,Research the submission route,,unknown,INSUFFICIENT,Unknown,Unknown,unknown,,what action the platform supports; the action URL,86,"tier tier1, priority P2",/research/business-directories/opportunities/
Stevie Awards,"Media, PR & Publishing",United States,global,READY,Enter the award,https://www.stevieawards.com/,paid,MEDIUM,Unknown,Unknown,verified,,,70,Media Score 70 (Good),/research/media-pr-publishing/
StorageCafe,Business Directories,United States,united-states,NEEDS_RESEARCH,Research the submission route,,unknown,INSUFFICIENT,Unknown,Unknown,unknown,,what action the platform supports; the action URL,46,"tier tier3, priority P3",/research/business-directories/opportunities/
Storeboard,Business Directories,United States,united-states,READY,Create a business profile,https://www.storeboard.com/sign-up,unknown,LOW,Unknown,Unknown,verified,,,56,"tier tier3, priority P3",/research/business-directories/opportunities/
Storenvy,Marketplace & Classified Platforms,United States,,READY,Create a seller account,https://www.storenvy.com/open-a-store,free,LOW,Unknown,Unknown,verified,,,86,"accepts business sellers, freemium",/research/marketplaces/
Streetdirectory,Business Directories,Singapore,asia,NEEDS_RESEARCH,Research the submission route,,unknown,INSUFFICIENT,Unknown,Unknown,unknown,,what action the platform supports; the action URL,68,"tier tier2, priority P2",/research/business-directories/opportunities/
Stripe App Marketplace,Business Directories,Global,global,NEEDS_RESEARCH,Research the submission route,,unknown,INSUFFICIENT,Unknown,Unknown,unknown,,what action the platform supports; the action URL,64,"tier tier2, priority P3",/research/business-directories/opportunities/
Stripe Partner Directory,Business Directories,Global,global,NEEDS_RESEARCH,Research the submission route,,unknown,INSUFFICIENT,Unknown,Unknown,unknown,,what action the platform supports; the action URL,86,"tier tier1, priority P2",/research/business-directories/opportunities/
StyleSeat,Business Directories,United States,united-states,NEEDS_RESEARCH,Research the submission route,,unknown,INSUFFICIENT,Unknown,Unknown,unknown,,what action the platform supports; the action URL,64,"tier tier2, priority P3",/research/business-directories/opportunities/
Subito,Business Directories,Italy,country-specific,NEEDS_RESEARCH,Research the submission route,,unknown,INSUFFICIENT,Unknown,Unknown,unknown,,what action the platform supports; the action URL,64,"tier tier2, priority P3",/research/business-directories/opportunities/
Subito,Marketplace & Classified Platforms,Italy,,READY,Post a classified listing,https://www.subito.it/vendere/,free,LOW,Unknown,Unknown,verified,,,77,"accepts both sellers, freemium",/research/marketplaces/
Substack,"Media, PR & Publishing",United States,global,NEEDS_RESEARCH,Research the submission route,,freemium,INSUFFICIENT,Unknown,Unknown,unknown,,the action URL,50,Media Score 50 (Limited),/research/media-pr-publishing/
Substack Sponsorships,"Media, PR & Publishing",United States,global,READY,Buy a sponsored placement,https://sponsor.substack.com/,paid,LOW,Unknown,Unknown,verified,,,49,Media Score 49 (Limited),/research/media-pr-publishing/
Successful Farming,"Media, PR & Publishing",United States,national,NEEDS_RESEARCH,Research the submission route,,unknown,INSUFFICIENT,Unknown,Unknown,unknown,,what action the platform supports; the action URL,,below the Media Score evidence floor,/research/media-pr-publishing/
Sudanjob,Marketplace & Classified Platforms,Sudan,,NEEDS_RESEARCH,Research the submission route,,paid,INSUFFICIENT,Unknown,Unknown,unknown,,the action URL,80,"accepts business sellers, paid",/research/marketplaces/
Sulekha,Business Directories,Global,india,NEEDS_RESEARCH,Research the submission route,,unknown,INSUFFICIENT,Unknown,Unknown,unknown,,the action URL,96,"tier tier1, priority P2",/research/business-directories/opportunities/
Suomen Yritykset,Business Directories,Finland,nordics,NEEDS_RESEARCH,Research the submission route,,unknown,INSUFFICIENT,Unknown,Unknown,unknown,,what action the platform supports; the action URL,68,"tier tier2, priority P2",/research/business-directories/opportunities/
Suomen Yritysrekisteri,Business Directories,Finland,country-specific,NEEDS_RESEARCH,Research the submission route,,unknown,INSUFFICIENT,Unknown,Unknown,unknown,,what action the platform supports; the action URL,46,"tier tier3, priority P3",/research/business-directories/opportunities/
Super Lawyers,Business Directories,United States,united-states,NEEDS_RESEARCH,Research the submission route,,unknown,INSUFFICIENT,Unknown,Unknown,unknown,,what action the platform supports; the action URL,64,"tier tier2, priority P3",/research/business-directories/opportunities/
SuperCarros,Marketplace & Classified Platforms,Dominican Republic,,READY,Post an advertisement,https://www.supercarros.com/vender,unknown,LOW,Unknown,Unknown,verified,,,74,"accepts both sellers, unknown",/research/marketplaces/
SuperbCompanies,Business Directories,Global,global,READY,Create a business profile,https://superbcompanies.com/get-listed/,unknown,LOW,Unknown,Unknown,verified,,,56,"tier tier3, priority P3",/research/business-directories/opportunities/
Superhuman,"Media, PR & Publishing",United States,global,READY,Buy a sponsored placement,https://superhuman.beehiiv.com/,paid,LOW,Unknown,Unknown,verified,,,49,Media Score 49 (Limited),/research/media-pr-publishing/
Superpages,Business Directories,United States,united-states,NEEDS_BROWSER,Verify the route in a browser,,unknown,INSUFFICIENT,Unknown,Unknown,unknown,,what action the platform supports; the action URL,68,"tier tier2, priority P2",/research/business-directories/opportunities/
Supply Chain Digital,"Media, PR & Publishing",United Kingdom,global,NEEDS_RESEARCH,Research the submission route,,unknown,INSUFFICIENT,Unknown,Unknown,unknown,,what action the platform supports; the action URL,,below the Media Score evidence floor,/research/media-pr-publishing/
Supply Chain Dive,"Media, PR & Publishing",United States,national,READY,Submit company news,https://www.supplychaindive.com/submit-tip/,unknown,LOW,Unknown,Unknown,verified,,,86,Media Score 86 (Strong),/research/media-pr-publishing/
Svaz průmyslu a dopravy ČR,Business Directories,Czech Republic,country-specific,NEEDS_RESEARCH,Research the submission route,,unknown,INSUFFICIENT,Unknown,Unknown,unknown,,what action the platform supports; the action URL,64,"tier tier2, priority P3",/research/business-directories/opportunities/
Svaz strojírenské technologie,Business Directories,Czech Republic,country-specific,NEEDS_RESEARCH,Research the submission route,,unknown,INSUFFICIENT,Unknown,Unknown,unknown,,what action the platform supports; the action URL,46,"tier tier3, priority P3",/research/business-directories/opportunities/
Swapstack,"Media, PR & Publishing",United States,global,READY,Buy a sponsored placement,https://www.swapstack.co/,paid,LOW,Unknown,Unknown,verified,,,49,Media Score 49 (Limited),/research/media-pr-publishing/
Swift Package Index,Business Directories,Global,global,NEEDS_BROWSER,Verify the route in a browser,https://github.com/SwiftPackageIndex/PackageList,free,INSUFFICIENT,Easy,Unknown,verified,,what action the platform supports,60,"tier tier2, priority P3",/research/business-directories/opportunities/
Swiggy,Business Directories,India,india,NEEDS_RESEARCH,Research the submission route,,unknown,INSUFFICIENT,Unknown,Unknown,unknown,,what action the platform supports; the action URL,86,"tier tier1, priority P2",/research/business-directories/opportunities/
Swiss Startup Association,Business Directories,Switzerland,country-specific,NEEDS_RESEARCH,Research the submission route,,unknown,INSUFFICIENT,Unknown,Unknown,unknown,,what action the platform supports; the action URL,64,"tier tier2, priority P3",/research/business-directories/opportunities/
Swissguide,Business Directories,Switzerland,dach,NEEDS_RESEARCH,Research the submission route,,unknown,INSUFFICIENT,Unknown,Unknown,unknown,,what action the platform supports; the action URL,68,"tier tier2, priority P2",/research/business-directories/opportunities/
Synced,"Media, PR & Publishing",China,global,NEEDS_RESEARCH,Research the submission route,,unknown,INSUFFICIENT,Unknown,Unknown,unknown,,what action the platform supports; the action URL,,below the Media Score evidence floor,/research/media-pr-publishing/
Syntec Conseil,Business Directories,France,country-specific,NEEDS_RESEARCH,Research the submission route,,unknown,INSUFFICIENT,Unknown,Unknown,unknown,,what action the platform supports; the action URL,46,"tier tier3, priority P3",/research/business-directories/opportunities/
TARAD,Marketplace & Classified Platforms,Thailand,,NEEDS_RESEARCH,Research the submission route,,paid,INSUFFICIENT,Unknown,Unknown,unknown,,the action URL,80,"accepts business sellers, paid",/research/marketplaces/
THE VC,Business Directories,South Korea,country-specific,NEEDS_RESEARCH,Research the submission route,,unknown,INSUFFICIENT,Unknown,Unknown,unknown,,what action the platform supports; the action URL,64,"tier tier2, priority P3",/research/business-directories/opportunities/
TLDR,"Media, PR & Publishing",United States,global,READY,Buy a sponsored placement,https://advertise.tldr.tech/,paid,LOW,Unknown,Unknown,verified,,,49,Media Score 49 (Limited),/research/media-pr-publishing/
TLNT,"Media, PR & Publishing",United States,national,NEEDS_RESEARCH,Research the submission route,,unknown,INSUFFICIENT,Unknown,Unknown,unknown,,what action the platform supports; the action URL,,below the Media Score evidence floor,/research/media-pr-publishing/
TMCnet,"Media, PR & Publishing",United States,global,READY,Submit a contributed article,https://www.tmcnet.com/,mixed,MEDIUM,Unknown,Unknown,verified,,,86,Media Score 86 (Strong),/research/media-pr-publishing/
TNW,"Media, PR & Publishing",Netherlands,regional,NEEDS_RESEARCH,Research the submission route,,unknown,INSUFFICIENT,Unknown,Unknown,unknown,,what action the platform supports; the action URL,,below the Media Score evidence floor,/research/media-pr-publishing/
TREND,"Media, PR & Publishing",Slovakia,national,NEEDS_RESEARCH,Research the submission route,,unknown,INSUFFICIENT,Unknown,Unknown,unknown,,what action the platform supports; the action URL,,below the Media Score evidence floor,/research/media-pr-publishing/
TRUEen,Business Directories,United States,global,READY,Create a business profile,https://www.trueen.com/list-your-business/price,free,LOW,Unknown,Unknown,verified,,,56,"tier tier3, priority P3",/research/business-directories/opportunities/
Tabelog,Business Directories,Japan,japan,NEEDS_RESEARCH,Research the submission route,,unknown,INSUFFICIENT,Unknown,Unknown,unknown,,what action the platform supports; the action URL,94,"tier tier1, priority P1",/research/business-directories/opportunities/
Tablelist,Business Directories,United States,united-states,NEEDS_RESEARCH,Research the submission route,,unknown,INSUFFICIENT,Unknown,Unknown,unknown,,what action the platform supports; the action URL,46,"tier tier3, priority P3",/research/business-directories/opportunities/
Taipei Computer Association,Business Directories,Taiwan,country-specific,NEEDS_RESEARCH,Research the submission route,,unknown,INSUFFICIENT,Unknown,Unknown,unknown,,what action the platform supports; the action URL,64,"tier tier2, priority P3",/research/business-directories/opportunities/
Taiwan Yellow Pages,Business Directories,Taiwan,country-specific,NEEDS_RESEARCH,Research the submission route,,unknown,INSUFFICIENT,Unknown,Unknown,unknown,,what action the platform supports; the action URL,68,"tier tier2, priority P2",/research/business-directories/opportunities/
Taiwantrade,Business Directories,Global,asia,NEEDS_RESEARCH,Research the submission route,,unknown,INSUFFICIENT,Unknown,Unknown,unknown,,what action the platform supports; the action URL,64,"tier tier2, priority P3",/research/business-directories/opportunities/
Takealot,Business Directories,South Africa,country-specific,NEEDS_RESEARCH,Research the submission route,,unknown,INSUFFICIENT,Unknown,Unknown,unknown,,what action the platform supports; the action URL,82,"tier tier1, priority P3",/research/business-directories/opportunities/
Talabat,Business Directories,United Arab Emirates,middle-east,NEEDS_RESEARCH,Research the submission route,,unknown,INSUFFICIENT,Unknown,Unknown,unknown,,what action the platform supports; the action URL,86,"tier tier1, priority P2",/research/business-directories/opportunities/
TaladRod,Marketplace & Classified Platforms,Thailand,,NEEDS_RESEARCH,Research the submission route,,paid,INSUFFICIENT,Unknown,Unknown,unknown,,the action URL,68,"accepts both sellers, paid",/research/marketplaces/
Talent.com,Business Directories,Global,global,NEEDS_RESEARCH,Research the submission route,,unknown,INSUFFICIENT,Unknown,Unknown,unknown,,what action the platform supports; the action URL,64,"tier tier2, priority P3",/research/business-directories/opportunities/
Talouselämä,"Media, PR & Publishing",Finland,national,NEEDS_RESEARCH,Research the submission route,,unknown,INSUFFICIENT,Unknown,Unknown,unknown,,what action the platform supports; the action URL,,below the Media Score evidence floor,/research/media-pr-publishing/
Taobao,Marketplace & Classified Platforms,China,,NEEDS_RESEARCH,Research the submission route,,freemium,INSUFFICIENT,Unknown,Unknown,unknown,,the action URL,74,"accepts both sellers, freemium",/research/marketplaces/
Taskrabbit,Business Directories,United States,north-america,NEEDS_RESEARCH,Research the submission route,,unknown,INSUFFICIENT,Unknown,Unknown,unknown,,what action the platform supports; the action URL,68,"tier tier2, priority P2",/research/business-directories/opportunities/
TaxBuzz,Business Directories,United States,united-states,NEEDS_BROWSER,Verify the route in a browser,,unknown,INSUFFICIENT,Unknown,Unknown,unknown,,what action the platform supports; the action URL,46,"tier tier3, priority P3",/research/business-directories/opportunities/
Tayara,Marketplace & Classified Platforms,Tunisia,,READY,Post a classified listing,https://www.tayara.tn/login/?redirect=%2Fpost-listing%2F,free,LOW,Unknown,Unknown,verified,,,83,"accepts both sellers, free",/research/marketplaces/
Tech Africa News,"Media, PR & Publishing",South Africa,regional,NEEDS_RESEARCH,Research the submission route,,unknown,INSUFFICIENT,Unknown,Unknown,unknown,,what action the platform supports; the action URL,,below the Media Score evidence floor,/research/media-pr-publishing/
Tech Brew,"Media, PR & Publishing",United States,global,NEEDS_BROWSER,Verify the route in a browser,,unknown,INSUFFICIENT,Unknown,Unknown,unknown,,what action the platform supports; the action URL,,below the Media Score evidence floor,/research/media-pr-publishing/
Tech Collective,"Media, PR & Publishing",Singapore,regional,READY,Submit a contributed article,https://techcollectivesea.com/tech-collective-contributor-guidelines/,unknown,LOW,Unknown,Unknown,verified,,,85,Media Score 85 (Strong),/research/media-pr-publishing/
Tech Council / StartupAUS,Business Directories,Australia,australia,NEEDS_BROWSER,Verify the route in a browser,,unknown,INSUFFICIENT,Unknown,Unknown,unknown,,what action the platform supports; the action URL,46,"tier tier3, priority P3",/research/business-directories/opportunities/
Tech in Asia,Business Directories,Global,asia,NEEDS_RESEARCH,Research the submission route,,unknown,INSUFFICIENT,Unknown,Unknown,unknown,,what action the platform supports; the action URL,64,"tier tier2, priority P3",/research/business-directories/opportunities/
Tech in Asia,"Media, PR & Publishing",Singapore,regional,NEEDS_RESEARCH,Research the submission route,,unknown,INSUFFICIENT,Unknown,Unknown,unknown,,what action the platform supports; the action URL,,below the Media Score evidence floor,/research/media-pr-publishing/
Tech.eu,"Media, PR & Publishing",Belgium,regional,READY,Buy a sponsored placement,https://tech.eu/advertise/,mixed,LOW,Unknown,Unknown,verified,,,49,Media Score 49 (Limited),/research/media-pr-publishing/
TechBehemoths,Business Directories,United States,global,READY,Create a business profile,https://techbehemoths.com/companies/get-listed,unknown,LOW,Unknown,Unknown,verified,,,56,"tier tier3, priority P3",/research/business-directories/opportunities/
TechCabal,"Media, PR & Publishing",Nigeria,regional,READY,Pitch the editorial team,https://techcabal.com/contact/,free,LOW,Unknown,Unknown,verified,,,87,Media Score 87 (Strong),/research/media-pr-publishing/
TechCentral,"Media, PR & Publishing",South Africa,national,NEEDS_RESEARCH,Research the submission route,,unknown,INSUFFICIENT,Unknown,Unknown,unknown,,what action the platform supports; the action URL,,below the Media Score evidence floor,/research/media-pr-publishing/
TechCrunch,"Media, PR & Publishing",United States,global,READY,Pitch the editorial team,https://techcrunch.com/got-a-tip/,free,MEDIUM,Unknown,Unknown,verified,,,88,Media Score 88 (Exceptional),/research/media-pr-publishing/
TechJuice,"Media, PR & Publishing",Pakistan,national,NEEDS_RESEARCH,Research the submission route,,unknown,INSUFFICIENT,Unknown,Unknown,unknown,,what action the platform supports; the action URL,,below the Media Score evidence floor,/research/media-pr-publishing/
TechNode,"Media, PR & Publishing",China,national,READY,Submit a contributed article,https://technode.com/write-for-us/,unknown,LOW,Unknown,Unknown,verified,,,84,Media Score 84 (Strong),/research/media-pr-publishing/
TechStory,"Media, PR & Publishing",India,national,NEEDS_BROWSER,Verify the route in a browser,,unknown,INSUFFICIENT,Unknown,Unknown,unknown,,what action the platform supports; the action URL,,below the Media Score evidence floor,/research/media-pr-publishing/
Techboard,Business Directories,Australia,australia,READY,Create a business profile,https://techboard.com.au/get-listed/add-a-company/,unknown,LOW,Unknown,Unknown,verified,,,74,"tier tier2, priority P3",/research/business-directories/opportunities/
Techimply,Business Directories,Global,global,NEEDS_BROWSER,Verify the route in a browser,,unknown,INSUFFICIENT,Unknown,Unknown,unknown,,what action the platform supports; the action URL,46,"tier tier3, priority P3",/research/business-directories/opportunities/
Techleap,Business Directories,Netherlands,country-specific,NEEDS_RESEARCH,Research the submission route,,unknown,INSUFFICIENT,Unknown,Unknown,unknown,,what action the platform supports; the action URL,68,"tier tier2, priority P2",/research/business-directories/opportunities/
Technical.ly,"Media, PR & Publishing",United States,regional,NEEDS_BROWSER,Verify the route in a browser,,unknown,INSUFFICIENT,Unknown,Unknown,unknown,,what action the platform supports; the action URL,,below the Media Score evidence floor,/research/media-pr-publishing/
Techpilot,Business Directories,Global,dach; europe,NEEDS_RESEARCH,Research the submission route,,unknown,INSUFFICIENT,Unknown,Unknown,unknown,,what action the platform supports; the action URL,68,"tier tier2, priority P2",/research/business-directories/opportunities/
Techpoint Africa,"Media, PR & Publishing",Nigeria,regional,NEEDS_RESEARCH,Research the submission route,,unknown,INSUFFICIENT,Unknown,Unknown,unknown,,what action the platform supports; the action URL,,below the Media Score evidence floor,/research/media-pr-publishing/
Techreviewer,Business Directories,United States,global,READY,Create a business profile,https://techreviewer.co/why-get-listed,unknown,LOW,Unknown,Unknown,verified,,,56,"tier tier3, priority P3",/research/business-directories/opportunities/
Techsauce,"Media, PR & Publishing",Thailand,national,NEEDS_RESEARCH,Research the submission route,,unknown,INSUFFICIENT,Unknown,Unknown,unknown,,what action the platform supports; the action URL,,below the Media Score evidence floor,/research/media-pr-publishing/
Techstars,Business Directories,Global,global,NEEDS_RESEARCH,Research the submission route,,unknown,INSUFFICIENT,Unknown,Unknown,unknown,,what action the platform supports; the action URL,82,"tier tier1, priority P3",/research/business-directories/opportunities/
Tecnoempleo,Business Directories,Spain,country-specific,NEEDS_RESEARCH,Research the submission route,,free,INSUFFICIENT,Unknown,Unknown,unknown,,what action the platform supports; the action URL,46,"tier tier3, priority P3",/research/business-directories/opportunities/
Tecoloco Guatemala,Marketplace & Classified Platforms,Guatemala,,NEEDS_RESEARCH,Research the submission route,,paid,INSUFFICIENT,Unknown,Unknown,unknown,,the action URL,80,"accepts business sellers, paid",/research/marketplaces/
Tecoloco Honduras,Marketplace & Classified Platforms,Honduras,,NEEDS_RESEARCH,Research the submission route,,paid,INSUFFICIENT,Unknown,Unknown,unknown,,the action URL,80,"accepts business sellers, paid",/research/marketplaces/
TeeOff,Business Directories,United States,united-states,NEEDS_BROWSER,Verify the route in a browser,,unknown,INSUFFICIENT,Unknown,Unknown,unknown,,what action the platform supports; the action URL,46,"tier tier3, priority P3",/research/business-directories/opportunities/
Tekpon,Business Directories,Global,global,READY,Create a business profile,https://tekpon.com/get-listed/,unknown,LOW,Unknown,Unknown,verified,,,78,"tier tier2, priority P2",/research/business-directories/opportunities/
Telecom Review North America,"Media, PR & Publishing",United States,global,NEEDS_RESEARCH,Research the submission route,,unknown,INSUFFICIENT,Unknown,Unknown,unknown,,what action the platform supports; the action URL,,below the Media Score evidence floor,/research/media-pr-publishing/
TelecomTV,"Media, PR & Publishing",United Kingdom,global,NEEDS_RESEARCH,Research the submission route,,unknown,INSUFFICIENT,Unknown,Unknown,unknown,,what action the platform supports; the action URL,,below the Media Score evidence floor,/research/media-pr-publishing/
Telecontact,Business Directories,Morocco,country-specific,NEEDS_RESEARCH,Research the submission route,,unknown,INSUFFICIENT,Unknown,Unknown,unknown,,what action the platform supports; the action URL,68,"tier tier2, priority P2",/research/business-directories/opportunities/
Telefoonboek,Business Directories,Netherlands,country-specific,NEEDS_RESEARCH,Research the submission route,,unknown,INSUFFICIENT,Unknown,Unknown,unknown,,what action the platform supports; the action URL,68,"tier tier2, priority P2",/research/business-directories/opportunities/
Terraform Registry,Business Directories,Global,global,NEEDS_RESEARCH,Research the submission route,,unknown,INSUFFICIENT,Unknown,Unknown,unknown,,what action the platform supports; the action URL,82,"tier tier1, priority P3",/research/business-directories/opportunities/
Thai Chamber of Commerce,Business Directories,Thailand,country-specific,NEEDS_RESEARCH,Research the submission route,,unknown,INSUFFICIENT,Unknown,Unknown,unknown,,what action the platform supports; the action URL,86,"tier tier1, priority P2",/research/business-directories/opportunities/
Thailand Yellow Pages,Business Directories,Thailand,country-specific,NEEDS_RESEARCH,Research the submission route,,unknown,INSUFFICIENT,Unknown,Unknown,unknown,,what action the platform supports; the action URL,68,"tier tier2, priority P2",/research/business-directories/opportunities/
Thaitrade,Business Directories,Thailand,global,NEEDS_RESEARCH,Research the submission route,,unknown,INSUFFICIENT,Unknown,Unknown,unknown,,what action the platform supports; the action URL,68,"tier tier2, priority P2",/research/business-directories/opportunities/
The Africa Report,"Media, PR & Publishing",Kenya,regional,NEEDS_RESEARCH,Research the submission route,,unknown,INSUFFICIENT,Unknown,Unknown,unknown,,what action the platform supports; the action URL,,below the Media Score evidence floor,/research/media-pr-publishing/
The Bahamas Guide,Business Directories,Bahamas,country-specific,NEEDS_RESEARCH,Research the submission route,,unknown,INSUFFICIENT,Unknown,Unknown,unknown,,what action the platform supports; the action URL,46,"tier tier3, priority P3",/research/business-directories/opportunities/
The Bash,Business Directories,United States,united-states,NEEDS_BROWSER,Verify the route in a browser,,unknown,INSUFFICIENT,Unknown,Unknown,unknown,,what action the platform supports; the action URL,46,"tier tier3, priority P3",/research/business-directories/opportunities/
The Blue Book Network,Business Directories,United States,united-states,READY,Create a business profile,https://www.thebluebook.com/request-free-listing.html,free,LOW,Unknown,Unknown,verified,,,96,"tier tier1, priority P2",/research/business-directories/opportunities/
The Bridge,"Media, PR & Publishing",Japan,national,NEEDS_RESEARCH,Research the submission route,,unknown,INSUFFICIENT,Unknown,Unknown,unknown,,what action the platform supports; the action URL,,below the Media Score evidence floor,/research/media-pr-publishing/
The Business Times,"Media, PR & Publishing",Singapore,national,NEEDS_RESEARCH,Research the submission route,,unknown,INSUFFICIENT,Unknown,Unknown,unknown,,what action the platform supports; the action URL,,below the Media Score evidence floor,/research/media-pr-publishing/
The Colorado Sun,"Media, PR & Publishing",United States,local,READY,Pitch the editorial team,https://coloradosun.com/tips/,free,MEDIUM,Unknown,Unknown,verified,,,84,Media Score 84 (Strong),/research/media-pr-publishing/
The Drum Awards,"Media, PR & Publishing",United Kingdom,global,READY,Enter the award,https://thedrumawards.com/live/en/page/home,paid,MEDIUM,Unknown,Unknown,verified,,,70,Media Score 70 (Good),/research/media-pr-publishing/
The Edge Malaysia,"Media, PR & Publishing",Malaysia,national,NEEDS_RESEARCH,Research the submission route,,unknown,INSUFFICIENT,Unknown,Unknown,unknown,,what action the platform supports; the action URL,,below the Media Score evidence floor,/research/media-pr-publishing/
The Engineering Leadership,"Media, PR & Publishing",United States,global,READY,Buy a sponsored placement,https://newsletter.eng-leadership.com/,paid,LOW,Unknown,Unknown,verified,,,49,Media Score 49 (Limited),/research/media-pr-publishing/
The Fabricator,"Media, PR & Publishing",United States,national,READY,Buy a sponsored placement,https://www.thefabricator.com/thefabricator/advertise#targeted-digital-advertising-programmatic,unknown,LOW,Unknown,Unknown,verified,,,,below the Media Score evidence floor,/research/media-pr-publishing/
The Hacker News,"Media, PR & Publishing",India,global,READY,Submit company news,https://thehackernews.com/p/submit-news.html,free,MEDIUM,Unknown,Unknown,verified,,,89,Media Score 89 (Exceptional),/research/media-pr-publishing/
The Hustle,"Media, PR & Publishing",United States,global,NEEDS_BROWSER,Verify the route in a browser,,unknown,INSUFFICIENT,Unknown,Unknown,unknown,,what action the platform supports; the action URL,,below the Media Score evidence floor,/research/media-pr-publishing/
The Investor,"Media, PR & Publishing",Vietnam,national,NEEDS_RESEARCH,Research the submission route,,unknown,INSUFFICIENT,Unknown,Unknown,unknown,,what action the platform supports; the action URL,,below the Media Score evidence floor,/research/media-pr-publishing/
The Japan Times,"Media, PR & Publishing",Japan,national,NEEDS_BROWSER,Verify the route in a browser,,unknown,INSUFFICIENT,Unknown,Unknown,unknown,,what action the platform supports; the action URL,,below the Media Score evidence floor,/research/media-pr-publishing/
The Knot,Business Directories,Global,united-states,NEEDS_BROWSER,Verify the route in a browser,,unknown,INSUFFICIENT,Unknown,Unknown,unknown,,what action the platform supports; the action URL,86,"tier tier1, priority P2",/research/business-directories/opportunities/
The Legal 500,Business Directories,Global,europe; global,NEEDS_RESEARCH,Research the submission route,,unknown,INSUFFICIENT,Complex,Unknown,unknown,,what action the platform supports; the action URL,78,"tier tier1, priority P3",/research/business-directories/opportunities/
The Manifest,Business Directories,Global,global; north-america,NEEDS_BROWSER,Verify the route in a browser,,unknown,INSUFFICIENT,Unknown,Unknown,unknown,,what action the platform supports; the action URL,68,"tier tier2, priority P2",/research/business-directories/opportunities/
The Muse,Business Directories,Global,global; united-states,NEEDS_RESEARCH,Research the submission route,,unknown,INSUFFICIENT,Unknown,Unknown,unknown,,what action the platform supports; the action URL,68,"tier tier2, priority P2",/research/business-directories/opportunities/
The National Business,"Media, PR & Publishing",United Arab Emirates,national,NEEDS_RESEARCH,Research the submission route,,unknown,INSUFFICIENT,Unknown,Unknown,unknown,,what action the platform supports; the action URL,,below the Media Score evidence floor,/research/media-pr-publishing/
The New Stack,"Media, PR & Publishing",United States,global,READY,Submit a contributed article,https://thenewstack.io/contributions/,mixed,MEDIUM,Unknown,Unknown,verified,,,86,Media Score 86 (Strong),/research/media-pr-publishing/
The Packer,"Media, PR & Publishing",United States,national,READY,Submit company news,https://www.thepacker.com/,free,MEDIUM,Unknown,Unknown,verified,,,87,Media Score 87 (Strong),/research/media-pr-publishing/
The Pragmatic Engineer,"Media, PR & Publishing",Netherlands,global,READY,Buy a sponsored placement,https://newsletter.pragmaticengineer.com/,paid,LOW,Unknown,Unknown,verified,,,49,Media Score 49 (Limited),/research/media-pr-publishing/
The Real Deal,"Media, PR & Publishing",United States,national,NEEDS_RESEARCH,Research the submission route,,unknown,INSUFFICIENT,Unknown,Unknown,unknown,,what action the platform supports; the action URL,,below the Media Score evidence floor,/research/media-pr-publishing/
The Register,"Media, PR & Publishing",United Kingdom,global,READY,Pitch the editorial team,https://www.theregister.com/Profile/contact/,free,MEDIUM,Unknown,Unknown,verified,,,88,Media Score 88 (Exceptional),/research/media-pr-publishing/
The Robot Report,"Media, PR & Publishing",United States,global,NEEDS_RESEARCH,Research the submission route,,unknown,INSUFFICIENT,Unknown,Unknown,unknown,,what action the platform supports; the action URL,,below the Media Score evidence floor,/research/media-pr-publishing/
The Rundown AI,"Media, PR & Publishing",United States,global,READY,Buy a sponsored placement,https://www.therundown.ai/,paid,LOW,Unknown,Unknown,verified,,,49,Media Score 49 (Limited),/research/media-pr-publishing/
The Times of Israel,"Media, PR & Publishing",Israel,national,NEEDS_RESEARCH,Research the submission route,,unknown,INSUFFICIENT,Unknown,Unknown,unknown,,what action the platform supports; the action URL,,below the Media Score evidence floor,/research/media-pr-publishing/
TheFork,Business Directories,Global,europe,NEEDS_BROWSER,Verify the route in a browser,,unknown,INSUFFICIENT,Unknown,Unknown,unknown,,what action the platform supports; the action URL,94,"tier tier1, priority P1",/research/business-directories/opportunities/
There's An AI For That,Business Directories,Global,global,NEEDS_RESEARCH,Research the submission route,,unknown,INSUFFICIENT,Unknown,Unknown,unknown,,what action the platform supports; the action URL,94,"tier tier1, priority P1",/research/business-directories/opportunities/
This Week in Startups,"Media, PR & Publishing",United States,global,NEEDS_RESEARCH,Research the submission route,,unknown,INSUFFICIENT,Unknown,Unknown,unknown,,what action the platform supports; the action URL,,below the Media Score evidence floor,/research/media-pr-publishing/
Thomasnet,Business Directories,Global,north-america,NEEDS_BROWSER,Verify the route in a browser,,unknown,INSUFFICIENT,Unknown,Unknown,unknown,,what action the platform supports; the action URL,94,"tier tier1, priority P1",/research/business-directories/opportunities/
Thomson Local,Business Directories,United Kingdom,united-kingdom,NEEDS_BROWSER,Verify the route in a browser,https://www.thomsonlocal.com/product/freelisting,freemium,INSUFFICIENT,Easy,Unknown,verified,,,80,"tier tier1, priority hold",/research/business-directories/opportunities/
Thuisbezorgd,Business Directories,Netherlands,country-specific,NEEDS_RESEARCH,Research the submission route,,unknown,INSUFFICIENT,Unknown,Unknown,unknown,,what action the platform supports; the action URL,86,"tier tier1, priority P2",/research/business-directories/opportunities/
Thuiswinkel.org,Business Directories,Netherlands,country-specific,NEEDS_RESEARCH,Research the submission route,,unknown,INSUFFICIENT,Unknown,Unknown,unknown,,what action the platform supports; the action URL,64,"tier tier2, priority P3",/research/business-directories/opportunities/
Thumbtack,Business Directories,United States,united-states,READY,Create a business profile,https://www.thumbtack.com/pro,unknown,LOW,Unknown,Unknown,verified,,,100,"tier tier1, priority P1",/research/business-directories/opportunities/
Thunderbird Add-ons,Business Directories,Global,global,NEEDS_RESEARCH,Research the submission route,,unknown,INSUFFICIENT,Unknown,Unknown,unknown,,what action the platform supports; the action URL,46,"tier tier3, priority P3",/research/business-directories/opportunities/
Tiki,Business Directories,Vietnam,country-specific,NEEDS_RESEARCH,Research the submission route,,unknown,INSUFFICIENT,Unknown,Unknown,unknown,,what action the platform supports; the action URL,82,"tier tier1, priority P3",/research/business-directories/opportunities/
Time Out,Business Directories,Global,global,READY,Create a business profile,https://www.timeout.com/london/get-listed,free,LOW,Unknown,Unknown,verified,,,92,"tier tier1, priority P3",/research/business-directories/opportunities/
TimesJobs,Business Directories,India,india,NEEDS_RESEARCH,Research the submission route,,unknown,INSUFFICIENT,Unknown,Unknown,unknown,,what action the platform supports; the action URL,64,"tier tier2, priority P3",/research/business-directories/opportunities/
TinyLaunch,Business Directories,Global,global,NEEDS_RESEARCH,Research the submission route,,unknown,INSUFFICIENT,Unknown,Unknown,unknown,,what action the platform supports; the action URL,46,"tier tier3, priority P3",/research/business-directories/opportunities/
TinyLaunch,"Media, PR & Publishing",United States,global,NEEDS_RESEARCH,Research the submission route,,freemium,INSUFFICIENT,Unknown,Unknown,unknown,,the action URL,66,Media Score 66 (Good),/research/media-pr-publishing/
Tise,Marketplace & Classified Platforms,Norway,,NEEDS_RESEARCH,Research the submission route,,free,INSUFFICIENT,Unknown,Unknown,unknown,,the action URL,80,"accepts both sellers, free",/research/marketplaces/
Todoenlaces,Business Directories,Spain,country-specific,READY,Create a business profile,https://www.todoenlaces.com/anunciar-mi-empresa-gratis-en-internet/,unknown,LOW,Unknown,Unknown,verified,,,56,"tier tier3, priority P3",/research/business-directories/opportunities/
Tokyo Chamber of Commerce,Business Directories,Japan,japan,NEEDS_RESEARCH,Research the submission route,,unknown,INSUFFICIENT,Unknown,Unknown,unknown,,what action the platform supports; the action URL,64,"tier tier2, priority P3",/research/business-directories/opportunities/
TomTom,Business Directories,Global,global,NEEDS_RESEARCH,Research the submission route,,unknown,INSUFFICIENT,Unknown,Unknown,unknown,,what action the platform supports; the action URL,86,"tier tier1, priority P2",/research/business-directories/opportunities/
Tonaton,Business Directories,Ghana,country-specific,NEEDS_BROWSER,Verify the route in a browser,,unknown,INSUFFICIENT,Unknown,Unknown,unknown,,what action the platform supports; the action URL,86,"tier tier1, priority P2",/research/business-directories/opportunities/
Tonaton,Marketplace & Classified Platforms,Ghana,,NEEDS_RESEARCH,Research the submission route,,freemium,INSUFFICIENT,Unknown,Unknown,unknown,,the action URL,77,"accepts both sellers, freemium",/research/marketplaces/
Toolify,Business Directories,Global,global,NEEDS_RESEARCH,Research the submission route,,unknown,INSUFFICIENT,Unknown,Unknown,unknown,,what action the platform supports; the action URL,68,"tier tier2, priority P2",/research/business-directories/opportunities/
ToolsForHumans,Business Directories,Global,global,NEEDS_RESEARCH,Research the submission route,,unknown,INSUFFICIENT,Unknown,Unknown,unknown,,what action the platform supports; the action URL,46,"tier tier3, priority P3",/research/business-directories/opportunities/
TopAI.tools,Business Directories,Global,global,NEEDS_RESEARCH,Research the submission route,,unknown,INSUFFICIENT,Unknown,Unknown,unknown,,what action the platform supports; the action URL,68,"tier tier2, priority P2",/research/business-directories/opportunities/
TopCV,Business Directories,Vietnam,country-specific,NEEDS_RESEARCH,Research the submission route,,unknown,INSUFFICIENT,Unknown,Unknown,unknown,,what action the platform supports; the action URL,86,"tier tier1, priority P2",/research/business-directories/opportunities/
TopDevelopers.co,Business Directories,Global,asia; global,READY,Create a business profile,https://www.topdevelopers.co/listing-packages,freemium,LOW,Unknown,Unknown,verified,,,56,"tier tier3, priority P3",/research/business-directories/opportunities/
Toptal,Business Directories,Global,global,NEEDS_RESEARCH,Research the submission route,,unknown,INSUFFICIENT,Unknown,Unknown,unknown,,what action the platform supports; the action URL,82,"tier tier1, priority P3",/research/business-directories/opportunities/
Tori,Business Directories,Finland,country-specific,NEEDS_RESEARCH,Research the submission route,,unknown,INSUFFICIENT,Unknown,Unknown,unknown,,what action the platform supports; the action URL,64,"tier tier2, priority P3",/research/business-directories/opportunities/
Tori,Marketplace & Classified Platforms,Finland,,NEEDS_RESEARCH,Research the submission route,,freemium,INSUFFICIENT,Unknown,Unknown,unknown,,the action URL,77,"accepts both sellers, freemium",/research/marketplaces/
Total Telecom,"Media, PR & Publishing",United Kingdom,global,READY,Distribute a press release,https://totaltele.com/,unknown,LOW,Unknown,Unknown,verified,,,56,Media Score 56 (Moderate),/research/media-pr-publishing/
Totaljobs,Business Directories,United Kingdom,united-kingdom,NEEDS_RESEARCH,Research the submission route,,unknown,INSUFFICIENT,Unknown,Unknown,unknown,,what action the platform supports; the action URL,64,"tier tier2, priority P3",/research/business-directories/opportunities/
Tourism Industry Association of Canada,Business Directories,Canada,canada,NEEDS_RESEARCH,Research the submission route,,unknown,INSUFFICIENT,Unknown,Unknown,unknown,,what action the platform supports; the action URL,46,"tier tier3, priority P3",/research/business-directories/opportunities/
Towards Data Science,"Media, PR & Publishing",Canada,global,READY,Submit a contributed article,https://towardsdatascience.com/questions-96667b06af5/,free,MEDIUM,Unknown,Unknown,verified,,,88,Media Score 88 (Exceptional),/research/media-pr-publishing/
Trabajos.com,Business Directories,Spain,country-specific,NEEDS_RESEARCH,Research the submission route,,unknown,INSUFFICIENT,Unknown,Unknown,unknown,,what action the platform supports; the action URL,46,"tier tier3, priority P3",/research/business-directories/opportunities/
Trabalha Brasil,Business Directories,Brazil,country-specific,NEEDS_BROWSER,Verify the route in a browser,,unknown,INSUFFICIENT,Unknown,Unknown,unknown,,what action the platform supports; the action URL,64,"tier tier2, priority P3",/research/business-directories/opportunities/
Tracxn,Business Directories,Global,global; india,NEEDS_RESEARCH,Research the submission route,,unknown,INSUFFICIENT,Unknown,Unknown,unknown,,what action the platform supports; the action URL,64,"tier tier2, priority P3",/research/business-directories/opportunities/
TradeFord,Business Directories,Global,asia; global,NEEDS_RESEARCH,Research the submission route,,unknown,INSUFFICIENT,Unknown,Unknown,unknown,,what action the platform supports; the action URL,46,"tier tier3, priority P3",/research/business-directories/opportunities/
TradeIndia,Business Directories,Global,asia; india,NEEDS_RESEARCH,Research the submission route,,unknown,INSUFFICIENT,Unknown,Unknown,unknown,,what action the platform supports; the action URL,86,"tier tier1, priority P2",/research/business-directories/opportunities/
TradeKey,Business Directories,Global,asia; global,NEEDS_RESEARCH,Research the submission route,,unknown,INSUFFICIENT,Unknown,Unknown,unknown,,what action the platform supports; the action URL,46,"tier tier3, priority P3",/research/business-directories/opportunities/
Tradera,Marketplace & Classified Platforms,Sweden,,NEEDS_RESEARCH,Research the submission route,,freemium,INSUFFICIENT,Unknown,Unknown,unknown,,the action URL,77,"accepts both sellers, freemium",/research/marketplaces/
Trading Post,Marketplace & Classified Platforms,Australia,,NEEDS_BROWSER,Verify the route in a browser,,freemium,INSUFFICIENT,Unknown,Unknown,unknown,,the action URL,69,"accepts both sellers, freemium",/research/marketplaces/
Trane Dealer Locator,Business Directories,United States,north-america,NEEDS_RESEARCH,Research the submission route,,unknown,INSUFFICIENT,Unknown,Unknown,unknown,,what action the platform supports; the action URL,64,"tier tier2, priority P3",/research/business-directories/opportunities/
Trang Vàng BIZ,Business Directories,Vietnam,country-specific,NEEDS_RESEARCH,Research the submission route,,unknown,INSUFFICIENT,Unknown,Unknown,unknown,,what action the platform supports; the action URL,46,"tier tier3, priority P3",/research/business-directories/opportunities/
Trang Vàng Việt Nam,Business Directories,Vietnam,country-specific,NEEDS_RESEARCH,Research the submission route,,unknown,INSUFFICIENT,Unknown,Unknown,unknown,,what action the platform supports; the action URL,68,"tier tier2, priority P2",/research/business-directories/opportunities/
Transport Topics,"Media, PR & Publishing",United States,national,NEEDS_RESEARCH,Research the submission route,,unknown,INSUFFICIENT,Unknown,Unknown,unknown,,what action the platform supports; the action URL,,below the Media Score evidence floor,/research/media-pr-publishing/
Travaux.com,Business Directories,France,country-specific,NEEDS_RESEARCH,Research the submission route,,unknown,INSUFFICIENT,Unknown,Unknown,unknown,,what action the platform supports; the action URL,68,"tier tier2, priority P2",/research/business-directories/opportunities/
Travel Belize,Business Directories,Belize,country-specific,READY,Create a business profile,https://www.travelbelize.org/add-your-business/,unknown,LOW,Unknown,Unknown,verified,,,74,"tier tier2, priority P3",/research/business-directories/opportunities/
Travel Weekly,"Media, PR & Publishing",United States,global,READY,Submit a contributed article,https://www.travelweekly.com/write-for-us,unknown,LOW,Unknown,Unknown,verified,,,87,Media Score 87 (Strong),/research/media-pr-publishing/
Traveloka,Business Directories,Indonesia,asia,NEEDS_RESEARCH,Research the submission route,,unknown,INSUFFICIENT,Unknown,Unknown,unknown,,what action the platform supports; the action URL,86,"tier tier1, priority P2",/research/business-directories/opportunities/
Treatwell,Business Directories,United Kingdom,europe; united-kingdom,NEEDS_RESEARCH,Research the submission route,,unknown,INSUFFICIENT,Unknown,Unknown,unknown,,the action URL,100,"tier tier1, priority P1",/research/business-directories/opportunities/
Treatwell Deutschland,Business Directories,Germany,country-specific,NEEDS_RESEARCH,Research the submission route,,unknown,INSUFFICIENT,Unknown,Unknown,unknown,,what action the platform supports; the action URL,68,"tier tier2, priority P2",/research/business-directories/opportunities/
Treatwell España,Business Directories,Spain,country-specific,NEEDS_RESEARCH,Research the submission route,,unknown,INSUFFICIENT,Unknown,Unknown,unknown,,what action the platform supports; the action URL,68,"tier tier2, priority P2",/research/business-directories/opportunities/
Treatwell Italia,Business Directories,Italy,country-specific,NEEDS_RESEARCH,Research the submission route,,unknown,INSUFFICIENT,Unknown,Unknown,unknown,,what action the platform supports; the action URL,68,"tier tier2, priority P2",/research/business-directories/opportunities/
Treatwell Nederland,Business Directories,Netherlands,country-specific,NEEDS_RESEARCH,Research the submission route,,unknown,INSUFFICIENT,Unknown,Unknown,unknown,,what action the platform supports; the action URL,68,"tier tier2, priority P2",/research/business-directories/opportunities/
Treebo,Business Directories,India,india,NEEDS_RESEARCH,Research the submission route,,unknown,INSUFFICIENT,Unknown,Unknown,unknown,,what action the platform supports; the action URL,46,"tier tier3, priority P3",/research/business-directories/opportunities/
Trending Topics,"Media, PR & Publishing",Austria,regional,NEEDS_RESEARCH,Research the submission route,,unknown,INSUFFICIENT,Unknown,Unknown,unknown,,what action the platform supports; the action URL,,below the Media Score evidence floor,/research/media-pr-publishing/
Trepup,Business Directories,Global,global,NEEDS_RESEARCH,Research the submission route,,unknown,INSUFFICIENT,Unknown,Unknown,unknown,,what action the platform supports; the action URL,46,"tier tier3, priority P3",/research/business-directories/opportunities/
Tridge,Business Directories,Global,global,NEEDS_RESEARCH,Research the submission route,,unknown,INSUFFICIENT,Unknown,Unknown,unknown,,what action the platform supports; the action URL,68,"tier tier2, priority P2",/research/business-directories/opportunities/
Tripadvisor,Business Directories,Global,global,NEEDS_BROWSER,Verify the route in a browser,,unknown,INSUFFICIENT,Unknown,Unknown,unknown,,what action the platform supports; the action URL,94,"tier tier1, priority P1",/research/business-directories/opportunities/
Trouver un Pro,Business Directories,France,country-specific,NEEDS_RESEARCH,Research the submission route,,unknown,INSUFFICIENT,Unknown,Unknown,unknown,,what action the platform supports; the action URL,46,"tier tier3, priority P3",/research/business-directories/opportunities/
TrovaNumeri,Business Directories,Italy,country-specific,NEEDS_RESEARCH,Research the submission route,,unknown,INSUFFICIENT,Unknown,Unknown,unknown,,what action the platform supports; the action URL,46,"tier tier3, priority P3",/research/business-directories/opportunities/
Trovaprezzi,Business Directories,Italy,country-specific,NEEDS_BROWSER,Verify the route in a browser,,unknown,INSUFFICIENT,Unknown,Unknown,unknown,,what action the platform supports; the action URL,86,"tier tier1, priority P2",/research/business-directories/opportunities/
TruckPaper,Business Directories,United States,north-america,NEEDS_RESEARCH,Research the submission route,,unknown,INSUFFICIENT,Unknown,Unknown,unknown,,what action the platform supports; the action URL,46,"tier tier3, priority P3",/research/business-directories/opportunities/
TrueCar,Business Directories,United States,united-states,NEEDS_RESEARCH,Research the submission route,,unknown,INSUFFICIENT,Unknown,Unknown,unknown,,what action the platform supports; the action URL,64,"tier tier2, priority P3",/research/business-directories/opportunities/
TrueLocal,Business Directories,Australia,australia,NEEDS_BROWSER,Verify the route in a browser,,unknown,INSUFFICIENT,Unknown,Unknown,unknown,,what action the platform supports; the action URL,68,"tier tier2, priority P2",/research/business-directories/opportunities/
TrustATrader,Business Directories,United Kingdom,united-kingdom,NEEDS_RESEARCH,Research the submission route,,unknown,INSUFFICIENT,Unknown,Unknown,unknown,,what action the platform supports; the action URL,68,"tier tier2, priority P2",/research/business-directories/opportunities/
TrustLink,Business Directories,United States,united-states,READY,Create a business profile,https://www.trustlink.org/NewBusiness.aspx?AspxAutoDetectCookieSupport=1,unknown,LOW,Unknown,Unknown,verified,,,56,"tier tier3, priority P3",/research/business-directories/opportunities/
TrustMark,Business Directories,United Kingdom,united-kingdom,NEEDS_RESEARCH,Research the submission route,,unknown,INSUFFICIENT,Unknown,Unknown,unknown,,what action the platform supports; the action URL,68,"tier tier2, priority P2",/research/business-directories/opportunities/
TrustMate,Business Directories,Poland,europe,NEEDS_RESEARCH,Research the submission route,,unknown,INSUFFICIENT,Unknown,Unknown,unknown,,what action the platform supports; the action URL,64,"tier tier2, priority P3",/research/business-directories/opportunities/
TrustRadius,Business Directories,Global,global,NEEDS_BROWSER,Verify the route in a browser,,unknown,INSUFFICIENT,Unknown,Unknown,unknown,,what action the platform supports; the action URL,94,"tier tier1, priority P1",/research/business-directories/opportunities/
Trusted Shops,Business Directories,Global,dach; europe,NEEDS_RESEARCH,Research the submission route,,unknown,INSUFFICIENT,Unknown,Unknown,unknown,,what action the platform supports; the action URL,86,"tier tier1, priority P2",/research/business-directories/opportunities/
TrustedChoice,Business Directories,United States,united-states,NEEDS_BROWSER,Verify the route in a browser,,unknown,INSUFFICIENT,Unknown,Unknown,unknown,,what action the platform supports; the action URL,64,"tier tier2, priority P3",/research/business-directories/opportunities/
TrustedPros,Business Directories,Canada,canada,NEEDS_BROWSER,Verify the route in a browser,,unknown,INSUFFICIENT,Unknown,Unknown,unknown,,what action the platform supports; the action URL,46,"tier tier3, priority P3",/research/business-directories/opportunities/
Trustoo,Business Directories,Netherlands,country-specific,NEEDS_RESEARCH,Research the submission route,,unknown,INSUFFICIENT,Unknown,Unknown,unknown,,what action the platform supports; the action URL,68,"tier tier2, priority P2",/research/business-directories/opportunities/
Trustpilot,Business Directories,Global,global,READY,Create a business profile,https://signup.business.trustpilot.com/create-account,freemium,HIGH,Easy,Instant,verified,,,100,"tier tier1, priority P1",/research/business-directories/opportunities/
TuCarro,Marketplace & Classified Platforms,Colombia,,NEEDS_RESEARCH,Research the submission route,,paid,INSUFFICIENT,Unknown,Unknown,unknown,,the action URL,68,"accepts both sellers, paid",/research/marketplaces/
TuInmueble,Marketplace & Classified Platforms,Venezuela,,NEEDS_RESEARCH,Research the submission route,,paid,INSUFFICIENT,Unknown,Unknown,unknown,,the action URL,68,"accepts both sellers, paid",/research/marketplaces/
Tunisie Index,Business Directories,Tunisia,country-specific,NEEDS_RESEARCH,Research the submission route,,unknown,INSUFFICIENT,Unknown,Unknown,unknown,,what action the platform supports; the action URL,46,"tier tier3, priority P3",/research/business-directories/opportunities/
Tupalo,Business Directories,Global,europe; global,READY,Create a business profile,https://tupalo.com/en/api/v5/spot/new,unknown,LOW,Unknown,Unknown,verified,,,56,"tier tier3, priority P3",/research/business-directories/opportunities/
Tupalo Österreich,Business Directories,Austria,country-specific,NEEDS_RESEARCH,Research the submission route,,unknown,INSUFFICIENT,Unknown,Unknown,unknown,,what action the platform supports; the action URL,46,"tier tier3, priority P3",/research/business-directories/opportunities/
Tutors.com,Business Directories,United States,united-states,NEEDS_RESEARCH,Research the submission route,,unknown,INSUFFICIENT,Unknown,Unknown,unknown,,what action the platform supports; the action URL,46,"tier tier3, priority P3",/research/business-directories/opportunities/
TuttoCittà,Business Directories,Italy,country-specific,NEEDS_RESEARCH,Research the submission route,,unknown,INSUFFICIENT,Unknown,Unknown,unknown,,what action the platform supports; the action URL,68,"tier tier2, priority P2",/research/business-directories/opportunities/
Twilio Catalog,Business Directories,Global,global,NEEDS_RESEARCH,Research the submission route,,unknown,INSUFFICIENT,Unknown,Unknown,unknown,,what action the platform supports; the action URL,64,"tier tier2, priority P3",/research/business-directories/opportunities/
TÜV SÜD Certified Clients,Business Directories,Global,global,NEEDS_BROWSER,Verify the route in a browser,,unknown,INSUFFICIENT,Unknown,Unknown,unknown,,what action the platform supports; the action URL,64,"tier tier2, priority P3",/research/business-directories/opportunities/
UA-REGION,Business Directories,Ukraine,country-specific,NEEDS_RESEARCH,Research the submission route,,unknown,INSUFFICIENT,Unknown,Unknown,unknown,,what action the platform supports; the action URL,46,"tier tier3, priority P3",/research/business-directories/opportunities/
UAE Business Directory,Business Directories,United Arab Emirates,middle-east,NEEDS_RESEARCH,Research the submission route,,unknown,INSUFFICIENT,Unknown,Unknown,unknown,,what action the platform supports; the action URL,46,"tier tier3, priority P3",/research/business-directories/opportunities/
UC Today,"Media, PR & Publishing",United Kingdom,global,READY,Submit company news,https://www.uctoday.com/contact-us/,free,LOW,Unknown,Unknown,verified,,,90,Media Score 90 (Exceptional),/research/media-pr-publishing/
UK Business Directory,Business Directories,United Kingdom,united-kingdom,READY,Create a business profile,https://www.ukbusinessdirectory.uk/submit-listing,free,LOW,Unknown,Unknown,verified,,,56,"tier tier3, priority P3",/research/business-directories/opportunities/
UK Small Business Directory,Business Directories,United Kingdom,united-kingdom,READY,Create a business profile,https://www.uksmallbusinessdirectory.co.uk/advertising/,free,LOW,Unknown,Unknown,verified,,,56,"tier tier3, priority P3",/research/business-directories/opportunities/
UKTN,"Media, PR & Publishing",United Kingdom,national,NEEDS_BROWSER,Verify the route in a browser,,unknown,INSUFFICIENT,Unknown,Unknown,unknown,,what action the platform supports; the action URL,,below the Media Score evidence floor,/research/media-pr-publishing/
US-Info,Business Directories,United States,united-states,NEEDS_RESEARCH,Research the submission route,,unknown,INSUFFICIENT,Unknown,Unknown,unknown,,the action URL,56,"tier tier3, priority P3",/research/business-directories/opportunities/
Uber Eats,Business Directories,Global,global,READY,Create a business profile,https://www.uber.com/cz/en/business/solutions/eats/overview/,unknown,LOW,Unknown,Unknown,verified,,,96,"tier tier1, priority P2",/research/business-directories/opportunities/
Udaan,Business Directories,India,india,NEEDS_RESEARCH,Research the submission route,,unknown,INSUFFICIENT,Unknown,Unknown,unknown,,what action the platform supports; the action URL,86,"tier tier1, priority P2",/research/business-directories/opportunities/
Uneed,Business Directories,Global,global,NEEDS_RESEARCH,Research the submission route,,unknown,INSUFFICIENT,Unknown,Unknown,unknown,,what action the platform supports; the action URL,68,"tier tier2, priority P2",/research/business-directories/opportunities/
Uneed,"Media, PR & Publishing",France,global,READY,Submit a product launch,https://www.uneed.best/submit-a-tool,freemium,LOW,Unknown,Unknown,verified,,,76,Media Score 76 (Good),/research/media-pr-publishing/
Unite.AI,"Media, PR & Publishing",Canada,global,NEEDS_RESEARCH,Research the submission route,,unknown,INSUFFICIENT,Unknown,Unknown,unknown,,what action the platform supports; the action URL,,below the Media Score evidence floor,/research/media-pr-publishing/
Untappd,Business Directories,Global,global,NEEDS_RESEARCH,Research the submission route,,unknown,INSUFFICIENT,Unknown,Unknown,unknown,,what action the platform supports; the action URL,64,"tier tier2, priority P3",/research/business-directories/opportunities/
Unternehmensverzeichnis,Business Directories,Germany,dach,NEEDS_RESEARCH,Research the submission route,,unknown,INSUFFICIENT,Unknown,Unknown,unknown,,what action the platform supports; the action URL,46,"tier tier3, priority P3",/research/business-directories/opportunities/
UpCounsel,Business Directories,United States,united-states,NEEDS_RESEARCH,Research the submission route,,unknown,INSUFFICIENT,Unknown,Unknown,unknown,,what action the platform supports; the action URL,46,"tier tier3, priority P3",/research/business-directories/opportunities/
Upwork,Business Directories,Global,global,NEEDS_RESEARCH,Research the submission route,,unknown,INSUFFICIENT,Unknown,Unknown,unknown,,what action the platform supports; the action URL,86,"tier tier1, priority P2",/research/business-directories/opportunities/
Urakkamaailma,Business Directories,Finland,country-specific,NEEDS_RESEARCH,Research the submission route,,unknown,INSUFFICIENT,Unknown,Unknown,unknown,,what action the platform supports; the action URL,46,"tier tier3, priority P3",/research/business-directories/opportunities/
Urban Company,Business Directories,India,india,NEEDS_RESEARCH,Research the submission route,,unknown,INSUFFICIENT,Unknown,Unknown,unknown,,what action the platform supports; the action URL,86,"tier tier1, priority P2",/research/business-directories/opportunities/
Urbania,Marketplace & Classified Platforms,Peru,,NEEDS_BROWSER,Verify the route in a browser,,paid,INSUFFICIENT,Unknown,Unknown,unknown,,the action URL,60,"accepts both sellers, paid",/research/marketplaces/
Used.ca,Business Directories,Canada,regional,NEEDS_RESEARCH,Research the submission route,,free,INSUFFICIENT,Unknown,Unknown,unknown,,what action the platform supports; the action URL,46,"tier tier3, priority P3",/research/business-directories/opportunities/
Used.ca,Marketplace & Classified Platforms,Canada,,NEEDS_RESEARCH,Research the submission route,,free,INSUFFICIENT,Unknown,Unknown,unknown,,the action URL,77,"accepts both sellers, freemium",/research/marketplaces/
Utah Business,"Media, PR & Publishing",United States,local,READY,Pitch the editorial team,https://www.utahbusiness.com/pages/pitch-a-story/,unknown,LOW,Unknown,Unknown,verified,,,83,Media Score 83 (Strong),/research/media-pr-publishing/
Utility Dive,"Media, PR & Publishing",United States,national,READY,Pitch the editorial team,https://www.utilitydive.com/submit-tip/,free,LOW,Unknown,Unknown,verified,,,89,Media Score 89 (Exceptional),/research/media-pr-publishing/
UtrechtInc,Business Directories,Netherlands,regional,NEEDS_RESEARCH,Research the submission route,,unknown,INSUFFICIENT,Unknown,Unknown,unknown,,what action the platform supports; the action URL,46,"tier tier3, priority P3",/research/business-directories/opportunities/
VCCI,Business Directories,Vietnam,country-specific,NEEDS_RESEARCH,Research the submission route,,unknown,INSUFFICIENT,Unknown,Unknown,unknown,,what action the platform supports; the action URL,86,"tier tier1, priority P2",/research/business-directories/opportunities/
VDMA,Business Directories,Germany,europe,NEEDS_RESEARCH,Research the submission route,,unknown,INSUFFICIENT,Unknown,Unknown,unknown,,what action the platform supports; the action URL,86,"tier tier1, priority P2",/research/business-directories/opportunities/
VNO-NCW,Business Directories,Netherlands,country-specific,NEEDS_RESEARCH,Research the submission route,,unknown,INSUFFICIENT,Unknown,Unknown,unknown,,what action the platform supports; the action URL,64,"tier tier2, priority P3",/research/business-directories/opportunities/
VTDigger,"Media, PR & Publishing",United States,local,NEEDS_RESEARCH,Research the submission route,,unknown,INSUFFICIENT,Unknown,Unknown,unknown,,what action the platform supports; the action URL,,below the Media Score evidence floor,/research/media-pr-publishing/
Vagaro,Business Directories,United States,north-america,READY,Create a business profile,https://www.vagaro.com/signup-1?licence=1,unknown,LOW,Unknown,Unknown,verified,,,74,"tier tier2, priority P3",/research/business-directories/opportunities/
Vagas.com.br,Business Directories,Brazil,country-specific,NEEDS_RESEARCH,Research the submission route,,unknown,INSUFFICIENT,Unknown,Unknown,unknown,,what action the platform supports; the action URL,86,"tier tier1, priority P2",/research/business-directories/opportunities/
Vagas.com.br,Marketplace & Classified Platforms,Brazil,,NEEDS_RESEARCH,Research the submission route,,paid,INSUFFICIENT,Unknown,Unknown,unknown,,the action URL,80,"accepts business sellers, paid",/research/marketplaces/
ValuePress,"Media, PR & Publishing",Japan,national,NEEDS_RESEARCH,Research the submission route,,paid,INSUFFICIENT,Unknown,Unknown,unknown,,the action URL,46,Media Score 46 (Limited),/research/media-pr-publishing/
VarageSale,Marketplace & Classified Platforms,United States,,NEEDS_RESEARCH,Research the submission route,,free,INSUFFICIENT,Unknown,Unknown,unknown,,the action URL,80,"accepts both sellers, free",/research/marketplaces/
Vatera,Marketplace & Classified Platforms,Hungary,,NEEDS_RESEARCH,Research the submission route,,free,INSUFFICIENT,Unknown,Unknown,unknown,,the action URL,77,"accepts both sellers, freemium",/research/marketplaces/
Vault,Business Directories,Global,united-states,NEEDS_RESEARCH,Research the submission route,,unknown,INSUFFICIENT,Unknown,Unknown,unknown,,what action the platform supports; the action URL,64,"tier tier2, priority P3",/research/business-directories/opportunities/
Ventureburn,"Media, PR & Publishing",South Africa,regional,READY,Submit company news,https://ventureburn.com/contact/,free,MEDIUM,Unknown,Unknown,verified,,,88,Media Score 88 (Exceptional),/research/media-pr-publishing/
Venturelab,Business Directories,Switzerland,country-specific,NEEDS_RESEARCH,Research the submission route,,unknown,INSUFFICIENT,Unknown,Unknown,unknown,,what action the platform supports; the action URL,64,"tier tier2, priority P3",/research/business-directories/opportunities/
Verema,Business Directories,Spain,country-specific,NEEDS_RESEARCH,Research the submission route,,unknown,INSUFFICIENT,Unknown,Unknown,unknown,,what action the platform supports; the action URL,46,"tier tier3, priority P3",/research/business-directories/opportunities/
Version2,"Media, PR & Publishing",Denmark,national,NEEDS_RESEARCH,Research the submission route,,free,INSUFFICIENT,Unknown,Unknown,unknown,,the action URL,79,Media Score 79 (Strong),/research/media-pr-publishing/
Verslo žinios,"Media, PR & Publishing",Lithuania,national,NEEDS_RESEARCH,Research the submission route,,unknown,INSUFFICIENT,Unknown,Unknown,unknown,,what action the platform supports; the action URL,,below the Media Score evidence floor,/research/media-pr-publishing/
VetLocator,Business Directories,United States,united-states,NEEDS_RESEARCH,Research the submission route,,unknown,INSUFFICIENT,Unknown,Unknown,unknown,,what action the platform supports; the action URL,46,"tier tier3, priority P3",/research/business-directories/opportunities/
Veteran Owned Business Directory,Business Directories,United States,united-states,NEEDS_RESEARCH,Research the submission route,,unknown,INSUFFICIENT,Unknown,Unknown,unknown,,what action the platform supports; the action URL,46,"tier tier3, priority P3",/research/business-directories/opportunities/
ViaMichelin,Business Directories,France,europe,NEEDS_BROWSER,Verify the route in a browser,,unknown,INSUFFICIENT,Unknown,Unknown,unknown,,what action the platform supports; the action URL,64,"tier tier2, priority P3",/research/business-directories/opportunities/
Viator,Business Directories,Global,global,NEEDS_RESEARCH,Research the submission route,,unknown,INSUFFICIENT,Unknown,Unknown,unknown,,what action the platform supports; the action URL,86,"tier tier1, priority P2",/research/business-directories/opportunities/
Vietnam Investment Review,"Media, PR & Publishing",Vietnam,national,NEEDS_RESEARCH,Research the submission route,,unknown,INSUFFICIENT,Unknown,Unknown,unknown,,what action the platform supports; the action URL,,below the Media Score evidence floor,/research/media-pr-publishing/
Vietnam Suppliers,Business Directories,Vietnam,global,NEEDS_RESEARCH,Research the submission route,,unknown,INSUFFICIENT,Unknown,Unknown,unknown,,what action the platform supports; the action URL,46,"tier tier3, priority P3",/research/business-directories/opportunities/
VietnamWorks,Business Directories,Vietnam,country-specific,NEEDS_RESEARCH,Research the submission route,,unknown,INSUFFICIENT,Unknown,Unknown,unknown,,what action the platform supports; the action URL,86,"tier tier1, priority P2",/research/business-directories/opportunities/
Vinted,Marketplace & Classified Platforms,France,,BLOCKED,No executable action available,,free,INSUFFICIENT,Unknown,Unknown,unknown,"accepts private sellers only, not companies",,34,"accepts private sellers, free",/research/marketplaces/
Virginia Business,"Media, PR & Publishing",United States,local,NEEDS_BROWSER,Verify the route in a browser,,unknown,INSUFFICIENT,Unknown,Unknown,unknown,,what action the platform supports; the action URL,,below the Media Score evidence floor,/research/media-pr-publishing/
VisaLietuva.lt,Business Directories,Lithuania,country-specific,NEEDS_RESEARCH,Research the submission route,,unknown,INSUFFICIENT,Unknown,Unknown,unknown,,what action the platform supports; the action URL,68,"tier tier2, priority P2",/research/business-directories/opportunities/
Visit Costa Rica,Business Directories,Costa Rica,country-specific,NEEDS_RESEARCH,Research the submission route,,unknown,INSUFFICIENT,Unknown,Unknown,unknown,,what action the platform supports; the action URL,64,"tier tier2, priority P3",/research/business-directories/opportunities/
Visit Jamaica,Business Directories,Jamaica,country-specific,NEEDS_RESEARCH,Research the submission route,,unknown,INSUFFICIENT,Unknown,Unknown,unknown,,what action the platform supports; the action URL,64,"tier tier2, priority P3",/research/business-directories/opportunities/
Visit Panama,Business Directories,Panama,country-specific,NEEDS_RESEARCH,Research the submission route,,unknown,INSUFFICIENT,Unknown,Unknown,unknown,,what action the platform supports; the action URL,64,"tier tier2, priority P3",/research/business-directories/opportunities/
Visual Studio Marketplace,Business Directories,Global,global,NEEDS_RESEARCH,Research the submission route,,unknown,INSUFFICIENT,Unknown,Unknown,unknown,,what action the platform supports; the action URL,82,"tier tier1, priority P2",/research/business-directories/opportunities/
Vitals,Business Directories,United States,united-states,READY,Claim the existing company profile,https://go.vitals.com/vitals/doctor/claim/,unknown,LOW,Unknown,Unknown,verified,,,78,"tier tier2, priority P2",/research/business-directories/opportunities/
VivaReal,Marketplace & Classified Platforms,Brazil,,NEEDS_RESEARCH,Research the submission route,,paid,INSUFFICIENT,Unknown,Unknown,unknown,,the action URL,68,"accepts both sellers, paid",/research/marketplaces/
Vivanuncios,Business Directories,Mexico,country-specific,NEEDS_BROWSER,Verify the route in a browser,,unknown,INSUFFICIENT,Unknown,Unknown,unknown,,what action the platform supports; the action URL,64,"tier tier2, priority P3",/research/business-directories/opportunities/
Vivanuncios,Marketplace & Classified Platforms,Mexico,,NEEDS_BROWSER,Verify the route in a browser,,freemium,INSUFFICIENT,Unknown,Unknown,unknown,,the action URL,69,"accepts both sellers, freemium",/research/marketplaces/
Việc Làm 24h,Marketplace & Classified Platforms,Vietnam,,NEEDS_RESEARCH,Research the submission route,,paid,INSUFFICIENT,Unknown,Unknown,unknown,,the action URL,80,"accepts business sellers, paid",/research/marketplaces/
VoipReview,"Media, PR & Publishing",United States,national,NEEDS_RESEARCH,Research the submission route,,unknown,INSUFFICIENT,Unknown,Unknown,unknown,,the action URL,59,Media Score 59 (Moderate),/research/media-pr-publishing/
Vrbo,Business Directories,Global,north-america,NEEDS_RESEARCH,Research the submission route,,unknown,INSUFFICIENT,Unknown,Unknown,unknown,,what action the platform supports; the action URL,82,"tier tier1, priority P3",/research/business-directories/opportunities/
Vrisko.gr,Business Directories,Greece,european-union,NEEDS_RESEARCH,Research the submission route,,unknown,INSUFFICIENT,Unknown,Unknown,unknown,,what action the platform supports; the action URL,68,"tier tier2, priority P2",/research/business-directories/opportunities/
Vulcan Post,"Media, PR & Publishing",Singapore,regional,NEEDS_RESEARCH,Research the submission route,,unknown,INSUFFICIENT,Unknown,Unknown,unknown,,what action the platform supports; the action URL,,below the Media Score evidence floor,/research/media-pr-publishing/
WBENC,Business Directories,United States,united-states,NEEDS_RESEARCH,Research the submission route,,unknown,INSUFFICIENT,Unknown,Unknown,unknown,,what action the platform supports; the action URL,64,"tier tier2, priority P3",/research/business-directories/opportunities/
WCA World,Business Directories,Global,global,NEEDS_RESEARCH,Research the submission route,,unknown,INSUFFICIENT,Unknown,Unknown,unknown,,what action the platform supports; the action URL,86,"tier tier1, priority P2",/research/business-directories/opportunities/
WKO Firmen A-Z,Business Directories,Austria,dach,NEEDS_RESEARCH,Research the submission route,,unknown,INSUFFICIENT,Unknown,Unknown,unknown,,what action the platform supports; the action URL,86,"tier tier1, priority P2",/research/business-directories/opportunities/
WOMO,Business Directories,Australia,australia,NEEDS_BROWSER,Verify the route in a browser,,unknown,INSUFFICIENT,Unknown,Unknown,unknown,,what action the platform supports; the action URL,68,"tier tier2, priority P2",/research/business-directories/opportunities/
WRAL TechWire,"Media, PR & Publishing",United States,local,NEEDS_RESEARCH,Research the submission route,,unknown,INSUFFICIENT,Unknown,Unknown,unknown,,what action the platform supports; the action URL,,below the Media Score evidence floor,/research/media-pr-publishing/
Wadline,Business Directories,Global,global,READY,Create a business profile,https://wadline.com/dashboard/company,unknown,LOW,Unknown,Unknown,verified,,,56,"tier tier3, priority P3",/research/business-directories/opportunities/
Wallapop,Business Directories,Spain,europe,NEEDS_RESEARCH,Research the submission route,,unknown,INSUFFICIENT,Unknown,Unknown,unknown,,what action the platform supports; the action URL,82,"tier tier1, priority P3",/research/business-directories/opportunities/
Wallapop,Marketplace & Classified Platforms,Spain,,NEEDS_RESEARCH,Research the submission route,,freemium,INSUFFICIENT,Unknown,Unknown,unknown,,the action URL,74,"accepts both sellers, freemium",/research/marketplaces/
Wamda,"Media, PR & Publishing",United Arab Emirates,regional,READY,Submit a contributed article,https://www.wamda.com/contact,free,MEDIUM,Unknown,Unknown,verified,,,87,Media Score 87 (Strong),/research/media-pr-publishing/
Wand,Business Directories,Global,global; north-america,NEEDS_RESEARCH,Research the submission route,,unknown,INSUFFICIENT,Unknown,Unknown,unknown,,what action the platform supports; the action URL,46,"tier tier3, priority P3",/research/business-directories/opportunities/
Wanted,Business Directories,South Korea,country-specific,NEEDS_RESEARCH,Research the submission route,,unknown,INSUFFICIENT,Unknown,Unknown,unknown,,what action the platform supports; the action URL,86,"tier tier1, priority P2",/research/business-directories/opportunities/
Wantedly,Business Directories,Japan,japan,NEEDS_RESEARCH,Research the submission route,,unknown,INSUFFICIENT,Unknown,Unknown,unknown,,what action the platform supports; the action URL,68,"tier tier2, priority P2",/research/business-directories/opportunities/
Webflow Certified Partners,Business Directories,Global,global,NEEDS_RESEARCH,Research the submission route,,unknown,INSUFFICIENT,Unknown,Unknown,unknown,,what action the platform supports; the action URL,86,"tier tier1, priority P2",/research/business-directories/opportunities/
Webmotors,Business Directories,Brazil,country-specific,NEEDS_RESEARCH,Research the submission route,,unknown,INSUFFICIENT,Unknown,Unknown,unknown,,what action the platform supports; the action URL,82,"tier tier1, priority P3",/research/business-directories/opportunities/
Webmotors,Marketplace & Classified Platforms,Brazil,,READY,Post an advertisement,https://www.webmotors.com.br/vender-carro,paid,LOW,Unknown,Unknown,verified,,,68,"accepts both sellers, paid",/research/marketplaces/
Webrazzi,"Media, PR & Publishing",Turkey,national,READY,Buy a sponsored placement,https://webrazzi.com/reklam/,paid,LOW,Unknown,Unknown,verified,,,45,Media Score 45 (Limited),/research/media-pr-publishing/
Webtickets,Business Directories,South Africa,country-specific,NEEDS_RESEARCH,Research the submission route,,unknown,INSUFFICIENT,Unknown,Unknown,unknown,,what action the platform supports; the action URL,46,"tier tier3, priority P3",/research/business-directories/opportunities/
Webwiki France,Business Directories,France,country-specific,NEEDS_RESEARCH,Research the submission route,,unknown,INSUFFICIENT,Unknown,Unknown,unknown,,what action the platform supports; the action URL,46,"tier tier3, priority P3",/research/business-directories/opportunities/
WebwinkelKeur,Business Directories,Netherlands,country-specific,NEEDS_RESEARCH,Research the submission route,,unknown,INSUFFICIENT,Unknown,Unknown,unknown,,what action the platform supports; the action URL,64,"tier tier2, priority P3",/research/business-directories/opportunities/
Wedding Spot,Business Directories,United States,united-states,NEEDS_RESEARCH,Research the submission route,,unknown,INSUFFICIENT,Unknown,Unknown,unknown,,what action the platform supports; the action URL,64,"tier tier2, priority P3",/research/business-directories/opportunities/
WeddingWire,Business Directories,Global,global; united-states,NEEDS_RESEARCH,Research the submission route,,unknown,INSUFFICIENT,Unknown,Unknown,unknown,,what action the platform supports; the action URL,86,"tier tier1, priority P2",/research/business-directories/opportunities/
WeddingWire Canada,Business Directories,Canada,canada,READY,Create a business profile,https://www.weddingwire.ca/emp-Acceso.php,free,LOW,Unknown,Unknown,verified,,,74,"tier tier2, priority P3",/research/business-directories/opportunities/
Welcome to the Jungle,Business Directories,Global,europe; global,NEEDS_RESEARCH,Research the submission route,,unknown,INSUFFICIENT,Unknown,Unknown,unknown,,what action the platform supports; the action URL,86,"tier tier1, priority P2",/research/business-directories/opportunities/
Wellfound,Business Directories,Global,global,NEEDS_RESEARCH,Research the submission route,,freemium,INSUFFICIENT,Unknown,Unknown,unknown,,what action the platform supports; the action URL,82,"tier tier1, priority P2",/research/business-directories/opportunities/
Wellness.com,Business Directories,United States,united-states,READY,Create a business profile,https://www.wellness.com/docs/12761/wellness-provider-program,unknown,LOW,Unknown,Unknown,verified,,,56,"tier tier3, priority P3",/research/business-directories/opportunities/
WerKenntDenBesten,Business Directories,Germany,dach,NEEDS_RESEARCH,Research the submission route,,unknown,INSUFFICIENT,Unknown,Unknown,unknown,,what action the platform supports; the action URL,68,"tier tier2, priority P2",/research/business-directories/opportunities/
Werkspot,Business Directories,Netherlands,country-specific,NEEDS_RESEARCH,Research the submission route,,unknown,INSUFFICIENT,Unknown,Unknown,unknown,,what action the platform supports; the action URL,68,"tier tier2, priority P2",/research/business-directories/opportunities/
Werkzoeken.nl,Business Directories,Netherlands,country-specific,NEEDS_BROWSER,Verify the route in a browser,,unknown,INSUFFICIENT,Unknown,Unknown,unknown,,what action the platform supports; the action URL,46,"tier tier3, priority P3",/research/business-directories/opportunities/
Wesgro,Business Directories,South Africa,regional,NEEDS_RESEARCH,Research the submission route,,unknown,INSUFFICIENT,Unknown,Unknown,unknown,,what action the platform supports; the action URL,46,"tier tier3, priority P3",/research/business-directories/opportunities/
What's On,Business Directories,United Arab Emirates,middle-east,NEEDS_RESEARCH,Research the submission route,,unknown,INSUFFICIENT,Unknown,Unknown,unknown,,what action the platform supports; the action URL,64,"tier tier2, priority P3",/research/business-directories/opportunities/
Wheree,Business Directories,Global,global,NEEDS_RESEARCH,Research the submission route,,unknown,INSUFFICIENT,Unknown,Unknown,unknown,,what action the platform supports; the action URL,46,"tier tier3, priority P3",/research/business-directories/opportunities/
Which? Trusted Traders,Business Directories,United Kingdom,united-kingdom,NEEDS_RESEARCH,Research the submission route,,unknown,INSUFFICIENT,Unknown,Unknown,unknown,,what action the platform supports; the action URL,86,"tier tier1, priority P2",/research/business-directories/opportunities/
White Pages Australia,Business Directories,Australia,australia,NEEDS_BROWSER,Verify the route in a browser,,unknown,INSUFFICIENT,Unknown,Unknown,unknown,,what action the platform supports; the action URL,86,"tier tier1, priority P2",/research/business-directories/opportunities/
Whitepages Business,Business Directories,United States,united-states,NEEDS_RESEARCH,Research the submission route,,unknown,INSUFFICIENT,Unknown,Unknown,unknown,,what action the platform supports; the action URL,64,"tier tier2, priority P3",/research/business-directories/opportunities/
WhoDoYou,Business Directories,Global,global; united-states,NEEDS_RESEARCH,Research the submission route,,unknown,INSUFFICIENT,Unknown,Unknown,unknown,,what action the platform supports; the action URL,46,"tier tier3, priority P3",/research/business-directories/opportunities/
Windpower Engineering & Development,"Media, PR & Publishing",United States,global,NEEDS_RESEARCH,Research the submission route,,unknown,INSUFFICIENT,Unknown,Unknown,unknown,,what action the platform supports; the action URL,,below the Media Score evidence floor,/research/media-pr-publishing/
Winred Empresas,Business Directories,Spain,country-specific,NEEDS_RESEARCH,Research the submission route,,unknown,INSUFFICIENT,Unknown,Unknown,unknown,,what action the platform supports; the action URL,46,"tier tier3, priority P3",/research/business-directories/opportunities/
WirtschaftsWoche,"Media, PR & Publishing",Germany,national,NEEDS_RESEARCH,Research the submission route,,unknown,INSUFFICIENT,Unknown,Unknown,unknown,,what action the platform supports; the action URL,,below the Media Score evidence floor,/research/media-pr-publishing/
Wirtualne Media,"Media, PR & Publishing",Poland,national,NEEDS_RESEARCH,Research the submission route,,unknown,INSUFFICIENT,Unknown,Unknown,unknown,,what action the platform supports; the action URL,,below the Media Score evidence floor,/research/media-pr-publishing/
WiserAdvisor,Business Directories,United States,united-states,NEEDS_RESEARCH,Research the submission route,,unknown,INSUFFICIENT,Unknown,Unknown,unknown,,what action the platform supports; the action URL,46,"tier tier3, priority P3",/research/business-directories/opportunities/
Wix Marketplace,Business Directories,Global,global,NEEDS_RESEARCH,Research the submission route,,unknown,INSUFFICIENT,Unknown,Unknown,unknown,,what action the platform supports; the action URL,86,"tier tier1, priority P2",/research/business-directories/opportunities/
Wongnai,Business Directories,Thailand,country-specific,NEEDS_RESEARCH,Research the submission route,,unknown,INSUFFICIENT,Unknown,Unknown,unknown,,what action the platform supports; the action URL,94,"tier tier1, priority P1",/research/business-directories/opportunities/
WooCommerce extensions,Business Directories,Global,global,NEEDS_RESEARCH,Research the submission route,,unknown,INSUFFICIENT,Unknown,Unknown,unknown,,what action the platform supports; the action URL,64,"tier tier2, priority P2",/research/business-directories/opportunities/
Word of Mouth,Business Directories,Australia,australia,NEEDS_BROWSER,Verify the route in a browser,,unknown,INSUFFICIENT,Unknown,Unknown,unknown,,what action the platform supports; the action URL,68,"tier tier2, priority P2",/research/business-directories/opportunities/
WordPress Plugin Directory,Business Directories,Global,global,NEEDS_RESEARCH,Research the submission route,,free,INSUFFICIENT,Unknown,Unknown,unknown,,what action the platform supports; the action URL,82,"tier tier1, priority P2",/research/business-directories/opportunities/
Workopolis,Business Directories,Canada,canada,NEEDS_RESEARCH,Research the submission route,,unknown,INSUFFICIENT,Unknown,Unknown,unknown,,what action the platform supports; the action URL,64,"tier tier2, priority P3",/research/business-directories/opportunities/
World Chambers Network,Business Directories,Global,global,NEEDS_RESEARCH,Research the submission route,,unknown,INSUFFICIENT,Unknown,Unknown,unknown,,what action the platform supports; the action URL,64,"tier tier2, priority P3",/research/business-directories/opportunities/
World Factory Network,Business Directories,China,china,NEEDS_RESEARCH,Research the submission route,,unknown,INSUFFICIENT,Unknown,Unknown,unknown,,what action the platform supports; the action URL,64,"tier tier2, priority P3",/research/business-directories/opportunities/
Wuzzuf,Marketplace & Classified Platforms,Egypt,,NEEDS_RESEARCH,Research the submission route,,paid,INSUFFICIENT,Unknown,Unknown,unknown,,the action URL,80,"accepts business sellers, paid",/research/marketplaces/
Wyzant,Business Directories,United States,united-states,NEEDS_RESEARCH,Research the submission route,,unknown,INSUFFICIENT,Unknown,Unknown,unknown,,what action the platform supports; the action URL,64,"tier tier2, priority P3",/research/business-directories/opportunities/
XE.gr,Marketplace & Classified Platforms,Greece,,NEEDS_BROWSER,Verify the route in a browser,,freemium,INSUFFICIENT,Unknown,Unknown,unknown,,the action URL,69,"accepts both sellers, freemium",/research/marketplaces/
XING Employer Profiles,Business Directories,Germany,dach,NEEDS_RESEARCH,Research the submission route,,unknown,INSUFFICIENT,Unknown,Unknown,unknown,,what action the platform supports; the action URL,86,"tier tier1, priority P2",/research/business-directories/opportunities/
Xianyu,Marketplace & Classified Platforms,China,,NEEDS_RESEARCH,Research the submission route,,free,INSUFFICIENT,Unknown,Unknown,unknown,,the action URL,80,"accepts both sellers, free",/research/marketplaces/
Y Combinator Startup Directory,Business Directories,Global,global,NEEDS_RESEARCH,Research the submission route,,unknown,INSUFFICIENT,Unknown,Unknown,unknown,,what action the platform supports; the action URL,82,"tier tier1, priority P3",/research/business-directories/opportunities/
YES!Delft,Business Directories,Netherlands,regional,NEEDS_RESEARCH,Research the submission route,,unknown,INSUFFICIENT,Unknown,Unknown,unknown,,what action the platform supports; the action URL,64,"tier tier2, priority P3",/research/business-directories/opportunities/
Yably,Business Directories,Global,global,NEEDS_RESEARCH,Research the submission route,,unknown,INSUFFICIENT,Unknown,Unknown,unknown,,what action the platform supports; the action URL,46,"tier tier3, priority P3",/research/business-directories/opportunities/
Yahoo! Auctions Japan,Marketplace & Classified Platforms,Japan,,NEEDS_BROWSER,Verify the route in a browser,,freemium,INSUFFICIENT,Unknown,Unknown,unknown,,the action URL,69,"accepts both sellers, freemium",/research/marketplaces/
YallaMotor,Business Directories,United Arab Emirates,middle-east,NEEDS_RESEARCH,Research the submission route,,unknown,INSUFFICIENT,Unknown,Unknown,unknown,,what action the platform supports; the action URL,64,"tier tier2, priority P3",/research/business-directories/opportunities/
Yalwa,Business Directories,Global,global,NEEDS_BROWSER,Verify the route in a browser,,unknown,INSUFFICIENT,Unknown,Unknown,unknown,,what action the platform supports; the action URL,46,"tier tier3, priority P3",/research/business-directories/opportunities/
Yalwa Deutschland,Business Directories,Germany,dach,NEEDS_BROWSER,Verify the route in a browser,,unknown,INSUFFICIENT,Unknown,Unknown,unknown,,what action the platform supports; the action URL,46,"tier tier3, priority P3",/research/business-directories/opportunities/
Yalwa España,Business Directories,Spain,country-specific,NEEDS_BROWSER,Verify the route in a browser,,unknown,INSUFFICIENT,Unknown,Unknown,unknown,,what action the platform supports; the action URL,46,"tier tier3, priority P3",/research/business-directories/opportunities/
Yalwa France,Business Directories,France,country-specific,NEEDS_BROWSER,Verify the route in a browser,,unknown,INSUFFICIENT,Unknown,Unknown,unknown,,what action the platform supports; the action URL,46,"tier tier3, priority P3",/research/business-directories/opportunities/
Yalwa India,Business Directories,India,india,NEEDS_BROWSER,Verify the route in a browser,,unknown,INSUFFICIENT,Unknown,Unknown,unknown,,what action the platform supports; the action URL,46,"tier tier3, priority P3",/research/business-directories/opportunities/
Yalwa Ireland,Business Directories,Ireland,country-specific,NEEDS_BROWSER,Verify the route in a browser,,unknown,INSUFFICIENT,Unknown,Unknown,unknown,,what action the platform supports; the action URL,46,"tier tier3, priority P3",/research/business-directories/opportunities/
Yalwa Nederland,Business Directories,Netherlands,country-specific,NEEDS_BROWSER,Verify the route in a browser,,unknown,INSUFFICIENT,Unknown,Unknown,unknown,,what action the platform supports; the action URL,46,"tier tier3, priority P3",/research/business-directories/opportunities/
Yalwa Philippines,Business Directories,Philippines,country-specific,NEEDS_BROWSER,Verify the route in a browser,,unknown,INSUFFICIENT,Unknown,Unknown,unknown,,what action the platform supports; the action URL,46,"tier tier3, priority P3",/research/business-directories/opportunities/
Yalwa Schweiz,Business Directories,Switzerland,country-specific,NEEDS_BROWSER,Verify the route in a browser,,unknown,INSUFFICIENT,Unknown,Unknown,unknown,,what action the platform supports; the action URL,46,"tier tier3, priority P3",/research/business-directories/opportunities/
Yalwa Singapore,Business Directories,Singapore,country-specific,NEEDS_BROWSER,Verify the route in a browser,,unknown,INSUFFICIENT,Unknown,Unknown,unknown,,what action the platform supports; the action URL,46,"tier tier3, priority P3",/research/business-directories/opportunities/
Yalwa Österreich,Business Directories,Austria,country-specific,NEEDS_BROWSER,Verify the route in a browser,,unknown,INSUFFICIENT,Unknown,Unknown,unknown,,what action the platform supports; the action URL,46,"tier tier3, priority P3",/research/business-directories/opportunities/
Yanolja,Business Directories,South Korea,country-specific,NEEDS_RESEARCH,Research the submission route,,unknown,INSUFFICIENT,Unknown,Unknown,unknown,,what action the platform supports; the action URL,86,"tier tier1, priority P2",/research/business-directories/opportunities/
Yapo.cl,Business Directories,Chile,country-specific,NEEDS_RESEARCH,Research the submission route,,unknown,INSUFFICIENT,Unknown,Unknown,unknown,,what action the platform supports; the action URL,82,"tier tier1, priority P3",/research/business-directories/opportunities/
Yapo.cl,Marketplace & Classified Platforms,Chile,,NEEDS_RESEARCH,Research the submission route,,freemium,INSUFFICIENT,Unknown,Unknown,unknown,,the action URL,77,"accepts both sellers, freemium",/research/marketplaces/
Yell,Business Directories,United Kingdom,united-kingdom,READY,Create a business profile,https://www.yell.com/free-listing/,free,LOW,Unknown,Unknown,verified,,,100,"tier tier1, priority P1",/research/business-directories/opportunities/
Yello Caribbean,Business Directories,Jamaica,regional,READY,Create a business profile,https://www.findyello.com/list-business/,unknown,LOW,Unknown,Unknown,verified,,,78,"tier tier2, priority P2",/research/business-directories/opportunities/
Yellow Malta,Business Directories,Malta,european-union,READY,Create a business profile,https://www.packages.yellow.com.mt/,unknown,LOW,Unknown,Unknown,verified,,,78,"tier tier2, priority P2",/research/business-directories/opportunities/
Yellow NZ,Business Directories,New Zealand,country-specific,NEEDS_BROWSER,Verify the route in a browser,,unknown,INSUFFICIENT,Unknown,Unknown,unknown,,what action the platform supports; the action URL,94,"tier tier1, priority P1",/research/business-directories/opportunities/
Yellow Pages,Business Directories,United States,united-states,READY,Claim the existing company profile,https://www.yellowpages.com/claim-your-listing?from=advertise-with-us-YP,unknown,LOW,Unknown,Unknown,verified,,,100,"tier tier1, priority P1",/research/business-directories/opportunities/
Yellow Pages Australia,Business Directories,Australia,australia,NEEDS_RESEARCH,Research the submission route,,free,INSUFFICIENT,Unknown,Unknown,unknown,,what action the platform supports; the action URL,94,"tier tier1, priority P1",/research/business-directories/opportunities/
Yellow Pages Azerbaijan,Business Directories,Azerbaijan,country-specific,NEEDS_RESEARCH,Research the submission route,,unknown,INSUFFICIENT,Unknown,Unknown,unknown,,what action the platform supports; the action URL,46,"tier tier3, priority P3",/research/business-directories/opportunities/
Yellow Pages Bosnia,Business Directories,Bosnia and Herzegovina,europe,NEEDS_RESEARCH,Research the submission route,,unknown,INSUFFICIENT,Unknown,Unknown,unknown,,what action the platform supports; the action URL,68,"tier tier2, priority P2",/research/business-directories/opportunities/
Yellow Pages Egypt,Business Directories,Egypt,country-specific,NEEDS_BROWSER,Verify the route in a browser,,unknown,INSUFFICIENT,Unknown,Unknown,unknown,,what action the platform supports; the action URL,68,"tier tier2, priority P2",/research/business-directories/opportunities/
Yellow Pages Kenya,Business Directories,Kenya,country-specific,READY,Create a business profile,https://www.yellowpageskenya.com/add-your-business,unknown,LOW,Unknown,Unknown,verified,,,78,"tier tier2, priority P2",/research/business-directories/opportunities/
Yellow Pages Malaysia,Business Directories,Malaysia,country-specific,NEEDS_BROWSER,Verify the route in a browser,,unknown,INSUFFICIENT,Unknown,Unknown,unknown,,what action the platform supports; the action URL,68,"tier tier2, priority P2",/research/business-directories/opportunities/
Yellow Pages Morocco,Business Directories,Morocco,country-specific,READY,Create a business profile,https://www.yellowpages.net/business/add/?referer=yellowpages.ma#addcompanyform,unknown,LOW,Unknown,Unknown,verified,,,56,"tier tier3, priority P3",/research/business-directories/opportunities/
Yellow Pages Singapore,Business Directories,Singapore,asia,NEEDS_BROWSER,Verify the route in a browser,,unknown,INSUFFICIENT,Unknown,Unknown,unknown,,what action the platform supports; the action URL,86,"tier tier1, priority P2",/research/business-directories/opportunities/
Yellow Pages UAE,Business Directories,United Arab Emirates,middle-east,READY,Create a business profile,https://www.yellowpages.ae/register?userType=Seller,unknown,LOW,Unknown,Unknown,verified,,,78,"tier tier2, priority P2",/research/business-directories/opportunities/
Yellow Pages Uzbekistan,Business Directories,Uzbekistan,country-specific,READY,Create a business profile,https://www.yellowpages.uz/company/add,unknown,LOW,Unknown,Unknown,verified,,,56,"tier tier3, priority P3",/research/business-directories/opportunities/
Yellow Pages Zambia,Business Directories,Zambia,africa,NEEDS_RESEARCH,Research the submission route,,unknown,INSUFFICIENT,Unknown,Unknown,unknown,,what action the platform supports; the action URL,68,"tier tier2, priority P2",/research/business-directories/opportunities/
Yellow.lu,Business Directories,Luxembourg,european-union,NEEDS_RESEARCH,Research the submission route,,unknown,INSUFFICIENT,Unknown,Unknown,unknown,,what action the platform supports; the action URL,68,"tier tier2, priority P2",/research/business-directories/opportunities/
YellowBot,Business Directories,United States,united-states,READY,Create a business profile,https://www.yellowbot.com/submit/newbusiness,unknown,LOW,Unknown,Unknown,verified,,,56,"tier tier3, priority P3",/research/business-directories/opportunities/
YellowMap,Business Directories,Germany,dach,READY,Create a business profile,https://www.yellowmap.de/ProductsUV.aspx,unknown,LOW,Unknown,Unknown,verified,,,78,"tier tier2, priority P2",/research/business-directories/opportunities/
YellowPageCity,Business Directories,United States,united-states,READY,Create a business profile,https://yellowpagecity.com/add-listing/,unknown,LOW,Unknown,Unknown,verified,,,56,"tier tier3, priority P3",/research/business-directories/opportunities/
YellowPages.ca,Business Directories,Canada,canada,READY,Create a business profile,https://solutions.yp.ca/free-listing,freemium,MEDIUM,Easy,Unknown,verified,,,100,"tier tier1, priority P1",/research/business-directories/opportunities/
YellowPagesDirectory,Business Directories,Global,global; united-states,NEEDS_BROWSER,Verify the route in a browser,,unknown,INSUFFICIENT,Unknown,Unknown,unknown,,what action the platform supports; the action URL,46,"tier tier3, priority P3",/research/business-directories/opportunities/
Yellowbook,Business Directories,United States,united-states,NEEDS_RESEARCH,Research the submission route,,unknown,INSUFFICIENT,Unknown,Unknown,unknown,,what action the platform supports; the action URL,64,"tier tier2, priority P3",/research/business-directories/opportunities/
Yelp for Business,Business Directories,Global,global,NEEDS_RESEARCH,Research the submission route,,freemium,INSUFFICIENT,Unknown,Unknown,unknown,,what action the platform supports; the action URL,90,"tier tier1, priority P1",/research/business-directories/opportunities/
Yiwugo,Business Directories,China,global,NEEDS_RESEARCH,Research the submission route,,unknown,INSUFFICIENT,Unknown,Unknown,unknown,,what action the platform supports; the action URL,68,"tier tier2, priority P2",/research/business-directories/opportunities/
Yoga Alliance,Business Directories,Global,global,NEEDS_RESEARCH,Research the submission route,,unknown,INSUFFICIENT,Unknown,Unknown,unknown,,what action the platform supports; the action URL,64,"tier tier2, priority P3",/research/business-directories/opportunities/
Youla,Marketplace & Classified Platforms,Russia,,NEEDS_RESEARCH,Research the submission route,,freemium,INSUFFICIENT,Unknown,Unknown,unknown,,the action URL,74,"accepts both sellers, freemium",/research/marketplaces/
YourStory,Business Directories,India,india,NEEDS_RESEARCH,Research the submission route,,unknown,INSUFFICIENT,Unknown,Unknown,unknown,,what action the platform supports; the action URL,64,"tier tier2, priority P3",/research/business-directories/opportunities/
YourStory,"Media, PR & Publishing",India,national,READY,Pitch the editorial team,https://yourstory.com/contact-us,free,MEDIUM,Unknown,Unknown,verified,,,86,Media Score 86 (Strong),/research/media-pr-publishing/
ZAP Imóveis,Marketplace & Classified Platforms,Brazil,,NEEDS_RESEARCH,Research the submission route,,paid,INSUFFICIENT,Unknown,Unknown,unknown,,the action URL,68,"accepts both sellers, paid",/research/marketplaces/
ZDNET,"Media, PR & Publishing",United States,global,NEEDS_RESEARCH,Research the submission route,,unknown,INSUFFICIENT,Unknown,Unknown,unknown,,what action the platform supports; the action URL,,below the Media Score evidence floor,/research/media-pr-publishing/
ZL.lv,Business Directories,Latvia,country-specific,NEEDS_RESEARCH,Research the submission route,,unknown,INSUFFICIENT,Unknown,Unknown,unknown,,the action URL,78,"tier tier2, priority P2",/research/business-directories/opportunities/
ZPP,Business Directories,Poland,country-specific,NEEDS_RESEARCH,Research the submission route,,unknown,INSUFFICIENT,Unknown,Unknown,unknown,,what action the platform supports; the action URL,46,"tier tier3, priority P3",/research/business-directories/opportunities/
ZVEI,Business Directories,Germany,europe,NEEDS_RESEARCH,Research the submission route,,unknown,INSUFFICIENT,Unknown,Unknown,unknown,,what action the platform supports; the action URL,64,"tier tier2, priority P3",/research/business-directories/opportunities/
Zambia Yellow Pages,Business Directories,Zambia,country-specific,NEEDS_BROWSER,Verify the route in a browser,,unknown,INSUFFICIENT,Unknown,Unknown,unknown,,what action the platform supports; the action URL,68,"tier tier2, priority P2",/research/business-directories/opportunities/
Zameen,Marketplace & Classified Platforms,Pakistan,,NEEDS_RESEARCH,Research the submission route,,paid,INSUFFICIENT,Unknown,Unknown,unknown,,the action URL,68,"accepts both sellers, paid",/research/marketplaces/
Zap,Business Directories,Israel,country-specific,NEEDS_BROWSER,Verify the route in a browser,,unknown,INSUFFICIENT,Unknown,Unknown,unknown,,what action the platform supports; the action URL,86,"tier tier1, priority P2",/research/business-directories/opportunities/
Zapier App Directory,Business Directories,Global,global,NEEDS_RESEARCH,Research the submission route,,unknown,INSUFFICIENT,Unknown,Unknown,unknown,,what action the platform supports; the action URL,94,"tier tier1, priority P1",/research/business-directories/opportunities/
Zaubee,Business Directories,Global,global,NEEDS_BROWSER,Verify the route in a browser,,unknown,INSUFFICIENT,Unknown,Unknown,unknown,,what action the platform supports; the action URL,46,"tier tier3, priority P3",/research/business-directories/opportunities/
Zawya,"Media, PR & Publishing",United Arab Emirates,regional,NEEDS_RESEARCH,Research the submission route,,unknown,INSUFFICIENT,Unknown,Unknown,unknown,,what action the platform supports; the action URL,,below the Media Score evidence floor,/research/media-pr-publishing/
Zboží.cz,Business Directories,Czech Republic,country-specific,NEEDS_RESEARCH,Research the submission route,,unknown,INSUFFICIENT,Unknown,Unknown,unknown,,what action the platform supports; the action URL,86,"tier tier1, priority P2",/research/business-directories/opportunities/
Zendesk Marketplace,Business Directories,Global,global,NEEDS_RESEARCH,Research the submission route,,unknown,INSUFFICIENT,Unknown,Unknown,unknown,,what action the platform supports; the action URL,86,"tier tier1, priority P2",/research/business-directories/opportunities/
Zhuanzhuan,Marketplace & Classified Platforms,China,,NEEDS_RESEARCH,Research the submission route,,freemium,INSUFFICIENT,Unknown,Unknown,unknown,,the action URL,74,"accepts both sellers, freemium",/research/marketplaces/
Ziarul Financiar,"Media, PR & Publishing",Romania,national,NEEDS_RESEARCH,Research the submission route,,unknown,INSUFFICIENT,Unknown,Unknown,unknown,,what action the platform supports; the action URL,,below the Media Score evidence floor,/research/media-pr-publishing/
Zigbang,Marketplace & Classified Platforms,South Korea,,NEEDS_RESEARCH,Research the submission route,,paid,INSUFFICIENT,Unknown,Unknown,unknown,,the action URL,68,"accepts both sellers, paid",/research/marketplaces/
Zillow,Marketplace & Classified Platforms,United States,,NEEDS_RESEARCH,Research the submission route,,paid,INSUFFICIENT,Unknown,Unknown,unknown,,the action URL,68,"accepts both sellers, paid",/research/marketplaces/
Zillow Agent Finder,Business Directories,United States,united-states,NEEDS_BROWSER,Verify the route in a browser,,unknown,INSUFFICIENT,Unknown,Unknown,unknown,,what action the platform supports; the action URL,86,"tier tier1, priority P2",/research/business-directories/opportunities/
ZipLeaf Canada,Business Directories,Canada,canada,READY,Create a business profile,https://www.zipleaf.ca/Add-Your-Business,free,LOW,Unknown,Unknown,verified,,,56,"tier tier3, priority P3",/research/business-directories/opportunities/
ZipLeaf India,Business Directories,India,india,READY,Create a business profile,https://www.zipleaf.in/Add-Your-Business,free,LOW,Unknown,Unknown,verified,,,56,"tier tier3, priority P3",/research/business-directories/opportunities/
ZipRecruiter,Business Directories,Global,united-states,NEEDS_BROWSER,Verify the route in a browser,,unknown,INSUFFICIENT,Unknown,Unknown,unknown,,what action the platform supports; the action URL,82,"tier tier1, priority P3",/research/business-directories/opportunities/
Zippia,Business Directories,Global,united-states,NEEDS_RESEARCH,Research the submission route,,unknown,INSUFFICIENT,Unknown,Unknown,unknown,,what action the platform supports; the action URL,64,"tier tier2, priority P3",/research/business-directories/opportunities/
Zlaté stránky,Business Directories,Czech Republic,country-specific,NEEDS_RESEARCH,Research the submission route,,unknown,INSUFFICIENT,Unknown,Unknown,unknown,,the action URL,92,"tier tier1, priority P3",/research/business-directories/opportunities/
Zlaté stránky,Business Directories,Slovakia,country-specific,NEEDS_RESEARCH,Research the submission route,,unknown,INSUFFICIENT,Unknown,Unknown,unknown,,the action URL,74,"tier tier2, priority P3",/research/business-directories/opportunities/
ZnanyLekarz,Business Directories,Poland,country-specific,NEEDS_RESEARCH,Research the submission route,,unknown,INSUFFICIENT,Unknown,Unknown,unknown,,what action the platform supports; the action URL,68,"tier tier2, priority P2",/research/business-directories/opportunities/
Zocdoc,Business Directories,United States,united-states,NEEDS_BROWSER,Verify the route in a browser,,unknown,INSUFFICIENT,Unknown,Unknown,unknown,,what action the platform supports; the action URL,86,"tier tier1, priority P2",/research/business-directories/opportunities/
Zola Wedding Vendors,Business Directories,United States,united-states,NEEDS_RESEARCH,Research the submission route,,unknown,INSUFFICIENT,Unknown,Unknown,unknown,,what action the platform supports; the action URL,64,"tier tier2, priority P3",/research/business-directories/opportunities/
Zomato,Business Directories,Global,asia; india,NEEDS_RESEARCH,Research the submission route,,unknown,INSUFFICIENT,Unknown,Unknown,unknown,,what action the platform supports; the action URL,86,"tier tier1, priority P2",/research/business-directories/opportunities/
Zona Turística,Business Directories,Mexico,country-specific,NEEDS_RESEARCH,Research the submission route,,unknown,INSUFFICIENT,Unknown,Unknown,unknown,,what action the platform supports; the action URL,46,"tier tier3, priority P3",/research/business-directories/opportunities/
Zonaprop,Marketplace & Classified Platforms,Argentina,,NEEDS_RESEARCH,Research the submission route,,paid,INSUFFICIENT,Unknown,Unknown,unknown,,the action URL,68,"accepts both sellers, paid",/research/marketplaces/
Zoom,Business Directories,Brazil,country-specific,NEEDS_BROWSER,Verify the route in a browser,,unknown,INSUFFICIENT,Unknown,Unknown,unknown,,what action the platform supports; the action URL,64,"tier tier2, priority P3",/research/business-directories/opportunities/
Zoom App Marketplace,Business Directories,Global,global,NEEDS_RESEARCH,Research the submission route,,unknown,INSUFFICIENT,Unknown,Unknown,unknown,,what action the platform supports; the action URL,86,"tier tier1, priority P2",/research/business-directories/opportunities/
Zoover,Business Directories,Netherlands,country-specific,NEEDS_RESEARCH,Research the submission route,,unknown,INSUFFICIENT,Unknown,Unknown,unknown,,what action the platform supports; the action URL,64,"tier tier2, priority P3",/research/business-directories/opportunities/
ZorgkaartNederland,Business Directories,Netherlands,country-specific,NEEDS_RESEARCH,Research the submission route,,unknown,INSUFFICIENT,Unknown,Unknown,unknown,,what action the platform supports; the action URL,64,"tier tier2, priority P3",/research/business-directories/opportunities/
ad.co.il,Marketplace & Classified Platforms,Israel,,NEEDS_RESEARCH,Research the submission route,,unknown,INSUFFICIENT,Unknown,Unknown,unknown,,the action URL,77,"accepts both sellers, unknown",/research/marketplaces/
aitools.fyi,Business Directories,Global,global,NEEDS_RESEARCH,Research the submission route,,unknown,INSUFFICIENT,Unknown,Unknown,unknown,,what action the platform supports; the action URL,46,"tier tier3, priority P3",/research/business-directories/opportunities/
anibis.ch,Marketplace & Classified Platforms,Switzerland,,NEEDS_BROWSER,Verify the route in a browser,,freemium,INSUFFICIENT,Unknown,Unknown,unknown,,the action URL,69,"accepts both sellers, freemium",/research/marketplaces/
anwalt.de,Business Directories,Germany,country-specific,NEEDS_BROWSER,Verify the route in a browser,,unknown,INSUFFICIENT,Unknown,Unknown,unknown,,what action the platform supports; the action URL,68,"tier tier2, priority P2",/research/business-directories/opportunities/
apna,Business Directories,India,india,NEEDS_RESEARCH,Research the submission route,,unknown,INSUFFICIENT,Unknown,Unknown,unknown,,what action the platform supports; the action URL,86,"tier tier1, priority P2",/research/business-directories/opportunities/
at home,Marketplace & Classified Platforms,Japan,,NEEDS_RESEARCH,Research the submission route,,paid,INSUFFICIENT,Unknown,Unknown,unknown,,the action URL,80,"accepts business sellers, paid",/research/marketplaces/
atHome.lu,Marketplace & Classified Platforms,Luxembourg,,READY,Post an advertisement,https://www.athome.lu/vendre,paid,LOW,Unknown,Unknown,verified,,,68,"accepts both sellers, paid",/research/marketplaces/
av.by,Marketplace & Classified Platforms,Belarus,,NEEDS_BROWSER,Verify the route in a browser,,paid,INSUFFICIENT,Unknown,Unknown,unknown,,the action URL,60,"accepts both sellers, paid",/research/marketplaces/
bazar.at,Marketplace & Classified Platforms,Austria,,READY,Post a classified listing,https://www.bazar.at/mein/anzeigen-aufgabe,free,LOW,Unknown,Unknown,verified,,,83,"accepts both sellers, free",/research/marketplaces/
beehiiv Ad Network,"Media, PR & Publishing",United States,global,READY,Buy a sponsored placement,https://www.beehiiv.com/ad-network,paid,LOW,Unknown,Unknown,verified,,,49,Media Score 49 (Limited),/research/media-pr-publishing/
bikesales,Marketplace & Classified Platforms,Australia,,READY,Post an advertisement,https://www.bikesales.com.au/sell-my-bike/?ret=internal-bikesales-desktop-top-nav&driver_crosssell=bikesales.sell_top_nav.link,paid,LOW,Unknown,Unknown,verified,,,68,"accepts both sellers, paid",/research/marketplaces/
boatsales,Marketplace & Classified Platforms,Australia,,READY,Post an advertisement,https://www.boatsales.com.au/sell-my-boat/,paid,LOW,Unknown,Unknown,verified,,,68,"accepts both sellers, paid",/research/marketplaces/
branchen-info.net,Business Directories,Germany,dach,READY,Create a business profile,https://www.branchen-info.net/informationen-fuer-unternehmen/,unknown,LOW,Unknown,Unknown,verified,,,56,"tier tier3, priority P3",/research/business-directories/opportunities/
brutkasten,"Media, PR & Publishing",Austria,national,NEEDS_BROWSER,Verify the route in a browser,,unknown,INSUFFICIENT,Unknown,Unknown,unknown,,what action the platform supports; the action URL,,below the Media Score evidence floor,/research/media-pr-publishing/
carsales,Business Directories,Australia,australia,NEEDS_BROWSER,Verify the route in a browser,,unknown,INSUFFICIENT,Unknown,Unknown,unknown,,what action the platform supports; the action URL,82,"tier tier1, priority P3",/research/business-directories/opportunities/
carsales,Marketplace & Classified Platforms,Australia,,NEEDS_BROWSER,Verify the route in a browser,,paid,INSUFFICIENT,Unknown,Unknown,unknown,,the action URL,60,"accepts both sellers, paid",/research/marketplaces/
crates.io,Business Directories,Global,global,NEEDS_BROWSER,Verify the route in a browser,,free,INSUFFICIENT,Unknown,Unknown,unknown,,what action the platform supports; the action URL,78,"tier tier1, priority P3",/research/business-directories/opportunities/
dLook,Business Directories,Australia,australia,READY,Create a business profile,https://www.dlook.com.au/add-your-business,unknown,LOW,Unknown,Unknown,verified,,,56,"tier tier3, priority P3",/research/business-directories/opportunities/
deutsche-startups.de,"Media, PR & Publishing",Germany,national,READY,Pitch the editorial team,https://www.deutsche-startups.de/kontakt/,free,MEDIUM,Unknown,Unknown,verified,,,86,Media Score 86 (Strong),/research/media-pr-publishing/
dev.ua,"Media, PR & Publishing",Ukraine,national,NEEDS_RESEARCH,Research the submission route,,unknown,INSUFFICIENT,Unknown,Unknown,unknown,,what action the platform supports; the action URL,,below the Media Score evidence floor,/research/media-pr-publishing/
e15,"Media, PR & Publishing",Czech Republic,national,NEEDS_RESEARCH,Research the submission route,,unknown,INSUFFICIENT,Unknown,Unknown,unknown,,what action the platform supports; the action URL,,below the Media Score evidence floor,/research/media-pr-publishing/
e27,Business Directories,Global,asia,NEEDS_BROWSER,Verify the route in a browser,,unknown,INSUFFICIENT,Unknown,Unknown,unknown,,what action the platform supports; the action URL,64,"tier tier2, priority P3",/research/business-directories/opportunities/
e27,"Media, PR & Publishing",Singapore,regional,READY,Submit a contributed article,https://e27.co/contact-us/,mixed,MEDIUM,Unknown,Unknown,verified,,,85,Media Score 85 (Strong),/research/media-pr-publishing/
eBay,Marketplace & Classified Platforms,United States,,NEEDS_RESEARCH,Research the submission route,,freemium,INSUFFICIENT,Unknown,Unknown,unknown,,the action URL,77,"accepts both sellers, freemium",/research/marketplaces/
eBay Australia,Marketplace & Classified Platforms,Australia,,READY,Create a seller account,https://www.ebay.com.au/sellercentre,freemium,LOW,Unknown,Unknown,verified,,,77,"accepts both sellers, freemium",/research/marketplaces/
eBay Canada,Marketplace & Classified Platforms,Canada,,NEEDS_RESEARCH,Research the submission route,,freemium,INSUFFICIENT,Unknown,Unknown,unknown,,the action URL,77,"accepts both sellers, freemium",/research/marketplaces/
eIndiaBusiness,Business Directories,India,india,NEEDS_BROWSER,Verify the route in a browser,,unknown,INSUFFICIENT,Unknown,Unknown,unknown,,what action the platform supports; the action URL,46,"tier tier3, priority P3",/research/business-directories/opportunities/
eKomi,Business Directories,Global,dach; europe,NEEDS_RESEARCH,Research the submission route,,unknown,INSUFFICIENT,Unknown,Unknown,unknown,,what action the platform supports; the action URL,64,"tier tier2, priority P3",/research/business-directories/opportunities/
eLocal,Business Directories,United States,united-states,NEEDS_RESEARCH,Research the submission route,,unknown,INSUFFICIENT,Unknown,Unknown,unknown,,what action the platform supports; the action URL,46,"tier tier3, priority P3",/research/business-directories/opportunities/
ePRO,Business Directories,France,country-specific,NEEDS_RESEARCH,Research the submission route,,unknown,INSUFFICIENT,Unknown,Unknown,unknown,,what action the platform supports; the action URL,46,"tier tier3, priority P3",/research/business-directories/opportunities/
eSIMDB,"Media, PR & Publishing",United States,global,NEEDS_RESEARCH,Research the submission route,,unknown,INSUFFICIENT,Unknown,Unknown,unknown,,what action the platform supports; the action URL,,below the Media Score evidence floor,/research/media-pr-publishing/
eWorldTrade,Business Directories,Global,asia; global,NEEDS_BROWSER,Verify the route in a browser,,unknown,INSUFFICIENT,Unknown,Unknown,unknown,,what action the platform supports; the action URL,46,"tier tier3, priority P3",/research/business-directories/opportunities/
educations.com,Business Directories,Global,global,NEEDS_RESEARCH,Research the submission route,,unknown,INSUFFICIENT,Unknown,Unknown,unknown,,what action the platform supports; the action URL,64,"tier tier2, priority P3",/research/business-directories/opportunities/
elempleo,Marketplace & Classified Platforms,Colombia,,NEEDS_RESEARCH,Research the submission route,,paid,INSUFFICIENT,Unknown,Unknown,unknown,,the action URL,80,"accepts business sellers, paid",/research/marketplaces/
elmenus,Business Directories,Egypt,country-specific,NEEDS_RESEARCH,Research the submission route,,unknown,INSUFFICIENT,Unknown,Unknown,unknown,,what action the platform supports; the action URL,68,"tier tier2, priority P2",/research/business-directories/opportunities/
epixeiro.gr,"Media, PR & Publishing",Greece,national,NEEDS_RESEARCH,Research the submission route,,unknown,INSUFFICIENT,Unknown,Unknown,unknown,,what action the platform supports; the action URL,,below the Media Score evidence floor,/research/media-pr-publishing/
euRobotics,Business Directories,Global,europe,NEEDS_RESEARCH,Research the submission route,,unknown,INSUFFICIENT,Unknown,Unknown,unknown,,what action the platform supports; the action URL,64,"tier tier2, priority P3",/research/business-directories/opportunities/
farmmachinerysales,Marketplace & Classified Platforms,Australia,,READY,Create a seller account,https://www.farmmachinerysales.com.au/sell-my-farm-machinery/,paid,LOW,Unknown,Unknown,verified,,,71,"accepts both sellers, paid",/research/marketplaces/
foodora Austria,Business Directories,Austria,country-specific,NEEDS_RESEARCH,Research the submission route,,unknown,INSUFFICIENT,Unknown,Unknown,unknown,,what action the platform supports; the action URL,86,"tier tier1, priority P2",/research/business-directories/opportunities/
foodora Czechia,Business Directories,Czech Republic,country-specific,NEEDS_RESEARCH,Research the submission route,,unknown,INSUFFICIENT,Unknown,Unknown,unknown,,what action the platform supports; the action URL,86,"tier tier1, priority P2",/research/business-directories/opportunities/
foodpanda Hong Kong,Business Directories,Hong Kong,country-specific,NEEDS_RESEARCH,Research the submission route,,unknown,INSUFFICIENT,Unknown,Unknown,unknown,,what action the platform supports; the action URL,86,"tier tier1, priority P2",/research/business-directories/opportunities/
foodpanda Malaysia,Business Directories,Malaysia,country-specific,NEEDS_RESEARCH,Research the submission route,,unknown,INSUFFICIENT,Unknown,Unknown,unknown,,what action the platform supports; the action URL,86,"tier tier1, priority P2",/research/business-directories/opportunities/
foodpanda Philippines,Business Directories,Philippines,country-specific,NEEDS_RESEARCH,Research the submission route,,unknown,INSUFFICIENT,Unknown,Unknown,unknown,,what action the platform supports; the action URL,86,"tier tier1, priority P2",/research/business-directories/opportunities/
foundit,Business Directories,India,asia,NEEDS_RESEARCH,Research the submission route,,unknown,INSUFFICIENT,Unknown,Unknown,unknown,,what action the platform supports; the action URL,86,"tier tier1, priority P2",/research/business-directories/opportunities/
freeCodeCamp News,"Media, PR & Publishing",United States,global,READY,Submit a contributed article,https://www.freecodecamp.org/news/developer-news-style-guide/,free,MEDIUM,Unknown,Unknown,verified,,,88,Media Score 88 (Exceptional),/research/media-pr-publishing/
go4WorldBusiness,Business Directories,Global,asia; global,NEEDS_RESEARCH,Research the submission route,,unknown,INSUFFICIENT,Unknown,Unknown,unknown,,what action the platform supports; the action URL,64,"tier tier2, priority P3",/research/business-directories/opportunities/
golocal,Business Directories,Germany,dach,READY,Create a business profile,https://www.golocal.de/unternehmen/,free,LOW,Unknown,Unknown,verified,,,78,"tier tier2, priority P2",/research/business-directories/opportunities/
hagah,Business Directories,Brazil,latam,NEEDS_RESEARCH,Research the submission route,,unknown,INSUFFICIENT,Unknown,Unknown,unknown,,what action the platform supports; the action URL,46,"tier tier3, priority P3",/research/business-directories/opportunities/
hemea,Business Directories,France,country-specific,NEEDS_RESEARCH,Research the submission route,,unknown,INSUFFICIENT,Unknown,Unknown,unknown,,what action the platform supports; the action URL,46,"tier tier3, priority P3",/research/business-directories/opportunities/
hipages,Business Directories,Australia,australia,READY,Create a business profile,https://hipages.com.au/registration,unknown,LOW,Unknown,Unknown,verified,,,100,"tier tier1, priority P1",/research/business-directories/opportunities/
iCarros,Business Directories,Brazil,country-specific,NEEDS_BROWSER,Verify the route in a browser,,unknown,INSUFFICIENT,Unknown,Unknown,unknown,,what action the platform supports; the action URL,64,"tier tier2, priority P3",/research/business-directories/opportunities/
iCarros,Marketplace & Classified Platforms,Brazil,,NEEDS_BROWSER,Verify the route in a browser,,paid,INSUFFICIENT,Unknown,Unknown,unknown,,the action URL,60,"accepts both sellers, paid",/research/marketplaces/
iFood,Business Directories,Brazil,latam,NEEDS_BROWSER,Verify the route in a browser,,unknown,INSUFFICIENT,Unknown,Unknown,unknown,,what action the platform supports; the action URL,86,"tier tier1, priority P2",/research/business-directories/opportunities/
iGlobal,Business Directories,Global,global,NEEDS_RESEARCH,Research the submission route,,unknown,INSUFFICIENT,Unknown,Unknown,unknown,,what action the platform supports; the action URL,46,"tier tier3, priority P3",/research/business-directories/opportunities/
iMyanmarHouse,Marketplace & Classified Platforms,Myanmar,,NEEDS_RESEARCH,Research the submission route,,unknown,INSUFFICIENT,Unknown,Unknown,unknown,,the action URL,74,"accepts both sellers, unknown",/research/marketplaces/
iProUP,"Media, PR & Publishing",Argentina,national,NEEDS_RESEARCH,Research the submission route,,unknown,INSUFFICIENT,Unknown,Unknown,unknown,,what action the platform supports; the action URL,,below the Media Score evidence floor,/research/media-pr-publishing/
iProperty Malaysia,Marketplace & Classified Platforms,Malaysia,,NEEDS_RESEARCH,Research the submission route,,paid,INSUFFICIENT,Unknown,Unknown,unknown,,the action URL,80,"accepts business sellers, paid",/research/marketplaces/
iTWire,"Media, PR & Publishing",Australia,national,NEEDS_RESEARCH,Check what action the platform supports,https://itwire.com/homepage/about-itwire,mixed,INSUFFICIENT,Unknown,Unknown,verified,,a route matching the stated action,49,Media Score 49 (Limited),/research/media-pr-publishing/
iTnews,"Media, PR & Publishing",Australia,national,READY,Enter the award,https://www.itnews.com.au/page/advertising,mixed,MEDIUM,Unknown,Unknown,verified,,,64,Media Score 64 (Moderate),/research/media-pr-publishing/
idealo,Business Directories,Germany,dach,NEEDS_RESEARCH,Research the submission route,,unknown,INSUFFICIENT,Unknown,Unknown,unknown,,what action the platform supports; the action URL,86,"tier tier1, priority P2",/research/business-directories/opportunities/
ikman,Business Directories,Sri Lanka,country-specific,NEEDS_RESEARCH,Research the submission route,,unknown,INSUFFICIENT,Unknown,Unknown,unknown,,what action the platform supports; the action URL,82,"tier tier1, priority P3",/research/business-directories/opportunities/
ikman,Marketplace & Classified Platforms,Sri Lanka,,READY,Post a classified listing,https://ikman.lk/en/sell-anything?login-modal=true&action=post-ad&redirect-url=%2Fen%2Fpost-ad,freemium,LOW,Unknown,Unknown,verified,,,77,"accepts both sellers, freemium",/research/marketplaces/
infoPraca,Business Directories,Poland,country-specific,NEEDS_RESEARCH,Research the submission route,,unknown,INSUFFICIENT,Unknown,Unknown,unknown,,what action the platform supports; the action URL,46,"tier tier3, priority P3",/research/business-directories/opportunities/
jameda,Business Directories,Germany,country-specific,NEEDS_RESEARCH,Research the submission route,,unknown,INSUFFICIENT,Unknown,Unknown,unknown,,what action the platform supports; the action URL,68,"tier tier2, priority P2",/research/business-directories/opportunities/
kalaydo.de,Marketplace & Classified Platforms,Germany,,NEEDS_RESEARCH,Research the submission route,,freemium,INSUFFICIENT,Unknown,Unknown,unknown,,the action URL,77,"accepts both sellers, freemium",/research/marketplaces/
karriere.at,Business Directories,Austria,country-specific,NEEDS_RESEARCH,Research the submission route,,unknown,INSUFFICIENT,Unknown,Unknown,unknown,,what action the platform supports; the action URL,86,"tier tier1, priority P2",/research/business-directories/opportunities/
kununu,Business Directories,Global,dach,NEEDS_BROWSER,Verify the route in a browser,,unknown,INSUFFICIENT,Unknown,Unknown,unknown,,what action the platform supports; the action URL,94,"tier tier1, priority P1",/research/business-directories/opportunities/
leboncoin,Business Directories,France,country-specific,NEEDS_RESEARCH,Research the submission route,,unknown,INSUFFICIENT,Unknown,Unknown,unknown,,what action the platform supports; the action URL,82,"tier tier1, priority P3",/research/business-directories/opportunities/
leboncoin,Marketplace & Classified Platforms,France,,NEEDS_RESEARCH,Research the submission route,,free,INSUFFICIENT,Unknown,Unknown,unknown,,the action URL,77,"accepts both sellers, freemium",/research/marketplaces/
local.ch,Business Directories,Switzerland,dach,NEEDS_RESEARCH,Research the submission route,,unknown,INSUFFICIENT,Unknown,Unknown,unknown,,what action the platform supports; the action URL,94,"tier tier1, priority P1",/research/business-directories/opportunities/
magicpin,Business Directories,India,india,NEEDS_RESEARCH,Research the submission route,,unknown,INSUFFICIENT,Unknown,Unknown,unknown,,what action the platform supports; the action URL,64,"tier tier2, priority P3",/research/business-directories/opportunities/
markt.de,Marketplace & Classified Platforms,Germany,,NEEDS_RESEARCH,Research the submission route,,freemium,INSUFFICIENT,Unknown,Unknown,unknown,,the action URL,77,"accepts both sellers, freemium",/research/marketplaces/
meQasa,Marketplace & Classified Platforms,Ghana,,READY,Post an advertisement,https://meqasa.com/advertising-options-with-meqasa,paid,LOW,Unknown,Unknown,verified,,,68,"accepts both sellers, paid",/research/marketplaces/
meinestadt.de,Business Directories,Germany,dach,NEEDS_RESEARCH,Research the submission route,,unknown,INSUFFICIENT,Unknown,Unknown,unknown,,what action the platform supports; the action URL,68,"tier tier2, priority P2",/research/business-directories/opportunities/
merojob,Business Directories,Nepal,country-specific,NEEDS_RESEARCH,Research the submission route,,unknown,INSUFFICIENT,Unknown,Unknown,unknown,,what action the platform supports; the action URL,86,"tier tier1, priority P2",/research/business-directories/opportunities/
mobile.de,Business Directories,Germany,dach,NEEDS_BROWSER,Verify the route in a browser,,unknown,INSUFFICIENT,Unknown,Unknown,unknown,,what action the platform supports; the action URL,82,"tier tier1, priority P3",/research/business-directories/opportunities/
monday.com Marketplace,Business Directories,Global,global,NEEDS_RESEARCH,Research the submission route,,unknown,INSUFFICIENT,Unknown,Unknown,unknown,,what action the platform supports; the action URL,86,"tier tier1, priority P2",/research/business-directories/opportunities/
n49,Business Directories,Canada,canada,READY,Create a business profile,https://www.n49.com/add-biz,freemium,MEDIUM,Easy,Unknown,verified,,,92,"tier tier1, priority P3",/research/business-directories/opportunities/
nasscom,Business Directories,India,india,NEEDS_RESEARCH,Research the submission route,,unknown,INSUFFICIENT,Unknown,Unknown,unknown,,what action the platform supports; the action URL,86,"tier tier1, priority P2",/research/business-directories/opportunities/
nearbuy,Business Directories,India,india,READY,Create a business profile,https://merchants.nearbuy.com/register,unknown,LOW,Unknown,Unknown,verified,,,74,"tier tier2, priority P3",/research/business-directories/opportunities/
noon,Business Directories,United Arab Emirates,middle-east,NEEDS_BROWSER,Verify the route in a browser,,unknown,INSUFFICIENT,Unknown,Unknown,unknown,,what action the platform supports; the action URL,82,"tier tier1, priority P3",/research/business-directories/opportunities/
npm,Business Directories,Global,global,NEEDS_BROWSER,Verify the route in a browser,,free,INSUFFICIENT,Easy,Unknown,unknown,,what action the platform supports; the action URL,82,"tier tier1, priority P2",/research/business-directories/opportunities/
oGuia,Business Directories,Portugal,country-specific,NEEDS_RESEARCH,Research the submission route,,unknown,INSUFFICIENT,Unknown,Unknown,unknown,,what action the platform supports; the action URL,46,"tier tier3, priority P3",/research/business-directories/opportunities/
opam,Business Directories,Global,global,NEEDS_RESEARCH,Research the submission route,,unknown,INSUFFICIENT,Unknown,Unknown,unknown,,what action the platform supports; the action URL,46,"tier tier3, priority P3",/research/business-directories/opportunities/
openPR,Business Directories,Global,dach; global,NEEDS_RESEARCH,Research the submission route,,unknown,INSUFFICIENT,Unknown,Unknown,unknown,,what action the platform supports; the action URL,46,"tier tier3, priority P3",/research/business-directories/opportunities/
openPR,"Media, PR & Publishing",Germany,global,NEEDS_RESEARCH,Check what action the platform supports,https://www.openpr.com/news/submit.html,freemium,INSUFFICIENT,Unknown,Unknown,verified,,a route matching the stated action,61,Media Score 61 (Moderate),/research/media-pr-publishing/
pkt.pl,Business Directories,Poland,country-specific,READY,Create a business profile,https://www.pkt.pl/dodaj-aktualizuj-dane-firmy,free,MEDIUM,Easy,Unknown,verified,,,92,"tier tier1, priority P3",/research/business-directories/opportunities/
pressetext,"Media, PR & Publishing",Austria,regional,NEEDS_RESEARCH,Research the submission route,,paid,INSUFFICIENT,Unknown,Unknown,unknown,,the action URL,47,Media Score 47 (Limited),/research/media-pr-publishing/
pub.dev,Business Directories,Global,global,NEEDS_RESEARCH,Research the submission route,,unknown,INSUFFICIENT,Unknown,Unknown,unknown,,what action the platform supports; the action URL,78,"tier tier1, priority P3",/research/business-directories/opportunities/
pv magazine,"Media, PR & Publishing",Germany,global,READY,Submit company news,https://www.pv-magazine.com/info/contact-us/,mixed,LOW,Unknown,Unknown,verified,,,87,Media Score 87 (Strong),/research/media-pr-publishing/
realestate.com.au,Marketplace & Classified Platforms,Australia,,NEEDS_BROWSER,Verify the route in a browser,,paid,INSUFFICIENT,Unknown,Unknown,unknown,,the action URL,72,"accepts business sellers, paid",/research/marketplaces/
sanego,Business Directories,Germany,country-specific,NEEDS_RESEARCH,Research the submission route,,unknown,INSUFFICIENT,Unknown,Unknown,unknown,,what action the platform supports; the action URL,46,"tier tier3, priority P3",/research/business-directories/opportunities/
search.ch,Business Directories,Switzerland,dach,NEEDS_RESEARCH,Research the submission route,,unknown,INSUFFICIENT,Unknown,Unknown,unknown,,what action the platform supports; the action URL,94,"tier tier1, priority P1",/research/business-directories/opportunities/
sgCarMart,Business Directories,Singapore,country-specific,NEEDS_BROWSER,Verify the route in a browser,,unknown,INSUFFICIENT,Unknown,Unknown,unknown,,what action the platform supports; the action URL,64,"tier tier2, priority P3",/research/business-directories/opportunities/
sgCarMart,Marketplace & Classified Platforms,Singapore,,NEEDS_BROWSER,Verify the route in a browser,,paid,INSUFFICIENT,Unknown,Unknown,unknown,,the action URL,60,"accepts both sellers, paid",/research/marketplaces/
start-up.ro,"Media, PR & Publishing",Romania,national,NEEDS_RESEARCH,Research the submission route,,unknown,INSUFFICIENT,Unknown,Unknown,unknown,,what action the platform supports; the action URL,,below the Media Score evidence floor,/research/media-pr-publishing/
t3n,"Media, PR & Publishing",Germany,national,NEEDS_RESEARCH,Research the submission route,,free,INSUFFICIENT,Unknown,Unknown,unknown,,the action URL,79,Media Score 79 (Strong),/research/media-pr-publishing/
techUK,Business Directories,United Kingdom,united-kingdom,NEEDS_RESEARCH,Research the submission route,,unknown,INSUFFICIENT,Unknown,Unknown,unknown,,what action the platform supports; the action URL,86,"tier tier1, priority P2",/research/business-directories/opportunities/
thebestof,Business Directories,United Kingdom,united-kingdom,NEEDS_RESEARCH,Research the submission route,,unknown,INSUFFICIENT,Unknown,Unknown,unknown,,what action the platform supports; the action URL,68,"tier tier2, priority P2",/research/business-directories/opportunities/
tiket.com,Business Directories,Indonesia,country-specific,NEEDS_RESEARCH,Research the submission route,,unknown,INSUFFICIENT,Unknown,Unknown,unknown,,what action the platform supports; the action URL,64,"tier tier2, priority P3",/research/business-directories/opportunities/
topjobs,Business Directories,Sri Lanka,country-specific,NEEDS_RESEARCH,Research the submission route,,unknown,INSUFFICIENT,Unknown,Unknown,unknown,,what action the platform supports; the action URL,86,"tier tier1, priority P2",/research/business-directories/opportunities/
topseos,Business Directories,Global,global,NEEDS_RESEARCH,Research the submission route,,unknown,INSUFFICIENT,Unknown,Unknown,unknown,,what action the platform supports; the action URL,46,"tier tier3, priority P3",/research/business-directories/opportunities/
tutti.ch,Marketplace & Classified Platforms,Switzerland,,NEEDS_BROWSER,Verify the route in a browser,,freemium,INSUFFICIENT,Unknown,Unknown,unknown,,the action URL,69,"accepts both sellers, freemium",/research/marketplaces/
type,Business Directories,Japan,japan,NEEDS_RESEARCH,Research the submission route,,unknown,INSUFFICIENT,Unknown,Unknown,unknown,,what action the platform supports; the action URL,64,"tier tier2, priority P3",/research/business-directories/opportunities/
vSchweiz,Business Directories,Switzerland,country-specific,READY,Create a business profile,https://vschweiz.ch/firmeneintrag/,free,LOW,Unknown,Unknown,verified,,,56,"tier tier3, priority P3",/research/business-directories/opportunities/
wer-zu-wem,Business Directories,Germany,dach,NEEDS_RESEARCH,Research the submission route,,unknown,INSUFFICIENT,Unknown,Unknown,unknown,,what action the platform supports; the action URL,64,"tier tier2, priority P3",/research/business-directories/opportunities/
willhaben,Marketplace & Classified Platforms,Austria,,READY,Post a classified listing,https://www.willhaben.at/iad/anzeigenaufgabe,free,LOW,Unknown,Unknown,verified,,,77,"accepts both sellers, freemium",/research/marketplaces/
wlw (Wer liefert was),Business Directories,Germany,dach,NEEDS_RESEARCH,Research the submission route,,unknown,INSUFFICIENT,Unknown,Unknown,unknown,,the action URL,96,"tier tier1, priority P2",/research/business-directories/opportunities/
wogibtswas.at,Business Directories,Austria,dach,NEEDS_RESEARCH,Research the submission route,,unknown,INSUFFICIENT,Unknown,Unknown,unknown,,what action the platform supports; the action URL,46,"tier tier3, priority P3",/research/business-directories/opportunities/
¡Ya lo Encontré!,Business Directories,Mexico,country-specific,NEEDS_RESEARCH,Research the submission route,,unknown,INSUFFICIENT,Unknown,Unknown,unknown,,what action the platform supports; the action URL,68,"tier tier2, priority P2",/research/business-directories/opportunities/
Äripäev,"Media, PR & Publishing",Estonia,national,NEEDS_RESEARCH,Research the submission route,,unknown,INSUFFICIENT,Unknown,Unknown,unknown,,what action the platform supports; the action URL,,below the Media Score evidence floor,/research/media-pr-publishing/
Živéfirmy,Business Directories,Czech Republic,country-specific,READY,Create a business profile,https://www.zivefirmy.cz/firma-pridat,unknown,LOW,Unknown,Unknown,verified,,,78,"tier tier2, priority P2",/research/business-directories/opportunities/
ダイヤモンド・オンライン,"Media, PR & Publishing",Japan,national,NEEDS_RESEARCH,Research the submission route,,unknown,INSUFFICIENT,Unknown,Unknown,unknown,,what action the platform supports; the action URL,,below the Media Score evidence floor,/research/media-pr-publishing/
ビジネス+IT,"Media, PR & Publishing",Japan,national,NEEDS_BROWSER,Verify the route in a browser,,unknown,INSUFFICIENT,Unknown,Unknown,unknown,,what action the platform supports; the action URL,,below the Media Score evidence floor,/research/media-pr-publishing/
亿欧,"Media, PR & Publishing",China,national,NEEDS_RESEARCH,Research the submission route,,unknown,INSUFFICIENT,Unknown,Unknown,unknown,,what action the platform supports; the action URL,,below the Media Score evidence floor,/research/media-pr-publishing/
八方资源网 B2B168,Business Directories,China,china,NEEDS_RESEARCH,Research the submission route,,unknown,INSUFFICIENT,Unknown,Unknown,unknown,,what action the platform supports; the action URL,68,"tier tier2, priority P2",/research/business-directories/opportunities/
共同通信PRワイヤー,"Media, PR & Publishing",Japan,national,NEEDS_RESEARCH,Research the submission route,,paid,INSUFFICIENT,Unknown,Unknown,unknown,,the action URL,46,Media Score 46 (Limited),/research/media-pr-publishing/
创业邦,"Media, PR & Publishing",China,national,NEEDS_RESEARCH,Research the submission route,,unknown,INSUFFICIENT,Unknown,Unknown,unknown,,what action the platform supports; the action URL,,below the Media Score evidence floor,/research/media-pr-publishing/
品玩,"Media, PR & Publishing",China,national,NEEDS_RESEARCH,Research the submission route,,unknown,INSUFFICIENT,Unknown,Unknown,unknown,,what action the platform supports; the action URL,,below the Media Score evidence floor,/research/media-pr-publishing/
大众点评 Dianping,Business Directories,China,china,NEEDS_BROWSER,Verify the route in a browser,,unknown,INSUFFICIENT,Unknown,Unknown,unknown,,what action the platform supports; the action URL,94,"tier tier1, priority P1",/research/business-directories/opportunities/
搜了网 51sole,Business Directories,China,china,NEEDS_RESEARCH,Research the submission route,,unknown,INSUFFICIENT,Unknown,Unknown,unknown,,what action the platform supports; the action URL,68,"tier tier2, priority P2",/research/business-directories/opportunities/
日本経済新聞,"Media, PR & Publishing",Japan,national,NEEDS_RESEARCH,Research the submission route,,unknown,INSUFFICIENT,Unknown,Unknown,unknown,,what action the platform supports; the action URL,,below the Media Score evidence floor,/research/media-pr-publishing/
机电之家 JDZJ,Business Directories,China,china,NEEDS_RESEARCH,Research the submission route,,unknown,INSUFFICIENT,Unknown,Unknown,unknown,,what action the platform supports; the action URL,64,"tier tier2, priority P3",/research/business-directories/opportunities/
東洋経済オンライン,"Media, PR & Publishing",Japan,national,NEEDS_RESEARCH,Research the submission route,,unknown,INSUFFICIENT,Unknown,Unknown,unknown,,what action the platform supports; the action URL,,below the Media Score evidence floor,/research/media-pr-publishing/
极客公园,"Media, PR & Publishing",China,national,NEEDS_BROWSER,Verify the route in a browser,,unknown,INSUFFICIENT,Unknown,Unknown,unknown,,what action the platform supports; the action URL,,below the Media Score evidence floor,/research/media-pr-publishing/
界面新闻,"Media, PR & Publishing",China,national,NEEDS_RESEARCH,Research the submission route,,unknown,INSUFFICIENT,Unknown,Unknown,unknown,,what action the platform supports; the action URL,,below the Media Score evidence floor,/research/media-pr-publishing/
百度地图 Baidu Maps,Business Directories,China,china,NEEDS_RESEARCH,Research the submission route,,unknown,INSUFFICIENT,Unknown,Unknown,unknown,,what action the platform supports; the action URL,94,"tier tier1, priority P1",/research/business-directories/opportunities/
百度爱采购 Baidu B2B,Business Directories,China,china,NEEDS_RESEARCH,Research the submission route,,unknown,INSUFFICIENT,Unknown,Unknown,unknown,,what action the platform supports; the action URL,94,"tier tier1, priority P1",/research/business-directories/opportunities/
第一财经,"Media, PR & Publishing",China,national,NEEDS_RESEARCH,Research the submission route,,unknown,INSUFFICIENT,Unknown,Unknown,unknown,,what action the platform supports; the action URL,,below the Media Score evidence floor,/research/media-pr-publishing/
美团 Meituan,Business Directories,China,china,NEEDS_RESEARCH,Research the submission route,,unknown,INSUFFICIENT,Unknown,Unknown,unknown,,what action the platform supports; the action URL,94,"tier tier1, priority P1",/research/business-directories/opportunities/
腾讯地图 Tencent Maps,Business Directories,China,china,NEEDS_RESEARCH,Research the submission route,,unknown,INSUFFICIENT,Unknown,Unknown,unknown,,what action the platform supports; the action URL,86,"tier tier1, priority P2",/research/business-directories/opportunities/
虎嗅网,"Media, PR & Publishing",China,national,NEEDS_RESEARCH,Research the submission route,,unknown,INSUFFICIENT,Unknown,Unknown,unknown,,what action the platform supports; the action URL,,below the Media Score evidence floor,/research/media-pr-publishing/
钛媒体,"Media, PR & Publishing",China,national,READY,Submit a contributed article,https://www.tmtpost.com/about/tmtpost,mixed,MEDIUM,Unknown,Unknown,verified,,,83,Media Score 83 (Strong),/research/media-pr-publishing/
雷峰网,"Media, PR & Publishing",China,national,NEEDS_RESEARCH,Research the submission route,,unknown,INSUFFICIENT,Unknown,Unknown,unknown,,what action the platform supports; the action URL,,below the Media Score evidence floor,/research/media-pr-publishing/
顺企网 11467,Business Directories,China,china,NEEDS_BROWSER,Verify the route in a browser,,unknown,INSUFFICIENT,Unknown,Unknown,unknown,,what action the platform supports; the action URL,68,"tier tier2, priority P2",/research/business-directories/opportunities/
뉴스와이어,"Media, PR & Publishing",South Korea,national,NEEDS_RESEARCH,Research the submission route,,freemium,INSUFFICIENT,Unknown,Unknown,unknown,,the action URL,50,Media Score 50 (Limited),/research/media-pr-publishing/
더벨,"Media, PR & Publishing",South Korea,national,NEEDS_RESEARCH,Research the submission route,,unknown,INSUFFICIENT,Unknown,Unknown,unknown,,what action the platform supports; the action URL,,below the Media Score evidence floor,/research/media-pr-publishing/
매일경제,"Media, PR & Publishing",South Korea,national,NEEDS_RESEARCH,Research the submission route,,unknown,INSUFFICIENT,Unknown,Unknown,unknown,,what action the platform supports; the action URL,,below the Media Score evidence floor,/research/media-pr-publishing/
바이라인네트워크,"Media, PR & Publishing",South Korea,national,NEEDS_RESEARCH,Research the submission route,,unknown,INSUFFICIENT,Unknown,Unknown,unknown,,what action the platform supports; the action URL,,below the Media Score evidence floor,/research/media-pr-publishing/
벤처스퀘어,"Media, PR & Publishing",South Korea,national,NEEDS_RESEARCH,Research the submission route,,unknown,INSUFFICIENT,Unknown,Unknown,unknown,,what action the platform supports; the action URL,,below the Media Score evidence floor,/research/media-pr-publishing/
블로터,"Media, PR & Publishing",South Korea,national,NEEDS_RESEARCH,Research the submission route,,unknown,INSUFFICIENT,Unknown,Unknown,unknown,,what action the platform supports; the action URL,,below the Media Score evidence floor,/research/media-pr-publishing/
전자신문,"Media, PR & Publishing",South Korea,national,NEEDS_RESEARCH,Research the submission route,,unknown,INSUFFICIENT,Unknown,Unknown,unknown,,what action the platform supports; the action URL,,below the Media Score evidence floor,/research/media-pr-publishing/
지디넷코리아,"Media, PR & Publishing",South Korea,national,NEEDS_RESEARCH,Research the submission route,,unknown,INSUFFICIENT,Unknown,Unknown,unknown,,what action the platform supports; the action URL,,below the Media Score evidence floor,/research/media-pr-publishing/
플래텀,"Media, PR & Publishing",South Korea,national,NEEDS_RESEARCH,Research the submission route,,unknown,INSUFFICIENT,Unknown,Unknown,unknown,,what action the platform supports; the action URL,,below the Media Score evidence floor,/research/media-pr-publishing/
한국경제,"Media, PR & Publishing",South Korea,national,NEEDS_RESEARCH,Research the submission route,,unknown,INSUFFICIENT,Unknown,Unknown,unknown,,what action the platform supports; the action URL,,below the Media Score evidence floor,/research/media-pr-publishing/
